/* Generated — DO NOT EDIT */
#include "model_lstm.hpp"

alignas(8) const unsigned char g_model_lstm[154248] = {
    0x1c, 0x00, 0x00, 0x00, 0x54, 0x46, 0x4c, 0x33, 0x14, 0x00, 0x20, 0x00,
    0x1c, 0x00, 0x18, 0x00, 0x14, 0x00, 0x10, 0x00, 0x0c, 0x00, 0x00, 0x00,
    0x08, 0x00, 0x04, 0x00, 0x14, 0x00, 0x00, 0x00, 0x1c, 0x00, 0x00, 0x00,
    0x8c, 0x00, 0x00, 0x00, 0xe4, 0x00, 0x00, 0x00, 0x4c, 0x1a, 0x00, 0x00,
    0x5c, 0x1a, 0x00, 0x00, 0x48, 0x59, 0x02, 0x00, 0x03, 0x00, 0x00, 0x00,
    0x01, 0x00, 0x00, 0x00, 0x04, 0x00, 0x00, 0x00, 0xce, 0x8f, 0xff, 0xff,
    0x0c, 0x00, 0x00, 0x00, 0x1c, 0x00, 0x00, 0x00, 0x3c, 0x00, 0x00, 0x00,
    0x0f, 0x00, 0x00, 0x00, 0x73, 0x65, 0x72, 0x76, 0x69, 0x6e, 0x67, 0x5f,
    0x64, 0x65, 0x66, 0x61, 0x75, 0x6c, 0x74, 0x00, 0x01, 0x00, 0x00, 0x00,
    0x04, 0x00, 0x00, 0x00, 0x90, 0xff, 0xff, 0xff, 0x54, 0x02, 0x00, 0x00,
    0x04, 0x00, 0x00, 0x00, 0x08, 0x00, 0x00, 0x00, 0x6f, 0x75, 0x74, 0x70,
    0x75, 0x74, 0x5f, 0x30, 0x00, 0x00, 0x00, 0x00, 0x01, 0x00, 0x00, 0x00,
    0x04, 0x00, 0x00, 0x00, 0xba, 0x90, 0xff, 0xff, 0x04, 0x00, 0x00, 0x00,
    0x0e, 0x00, 0x00, 0x00, 0x6b, 0x65, 0x72, 0x61, 0x73, 0x5f, 0x74, 0x65,
    0x6e, 0x73, 0x6f, 0x72, 0x5f, 0x34, 0x00, 0x00, 0x02, 0x00, 0x00, 0x00,
    0x34, 0x00, 0x00, 0x00, 0x04, 0x00, 0x00, 0x00, 0xdc, 0xff, 0xff, 0xff,
    0x57, 0x02, 0x00, 0x00, 0x04, 0x00, 0x00, 0x00, 0x13, 0x00, 0x00, 0x00,
    0x43, 0x4f, 0x4e, 0x56, 0x45, 0x52, 0x53, 0x49, 0x4f, 0x4e, 0x5f, 0x4d,
    0x45, 0x54, 0x41, 0x44, 0x41, 0x54, 0x41, 0x00, 0x08, 0x00, 0x0c, 0x00,
    0x08, 0x00, 0x04, 0x00, 0x08, 0x00, 0x00, 0x00, 0x56, 0x02, 0x00, 0x00,
    0x04, 0x00, 0x00, 0x00, 0x13, 0x00, 0x00, 0x00, 0x6d, 0x69, 0x6e, 0x5f,
    0x72, 0x75, 0x6e, 0x74, 0x69, 0x6d, 0x65, 0x5f, 0x76, 0x65, 0x72, 0x73,
    0x69, 0x6f, 0x6e, 0x00, 0x58, 0x02, 0x00, 0x00, 0x64, 0x19, 0x00, 0x00,
    0x5c, 0x19, 0x00, 0x00, 0x48, 0x19, 0x00, 0x00, 0x34, 0x19, 0x00, 0x00,
    0x18, 0x19, 0x00, 0x00, 0x04, 0x19, 0x00, 0x00, 0xfc, 0x18, 0x00, 0x00,
    0xe8, 0x18, 0x00, 0x00, 0xd0, 0x18, 0x00, 0x00, 0xa0, 0x18, 0x00, 0x00,
    0x10, 0x18, 0x00, 0x00, 0xc0, 0x17, 0x00, 0x00, 0xf0, 0x16, 0x00, 0x00,
    0xe0, 0x12, 0x00, 0x00, 0xcc, 0x12, 0x00, 0x00, 0xc4, 0x12, 0x00, 0x00,
    0xbc, 0x12, 0x00, 0x00, 0xb4, 0x12, 0x00, 0x00, 0xac, 0x12, 0x00, 0x00,
    0xa4, 0x12, 0x00, 0x00, 0x9c, 0x12, 0x00, 0x00, 0x94, 0x12, 0x00, 0x00,
    0x8c, 0x12, 0x00, 0x00, 0x84, 0x12, 0x00, 0x00, 0x7c, 0x12, 0x00, 0x00,
    0x74, 0x12, 0x00, 0x00, 0x6c, 0x12, 0x00, 0x00, 0x64, 0x12, 0x00, 0x00,
    0x5c, 0x12, 0x00, 0x00, 0x54, 0x12, 0x00, 0x00, 0x4c, 0x12, 0x00, 0x00,
    0x44, 0x12, 0x00, 0x00, 0x3c, 0x12, 0x00, 0x00, 0x34, 0x12, 0x00, 0x00,
    0x2c, 0x12, 0x00, 0x00, 0x24, 0x12, 0x00, 0x00, 0x1c, 0x12, 0x00, 0x00,
    0x14, 0x12, 0x00, 0x00, 0x0c, 0x12, 0x00, 0x00, 0x04, 0x12, 0x00, 0x00,
    0xfc, 0x11, 0x00, 0x00, 0xf4, 0x11, 0x00, 0x00, 0xec, 0x11, 0x00, 0x00,
    0xe4, 0x11, 0x00, 0x00, 0xdc, 0x11, 0x00, 0x00, 0xd4, 0x11, 0x00, 0x00,
    0xcc, 0x11, 0x00, 0x00, 0xc4, 0x11, 0x00, 0x00, 0xbc, 0x11, 0x00, 0x00,
    0xb4, 0x11, 0x00, 0x00, 0xac, 0x11, 0x00, 0x00, 0xa4, 0x11, 0x00, 0x00,
    0x9c, 0x11, 0x00, 0x00, 0x94, 0x11, 0x00, 0x00, 0x8c, 0x11, 0x00, 0x00,
    0x84, 0x11, 0x00, 0x00, 0x7c, 0x11, 0x00, 0x00, 0x74, 0x11, 0x00, 0x00,
    0x6c, 0x11, 0x00, 0x00, 0x64, 0x11, 0x00, 0x00, 0x5c, 0x11, 0x00, 0x00,
    0x54, 0x11, 0x00, 0x00, 0x4c, 0x11, 0x00, 0x00, 0x44, 0x11, 0x00, 0x00,
    0x3c, 0x11, 0x00, 0x00, 0x34, 0x11, 0x00, 0x00, 0x2c, 0x11, 0x00, 0x00,
    0x24, 0x11, 0x00, 0x00, 0x1c, 0x11, 0x00, 0x00, 0x14, 0x11, 0x00, 0x00,
    0x0c, 0x11, 0x00, 0x00, 0x04, 0x11, 0x00, 0x00, 0xfc, 0x10, 0x00, 0x00,
    0xf4, 0x10, 0x00, 0x00, 0xec, 0x10, 0x00, 0x00, 0xe4, 0x10, 0x00, 0x00,
    0xdc, 0x10, 0x00, 0x00, 0xd4, 0x10, 0x00, 0x00, 0xcc, 0x10, 0x00, 0x00,
    0xc4, 0x10, 0x00, 0x00, 0xbc, 0x10, 0x00, 0x00, 0xb4, 0x10, 0x00, 0x00,
    0xac, 0x10, 0x00, 0x00, 0xa4, 0x10, 0x00, 0x00, 0x9c, 0x10, 0x00, 0x00,
    0x94, 0x10, 0x00, 0x00, 0x8c, 0x10, 0x00, 0x00, 0x84, 0x10, 0x00, 0x00,
    0x7c, 0x10, 0x00, 0x00, 0x74, 0x10, 0x00, 0x00, 0x6c, 0x10, 0x00, 0x00,
    0x64, 0x10, 0x00, 0x00, 0x5c, 0x10, 0x00, 0x00, 0x54, 0x10, 0x00, 0x00,
    0x4c, 0x10, 0x00, 0x00, 0x44, 0x10, 0x00, 0x00, 0x3c, 0x10, 0x00, 0x00,
    0x34, 0x10, 0x00, 0x00, 0x2c, 0x10, 0x00, 0x00, 0x24, 0x10, 0x00, 0x00,
    0x1c, 0x10, 0x00, 0x00, 0x14, 0x10, 0x00, 0x00, 0x0c, 0x10, 0x00, 0x00,
    0x04, 0x10, 0x00, 0x00, 0xfc, 0x0f, 0x00, 0x00, 0xf4, 0x0f, 0x00, 0x00,
    0xec, 0x0f, 0x00, 0x00, 0xe4, 0x0f, 0x00, 0x00, 0xdc, 0x0f, 0x00, 0x00,
    0xd4, 0x0f, 0x00, 0x00, 0xcc, 0x0f, 0x00, 0x00, 0xc4, 0x0f, 0x00, 0x00,
    0xbc, 0x0f, 0x00, 0x00, 0xb4, 0x0f, 0x00, 0x00, 0xac, 0x0f, 0x00, 0x00,
    0xa4, 0x0f, 0x00, 0x00, 0x9c, 0x0f, 0x00, 0x00, 0x94, 0x0f, 0x00, 0x00,
    0x8c, 0x0f, 0x00, 0x00, 0x84, 0x0f, 0x00, 0x00, 0x7c, 0x0f, 0x00, 0x00,
    0x74, 0x0f, 0x00, 0x00, 0x6c, 0x0f, 0x00, 0x00, 0x64, 0x0f, 0x00, 0x00,
    0x5c, 0x0f, 0x00, 0x00, 0x54, 0x0f, 0x00, 0x00, 0x4c, 0x0f, 0x00, 0x00,
    0x44, 0x0f, 0x00, 0x00, 0x3c, 0x0f, 0x00, 0x00, 0x34, 0x0f, 0x00, 0x00,
    0x2c, 0x0f, 0x00, 0x00, 0x24, 0x0f, 0x00, 0x00, 0x1c, 0x0f, 0x00, 0x00,
    0x14, 0x0f, 0x00, 0x00, 0x0c, 0x0f, 0x00, 0x00, 0x04, 0x0f, 0x00, 0x00,
    0xfc, 0x0e, 0x00, 0x00, 0xf4, 0x0e, 0x00, 0x00, 0xec, 0x0e, 0x00, 0x00,
    0xe4, 0x0e, 0x00, 0x00, 0xdc, 0x0e, 0x00, 0x00, 0xd4, 0x0e, 0x00, 0x00,
    0xcc, 0x0e, 0x00, 0x00, 0xc4, 0x0e, 0x00, 0x00, 0xbc, 0x0e, 0x00, 0x00,
    0xb4, 0x0e, 0x00, 0x00, 0xac, 0x0e, 0x00, 0x00, 0xa4, 0x0e, 0x00, 0x00,
    0x9c, 0x0e, 0x00, 0x00, 0x94, 0x0e, 0x00, 0x00, 0x8c, 0x0e, 0x00, 0x00,
    0x84, 0x0e, 0x00, 0x00, 0x7c, 0x0e, 0x00, 0x00, 0x74, 0x0e, 0x00, 0x00,
    0x6c, 0x0e, 0x00, 0x00, 0x64, 0x0e, 0x00, 0x00, 0x5c, 0x0e, 0x00, 0x00,
    0x54, 0x0e, 0x00, 0x00, 0x4c, 0x0e, 0x00, 0x00, 0x44, 0x0e, 0x00, 0x00,
    0x3c, 0x0e, 0x00, 0x00, 0x34, 0x0e, 0x00, 0x00, 0x2c, 0x0e, 0x00, 0x00,
    0x24, 0x0e, 0x00, 0x00, 0x1c, 0x0e, 0x00, 0x00, 0x14, 0x0e, 0x00, 0x00,
    0x0c, 0x0e, 0x00, 0x00, 0x04, 0x0e, 0x00, 0x00, 0xfc, 0x0d, 0x00, 0x00,
    0xf4, 0x0d, 0x00, 0x00, 0xec, 0x0d, 0x00, 0x00, 0xe4, 0x0d, 0x00, 0x00,
    0xdc, 0x0d, 0x00, 0x00, 0xd4, 0x0d, 0x00, 0x00, 0xcc, 0x0d, 0x00, 0x00,
    0xc4, 0x0d, 0x00, 0x00, 0xbc, 0x0d, 0x00, 0x00, 0xb4, 0x0d, 0x00, 0x00,
    0xac, 0x0d, 0x00, 0x00, 0xa4, 0x0d, 0x00, 0x00, 0x9c, 0x0d, 0x00, 0x00,
    0x94, 0x0d, 0x00, 0x00, 0x8c, 0x0d, 0x00, 0x00, 0x84, 0x0d, 0x00, 0x00,
    0x7c, 0x0d, 0x00, 0x00, 0x74, 0x0d, 0x00, 0x00, 0x6c, 0x0d, 0x00, 0x00,
    0x64, 0x0d, 0x00, 0x00, 0x5c, 0x0d, 0x00, 0x00, 0x54, 0x0d, 0x00, 0x00,
    0x4c, 0x0d, 0x00, 0x00, 0x44, 0x0d, 0x00, 0x00, 0x3c, 0x0d, 0x00, 0x00,
    0x34, 0x0d, 0x00, 0x00, 0x2c, 0x0d, 0x00, 0x00, 0x24, 0x0d, 0x00, 0x00,
    0x1c, 0x0d, 0x00, 0x00, 0x14, 0x0d, 0x00, 0x00, 0x0c, 0x0d, 0x00, 0x00,
    0x04, 0x0d, 0x00, 0x00, 0xfc, 0x0c, 0x00, 0x00, 0xf4, 0x0c, 0x00, 0x00,
    0xec, 0x0c, 0x00, 0x00, 0xe4, 0x0c, 0x00, 0x00, 0xdc, 0x0c, 0x00, 0x00,
    0xd4, 0x0c, 0x00, 0x00, 0xcc, 0x0c, 0x00, 0x00, 0xc4, 0x0c, 0x00, 0x00,
    0xbc, 0x0c, 0x00, 0x00, 0xb4, 0x0c, 0x00, 0x00, 0xac, 0x0c, 0x00, 0x00,
    0xa4, 0x0c, 0x00, 0x00, 0x9c, 0x0c, 0x00, 0x00, 0x94, 0x0c, 0x00, 0x00,
    0x8c, 0x0c, 0x00, 0x00, 0x84, 0x0c, 0x00, 0x00, 0x7c, 0x0c, 0x00, 0x00,
    0x74, 0x0c, 0x00, 0x00, 0x6c, 0x0c, 0x00, 0x00, 0x64, 0x0c, 0x00, 0x00,
    0x5c, 0x0c, 0x00, 0x00, 0x54, 0x0c, 0x00, 0x00, 0x4c, 0x0c, 0x00, 0x00,
    0x44, 0x0c, 0x00, 0x00, 0x3c, 0x0c, 0x00, 0x00, 0x34, 0x0c, 0x00, 0x00,
    0x2c, 0x0c, 0x00, 0x00, 0x24, 0x0c, 0x00, 0x00, 0x1c, 0x0c, 0x00, 0x00,
    0x14, 0x0c, 0x00, 0x00, 0x0c, 0x0c, 0x00, 0x00, 0x04, 0x0c, 0x00, 0x00,
    0xfc, 0x0b, 0x00, 0x00, 0xf4, 0x0b, 0x00, 0x00, 0xec, 0x0b, 0x00, 0x00,
    0xe4, 0x0b, 0x00, 0x00, 0xdc, 0x0b, 0x00, 0x00, 0xd4, 0x0b, 0x00, 0x00,
    0xcc, 0x0b, 0x00, 0x00, 0xc4, 0x0b, 0x00, 0x00, 0xbc, 0x0b, 0x00, 0x00,
    0xb4, 0x0b, 0x00, 0x00, 0xac, 0x0b, 0x00, 0x00, 0xa4, 0x0b, 0x00, 0x00,
    0x9c, 0x0b, 0x00, 0x00, 0x94, 0x0b, 0x00, 0x00, 0x8c, 0x0b, 0x00, 0x00,
    0x84, 0x0b, 0x00, 0x00, 0x7c, 0x0b, 0x00, 0x00, 0x74, 0x0b, 0x00, 0x00,
    0x6c, 0x0b, 0x00, 0x00, 0x64, 0x0b, 0x00, 0x00, 0x5c, 0x0b, 0x00, 0x00,
    0x54, 0x0b, 0x00, 0x00, 0x4c, 0x0b, 0x00, 0x00, 0x44, 0x0b, 0x00, 0x00,
    0x3c, 0x0b, 0x00, 0x00, 0x34, 0x0b, 0x00, 0x00, 0x2c, 0x0b, 0x00, 0x00,
    0x24, 0x0b, 0x00, 0x00, 0x1c, 0x0b, 0x00, 0x00, 0x14, 0x0b, 0x00, 0x00,
    0x0c, 0x0b, 0x00, 0x00, 0x04, 0x0b, 0x00, 0x00, 0xfc, 0x0a, 0x00, 0x00,
    0xf4, 0x0a, 0x00, 0x00, 0xec, 0x0a, 0x00, 0x00, 0xe4, 0x0a, 0x00, 0x00,
    0xdc, 0x0a, 0x00, 0x00, 0xd4, 0x0a, 0x00, 0x00, 0xcc, 0x0a, 0x00, 0x00,
    0xc4, 0x0a, 0x00, 0x00, 0xbc, 0x0a, 0x00, 0x00, 0xb4, 0x0a, 0x00, 0x00,
    0xac, 0x0a, 0x00, 0x00, 0xa4, 0x0a, 0x00, 0x00, 0x9c, 0x0a, 0x00, 0x00,
    0x94, 0x0a, 0x00, 0x00, 0x8c, 0x0a, 0x00, 0x00, 0x84, 0x0a, 0x00, 0x00,
    0x7c, 0x0a, 0x00, 0x00, 0x74, 0x0a, 0x00, 0x00, 0x6c, 0x0a, 0x00, 0x00,
    0x64, 0x0a, 0x00, 0x00, 0x5c, 0x0a, 0x00, 0x00, 0x54, 0x0a, 0x00, 0x00,
    0x4c, 0x0a, 0x00, 0x00, 0x44, 0x0a, 0x00, 0x00, 0x3c, 0x0a, 0x00, 0x00,
    0x34, 0x0a, 0x00, 0x00, 0x2c, 0x0a, 0x00, 0x00, 0x24, 0x0a, 0x00, 0x00,
    0x1c, 0x0a, 0x00, 0x00, 0x14, 0x0a, 0x00, 0x00, 0x0c, 0x0a, 0x00, 0x00,
    0x04, 0x0a, 0x00, 0x00, 0xfc, 0x09, 0x00, 0x00, 0xf4, 0x09, 0x00, 0x00,
    0xec, 0x09, 0x00, 0x00, 0xe4, 0x09, 0x00, 0x00, 0xdc, 0x09, 0x00, 0x00,
    0xd4, 0x09, 0x00, 0x00, 0xcc, 0x09, 0x00, 0x00, 0xc4, 0x09, 0x00, 0x00,
    0xbc, 0x09, 0x00, 0x00, 0xb4, 0x09, 0x00, 0x00, 0xac, 0x09, 0x00, 0x00,
    0xa4, 0x09, 0x00, 0x00, 0x9c, 0x09, 0x00, 0x00, 0x94, 0x09, 0x00, 0x00,
    0x8c, 0x09, 0x00, 0x00, 0x84, 0x09, 0x00, 0x00, 0x7c, 0x09, 0x00, 0x00,
    0x74, 0x09, 0x00, 0x00, 0x6c, 0x09, 0x00, 0x00, 0x64, 0x09, 0x00, 0x00,
    0x5c, 0x09, 0x00, 0x00, 0x54, 0x09, 0x00, 0x00, 0x4c, 0x09, 0x00, 0x00,
    0x44, 0x09, 0x00, 0x00, 0x3c, 0x09, 0x00, 0x00, 0x34, 0x09, 0x00, 0x00,
    0x2c, 0x09, 0x00, 0x00, 0x24, 0x09, 0x00, 0x00, 0x1c, 0x09, 0x00, 0x00,
    0x14, 0x09, 0x00, 0x00, 0x0c, 0x09, 0x00, 0x00, 0x04, 0x09, 0x00, 0x00,
    0xfc, 0x08, 0x00, 0x00, 0xf4, 0x08, 0x00, 0x00, 0xec, 0x08, 0x00, 0x00,
    0xe4, 0x08, 0x00, 0x00, 0xdc, 0x08, 0x00, 0x00, 0xd4, 0x08, 0x00, 0x00,
    0xcc, 0x08, 0x00, 0x00, 0xc4, 0x08, 0x00, 0x00, 0xbc, 0x08, 0x00, 0x00,
    0xb4, 0x08, 0x00, 0x00, 0xac, 0x08, 0x00, 0x00, 0xa4, 0x08, 0x00, 0x00,
    0x9c, 0x08, 0x00, 0x00, 0x94, 0x08, 0x00, 0x00, 0x8c, 0x08, 0x00, 0x00,
    0x84, 0x08, 0x00, 0x00, 0x7c, 0x08, 0x00, 0x00, 0x74, 0x08, 0x00, 0x00,
    0x6c, 0x08, 0x00, 0x00, 0x64, 0x08, 0x00, 0x00, 0x5c, 0x08, 0x00, 0x00,
    0x54, 0x08, 0x00, 0x00, 0x4c, 0x08, 0x00, 0x00, 0x44, 0x08, 0x00, 0x00,
    0x3c, 0x08, 0x00, 0x00, 0x34, 0x08, 0x00, 0x00, 0x2c, 0x08, 0x00, 0x00,
    0x24, 0x08, 0x00, 0x00, 0x1c, 0x08, 0x00, 0x00, 0x14, 0x08, 0x00, 0x00,
    0x0c, 0x08, 0x00, 0x00, 0x04, 0x08, 0x00, 0x00, 0xfc, 0x07, 0x00, 0x00,
    0xf4, 0x07, 0x00, 0x00, 0xec, 0x07, 0x00, 0x00, 0xe4, 0x07, 0x00, 0x00,
    0xdc, 0x07, 0x00, 0x00, 0xd4, 0x07, 0x00, 0x00, 0xcc, 0x07, 0x00, 0x00,
    0xc4, 0x07, 0x00, 0x00, 0xbc, 0x07, 0x00, 0x00, 0xb4, 0x07, 0x00, 0x00,
    0xac, 0x07, 0x00, 0x00, 0xa4, 0x07, 0x00, 0x00, 0x9c, 0x07, 0x00, 0x00,
    0x94, 0x07, 0x00, 0x00, 0x8c, 0x07, 0x00, 0x00, 0x84, 0x07, 0x00, 0x00,
    0x7c, 0x07, 0x00, 0x00, 0x74, 0x07, 0x00, 0x00, 0x6c, 0x07, 0x00, 0x00,
    0x64, 0x07, 0x00, 0x00, 0x5c, 0x07, 0x00, 0x00, 0x54, 0x07, 0x00, 0x00,
    0x4c, 0x07, 0x00, 0x00, 0x44, 0x07, 0x00, 0x00, 0x3c, 0x07, 0x00, 0x00,
    0x34, 0x07, 0x00, 0x00, 0x2c, 0x07, 0x00, 0x00, 0x24, 0x07, 0x00, 0x00,
    0x1c, 0x07, 0x00, 0x00, 0x14, 0x07, 0x00, 0x00, 0x0c, 0x07, 0x00, 0x00,
    0x04, 0x07, 0x00, 0x00, 0xfc, 0x06, 0x00, 0x00, 0xf4, 0x06, 0x00, 0x00,
    0xec, 0x06, 0x00, 0x00, 0xe4, 0x06, 0x00, 0x00, 0xdc, 0x06, 0x00, 0x00,
    0xd4, 0x06, 0x00, 0x00, 0xcc, 0x06, 0x00, 0x00, 0xc4, 0x06, 0x00, 0x00,
    0xbc, 0x06, 0x00, 0x00, 0xb4, 0x06, 0x00, 0x00, 0xac, 0x06, 0x00, 0x00,
    0xa4, 0x06, 0x00, 0x00, 0x9c, 0x06, 0x00, 0x00, 0x94, 0x06, 0x00, 0x00,
    0x8c, 0x06, 0x00, 0x00, 0x84, 0x06, 0x00, 0x00, 0x7c, 0x06, 0x00, 0x00,
    0x74, 0x06, 0x00, 0x00, 0x6c, 0x06, 0x00, 0x00, 0x64, 0x06, 0x00, 0x00,
    0x5c, 0x06, 0x00, 0x00, 0x54, 0x06, 0x00, 0x00, 0x4c, 0x06, 0x00, 0x00,
    0x44, 0x06, 0x00, 0x00, 0x3c, 0x06, 0x00, 0x00, 0x34, 0x06, 0x00, 0x00,
    0x2c, 0x06, 0x00, 0x00, 0x24, 0x06, 0x00, 0x00, 0x1c, 0x06, 0x00, 0x00,
    0x14, 0x06, 0x00, 0x00, 0x0c, 0x06, 0x00, 0x00, 0x04, 0x06, 0x00, 0x00,
    0xfc, 0x05, 0x00, 0x00, 0xf4, 0x05, 0x00, 0x00, 0xec, 0x05, 0x00, 0x00,
    0xe4, 0x05, 0x00, 0x00, 0xdc, 0x05, 0x00, 0x00, 0xd4, 0x05, 0x00, 0x00,
    0xcc, 0x05, 0x00, 0x00, 0xc4, 0x05, 0x00, 0x00, 0xbc, 0x05, 0x00, 0x00,
    0xb4, 0x05, 0x00, 0x00, 0xac, 0x05, 0x00, 0x00, 0xa4, 0x05, 0x00, 0x00,
    0x9c, 0x05, 0x00, 0x00, 0x94, 0x05, 0x00, 0x00, 0x8c, 0x05, 0x00, 0x00,
    0x84, 0x05, 0x00, 0x00, 0x7c, 0x05, 0x00, 0x00, 0x74, 0x05, 0x00, 0x00,
    0x6c, 0x05, 0x00, 0x00, 0x64, 0x05, 0x00, 0x00, 0x5c, 0x05, 0x00, 0x00,
    0x54, 0x05, 0x00, 0x00, 0x4c, 0x05, 0x00, 0x00, 0x44, 0x05, 0x00, 0x00,
    0x3c, 0x05, 0x00, 0x00, 0x34, 0x05, 0x00, 0x00, 0x2c, 0x05, 0x00, 0x00,
    0x24, 0x05, 0x00, 0x00, 0x1c, 0x05, 0x00, 0x00, 0x14, 0x05, 0x00, 0x00,
    0x0c, 0x05, 0x00, 0x00, 0x04, 0x05, 0x00, 0x00, 0xfc, 0x04, 0x00, 0x00,
    0xf4, 0x04, 0x00, 0x00, 0xec, 0x04, 0x00, 0x00, 0xe4, 0x04, 0x00, 0x00,
    0xdc, 0x04, 0x00, 0x00, 0xd4, 0x04, 0x00, 0x00, 0xcc, 0x04, 0x00, 0x00,
    0xc4, 0x04, 0x00, 0x00, 0xbc, 0x04, 0x00, 0x00, 0xb4, 0x04, 0x00, 0x00,
    0xac, 0x04, 0x00, 0x00, 0xa4, 0x04, 0x00, 0x00, 0x9c, 0x04, 0x00, 0x00,
    0x94, 0x04, 0x00, 0x00, 0x8c, 0x04, 0x00, 0x00, 0x84, 0x04, 0x00, 0x00,
    0x7c, 0x04, 0x00, 0x00, 0x74, 0x04, 0x00, 0x00, 0x6c, 0x04, 0x00, 0x00,
    0x64, 0x04, 0x00, 0x00, 0x5c, 0x04, 0x00, 0x00, 0x54, 0x04, 0x00, 0x00,
    0x4c, 0x04, 0x00, 0x00, 0x44, 0x04, 0x00, 0x00, 0x3c, 0x04, 0x00, 0x00,
    0x34, 0x04, 0x00, 0x00, 0x2c, 0x04, 0x00, 0x00, 0x24, 0x04, 0x00, 0x00,
    0x1c, 0x04, 0x00, 0x00, 0x14, 0x04, 0x00, 0x00, 0x0c, 0x04, 0x00, 0x00,
    0x04, 0x04, 0x00, 0x00, 0xfc, 0x03, 0x00, 0x00, 0xf4, 0x03, 0x00, 0x00,
    0xec, 0x03, 0x00, 0x00, 0xe4, 0x03, 0x00, 0x00, 0xdc, 0x03, 0x00, 0x00,
    0xd4, 0x03, 0x00, 0x00, 0xcc, 0x03, 0x00, 0x00, 0xc4, 0x03, 0x00, 0x00,
    0xbc, 0x03, 0x00, 0x00, 0xb4, 0x03, 0x00, 0x00, 0xac, 0x03, 0x00, 0x00,
    0xa4, 0x03, 0x00, 0x00, 0x9c, 0x03, 0x00, 0x00, 0x94, 0x03, 0x00, 0x00,
    0x8c, 0x03, 0x00, 0x00, 0x84, 0x03, 0x00, 0x00, 0x7c, 0x03, 0x00, 0x00,
    0x74, 0x03, 0x00, 0x00, 0x6c, 0x03, 0x00, 0x00, 0x64, 0x03, 0x00, 0x00,
    0x5c, 0x03, 0x00, 0x00, 0x54, 0x03, 0x00, 0x00, 0x4c, 0x03, 0x00, 0x00,
    0x44, 0x03, 0x00, 0x00, 0x3c, 0x03, 0x00, 0x00, 0x34, 0x03, 0x00, 0x00,
    0x2c, 0x03, 0x00, 0x00, 0x24, 0x03, 0x00, 0x00, 0x1c, 0x03, 0x00, 0x00,
    0x14, 0x03, 0x00, 0x00, 0x0c, 0x03, 0x00, 0x00, 0x04, 0x03, 0x00, 0x00,
    0xfc, 0x02, 0x00, 0x00, 0xf4, 0x02, 0x00, 0x00, 0xec, 0x02, 0x00, 0x00,
    0xe4, 0x02, 0x00, 0x00, 0xdc, 0x02, 0x00, 0x00, 0xd4, 0x02, 0x00, 0x00,
    0xcc, 0x02, 0x00, 0x00, 0xc4, 0x02, 0x00, 0x00, 0xbc, 0x02, 0x00, 0x00,
    0xb4, 0x02, 0x00, 0x00, 0xac, 0x02, 0x00, 0x00, 0xa4, 0x02, 0x00, 0x00,
    0x9c, 0x02, 0x00, 0x00, 0x94, 0x02, 0x00, 0x00, 0x8c, 0x02, 0x00, 0x00,
    0x84, 0x02, 0x00, 0x00, 0x7c, 0x02, 0x00, 0x00, 0x74, 0x02, 0x00, 0x00,
    0x6c, 0x02, 0x00, 0x00, 0x64, 0x02, 0x00, 0x00, 0x5c, 0x02, 0x00, 0x00,
    0x54, 0x02, 0x00, 0x00, 0x4c, 0x02, 0x00, 0x00, 0x44, 0x02, 0x00, 0x00,
    0x3c, 0x02, 0x00, 0x00, 0x34, 0x02, 0x00, 0x00, 0x2c, 0x02, 0x00, 0x00,
    0x24, 0x02, 0x00, 0x00, 0x1c, 0x02, 0x00, 0x00, 0x14, 0x02, 0x00, 0x00,
    0x0c, 0x02, 0x00, 0x00, 0x04, 0x02, 0x00, 0x00, 0xfc, 0x01, 0x00, 0x00,
    0xf4, 0x01, 0x00, 0x00, 0xec, 0x01, 0x00, 0x00, 0xe4, 0x01, 0x00, 0x00,
    0xdc, 0x01, 0x00, 0x00, 0xd4, 0x01, 0x00, 0x00, 0xcc, 0x01, 0x00, 0x00,
    0xc4, 0x01, 0x00, 0x00, 0xbc, 0x01, 0x00, 0x00, 0xb4, 0x01, 0x00, 0x00,
    0xac, 0x01, 0x00, 0x00, 0xa4, 0x01, 0x00, 0x00, 0x9c, 0x01, 0x00, 0x00,
    0x94, 0x01, 0x00, 0x00, 0x8c, 0x01, 0x00, 0x00, 0x84, 0x01, 0x00, 0x00,
    0x7c, 0x01, 0x00, 0x00, 0x74, 0x01, 0x00, 0x00, 0x6c, 0x01, 0x00, 0x00,
    0x64, 0x01, 0x00, 0x00, 0x5c, 0x01, 0x00, 0x00, 0x54, 0x01, 0x00, 0x00,
    0x4c, 0x01, 0x00, 0x00, 0x44, 0x01, 0x00, 0x00, 0x3c, 0x01, 0x00, 0x00,
    0x34, 0x01, 0x00, 0x00, 0x2c, 0x01, 0x00, 0x00, 0x24, 0x01, 0x00, 0x00,
    0x1c, 0x01, 0x00, 0x00, 0x14, 0x01, 0x00, 0x00, 0x0c, 0x01, 0x00, 0x00,
    0x04, 0x01, 0x00, 0x00, 0xfc, 0x00, 0x00, 0x00, 0xf4, 0x00, 0x00, 0x00,
    0xec, 0x00, 0x00, 0x00, 0xe4, 0x00, 0x00, 0x00, 0xdc, 0x00, 0x00, 0x00,
    0xd4, 0x00, 0x00, 0x00, 0xcc, 0x00, 0x00, 0x00, 0xc4, 0x00, 0x00, 0x00,
    0xbc, 0x00, 0x00, 0x00, 0xb4, 0x00, 0x00, 0x00, 0xac, 0x00, 0x00, 0x00,
    0xa4, 0x00, 0x00, 0x00, 0x9c, 0x00, 0x00, 0x00, 0x94, 0x00, 0x00, 0x00,
    0x74, 0x00, 0x00, 0x00, 0x04, 0x00, 0x00, 0x00, 0x96, 0x9a, 0xff, 0xff,
    0x04, 0x00, 0x00, 0x00, 0x60, 0x00, 0x00, 0x00, 0x0c, 0x00, 0x00, 0x00,
    0x08, 0x00, 0x0e, 0x00, 0x08, 0x00, 0x04, 0x00, 0x08, 0x00, 0x00, 0x00,
    0x10, 0x00, 0x00, 0x00, 0x28, 0x00, 0x00, 0x00, 0x00, 0x00, 0x06, 0x00,
    0x08, 0x00, 0x04, 0x00, 0x06, 0x00, 0x00, 0x00, 0x04, 0x00, 0x00, 0x00,
    0x01, 0x00, 0x00, 0x00, 0xeb, 0x03, 0x00, 0x00, 0x0c, 0x00, 0x18, 0x00,
    0x14, 0x00, 0x10, 0x00, 0x0c, 0x00, 0x04, 0x00, 0x0c, 0x00, 0x00, 0x00,
    0xc1, 0x4a, 0x3f, 0xbb, 0x8d, 0xeb, 0x0d, 0x39, 0x02, 0x00, 0x00, 0x00,
    0x02, 0x00, 0x00, 0x00, 0x04, 0x00, 0x00, 0x00, 0x06, 0x00, 0x00, 0x00,
    0x32, 0x2e, 0x32, 0x31, 0x2e, 0x30, 0x00, 0x00, 0x02, 0x9b, 0xff, 0xff,
    0x04, 0x00, 0x00, 0x00, 0x10, 0x00, 0x00, 0x00, 0x32, 0x2e, 0x35, 0x2e,
    0x30, 0x00, 0x00, 0x00, 0x00, 0x00, 0x00, 0x00, 0x00, 0x00, 0x00, 0x00,
    0x68, 0xb2, 0xfd, 0xff, 0x6c, 0xb2, 0xfd, 0xff, 0x70, 0xb2, 0xfd, 0xff,
    0x74, 0xb2, 0xfd, 0xff, 0x78, 0xb2, 0xfd, 0xff, 0x7c, 0xb2, 0xfd, 0xff,
    0x80, 0xb2, 0xfd, 0xff, 0x84, 0xb2, 0xfd, 0xff, 0x88, 0xb2, 0xfd, 0xff,
    0x8c, 0xb2, 0xfd, 0xff, 0x90, 0xb2, 0xfd, 0xff, 0x94, 0xb2, 0xfd, 0xff,
    0x98, 0xb2, 0xfd, 0xff, 0x9c, 0xb2, 0xfd, 0xff, 0xa0, 0xb2, 0xfd, 0xff,
    0xa4, 0xb2, 0xfd, 0xff, 0xa8, 0xb2, 0xfd, 0xff, 0xac, 0xb2, 0xfd, 0xff,
    0xb0, 0xb2, 0xfd, 0xff, 0xb4, 0xb2, 0xfd, 0xff, 0xb8, 0xb2, 0xfd, 0xff,
    0xbc, 0xb2, 0xfd, 0xff, 0xc0, 0xb2, 0xfd, 0xff, 0xc4, 0xb2, 0xfd, 0xff,
    0xc8, 0xb2, 0xfd, 0xff, 0xcc, 0xb2, 0xfd, 0xff, 0xd0, 0xb2, 0xfd, 0xff,
    0xd4, 0xb2, 0xfd, 0xff, 0xd8, 0xb2, 0xfd, 0xff, 0xdc, 0xb2, 0xfd, 0xff,
    0xe0, 0xb2, 0xfd, 0xff, 0xe4, 0xb2, 0xfd, 0xff, 0xe8, 0xb2, 0xfd, 0xff,
    0xec, 0xb2, 0xfd, 0xff, 0xf0, 0xb2, 0xfd, 0xff, 0xf4, 0xb2, 0xfd, 0xff,
    0xf8, 0xb2, 0xfd, 0xff, 0xfc, 0xb2, 0xfd, 0xff, 0x00, 0xb3, 0xfd, 0xff,
    0x04, 0xb3, 0xfd, 0xff, 0x08, 0xb3, 0xfd, 0xff, 0x0c, 0xb3, 0xfd, 0xff,
    0x10, 0xb3, 0xfd, 0xff, 0x14, 0xb3, 0xfd, 0xff, 0x18, 0xb3, 0xfd, 0xff,
    0x1c, 0xb3, 0xfd, 0xff, 0x20, 0xb3, 0xfd, 0xff, 0x24, 0xb3, 0xfd, 0xff,
    0x28, 0xb3, 0xfd, 0xff, 0x2c, 0xb3, 0xfd, 0xff, 0x30, 0xb3, 0xfd, 0xff,
    0x34, 0xb3, 0xfd, 0xff, 0x38, 0xb3, 0xfd, 0xff, 0x3c, 0xb3, 0xfd, 0xff,
    0x40, 0xb3, 0xfd, 0xff, 0x44, 0xb3, 0xfd, 0xff, 0x48, 0xb3, 0xfd, 0xff,
    0x4c, 0xb3, 0xfd, 0xff, 0x50, 0xb3, 0xfd, 0xff, 0x54, 0xb3, 0xfd, 0xff,
    0x58, 0xb3, 0xfd, 0xff, 0x5c, 0xb3, 0xfd, 0xff, 0x60, 0xb3, 0xfd, 0xff,
    0x64, 0xb3, 0xfd, 0xff, 0x68, 0xb3, 0xfd, 0xff, 0x6c, 0xb3, 0xfd, 0xff,
    0x70, 0xb3, 0xfd, 0xff, 0x74, 0xb3, 0xfd, 0xff, 0x78, 0xb3, 0xfd, 0xff,
    0x7c, 0xb3, 0xfd, 0xff, 0x80, 0xb3, 0xfd, 0xff, 0x84, 0xb3, 0xfd, 0xff,
    0x88, 0xb3, 0xfd, 0xff, 0x8c, 0xb3, 0xfd, 0xff, 0x90, 0xb3, 0xfd, 0xff,
    0x94, 0xb3, 0xfd, 0xff, 0x98, 0xb3, 0xfd, 0xff, 0x9c, 0xb3, 0xfd, 0xff,
    0xa0, 0xb3, 0xfd, 0xff, 0xa4, 0xb3, 0xfd, 0xff, 0xa8, 0xb3, 0xfd, 0xff,
    0xac, 0xb3, 0xfd, 0xff, 0xb0, 0xb3, 0xfd, 0xff, 0xb4, 0xb3, 0xfd, 0xff,
    0xb8, 0xb3, 0xfd, 0xff, 0xbc, 0xb3, 0xfd, 0xff, 0xc0, 0xb3, 0xfd, 0xff,
    0xc4, 0xb3, 0xfd, 0xff, 0xc8, 0xb3, 0xfd, 0xff, 0xcc, 0xb3, 0xfd, 0xff,
    0xd0, 0xb3, 0xfd, 0xff, 0xd4, 0xb3, 0xfd, 0xff, 0xd8, 0xb3, 0xfd, 0xff,
    0xdc, 0xb3, 0xfd, 0xff, 0xe0, 0xb3, 0xfd, 0xff, 0xe4, 0xb3, 0xfd, 0xff,
    0xe8, 0xb3, 0xfd, 0xff, 0xec, 0xb3, 0xfd, 0xff, 0xf0, 0xb3, 0xfd, 0xff,
    0xf4, 0xb3, 0xfd, 0xff, 0xf8, 0xb3, 0xfd, 0xff, 0xfc, 0xb3, 0xfd, 0xff,
    0x00, 0xb4, 0xfd, 0xff, 0x04, 0xb4, 0xfd, 0xff, 0x08, 0xb4, 0xfd, 0xff,
    0x0c, 0xb4, 0xfd, 0xff, 0x10, 0xb4, 0xfd, 0xff, 0x14, 0xb4, 0xfd, 0xff,
    0x18, 0xb4, 0xfd, 0xff, 0x1c, 0xb4, 0xfd, 0xff, 0x20, 0xb4, 0xfd, 0xff,
    0x24, 0xb4, 0xfd, 0xff, 0x28, 0xb4, 0xfd, 0xff, 0x2c, 0xb4, 0xfd, 0xff,
    0x30, 0xb4, 0xfd, 0xff, 0x34, 0xb4, 0xfd, 0xff, 0x38, 0xb4, 0xfd, 0xff,
    0x3c, 0xb4, 0xfd, 0xff, 0x40, 0xb4, 0xfd, 0xff, 0x44, 0xb4, 0xfd, 0xff,
    0x48, 0xb4, 0xfd, 0xff, 0x4c, 0xb4, 0xfd, 0xff, 0x50, 0xb4, 0xfd, 0xff,
    0x54, 0xb4, 0xfd, 0xff, 0x58, 0xb4, 0xfd, 0xff, 0x5c, 0xb4, 0xfd, 0xff,
    0x60, 0xb4, 0xfd, 0xff, 0x64, 0xb4, 0xfd, 0xff, 0x68, 0xb4, 0xfd, 0xff,
    0x6c, 0xb4, 0xfd, 0xff, 0x70, 0xb4, 0xfd, 0xff, 0x74, 0xb4, 0xfd, 0xff,
    0x78, 0xb4, 0xfd, 0xff, 0x7c, 0xb4, 0xfd, 0xff, 0x80, 0xb4, 0xfd, 0xff,
    0x84, 0xb4, 0xfd, 0xff, 0x88, 0xb4, 0xfd, 0xff, 0x8c, 0xb4, 0xfd, 0xff,
    0x90, 0xb4, 0xfd, 0xff, 0x94, 0xb4, 0xfd, 0xff, 0x98, 0xb4, 0xfd, 0xff,
    0x9c, 0xb4, 0xfd, 0xff, 0xa0, 0xb4, 0xfd, 0xff, 0xa4, 0xb4, 0xfd, 0xff,
    0xa8, 0xb4, 0xfd, 0xff, 0xac, 0xb4, 0xfd, 0xff, 0xb0, 0xb4, 0xfd, 0xff,
    0xb4, 0xb4, 0xfd, 0xff, 0xb8, 0xb4, 0xfd, 0xff, 0xbc, 0xb4, 0xfd, 0xff,
    0xc0, 0xb4, 0xfd, 0xff, 0xc4, 0xb4, 0xfd, 0xff, 0xc8, 0xb4, 0xfd, 0xff,
    0xcc, 0xb4, 0xfd, 0xff, 0xd0, 0xb4, 0xfd, 0xff, 0xd4, 0xb4, 0xfd, 0xff,
    0xd8, 0xb4, 0xfd, 0xff, 0xdc, 0xb4, 0xfd, 0xff, 0xe0, 0xb4, 0xfd, 0xff,
    0xe4, 0xb4, 0xfd, 0xff, 0xe8, 0xb4, 0xfd, 0xff, 0xec, 0xb4, 0xfd, 0xff,
    0xf0, 0xb4, 0xfd, 0xff, 0xf4, 0xb4, 0xfd, 0xff, 0xf8, 0xb4, 0xfd, 0xff,
    0xfc, 0xb4, 0xfd, 0xff, 0x00, 0xb5, 0xfd, 0xff, 0x04, 0xb5, 0xfd, 0xff,
    0x08, 0xb5, 0xfd, 0xff, 0x0c, 0xb5, 0xfd, 0xff, 0x10, 0xb5, 0xfd, 0xff,
    0x14, 0xb5, 0xfd, 0xff, 0x18, 0xb5, 0xfd, 0xff, 0x1c, 0xb5, 0xfd, 0xff,
    0x20, 0xb5, 0xfd, 0xff, 0x24, 0xb5, 0xfd, 0xff, 0x28, 0xb5, 0xfd, 0xff,
    0x2c, 0xb5, 0xfd, 0xff, 0x30, 0xb5, 0xfd, 0xff, 0x34, 0xb5, 0xfd, 0xff,
    0x38, 0xb5, 0xfd, 0xff, 0x3c, 0xb5, 0xfd, 0xff, 0x40, 0xb5, 0xfd, 0xff,
    0x44, 0xb5, 0xfd, 0xff, 0x48, 0xb5, 0xfd, 0xff, 0x4c, 0xb5, 0xfd, 0xff,
    0x50, 0xb5, 0xfd, 0xff, 0x54, 0xb5, 0xfd, 0xff, 0x58, 0xb5, 0xfd, 0xff,
    0x5c, 0xb5, 0xfd, 0xff, 0x60, 0xb5, 0xfd, 0xff, 0x64, 0xb5, 0xfd, 0xff,
    0x68, 0xb5, 0xfd, 0xff, 0x6c, 0xb5, 0xfd, 0xff, 0x70, 0xb5, 0xfd, 0xff,
    0x74, 0xb5, 0xfd, 0xff, 0x78, 0xb5, 0xfd, 0xff, 0x7c, 0xb5, 0xfd, 0xff,
    0x80, 0xb5, 0xfd, 0xff, 0x84, 0xb5, 0xfd, 0xff, 0x88, 0xb5, 0xfd, 0xff,
    0x8c, 0xb5, 0xfd, 0xff, 0x90, 0xb5, 0xfd, 0xff, 0x94, 0xb5, 0xfd, 0xff,
    0x98, 0xb5, 0xfd, 0xff, 0x9c, 0xb5, 0xfd, 0xff, 0xa0, 0xb5, 0xfd, 0xff,
    0xa4, 0xb5, 0xfd, 0xff, 0xa8, 0xb5, 0xfd, 0xff, 0xac, 0xb5, 0xfd, 0xff,
    0xb0, 0xb5, 0xfd, 0xff, 0xb4, 0xb5, 0xfd, 0xff, 0xb8, 0xb5, 0xfd, 0xff,
    0xbc, 0xb5, 0xfd, 0xff, 0xc0, 0xb5, 0xfd, 0xff, 0xc4, 0xb5, 0xfd, 0xff,
    0xc8, 0xb5, 0xfd, 0xff, 0xcc, 0xb5, 0xfd, 0xff, 0xd0, 0xb5, 0xfd, 0xff,
    0xd4, 0xb5, 0xfd, 0xff, 0xd8, 0xb5, 0xfd, 0xff, 0xdc, 0xb5, 0xfd, 0xff,
    0xe0, 0xb5, 0xfd, 0xff, 0xe4, 0xb5, 0xfd, 0xff, 0xe8, 0xb5, 0xfd, 0xff,
    0xec, 0xb5, 0xfd, 0xff, 0xf0, 0xb5, 0xfd, 0xff, 0xf4, 0xb5, 0xfd, 0xff,
    0xf8, 0xb5, 0xfd, 0xff, 0xfc, 0xb5, 0xfd, 0xff, 0x00, 0xb6, 0xfd, 0xff,
    0x04, 0xb6, 0xfd, 0xff, 0x08, 0xb6, 0xfd, 0xff, 0x0c, 0xb6, 0xfd, 0xff,
    0x10, 0xb6, 0xfd, 0xff, 0x14, 0xb6, 0xfd, 0xff, 0x18, 0xb6, 0xfd, 0xff,
    0x1c, 0xb6, 0xfd, 0xff, 0x20, 0xb6, 0xfd, 0xff, 0x24, 0xb6, 0xfd, 0xff,
    0x28, 0xb6, 0xfd, 0xff, 0x2c, 0xb6, 0xfd, 0xff, 0x30, 0xb6, 0xfd, 0xff,
    0x34, 0xb6, 0xfd, 0xff, 0x38, 0xb6, 0xfd, 0xff, 0x3c, 0xb6, 0xfd, 0xff,
    0x40, 0xb6, 0xfd, 0xff, 0x44, 0xb6, 0xfd, 0xff, 0x48, 0xb6, 0xfd, 0xff,
    0x4c, 0xb6, 0xfd, 0xff, 0x50, 0xb6, 0xfd, 0xff, 0x54, 0xb6, 0xfd, 0xff,
    0x58, 0xb6, 0xfd, 0xff, 0x5c, 0xb6, 0xfd, 0xff, 0x60, 0xb6, 0xfd, 0xff,
    0x64, 0xb6, 0xfd, 0xff, 0x68, 0xb6, 0xfd, 0xff, 0x6c, 0xb6, 0xfd, 0xff,
    0x70, 0xb6, 0xfd, 0xff, 0x74, 0xb6, 0xfd, 0xff, 0x78, 0xb6, 0xfd, 0xff,
    0x7c, 0xb6, 0xfd, 0xff, 0x80, 0xb6, 0xfd, 0xff, 0x84, 0xb6, 0xfd, 0xff,
    0x88, 0xb6, 0xfd, 0xff, 0x8c, 0xb6, 0xfd, 0xff, 0x90, 0xb6, 0xfd, 0xff,
    0x94, 0xb6, 0xfd, 0xff, 0x98, 0xb6, 0xfd, 0xff, 0x9c, 0xb6, 0xfd, 0xff,
    0xa0, 0xb6, 0xfd, 0xff, 0xa4, 0xb6, 0xfd, 0xff, 0xa8, 0xb6, 0xfd, 0xff,
    0xac, 0xb6, 0xfd, 0xff, 0xb0, 0xb6, 0xfd, 0xff, 0xb4, 0xb6, 0xfd, 0xff,
    0xb8, 0xb6, 0xfd, 0xff, 0xbc, 0xb6, 0xfd, 0xff, 0xc0, 0xb6, 0xfd, 0xff,
    0xc4, 0xb6, 0xfd, 0xff, 0xc8, 0xb6, 0xfd, 0xff, 0xcc, 0xb6, 0xfd, 0xff,
    0xd0, 0xb6, 0xfd, 0xff, 0xd4, 0xb6, 0xfd, 0xff, 0xd8, 0xb6, 0xfd, 0xff,
    0xdc, 0xb6, 0xfd, 0xff, 0xe0, 0xb6, 0xfd, 0xff, 0xe4, 0xb6, 0xfd, 0xff,
    0xe8, 0xb6, 0xfd, 0xff, 0xec, 0xb6, 0xfd, 0xff, 0xf0, 0xb6, 0xfd, 0xff,
    0xf4, 0xb6, 0xfd, 0xff, 0xf8, 0xb6, 0xfd, 0xff, 0xfc, 0xb6, 0xfd, 0xff,
    0x00, 0xb7, 0xfd, 0xff, 0x04, 0xb7, 0xfd, 0xff, 0x08, 0xb7, 0xfd, 0xff,
    0x0c, 0xb7, 0xfd, 0xff, 0x10, 0xb7, 0xfd, 0xff, 0x14, 0xb7, 0xfd, 0xff,
    0x18, 0xb7, 0xfd, 0xff, 0x1c, 0xb7, 0xfd, 0xff, 0x20, 0xb7, 0xfd, 0xff,
    0x24, 0xb7, 0xfd, 0xff, 0x28, 0xb7, 0xfd, 0xff, 0x2c, 0xb7, 0xfd, 0xff,
    0x30, 0xb7, 0xfd, 0xff, 0x34, 0xb7, 0xfd, 0xff, 0x38, 0xb7, 0xfd, 0xff,
    0x3c, 0xb7, 0xfd, 0xff, 0x40, 0xb7, 0xfd, 0xff, 0x44, 0xb7, 0xfd, 0xff,
    0x48, 0xb7, 0xfd, 0xff, 0x4c, 0xb7, 0xfd, 0xff, 0x50, 0xb7, 0xfd, 0xff,
    0x54, 0xb7, 0xfd, 0xff, 0x58, 0xb7, 0xfd, 0xff, 0x5c, 0xb7, 0xfd, 0xff,
    0x60, 0xb7, 0xfd, 0xff, 0x64, 0xb7, 0xfd, 0xff, 0x68, 0xb7, 0xfd, 0xff,
    0x6c, 0xb7, 0xfd, 0xff, 0x70, 0xb7, 0xfd, 0xff, 0x74, 0xb7, 0xfd, 0xff,
    0x78, 0xb7, 0xfd, 0xff, 0x7c, 0xb7, 0xfd, 0xff, 0x80, 0xb7, 0xfd, 0xff,
    0x84, 0xb7, 0xfd, 0xff, 0x88, 0xb7, 0xfd, 0xff, 0x8c, 0xb7, 0xfd, 0xff,
    0x90, 0xb7, 0xfd, 0xff, 0x94, 0xb7, 0xfd, 0xff, 0x98, 0xb7, 0xfd, 0xff,
    0x9c, 0xb7, 0xfd, 0xff, 0xa0, 0xb7, 0xfd, 0xff, 0xa4, 0xb7, 0xfd, 0xff,
    0xa8, 0xb7, 0xfd, 0xff, 0xac, 0xb7, 0xfd, 0xff, 0xb0, 0xb7, 0xfd, 0xff,
    0xb4, 0xb7, 0xfd, 0xff, 0xb8, 0xb7, 0xfd, 0xff, 0xbc, 0xb7, 0xfd, 0xff,
    0xc0, 0xb7, 0xfd, 0xff, 0xc4, 0xb7, 0xfd, 0xff, 0xc8, 0xb7, 0xfd, 0xff,
    0xcc, 0xb7, 0xfd, 0xff, 0xd0, 0xb7, 0xfd, 0xff, 0xd4, 0xb7, 0xfd, 0xff,
    0xd8, 0xb7, 0xfd, 0xff, 0xdc, 0xb7, 0xfd, 0xff, 0xe0, 0xb7, 0xfd, 0xff,
    0xe4, 0xb7, 0xfd, 0xff, 0xe8, 0xb7, 0xfd, 0xff, 0xec, 0xb7, 0xfd, 0xff,
    0xf0, 0xb7, 0xfd, 0xff, 0xf4, 0xb7, 0xfd, 0xff, 0xf8, 0xb7, 0xfd, 0xff,
    0xfc, 0xb7, 0xfd, 0xff, 0x00, 0xb8, 0xfd, 0xff, 0x04, 0xb8, 0xfd, 0xff,
    0x08, 0xb8, 0xfd, 0xff, 0x0c, 0xb8, 0xfd, 0xff, 0x10, 0xb8, 0xfd, 0xff,
    0x14, 0xb8, 0xfd, 0xff, 0x18, 0xb8, 0xfd, 0xff, 0x1c, 0xb8, 0xfd, 0xff,
    0x20, 0xb8, 0xfd, 0xff, 0x24, 0xb8, 0xfd, 0xff, 0x28, 0xb8, 0xfd, 0xff,
    0x2c, 0xb8, 0xfd, 0xff, 0x30, 0xb8, 0xfd, 0xff, 0x34, 0xb8, 0xfd, 0xff,
    0x38, 0xb8, 0xfd, 0xff, 0x3c, 0xb8, 0xfd, 0xff, 0x40, 0xb8, 0xfd, 0xff,
    0x44, 0xb8, 0xfd, 0xff, 0x48, 0xb8, 0xfd, 0xff, 0x4c, 0xb8, 0xfd, 0xff,
    0x50, 0xb8, 0xfd, 0xff, 0x54, 0xb8, 0xfd, 0xff, 0x58, 0xb8, 0xfd, 0xff,
    0x5c, 0xb8, 0xfd, 0xff, 0x60, 0xb8, 0xfd, 0xff, 0x64, 0xb8, 0xfd, 0xff,
    0x68, 0xb8, 0xfd, 0xff, 0x6c, 0xb8, 0xfd, 0xff, 0x70, 0xb8, 0xfd, 0xff,
    0x74, 0xb8, 0xfd, 0xff, 0x78, 0xb8, 0xfd, 0xff, 0x7c, 0xb8, 0xfd, 0xff,
    0x80, 0xb8, 0xfd, 0xff, 0x84, 0xb8, 0xfd, 0xff, 0x88, 0xb8, 0xfd, 0xff,
    0x8c, 0xb8, 0xfd, 0xff, 0x90, 0xb8, 0xfd, 0xff, 0x94, 0xb8, 0xfd, 0xff,
    0x98, 0xb8, 0xfd, 0xff, 0x9c, 0xb8, 0xfd, 0xff, 0xa0, 0xb8, 0xfd, 0xff,
    0xa4, 0xb8, 0xfd, 0xff, 0xa8, 0xb8, 0xfd, 0xff, 0xac, 0xb8, 0xfd, 0xff,
    0xb0, 0xb8, 0xfd, 0xff, 0xb4, 0xb8, 0xfd, 0xff, 0xb8, 0xb8, 0xfd, 0xff,
    0xbc, 0xb8, 0xfd, 0xff, 0xc0, 0xb8, 0xfd, 0xff, 0xc4, 0xb8, 0xfd, 0xff,
    0xc8, 0xb8, 0xfd, 0xff, 0xcc, 0xb8, 0xfd, 0xff, 0xd0, 0xb8, 0xfd, 0xff,
    0xd4, 0xb8, 0xfd, 0xff, 0xd8, 0xb8, 0xfd, 0xff, 0xdc, 0xb8, 0xfd, 0xff,
    0xe0, 0xb8, 0xfd, 0xff, 0xe4, 0xb8, 0xfd, 0xff, 0xe8, 0xb8, 0xfd, 0xff,
    0xec, 0xb8, 0xfd, 0xff, 0xf0, 0xb8, 0xfd, 0xff, 0xf4, 0xb8, 0xfd, 0xff,
    0xf8, 0xb8, 0xfd, 0xff, 0xfc, 0xb8, 0xfd, 0xff, 0x00, 0xb9, 0xfd, 0xff,
    0x04, 0xb9, 0xfd, 0xff, 0x08, 0xb9, 0xfd, 0xff, 0x0c, 0xb9, 0xfd, 0xff,
    0x10, 0xb9, 0xfd, 0xff, 0x14, 0xb9, 0xfd, 0xff, 0x18, 0xb9, 0xfd, 0xff,
    0x1c, 0xb9, 0xfd, 0xff, 0x20, 0xb9, 0xfd, 0xff, 0x24, 0xb9, 0xfd, 0xff,
    0x28, 0xb9, 0xfd, 0xff, 0x2c, 0xb9, 0xfd, 0xff, 0x30, 0xb9, 0xfd, 0xff,
    0x34, 0xb9, 0xfd, 0xff, 0x38, 0xb9, 0xfd, 0xff, 0x3c, 0xb9, 0xfd, 0xff,
    0x40, 0xb9, 0xfd, 0xff, 0x44, 0xb9, 0xfd, 0xff, 0x48, 0xb9, 0xfd, 0xff,
    0x4c, 0xb9, 0xfd, 0xff, 0x50, 0xb9, 0xfd, 0xff, 0x54, 0xb9, 0xfd, 0xff,
    0x58, 0xb9, 0xfd, 0xff, 0x5c, 0xb9, 0xfd, 0xff, 0x60, 0xb9, 0xfd, 0xff,
    0x64, 0xb9, 0xfd, 0xff, 0x68, 0xb9, 0xfd, 0xff, 0x6c, 0xb9, 0xfd, 0xff,
    0x70, 0xb9, 0xfd, 0xff, 0x74, 0xb9, 0xfd, 0xff, 0x78, 0xb9, 0xfd, 0xff,
    0x7c, 0xb9, 0xfd, 0xff, 0x80, 0xb9, 0xfd, 0xff, 0x84, 0xb9, 0xfd, 0xff,
    0x88, 0xb9, 0xfd, 0xff, 0x8c, 0xb9, 0xfd, 0xff, 0x90, 0xb9, 0xfd, 0xff,
    0x94, 0xb9, 0xfd, 0xff, 0x98, 0xb9, 0xfd, 0xff, 0x9c, 0xb9, 0xfd, 0xff,
    0xa0, 0xb9, 0xfd, 0xff, 0xa4, 0xb9, 0xfd, 0xff, 0xa8, 0xb9, 0xfd, 0xff,
    0xac, 0xb9, 0xfd, 0xff, 0xb0, 0xb9, 0xfd, 0xff, 0xb4, 0xb9, 0xfd, 0xff,
    0xb8, 0xb9, 0xfd, 0xff, 0xbc, 0xb9, 0xfd, 0xff, 0xc0, 0xb9, 0xfd, 0xff,
    0xc4, 0xb9, 0xfd, 0xff, 0xc8, 0xb9, 0xfd, 0xff, 0xcc, 0xb9, 0xfd, 0xff,
    0xd0, 0xb9, 0xfd, 0xff, 0xd4, 0xb9, 0xfd, 0xff, 0xd8, 0xb9, 0xfd, 0xff,
    0xdc, 0xb9, 0xfd, 0xff, 0xe0, 0xb9, 0xfd, 0xff, 0xe4, 0xb9, 0xfd, 0xff,
    0xe8, 0xb9, 0xfd, 0xff, 0xec, 0xb9, 0xfd, 0xff, 0xf0, 0xb9, 0xfd, 0xff,
    0xf4, 0xb9, 0xfd, 0xff, 0xf8, 0xb9, 0xfd, 0xff, 0xfc, 0xb9, 0xfd, 0xff,
    0x00, 0xba, 0xfd, 0xff, 0x04, 0xba, 0xfd, 0xff, 0x08, 0xba, 0xfd, 0xff,
    0x0c, 0xba, 0xfd, 0xff, 0x10, 0xba, 0xfd, 0xff, 0x14, 0xba, 0xfd, 0xff,
    0x18, 0xba, 0xfd, 0xff, 0x1c, 0xba, 0xfd, 0xff, 0x20, 0xba, 0xfd, 0xff,
    0x24, 0xba, 0xfd, 0xff, 0x28, 0xba, 0xfd, 0xff, 0x2c, 0xba, 0xfd, 0xff,
    0x30, 0xba, 0xfd, 0xff, 0x34, 0xba, 0xfd, 0xff, 0x38, 0xba, 0xfd, 0xff,
    0x3c, 0xba, 0xfd, 0xff, 0x40, 0xba, 0xfd, 0xff, 0x44, 0xba, 0xfd, 0xff,
    0x48, 0xba, 0xfd, 0xff, 0x4c, 0xba, 0xfd, 0xff, 0x50, 0xba, 0xfd, 0xff,
    0x54, 0xba, 0xfd, 0xff, 0x58, 0xba, 0xfd, 0xff, 0x5c, 0xba, 0xfd, 0xff,
    0x60, 0xba, 0xfd, 0xff, 0x64, 0xba, 0xfd, 0xff, 0x68, 0xba, 0xfd, 0xff,
    0x6c, 0xba, 0xfd, 0xff, 0x70, 0xba, 0xfd, 0xff, 0x74, 0xba, 0xfd, 0xff,
    0x78, 0xba, 0xfd, 0xff, 0x7c, 0xba, 0xfd, 0xff, 0x80, 0xba, 0xfd, 0xff,
    0x84, 0xba, 0xfd, 0xff, 0x88, 0xba, 0xfd, 0xff, 0x8c, 0xba, 0xfd, 0xff,
    0x90, 0xba, 0xfd, 0xff, 0x94, 0xba, 0xfd, 0xff, 0x98, 0xba, 0xfd, 0xff,
    0x9c, 0xba, 0xfd, 0xff, 0xa0, 0xba, 0xfd, 0xff, 0xa4, 0xba, 0xfd, 0xff,
    0xa8, 0xba, 0xfd, 0xff, 0xac, 0xba, 0xfd, 0xff, 0xb0, 0xba, 0xfd, 0xff,
    0xb4, 0xba, 0xfd, 0xff, 0xb8, 0xba, 0xfd, 0xff, 0xbc, 0xba, 0xfd, 0xff,
    0xc0, 0xba, 0xfd, 0xff, 0xc4, 0xba, 0xfd, 0xff, 0xc8, 0xba, 0xfd, 0xff,
    0xcc, 0xba, 0xfd, 0xff, 0xd0, 0xba, 0xfd, 0xff, 0xd4, 0xba, 0xfd, 0xff,
    0xd8, 0xba, 0xfd, 0xff, 0xdc, 0xba, 0xfd, 0xff, 0xe0, 0xba, 0xfd, 0xff,
    0xe4, 0xba, 0xfd, 0xff, 0xe8, 0xba, 0xfd, 0xff, 0xec, 0xba, 0xfd, 0xff,
    0xf0, 0xba, 0xfd, 0xff, 0xf4, 0xba, 0xfd, 0xff, 0xf8, 0xba, 0xfd, 0xff,
    0xfc, 0xba, 0xfd, 0xff, 0x00, 0xbb, 0xfd, 0xff, 0x04, 0xbb, 0xfd, 0xff,
    0x08, 0xbb, 0xfd, 0xff, 0x0c, 0xbb, 0xfd, 0xff, 0x10, 0xbb, 0xfd, 0xff,
    0x14, 0xbb, 0xfd, 0xff, 0x18, 0xbb, 0xfd, 0xff, 0x1c, 0xbb, 0xfd, 0xff,
    0x20, 0xbb, 0xfd, 0xff, 0x24, 0xbb, 0xfd, 0xff, 0x28, 0xbb, 0xfd, 0xff,
    0x2c, 0xbb, 0xfd, 0xff, 0x30, 0xbb, 0xfd, 0xff, 0x34, 0xbb, 0xfd, 0xff,
    0x38, 0xbb, 0xfd, 0xff, 0x3c, 0xbb, 0xfd, 0xff, 0x40, 0xbb, 0xfd, 0xff,
    0x44, 0xbb, 0xfd, 0xff, 0x48, 0xbb, 0xfd, 0xff, 0x4c, 0xbb, 0xfd, 0xff,
    0x50, 0xbb, 0xfd, 0xff, 0x54, 0xbb, 0xfd, 0xff, 0x58, 0xbb, 0xfd, 0xff,
    0x5c, 0xbb, 0xfd, 0xff, 0x60, 0xbb, 0xfd, 0xff, 0x64, 0xbb, 0xfd, 0xff,
    0x68, 0xbb, 0xfd, 0xff, 0x6c, 0xbb, 0xfd, 0xff, 0x70, 0xbb, 0xfd, 0xff,
    0x74, 0xbb, 0xfd, 0xff, 0x78, 0xbb, 0xfd, 0xff, 0x7c, 0xbb, 0xfd, 0xff,
    0x80, 0xbb, 0xfd, 0xff, 0x3a, 0xa4, 0xff, 0xff, 0x04, 0x00, 0x00, 0x00,
    0x01, 0x00, 0x00, 0x00, 0x00, 0x00, 0x00, 0x00, 0x4a, 0xa4, 0xff, 0xff,
    0x04, 0x00, 0x00, 0x00, 0x00, 0x04, 0x00, 0x00, 0x1f, 0xef, 0x2c, 0xda,
    0x72, 0xaf, 0x7f, 0xd3, 0xe6, 0x6a, 0xbe, 0x06, 0xdc, 0x36, 0x8c, 0xef,
    0xbd, 0xa6, 0xf9, 0xf3, 0x81, 0xe0, 0x06, 0x5f, 0xfd, 0x0b, 0x9e, 0x9e,
    0x1a, 0x54, 0xc3, 0x25, 0xcf, 0x2b, 0x2f, 0x20, 0x7f, 0x33, 0xac, 0xdd,
    0xc4, 0x1e, 0xfc, 0xdc, 0xf3, 0x34, 0x1f, 0x12, 0xc2, 0xbc, 0xe7, 0x36,
    0xfb, 0xfa, 0x81, 0xd2, 0x31, 0xe2, 0xc1, 0xd5, 0x24, 0x2e, 0xdc, 0x36,
    0x17, 0xb3, 0x81, 0x1a, 0x49, 0x5e, 0x8e, 0xdc, 0xaf, 0x11, 0x49, 0xb0,
    0x00, 0xf3, 0x91, 0xff, 0xbc, 0x11, 0x7f, 0x64, 0x59, 0xa7, 0xf6, 0xc8,
    0xef, 0x47, 0x26, 0xd0, 0xaa, 0x14, 0x15, 0xe3, 0x22, 0x1c, 0x13, 0x81,
    0xe9, 0xfc, 0xce, 0xc9, 0x13, 0xf8, 0x18, 0x2d, 0xcc, 0xdb, 0x2f, 0x84,
    0x2c, 0xee, 0x81, 0xcf, 0xae, 0xc6, 0x37, 0x50, 0xdb, 0xbc, 0x31, 0x08,
    0x0f, 0xec, 0x07, 0xbf, 0xbe, 0x6d, 0x3d, 0xe9, 0xeb, 0xc7, 0x17, 0xdf,
    0xde, 0x4a, 0xfd, 0x23, 0x2b, 0x32, 0x23, 0x7f, 0x12, 0xf3, 0x81, 0x23,
    0xf1, 0xfc, 0x3f, 0xfb, 0xec, 0x99, 0x0e, 0xd9, 0x17, 0xdf, 0xd5, 0xf4,
    0x81, 0x3e, 0x57, 0x15, 0x14, 0xf8, 0x2d, 0x93, 0xfc, 0x5f, 0x21, 0x18,
    0xf1, 0x37, 0x5a, 0xf7, 0xa7, 0xed, 0x03, 0x65, 0x4c, 0x48, 0xea, 0x38,
    0xf7, 0x5f, 0x97, 0xb4, 0xab, 0x7f, 0xd4, 0xe2, 0xf6, 0x30, 0x7f, 0x30,
    0xb6, 0x2d, 0xff, 0xd9, 0xf5, 0xd6, 0xca, 0x19, 0xb9, 0x35, 0xda, 0xf2,
    0xc1, 0xa5, 0x1c, 0x0a, 0x19, 0xf4, 0x3b, 0x08, 0xc5, 0x52, 0xe8, 0xdb,
    0x42, 0x7f, 0xce, 0x17, 0xcb, 0x31, 0xdf, 0xbb, 0xda, 0x23, 0x7f, 0x31,
    0x4d, 0x03, 0x20, 0x19, 0xe7, 0xd7, 0x3d, 0xc9, 0xa8, 0x06, 0x32, 0x76,
    0x7f, 0xf4, 0x6b, 0x37, 0xa5, 0x0a, 0xae, 0xf3, 0xfd, 0x68, 0x14, 0x0a,
    0xab, 0x36, 0x13, 0x3d, 0x18, 0xbc, 0x70, 0xff, 0xd4, 0x31, 0x3b, 0x45,
    0x7f, 0x04, 0xeb, 0x1c, 0xcc, 0xae, 0xd2, 0x6d, 0xa0, 0x81, 0x47, 0x0a,
    0x4d, 0x28, 0x28, 0xb2, 0x15, 0x07, 0xd7, 0xc9, 0xad, 0x6b, 0x7f, 0x3c,
    0xad, 0xd3, 0x83, 0x18, 0x2a, 0xf7, 0x00, 0x3d, 0x8e, 0x42, 0x00, 0x4b,
    0xee, 0xa8, 0xf3, 0x67, 0x7e, 0xec, 0x3b, 0x25, 0xde, 0x1b, 0x04, 0xd5,
    0x1a, 0x7f, 0x2f, 0x71, 0x19, 0x64, 0xe7, 0x7f, 0xf3, 0xa4, 0xca, 0x99,
    0xbf, 0x7b, 0x3b, 0xae, 0x3d, 0x38, 0x42, 0xf1, 0xd2, 0x9a, 0xef, 0x52,
    0x0e, 0x03, 0xdf, 0x3b, 0xe3, 0xfc, 0x2e, 0xf1, 0xc8, 0x7f, 0x0a, 0xbd,
    0xee, 0xfe, 0xe8, 0xd9, 0xf2, 0x42, 0xe8, 0xe9, 0x2d, 0xd8, 0x1f, 0x1d,
    0x23, 0x81, 0x3e, 0xf2, 0x0c, 0xa7, 0xa4, 0xed, 0x81, 0x03, 0x35, 0xce,
    0xfa, 0x0e, 0xfb, 0x6b, 0x29, 0xfb, 0xd1, 0xb0, 0x04, 0xd2, 0xc7, 0x34,
    0xf3, 0xd0, 0x7f, 0xed, 0xcf, 0x3b, 0x49, 0xf0, 0x11, 0x18, 0x2c, 0x34,
    0x5f, 0x62, 0x81, 0xe1, 0x1d, 0xf2, 0x0e, 0x5d, 0x18, 0x15, 0x44, 0xf8,
    0xd4, 0x21, 0x34, 0x01, 0x4f, 0x43, 0x7f, 0x22, 0x14, 0x10, 0x20, 0xc2,
    0xfc, 0xe0, 0x45, 0x4c, 0xfd, 0x92, 0x4b, 0x57, 0xc8, 0x81, 0x56, 0x65,
    0x1a, 0xb7, 0x50, 0x3d, 0xb9, 0xf0, 0xbc, 0xad, 0x51, 0x5e, 0x06, 0x0c,
    0x81, 0x1f, 0xf0, 0x24, 0xbe, 0xe1, 0x01, 0xe7, 0x99, 0x1d, 0xdc, 0xf8,
    0xbc, 0x1a, 0xaf, 0x41, 0xdf, 0xb0, 0x33, 0x1b, 0x50, 0xc8, 0xff, 0xf4,
    0xe2, 0x50, 0xc8, 0x81, 0x3a, 0x34, 0x00, 0xfd, 0x5b, 0x36, 0x0c, 0x93,
    0x81, 0x61, 0x50, 0x37, 0xdc, 0xe9, 0x41, 0xf2, 0x16, 0x83, 0xf3, 0x1b,
    0xd7, 0x25, 0x05, 0x3d, 0x09, 0xef, 0x47, 0x13, 0xd9, 0x26, 0x81, 0xec,
    0x49, 0x41, 0x03, 0x13, 0x09, 0x23, 0xc3, 0xd8, 0xcf, 0x14, 0xeb, 0xaf,
    0x49, 0x22, 0x7f, 0xee, 0xdf, 0xe5, 0x22, 0x01, 0x30, 0x7f, 0xef, 0xb3,
    0xdd, 0xfe, 0xc6, 0xd3, 0xf5, 0x05, 0x2c, 0x40, 0xee, 0xb5, 0x0c, 0xac,
    0xfe, 0xb8, 0x1a, 0x2b, 0xfe, 0x0e, 0x81, 0xe8, 0xac, 0x04, 0xca, 0x39,
    0x1b, 0x27, 0xb4, 0xed, 0x00, 0xb3, 0x2e, 0xfb, 0x7f, 0xe6, 0x0a, 0x12,
    0xb7, 0xf6, 0x01, 0x12, 0x20, 0x21, 0xe1, 0xfd, 0x1f, 0xa6, 0xec, 0x7f,
    0x52, 0x18, 0x83, 0x19, 0xfd, 0x88, 0xf2, 0x1f, 0x67, 0x40, 0x06, 0xd8,
    0xd5, 0x0e, 0xe8, 0x81, 0xf9, 0x01, 0x16, 0xfe, 0x1f, 0xac, 0xe3, 0x39,
    0x03, 0xbd, 0x0f, 0xec, 0x81, 0xe8, 0x4d, 0x00, 0xe7, 0xed, 0x02, 0xdc,
    0xc1, 0x0e, 0xbe, 0xf3, 0xaf, 0xc9, 0x58, 0xee, 0xde, 0xff, 0x0f, 0x1a,
    0x3e, 0x56, 0xde, 0xc0, 0xbe, 0xe5, 0xf4, 0xb7, 0x00, 0x19, 0x7f, 0xc7,
    0x14, 0x32, 0x7f, 0x9d, 0x9c, 0x7a, 0xed, 0xdc, 0x78, 0xf0, 0xfe, 0x1a,
    0xf7, 0xf6, 0xe3, 0xaa, 0x8c, 0x49, 0xb9, 0xe0, 0xd1, 0x4d, 0xe6, 0x3f,
    0xbf, 0x81, 0x39, 0x56, 0x35, 0x25, 0xdb, 0x22, 0xfd, 0x58, 0x07, 0xaa,
    0xe3, 0x71, 0x7f, 0xeb, 0xe7, 0x2f, 0x2d, 0xf5, 0xfe, 0x22, 0xe0, 0x08,
    0x0e, 0xf4, 0xcf, 0xee, 0xef, 0x3d, 0x43, 0x15, 0x65, 0x32, 0x81, 0x53,
    0xf6, 0xc2, 0x06, 0x10, 0xf0, 0x12, 0x21, 0x41, 0x06, 0xc0, 0x7f, 0x23,
    0xdb, 0x07, 0xe1, 0xd1, 0x25, 0x40, 0xed, 0x43, 0x93, 0xc9, 0x76, 0x5c,
    0x7e, 0x7f, 0x0d, 0x3c, 0x15, 0x1a, 0xd0, 0x0b, 0xfb, 0xc5, 0x2b, 0x67,
    0xd3, 0xf7, 0x4b, 0xae, 0xd3, 0x31, 0xf4, 0xd7, 0x81, 0x2c, 0x0d, 0x14,
    0xf4, 0xa3, 0x00, 0xe9, 0xf4, 0x11, 0xa9, 0xe3, 0x1b, 0x58, 0xe1, 0x24,
    0xc7, 0x4a, 0x03, 0xb1, 0x76, 0x7f, 0x31, 0xff, 0x81, 0x12, 0x64, 0x52,
    0x77, 0xcc, 0x16, 0xf6, 0x11, 0xd8, 0x08, 0xaf, 0x40, 0x2e, 0x3e, 0x39,
    0xeb, 0xdc, 0x81, 0x7e, 0xc9, 0xd8, 0x28, 0xf1, 0xd6, 0xf5, 0x11, 0xa7,
    0x4b, 0x65, 0x9a, 0x53, 0xe6, 0xfb, 0x03, 0x49, 0xe9, 0xec, 0xbc, 0x11,
    0xbd, 0x5b, 0xf1, 0x47, 0xb9, 0xe9, 0x17, 0x7f, 0xb6, 0xdc, 0x05, 0x19,
    0x58, 0xbb, 0xfe, 0x19, 0xff, 0x10, 0xc6, 0xcb, 0x12, 0x7f, 0xf9, 0x32,
    0xd0, 0x14, 0xe0, 0xfc, 0x22, 0xe8, 0x83, 0xc5, 0xf7, 0x3c, 0x40, 0x81,
    0xe3, 0xfc, 0xbf, 0xf9, 0xc2, 0xe0, 0x47, 0x58, 0x2d, 0xea, 0xa0, 0x63,
    0xec, 0x7f, 0x03, 0xb6, 0x70, 0xc4, 0x1c, 0xbc, 0x49, 0x46, 0xf4, 0xe9,
    0xe1, 0x62, 0x94, 0x81, 0x47, 0x29, 0x1f, 0x3a, 0xc2, 0xb9, 0x4b, 0xa9,
    0x7c, 0xc4, 0x95, 0xca, 0x81, 0x32, 0x26, 0xdb, 0x22, 0xae, 0xef, 0x00,
    0xf2, 0x9d, 0xb0, 0xf1, 0xd9, 0xe1, 0xec, 0xec, 0x20, 0xd0, 0x7f, 0xce,
    0x24, 0x0c, 0xb9, 0xbc, 0xff, 0x05, 0x23, 0x18, 0x34, 0x04, 0xe9, 0xdf,
    0x0a, 0x01, 0x5d, 0x10, 0x1a, 0xc1, 0x7f, 0xfc, 0x06, 0x2f, 0xfa, 0xe3,
    0xaa, 0x66, 0x7f, 0x68, 0x5e, 0xdb, 0x1b, 0xd8, 0x88, 0x1b, 0xbd, 0x11,
    0xa2, 0x47, 0x73, 0x5c, 0xed, 0xe4, 0x01, 0xeb, 0x4d, 0xe3, 0x81, 0xd2,
    0xe7, 0xb3, 0xb5, 0xb2, 0x1b, 0x26, 0xff, 0x1e, 0xac, 0xae, 0x0f, 0x31,
    0x55, 0x10, 0xde, 0x2c, 0xad, 0xf7, 0xdb, 0x31, 0x5c, 0x65, 0xe9, 0x7f,
    0x1b, 0x81, 0x2f, 0x0e, 0x25, 0xc0, 0x27, 0x5a, 0xd3, 0x5a, 0xdd, 0xd2,
    0x47, 0x77, 0x51, 0x61, 0x38, 0xe6, 0x01, 0xd6, 0xd3, 0x22, 0x5a, 0x1a,
    0x45, 0x38, 0x7f, 0xf4, 0x32, 0x84, 0xdd, 0x13, 0xbf, 0xcb, 0x3a, 0xbb,
    0x22, 0x81, 0xef, 0x24, 0xf6, 0x1f, 0xd5, 0x3f, 0xda, 0x17, 0x0f, 0x65,
    0x56, 0xa8, 0xff, 0xff, 0x04, 0x00, 0x00, 0x00, 0xc0, 0x00, 0x00, 0x00,
    0x81, 0x39, 0x14, 0xc5, 0x7f, 0x04, 0x31, 0x81, 0xd8, 0x7f, 0xb2, 0x5a,
    0x7f, 0xe5, 0xd6, 0x93, 0x36, 0x7f, 0x7f, 0xe7, 0x96, 0x50, 0x71, 0x7f,
    0x1f, 0x28, 0x7f, 0x81, 0x16, 0x15, 0xcc, 0x81, 0x2e, 0x42, 0x7f, 0x2e,
    0x10, 0x81, 0x2a, 0xb4, 0xe7, 0x7f, 0xe1, 0x9f, 0x7f, 0xb6, 0x81, 0xdc,
    0x81, 0xf9, 0x62, 0x95, 0x7f, 0xfb, 0x7f, 0xc1, 0xe9, 0x81, 0x43, 0x27,
    0x7f, 0x38, 0x62, 0x19, 0x32, 0x7f, 0x58, 0xb2, 0x7f, 0x55, 0x56, 0x7f,
    0xa9, 0x7f, 0x6e, 0xa4, 0x0a, 0x7f, 0xe6, 0x81, 0xbf, 0xcd, 0xb5, 0x81,
    0x2e, 0x7f, 0x12, 0x00, 0xb2, 0x7f, 0x8c, 0x81, 0xe6, 0xa9, 0x7f, 0xa8,
    0xaa, 0x7f, 0x01, 0x48, 0xbd, 0x81, 0x68, 0x81, 0x33, 0xe8, 0x81, 0x36,
    0xb3, 0x98, 0x81, 0x7f, 0x5f, 0xad, 0xa8, 0xf6, 0x7f, 0xa8, 0xf2, 0x7f,
    0xde, 0x7f, 0x9f, 0x58, 0x81, 0xfc, 0x81, 0x12, 0xb5, 0x73, 0x21, 0x81,
    0x93, 0xe9, 0x7f, 0x81, 0x03, 0xf0, 0x95, 0x81, 0xea, 0x26, 0x93, 0x7f,
    0x0e, 0x81, 0xcf, 0xd6, 0x7f, 0x33, 0x0c, 0x81, 0x45, 0x81, 0xf3, 0x4a,
    0x16, 0x26, 0x81, 0x81, 0x4a, 0x0f, 0x63, 0xb0, 0x81, 0x7f, 0x74, 0xc3,
    0x44, 0xb3, 0x7f, 0x81, 0x77, 0x04, 0x3b, 0x81, 0x33, 0x22, 0x7f, 0x9b,
    0xb0, 0x7f, 0xf0, 0x81, 0x2f, 0xdd, 0x81, 0x07, 0x31, 0x81, 0x61, 0x48,
    0x22, 0xa9, 0xff, 0xff, 0x04, 0x00, 0x00, 0x00, 0x40, 0x00, 0x00, 0x00,
    0xaa, 0x9c, 0xa5, 0xa8, 0x95, 0xac, 0xa6, 0x8b, 0xa6, 0x8e, 0xb5, 0x92,
    0xc1, 0xa2, 0x8c, 0xa4, 0x79, 0x6d, 0x61, 0x7b, 0x7f, 0x74, 0x66, 0x5d,
    0x7a, 0x51, 0x5b, 0x5b, 0x6f, 0x75, 0x5a, 0x74, 0x99, 0xa6, 0x8c, 0x9a,
    0x91, 0x94, 0xb4, 0x89, 0xa1, 0xb2, 0xb7, 0x93, 0xa1, 0x9f, 0x91, 0x9a,
    0xac, 0xa4, 0xa5, 0xab, 0xab, 0xb0, 0x9f, 0x8d, 0xaa, 0x80, 0xb8, 0x9b,
    0xa8, 0xb2, 0x8a, 0xa9, 0x6e, 0xa9, 0xff, 0xff, 0x04, 0x00, 0x00, 0x00,
    0x80, 0x00, 0x00, 0x00, 0x26, 0x55, 0x14, 0x1b, 0x35, 0x2f, 0xe0, 0x17,
    0xec, 0xf1, 0x53, 0xe6, 0x59, 0x81, 0x3c, 0x87, 0x5f, 0x86, 0x0b, 0x0c,
    0x42, 0xc1, 0x06, 0x54, 0x5f, 0xd2, 0x66, 0x1a, 0xac, 0x7f, 0xc5, 0x2a,
    0x22, 0x39, 0xc4, 0x15, 0x92, 0x7f, 0x87, 0xcf, 0xef, 0xd8, 0x1d, 0x19,
    0x7b, 0x4e, 0x02, 0xe0, 0x15, 0x65, 0x81, 0x06, 0x7a, 0x2c, 0xcc, 0xe6,
    0x64, 0xdc, 0xfa, 0xd4, 0x37, 0x7a, 0x5a, 0x92, 0xbe, 0xb4, 0xd1, 0x24,
    0x3a, 0x81, 0x34, 0xce, 0xca, 0x20, 0x60, 0xce, 0x76, 0x64, 0x0d, 0xee,
    0xa8, 0x0a, 0xc5, 0x6e, 0xaf, 0x3a, 0xdb, 0xfb, 0x94, 0xfa, 0x7f, 0x8e,
    0x55, 0x6d, 0x2b, 0x5b, 0xb2, 0xf1, 0x81, 0xe6, 0x24, 0x53, 0xb2, 0x47,
    0x63, 0xbc, 0xc1, 0xfc, 0x96, 0xb1, 0x9a, 0x39, 0x12, 0x29, 0xa5, 0xea,
    0x8d, 0x32, 0x28, 0x97, 0xa5, 0xe4, 0x4a, 0xb9, 0x7f, 0xe0, 0x18, 0x67,
    0xfa, 0xa9, 0xff, 0xff, 0x04, 0x00, 0x00, 0x00, 0x20, 0x00, 0x00, 0x00,
    0x88, 0xf7, 0xff, 0xff, 0x3d, 0xf0, 0xff, 0xff, 0xf3, 0xfd, 0xff, 0xff,
    0xaa, 0xf7, 0xff, 0xff, 0x29, 0x0b, 0x00, 0x00, 0x5e, 0x0b, 0x00, 0x00,
    0x7b, 0xf4, 0xff, 0xff, 0x9f, 0xf5, 0xff, 0xff, 0x26, 0xaa, 0xff, 0xff,
    0x04, 0x00, 0x00, 0x00, 0x08, 0x00, 0x00, 0x00, 0x64, 0x7f, 0x2d, 0x5e,
    0xbb, 0xc9, 0xdd, 0x03, 0x3a, 0xaa, 0xff, 0xff, 0x04, 0x00, 0x00, 0x00,
    0x04, 0x00, 0x00, 0x00, 0xc3, 0x22, 0x00, 0x00, 0x94, 0xc1, 0xfd, 0xff,
    0x4e, 0xaa, 0xff, 0xff, 0x04, 0x00, 0x00, 0x00, 0x04, 0x00, 0x00, 0x00,
    0x10, 0x00, 0x00, 0x00, 0x5e, 0xaa, 0xff, 0xff, 0x04, 0x00, 0x00, 0x00,
    0x0c, 0x00, 0x00, 0x00, 0x01, 0x00, 0x00, 0x00, 0x00, 0x00, 0x00, 0x00,
    0x02, 0x00, 0x00, 0x00, 0x76, 0xaa, 0xff, 0xff, 0x04, 0x00, 0x00, 0x00,
    0x04, 0x00, 0x00, 0x00, 0x01, 0x00, 0x00, 0x00, 0x86, 0xaa, 0xff, 0xff,
    0x04, 0x00, 0x00, 0x00, 0x04, 0x00, 0x00, 0x00, 0x00, 0x00, 0x00, 0x00,
    0xe0, 0xc1, 0xfd, 0xff, 0xe4, 0xc1, 0xfd, 0xff, 0x0f, 0x00, 0x00, 0x00,
    0x4d, 0x4c, 0x49, 0x52, 0x20, 0x43, 0x6f, 0x6e, 0x76, 0x65, 0x72, 0x74,
    0x65, 0x64, 0x2e, 0x00, 0x01, 0x00, 0x00, 0x00, 0x14, 0x00, 0x00, 0x00,
    0x00, 0x00, 0x0e, 0x00, 0x18, 0x00, 0x14, 0x00, 0x10, 0x00, 0x0c, 0x00,
    0x08, 0x00, 0x04, 0x00, 0x0e, 0x00, 0x00, 0x00, 0x14, 0x00, 0x00, 0x00,
    0x1c, 0x00, 0x00, 0x00, 0x94, 0x56, 0x00, 0x00, 0x98, 0x56, 0x00, 0x00,
    0x9c, 0x56, 0x00, 0x00, 0x04, 0x00, 0x00, 0x00, 0x6d, 0x61, 0x69, 0x6e,
    0x00, 0x00, 0x00, 0x00, 0xc8, 0x01, 0x00, 0x00, 0x44, 0x56, 0x00, 0x00,
    0xe4, 0x55, 0x00, 0x00, 0xac, 0x55, 0x00, 0x00, 0xe8, 0x54, 0x00, 0x00,
    0xb0, 0x54, 0x00, 0x00, 0x78, 0x54, 0x00, 0x00, 0x40, 0x54, 0x00, 0x00,
    0x08, 0x54, 0x00, 0x00, 0xd4, 0x53, 0x00, 0x00, 0xa0, 0x53, 0x00, 0x00,
    0x5c, 0x53, 0x00, 0x00, 0x38, 0x53, 0x00, 0x00, 0x14, 0x53, 0x00, 0x00,
    0xe0, 0x52, 0x00, 0x00, 0xbc, 0x52, 0x00, 0x00, 0x98, 0x52, 0x00, 0x00,
    0x64, 0x52, 0x00, 0x00, 0x30, 0x52, 0x00, 0x00, 0x0c, 0x52, 0x00, 0x00,
    0xd8, 0x51, 0x00, 0x00, 0xa0, 0x51, 0x00, 0x00, 0x68, 0x51, 0x00, 0x00,
    0x30, 0x51, 0x00, 0x00, 0xf8, 0x50, 0x00, 0x00, 0xc0, 0x50, 0x00, 0x00,
    0x88, 0x50, 0x00, 0x00, 0x50, 0x50, 0x00, 0x00, 0x18, 0x50, 0x00, 0x00,
    0xe0, 0x4f, 0x00, 0x00, 0xa8, 0x4f, 0x00, 0x00, 0x70, 0x4f, 0x00, 0x00,
    0x38, 0x4f, 0x00, 0x00, 0x04, 0x4f, 0x00, 0x00, 0xd0, 0x4e, 0x00, 0x00,
    0x8c, 0x4e, 0x00, 0x00, 0x68, 0x4e, 0x00, 0x00, 0x44, 0x4e, 0x00, 0x00,
    0x10, 0x4e, 0x00, 0x00, 0xec, 0x4d, 0x00, 0x00, 0xc8, 0x4d, 0x00, 0x00,
    0x94, 0x4d, 0x00, 0x00, 0x60, 0x4d, 0x00, 0x00, 0x3c, 0x4d, 0x00, 0x00,
    0x08, 0x4d, 0x00, 0x00, 0xd0, 0x4c, 0x00, 0x00, 0x98, 0x4c, 0x00, 0x00,
    0x60, 0x4c, 0x00, 0x00, 0x28, 0x4c, 0x00, 0x00, 0xf0, 0x4b, 0x00, 0x00,
    0xb8, 0x4b, 0x00, 0x00, 0x80, 0x4b, 0x00, 0x00, 0x48, 0x4b, 0x00, 0x00,
    0x10, 0x4b, 0x00, 0x00, 0xd8, 0x4a, 0x00, 0x00, 0xa0, 0x4a, 0x00, 0x00,
    0x68, 0x4a, 0x00, 0x00, 0x34, 0x4a, 0x00, 0x00, 0x00, 0x4a, 0x00, 0x00,
    0xbc, 0x49, 0x00, 0x00, 0x98, 0x49, 0x00, 0x00, 0x74, 0x49, 0x00, 0x00,
    0x40, 0x49, 0x00, 0x00, 0x1c, 0x49, 0x00, 0x00, 0xf8, 0x48, 0x00, 0x00,
    0xc4, 0x48, 0x00, 0x00, 0x90, 0x48, 0x00, 0x00, 0x6c, 0x48, 0x00, 0x00,
    0x38, 0x48, 0x00, 0x00, 0x00, 0x48, 0x00, 0x00, 0xc8, 0x47, 0x00, 0x00,
    0x90, 0x47, 0x00, 0x00, 0x58, 0x47, 0x00, 0x00, 0x20, 0x47, 0x00, 0x00,
    0xe8, 0x46, 0x00, 0x00, 0xb0, 0x46, 0x00, 0x00, 0x78, 0x46, 0x00, 0x00,
    0x40, 0x46, 0x00, 0x00, 0x0c, 0x46, 0x00, 0x00, 0xd8, 0x45, 0x00, 0x00,
    0x94, 0x45, 0x00, 0x00, 0x70, 0x45, 0x00, 0x00, 0x4c, 0x45, 0x00, 0x00,
    0x18, 0x45, 0x00, 0x00, 0xf4, 0x44, 0x00, 0x00, 0xd0, 0x44, 0x00, 0x00,
    0x9c, 0x44, 0x00, 0x00, 0x68, 0x44, 0x00, 0x00, 0x44, 0x44, 0x00, 0x00,
    0x10, 0x44, 0x00, 0x00, 0xd8, 0x43, 0x00, 0x00, 0xa0, 0x43, 0x00, 0x00,
    0x6c, 0x43, 0x00, 0x00, 0x38, 0x43, 0x00, 0x00, 0xf4, 0x42, 0x00, 0x00,
    0xd0, 0x42, 0x00, 0x00, 0xac, 0x42, 0x00, 0x00, 0x78, 0x42, 0x00, 0x00,
    0x54, 0x42, 0x00, 0x00, 0x30, 0x42, 0x00, 0x00, 0xfc, 0x41, 0x00, 0x00,
    0xc8, 0x41, 0x00, 0x00, 0xa4, 0x41, 0x00, 0x00, 0x70, 0x41, 0x00, 0x00,
    0x38, 0x41, 0x00, 0x00, 0x04, 0x41, 0x00, 0x00, 0xd0, 0x40, 0x00, 0x00,
    0x8c, 0x40, 0x00, 0x00, 0x68, 0x40, 0x00, 0x00, 0x44, 0x40, 0x00, 0x00,
    0x10, 0x40, 0x00, 0x00, 0xec, 0x3f, 0x00, 0x00, 0xc8, 0x3f, 0x00, 0x00,
    0x94, 0x3f, 0x00, 0x00, 0x60, 0x3f, 0x00, 0x00, 0x3c, 0x3f, 0x00, 0x00,
    0x08, 0x3f, 0x00, 0x00, 0xd0, 0x3e, 0x00, 0x00, 0x9c, 0x3e, 0x00, 0x00,
    0x68, 0x3e, 0x00, 0x00, 0x24, 0x3e, 0x00, 0x00, 0x00, 0x3e, 0x00, 0x00,
    0xdc, 0x3d, 0x00, 0x00, 0xa8, 0x3d, 0x00, 0x00, 0x84, 0x3d, 0x00, 0x00,
    0x60, 0x3d, 0x00, 0x00, 0x2c, 0x3d, 0x00, 0x00, 0xf8, 0x3c, 0x00, 0x00,
    0xd4, 0x3c, 0x00, 0x00, 0xa0, 0x3c, 0x00, 0x00, 0x68, 0x3c, 0x00, 0x00,
    0x34, 0x3c, 0x00, 0x00, 0x00, 0x3c, 0x00, 0x00, 0xbc, 0x3b, 0x00, 0x00,
    0x98, 0x3b, 0x00, 0x00, 0x74, 0x3b, 0x00, 0x00, 0x40, 0x3b, 0x00, 0x00,
    0x1c, 0x3b, 0x00, 0x00, 0xf8, 0x3a, 0x00, 0x00, 0xc4, 0x3a, 0x00, 0x00,
    0x90, 0x3a, 0x00, 0x00, 0x6c, 0x3a, 0x00, 0x00, 0x38, 0x3a, 0x00, 0x00,
    0x00, 0x3a, 0x00, 0x00, 0xcc, 0x39, 0x00, 0x00, 0x98, 0x39, 0x00, 0x00,
    0x54, 0x39, 0x00, 0x00, 0x30, 0x39, 0x00, 0x00, 0x0c, 0x39, 0x00, 0x00,
    0xd8, 0x38, 0x00, 0x00, 0xb4, 0x38, 0x00, 0x00, 0x90, 0x38, 0x00, 0x00,
    0x5c, 0x38, 0x00, 0x00, 0x28, 0x38, 0x00, 0x00, 0x04, 0x38, 0x00, 0x00,
    0xd0, 0x37, 0x00, 0x00, 0x98, 0x37, 0x00, 0x00, 0x64, 0x37, 0x00, 0x00,
    0x30, 0x37, 0x00, 0x00, 0xec, 0x36, 0x00, 0x00, 0xc8, 0x36, 0x00, 0x00,
    0xa4, 0x36, 0x00, 0x00, 0x70, 0x36, 0x00, 0x00, 0x4c, 0x36, 0x00, 0x00,
    0x28, 0x36, 0x00, 0x00, 0xf4, 0x35, 0x00, 0x00, 0xc0, 0x35, 0x00, 0x00,
    0x9c, 0x35, 0x00, 0x00, 0x68, 0x35, 0x00, 0x00, 0x30, 0x35, 0x00, 0x00,
    0xfc, 0x34, 0x00, 0x00, 0xc8, 0x34, 0x00, 0x00, 0x84, 0x34, 0x00, 0x00,
    0x60, 0x34, 0x00, 0x00, 0x3c, 0x34, 0x00, 0x00, 0x08, 0x34, 0x00, 0x00,
    0xe4, 0x33, 0x00, 0x00, 0xc0, 0x33, 0x00, 0x00, 0x8c, 0x33, 0x00, 0x00,
    0x58, 0x33, 0x00, 0x00, 0x34, 0x33, 0x00, 0x00, 0x00, 0x33, 0x00, 0x00,
    0xc8, 0x32, 0x00, 0x00, 0x94, 0x32, 0x00, 0x00, 0x60, 0x32, 0x00, 0x00,
    0x1c, 0x32, 0x00, 0x00, 0xf8, 0x31, 0x00, 0x00, 0xd4, 0x31, 0x00, 0x00,
    0xa0, 0x31, 0x00, 0x00, 0x7c, 0x31, 0x00, 0x00, 0x58, 0x31, 0x00, 0x00,
    0x24, 0x31, 0x00, 0x00, 0xf0, 0x30, 0x00, 0x00, 0xcc, 0x30, 0x00, 0x00,
    0x98, 0x30, 0x00, 0x00, 0x60, 0x30, 0x00, 0x00, 0x2c, 0x30, 0x00, 0x00,
    0xf8, 0x2f, 0x00, 0x00, 0xb4, 0x2f, 0x00, 0x00, 0x90, 0x2f, 0x00, 0x00,
    0x6c, 0x2f, 0x00, 0x00, 0x38, 0x2f, 0x00, 0x00, 0x14, 0x2f, 0x00, 0x00,
    0xf0, 0x2e, 0x00, 0x00, 0xbc, 0x2e, 0x00, 0x00, 0x88, 0x2e, 0x00, 0x00,
    0x64, 0x2e, 0x00, 0x00, 0x30, 0x2e, 0x00, 0x00, 0xf8, 0x2d, 0x00, 0x00,
    0xc4, 0x2d, 0x00, 0x00, 0x90, 0x2d, 0x00, 0x00, 0x4c, 0x2d, 0x00, 0x00,
    0x28, 0x2d, 0x00, 0x00, 0x04, 0x2d, 0x00, 0x00, 0xd0, 0x2c, 0x00, 0x00,
    0xac, 0x2c, 0x00, 0x00, 0x88, 0x2c, 0x00, 0x00, 0x54, 0x2c, 0x00, 0x00,
    0x20, 0x2c, 0x00, 0x00, 0xfc, 0x2b, 0x00, 0x00, 0xc8, 0x2b, 0x00, 0x00,
    0x90, 0x2b, 0x00, 0x00, 0x5c, 0x2b, 0x00, 0x00, 0x28, 0x2b, 0x00, 0x00,
    0xe4, 0x2a, 0x00, 0x00, 0xc0, 0x2a, 0x00, 0x00, 0x9c, 0x2a, 0x00, 0x00,
    0x68, 0x2a, 0x00, 0x00, 0x44, 0x2a, 0x00, 0x00, 0x20, 0x2a, 0x00, 0x00,
    0xec, 0x29, 0x00, 0x00, 0xb8, 0x29, 0x00, 0x00, 0x94, 0x29, 0x00, 0x00,
    0x60, 0x29, 0x00, 0x00, 0x28, 0x29, 0x00, 0x00, 0xf4, 0x28, 0x00, 0x00,
    0xc0, 0x28, 0x00, 0x00, 0x7c, 0x28, 0x00, 0x00, 0x58, 0x28, 0x00, 0x00,
    0x34, 0x28, 0x00, 0x00, 0x00, 0x28, 0x00, 0x00, 0xdc, 0x27, 0x00, 0x00,
    0xb8, 0x27, 0x00, 0x00, 0x84, 0x27, 0x00, 0x00, 0x50, 0x27, 0x00, 0x00,
    0x2c, 0x27, 0x00, 0x00, 0xf8, 0x26, 0x00, 0x00, 0xc0, 0x26, 0x00, 0x00,
    0x8c, 0x26, 0x00, 0x00, 0x58, 0x26, 0x00, 0x00, 0x14, 0x26, 0x00, 0x00,
    0xf0, 0x25, 0x00, 0x00, 0xcc, 0x25, 0x00, 0x00, 0x98, 0x25, 0x00, 0x00,
    0x74, 0x25, 0x00, 0x00, 0x50, 0x25, 0x00, 0x00, 0x1c, 0x25, 0x00, 0x00,
    0xe8, 0x24, 0x00, 0x00, 0xc4, 0x24, 0x00, 0x00, 0x90, 0x24, 0x00, 0x00,
    0x58, 0x24, 0x00, 0x00, 0x24, 0x24, 0x00, 0x00, 0xf0, 0x23, 0x00, 0x00,
    0xac, 0x23, 0x00, 0x00, 0x88, 0x23, 0x00, 0x00, 0x64, 0x23, 0x00, 0x00,
    0x30, 0x23, 0x00, 0x00, 0x0c, 0x23, 0x00, 0x00, 0xe8, 0x22, 0x00, 0x00,
    0xb4, 0x22, 0x00, 0x00, 0x80, 0x22, 0x00, 0x00, 0x5c, 0x22, 0x00, 0x00,
    0x28, 0x22, 0x00, 0x00, 0xf0, 0x21, 0x00, 0x00, 0xbc, 0x21, 0x00, 0x00,
    0x88, 0x21, 0x00, 0x00, 0x44, 0x21, 0x00, 0x00, 0x20, 0x21, 0x00, 0x00,
    0xfc, 0x20, 0x00, 0x00, 0xc8, 0x20, 0x00, 0x00, 0xa4, 0x20, 0x00, 0x00,
    0x80, 0x20, 0x00, 0x00, 0x4c, 0x20, 0x00, 0x00, 0x18, 0x20, 0x00, 0x00,
    0xf4, 0x1f, 0x00, 0x00, 0xc0, 0x1f, 0x00, 0x00, 0x88, 0x1f, 0x00, 0x00,
    0x54, 0x1f, 0x00, 0x00, 0x20, 0x1f, 0x00, 0x00, 0xdc, 0x1e, 0x00, 0x00,
    0xb8, 0x1e, 0x00, 0x00, 0x94, 0x1e, 0x00, 0x00, 0x60, 0x1e, 0x00, 0x00,
    0x3c, 0x1e, 0x00, 0x00, 0x18, 0x1e, 0x00, 0x00, 0xe4, 0x1d, 0x00, 0x00,
    0xb0, 0x1d, 0x00, 0x00, 0x8c, 0x1d, 0x00, 0x00, 0x58, 0x1d, 0x00, 0x00,
    0x20, 0x1d, 0x00, 0x00, 0xec, 0x1c, 0x00, 0x00, 0xb8, 0x1c, 0x00, 0x00,
    0x74, 0x1c, 0x00, 0x00, 0x50, 0x1c, 0x00, 0x00, 0x2c, 0x1c, 0x00, 0x00,
    0xf8, 0x1b, 0x00, 0x00, 0xd4, 0x1b, 0x00, 0x00, 0xb0, 0x1b, 0x00, 0x00,
    0x7c, 0x1b, 0x00, 0x00, 0x48, 0x1b, 0x00, 0x00, 0x24, 0x1b, 0x00, 0x00,
    0xf0, 0x1a, 0x00, 0x00, 0xb8, 0x1a, 0x00, 0x00, 0x84, 0x1a, 0x00, 0x00,
    0x50, 0x1a, 0x00, 0x00, 0x0c, 0x1a, 0x00, 0x00, 0xe8, 0x19, 0x00, 0x00,
    0xc4, 0x19, 0x00, 0x00, 0x90, 0x19, 0x00, 0x00, 0x6c, 0x19, 0x00, 0x00,
    0x48, 0x19, 0x00, 0x00, 0x14, 0x19, 0x00, 0x00, 0xe0, 0x18, 0x00, 0x00,
    0xbc, 0x18, 0x00, 0x00, 0x88, 0x18, 0x00, 0x00, 0x50, 0x18, 0x00, 0x00,
    0x1c, 0x18, 0x00, 0x00, 0xe8, 0x17, 0x00, 0x00, 0xa4, 0x17, 0x00, 0x00,
    0x80, 0x17, 0x00, 0x00, 0x5c, 0x17, 0x00, 0x00, 0x28, 0x17, 0x00, 0x00,
    0x04, 0x17, 0x00, 0x00, 0xe0, 0x16, 0x00, 0x00, 0xac, 0x16, 0x00, 0x00,
    0x78, 0x16, 0x00, 0x00, 0x54, 0x16, 0x00, 0x00, 0x20, 0x16, 0x00, 0x00,
    0xe8, 0x15, 0x00, 0x00, 0xb4, 0x15, 0x00, 0x00, 0x80, 0x15, 0x00, 0x00,
    0x3c, 0x15, 0x00, 0x00, 0x18, 0x15, 0x00, 0x00, 0xf4, 0x14, 0x00, 0x00,
    0xc0, 0x14, 0x00, 0x00, 0x9c, 0x14, 0x00, 0x00, 0x78, 0x14, 0x00, 0x00,
    0x44, 0x14, 0x00, 0x00, 0x10, 0x14, 0x00, 0x00, 0xec, 0x13, 0x00, 0x00,
    0xb8, 0x13, 0x00, 0x00, 0x80, 0x13, 0x00, 0x00, 0x4c, 0x13, 0x00, 0x00,
    0x18, 0x13, 0x00, 0x00, 0xd4, 0x12, 0x00, 0x00, 0xb0, 0x12, 0x00, 0x00,
    0x8c, 0x12, 0x00, 0x00, 0x58, 0x12, 0x00, 0x00, 0x34, 0x12, 0x00, 0x00,
    0x10, 0x12, 0x00, 0x00, 0xdc, 0x11, 0x00, 0x00, 0xa8, 0x11, 0x00, 0x00,
    0x84, 0x11, 0x00, 0x00, 0x50, 0x11, 0x00, 0x00, 0x18, 0x11, 0x00, 0x00,
    0xe4, 0x10, 0x00, 0x00, 0xb0, 0x10, 0x00, 0x00, 0x6c, 0x10, 0x00, 0x00,
    0x48, 0x10, 0x00, 0x00, 0x24, 0x10, 0x00, 0x00, 0xf0, 0x0f, 0x00, 0x00,
    0xcc, 0x0f, 0x00, 0x00, 0xa8, 0x0f, 0x00, 0x00, 0x74, 0x0f, 0x00, 0x00,
    0x40, 0x0f, 0x00, 0x00, 0x1c, 0x0f, 0x00, 0x00, 0xe8, 0x0e, 0x00, 0x00,
    0xb0, 0x0e, 0x00, 0x00, 0x7c, 0x0e, 0x00, 0x00, 0x48, 0x0e, 0x00, 0x00,
    0x04, 0x0e, 0x00, 0x00, 0xe0, 0x0d, 0x00, 0x00, 0xbc, 0x0d, 0x00, 0x00,
    0x88, 0x0d, 0x00, 0x00, 0x64, 0x0d, 0x00, 0x00, 0x40, 0x0d, 0x00, 0x00,
    0x0c, 0x0d, 0x00, 0x00, 0xd8, 0x0c, 0x00, 0x00, 0xb4, 0x0c, 0x00, 0x00,
    0x80, 0x0c, 0x00, 0x00, 0x48, 0x0c, 0x00, 0x00, 0x14, 0x0c, 0x00, 0x00,
    0xe0, 0x0b, 0x00, 0x00, 0x9c, 0x0b, 0x00, 0x00, 0x78, 0x0b, 0x00, 0x00,
    0x54, 0x0b, 0x00, 0x00, 0x20, 0x0b, 0x00, 0x00, 0xfc, 0x0a, 0x00, 0x00,
    0xd8, 0x0a, 0x00, 0x00, 0xa4, 0x0a, 0x00, 0x00, 0x70, 0x0a, 0x00, 0x00,
    0x4c, 0x0a, 0x00, 0x00, 0x18, 0x0a, 0x00, 0x00, 0xe0, 0x09, 0x00, 0x00,
    0xac, 0x09, 0x00, 0x00, 0x78, 0x09, 0x00, 0x00, 0x34, 0x09, 0x00, 0x00,
    0x10, 0x09, 0x00, 0x00, 0xec, 0x08, 0x00, 0x00, 0xb8, 0x08, 0x00, 0x00,
    0x94, 0x08, 0x00, 0x00, 0x70, 0x08, 0x00, 0x00, 0x3c, 0x08, 0x00, 0x00,
    0x08, 0x08, 0x00, 0x00, 0xe4, 0x07, 0x00, 0x00, 0xb0, 0x07, 0x00, 0x00,
    0x78, 0x07, 0x00, 0x00, 0x44, 0x07, 0x00, 0x00, 0x10, 0x07, 0x00, 0x00,
    0xcc, 0x06, 0x00, 0x00, 0xa8, 0x06, 0x00, 0x00, 0x84, 0x06, 0x00, 0x00,
    0x50, 0x06, 0x00, 0x00, 0x2c, 0x06, 0x00, 0x00, 0x08, 0x06, 0x00, 0x00,
    0xd4, 0x05, 0x00, 0x00, 0xa0, 0x05, 0x00, 0x00, 0x7c, 0x05, 0x00, 0x00,
    0x48, 0x05, 0x00, 0x00, 0x10, 0x05, 0x00, 0x00, 0xdc, 0x04, 0x00, 0x00,
    0xa8, 0x04, 0x00, 0x00, 0x64, 0x04, 0x00, 0x00, 0x40, 0x04, 0x00, 0x00,
    0x1c, 0x04, 0x00, 0x00, 0xe8, 0x03, 0x00, 0x00, 0xc4, 0x03, 0x00, 0x00,
    0xa0, 0x03, 0x00, 0x00, 0x6c, 0x03, 0x00, 0x00, 0x38, 0x03, 0x00, 0x00,
    0x14, 0x03, 0x00, 0x00, 0xe0, 0x02, 0x00, 0x00, 0xa8, 0x02, 0x00, 0x00,
    0x74, 0x02, 0x00, 0x00, 0x40, 0x02, 0x00, 0x00, 0xfc, 0x01, 0x00, 0x00,
    0xd8, 0x01, 0x00, 0x00, 0xb4, 0x01, 0x00, 0x00, 0x80, 0x01, 0x00, 0x00,
    0x5c, 0x01, 0x00, 0x00, 0x38, 0x01, 0x00, 0x00, 0x04, 0x01, 0x00, 0x00,
    0xd0, 0x00, 0x00, 0x00, 0xac, 0x00, 0x00, 0x00, 0x78, 0x00, 0x00, 0x00,
    0x3c, 0x00, 0x00, 0x00, 0x04, 0x00, 0x00, 0x00, 0x6e, 0xb2, 0xff, 0xff,
    0x14, 0x00, 0x00, 0x00, 0x00, 0x00, 0x00, 0x08, 0x10, 0x00, 0x00, 0x00,
    0x14, 0x00, 0x00, 0x00, 0x06, 0x00, 0x00, 0x00, 0x74, 0xc9, 0xfd, 0xff,
    0x01, 0x00, 0x00, 0x00, 0x54, 0x02, 0x00, 0x00, 0x03, 0x00, 0x00, 0x00,
    0x53, 0x02, 0x00, 0x00, 0x07, 0x00, 0x00, 0x00, 0x06, 0x00, 0x00, 0x00,
    0xa2, 0xb2, 0xff, 0xff, 0x14, 0x00, 0x00, 0x00, 0x00, 0x00, 0x00, 0x08,
    0x14, 0x00, 0x00, 0x00, 0x18, 0x00, 0x00, 0x00, 0x06, 0x00, 0x00, 0x00,
    0x12, 0xb1, 0xff, 0xff, 0x00, 0x00, 0x00, 0x01, 0x01, 0x00, 0x00, 0x00,
    0x53, 0x02, 0x00, 0x00, 0x03, 0x00, 0x00, 0x00, 0x52, 0x02, 0x00, 0x00,
    0x09, 0x00, 0x00, 0x00, 0x08, 0x00, 0x00, 0x00, 0xda, 0xb2, 0xff, 0xff,
    0x14, 0x00, 0x00, 0x00, 0x00, 0x00, 0x00, 0x15, 0x10, 0x00, 0x00, 0x00,
    0x14, 0x00, 0x00, 0x00, 0x0a, 0x00, 0x00, 0x00, 0xe0, 0xc9, 0xfd, 0xff,
    0x01, 0x00, 0x00, 0x00, 0x52, 0x02, 0x00, 0x00, 0x02, 0x00, 0x00, 0x00,
    0x4d, 0x02, 0x00, 0x00, 0x51, 0x02, 0x00, 0x00, 0x12, 0xb2, 0xff, 0xff,
    0x0c, 0x00, 0x00, 0x00, 0x10, 0x00, 0x00, 0x00, 0x0b, 0x00, 0x00, 0x00,
    0x01, 0x00, 0x00, 0x00, 0x51, 0x02, 0x00, 0x00, 0x01, 0x00, 0x00, 0x00,
    0x50, 0x02, 0x00, 0x00, 0x2a, 0xb3, 0xff, 0xff, 0x14, 0x00, 0x00, 0x00,
    0x00, 0x00, 0x00, 0x0b, 0x10, 0x00, 0x00, 0x00, 0x14, 0x00, 0x00, 0x00,
    0x07, 0x00, 0x00, 0x00, 0x30, 0xca, 0xfd, 0xff, 0x01, 0x00, 0x00, 0x00,
    0x50, 0x02, 0x00, 0x00, 0x02, 0x00, 0x00, 0x00, 0x4c, 0x02, 0x00, 0x00,
    0x4f, 0x02, 0x00, 0x00, 0x5a, 0xb3, 0xff, 0xff, 0x14, 0x00, 0x00, 0x00,
    0x00, 0x00, 0x00, 0x15, 0x10, 0x00, 0x00, 0x00, 0x14, 0x00, 0x00, 0x00,
    0x0a, 0x00, 0x00, 0x00, 0x60, 0xca, 0xfd, 0xff, 0x01, 0x00, 0x00, 0x00,
    0x4f, 0x02, 0x00, 0x00, 0x02, 0x00, 0x00, 0x00, 0x4a, 0x02, 0x00, 0x00,
    0x4e, 0x02, 0x00, 0x00, 0x92, 0xb2, 0xff, 0xff, 0x0c, 0x00, 0x00, 0x00,
    0x10, 0x00, 0x00, 0x00, 0x0b, 0x00, 0x00, 0x00, 0x01, 0x00, 0x00, 0x00,
    0x4e, 0x02, 0x00, 0x00, 0x01, 0x00, 0x00, 0x00, 0x48, 0x02, 0x00, 0x00,
    0xb2, 0xb2, 0xff, 0xff, 0x0c, 0x00, 0x00, 0x00, 0x10, 0x00, 0x00, 0x00,
    0x09, 0x00, 0x00, 0x00, 0x01, 0x00, 0x00, 0x00, 0x4d, 0x02, 0x00, 0x00,
    0x01, 0x00, 0x00, 0x00, 0x49, 0x02, 0x00, 0x00, 0xca, 0xb3, 0xff, 0xff,
    0x14, 0x00, 0x00, 0x00, 0x00, 0x00, 0x00, 0x15, 0x10, 0x00, 0x00, 0x00,
    0x14, 0x00, 0x00, 0x00, 0x0a, 0x00, 0x00, 0x00, 0xd0, 0xca, 0xfd, 0xff,
    0x01, 0x00, 0x00, 0x00, 0x4c, 0x02, 0x00, 0x00, 0x02, 0x00, 0x00, 0x00,
    0x4b, 0x02, 0x00, 0x00, 0x40, 0x02, 0x00, 0x00, 0x02, 0xb3, 0xff, 0xff,
    0x0c, 0x00, 0x00, 0x00, 0x10, 0x00, 0x00, 0x00, 0x09, 0x00, 0x00, 0x00,
    0x01, 0x00, 0x00, 0x00, 0x4b, 0x02, 0x00, 0x00, 0x01, 0x00, 0x00, 0x00,
    0x47, 0x02, 0x00, 0x00, 0x22, 0xb3, 0xff, 0xff, 0x0c, 0x00, 0x00, 0x00,
    0x10, 0x00, 0x00, 0x00, 0x09, 0x00, 0x00, 0x00, 0x01, 0x00, 0x00, 0x00,
    0x4a, 0x02, 0x00, 0x00, 0x01, 0x00, 0x00, 0x00, 0x46, 0x02, 0x00, 0x00,
    0x3a, 0xb4, 0xff, 0xff, 0x14, 0x00, 0x00, 0x00, 0x00, 0x00, 0x00, 0x23,
    0x14, 0x00, 0x00, 0x00, 0x24, 0x00, 0x00, 0x00, 0x08, 0x00, 0x00, 0x00,
    0xf6, 0xb3, 0xff, 0xff, 0x04, 0x00, 0x00, 0x00, 0x04, 0x00, 0x00, 0x00,
    0x46, 0x02, 0x00, 0x00, 0x47, 0x02, 0x00, 0x00, 0x48, 0x02, 0x00, 0x00,
    0x49, 0x02, 0x00, 0x00, 0x02, 0x00, 0x00, 0x00, 0x05, 0x00, 0x00, 0x00,
    0x45, 0x02, 0x00, 0x00, 0x7a, 0xb4, 0xff, 0xff, 0x14, 0x00, 0x00, 0x00,
    0x00, 0x00, 0x00, 0x0b, 0x10, 0x00, 0x00, 0x00, 0x14, 0x00, 0x00, 0x00,
    0x07, 0x00, 0x00, 0x00, 0x80, 0xcb, 0xfd, 0xff, 0x01, 0x00, 0x00, 0x00,
    0x45, 0x02, 0x00, 0x00, 0x02, 0x00, 0x00, 0x00, 0x44, 0x02, 0x00, 0x00,
    0x0a, 0x00, 0x00, 0x00, 0xaa, 0xb4, 0xff, 0xff, 0x14, 0x00, 0x00, 0x00,
    0x00, 0x00, 0x00, 0x0b, 0x10, 0x00, 0x00, 0x00, 0x14, 0x00, 0x00, 0x00,
    0x07, 0x00, 0x00, 0x00, 0xb0, 0xcb, 0xfd, 0xff, 0x01, 0x00, 0x00, 0x00,
    0x44, 0x02, 0x00, 0x00, 0x02, 0x00, 0x00, 0x00, 0x81, 0x00, 0x00, 0x00,
    0x43, 0x02, 0x00, 0x00, 0xda, 0xb4, 0xff, 0xff, 0x14, 0x00, 0x00, 0x00,
    0x00, 0x00, 0x00, 0x08, 0x10, 0x00, 0x00, 0x00, 0x14, 0x00, 0x00, 0x00,
    0x06, 0x00, 0x00, 0x00, 0xe0, 0xcb, 0xfd, 0xff, 0x01, 0x00, 0x00, 0x00,
    0x43, 0x02, 0x00, 0x00, 0x03, 0x00, 0x00, 0x00, 0x42, 0x02, 0x00, 0x00,
    0x0c, 0x00, 0x00, 0x00, 0xff, 0xff, 0xff, 0xff, 0x0e, 0xb5, 0xff, 0xff,
    0x14, 0x00, 0x00, 0x00, 0x00, 0x00, 0x00, 0x15, 0x10, 0x00, 0x00, 0x00,
    0x14, 0x00, 0x00, 0x00, 0x0a, 0x00, 0x00, 0x00, 0x14, 0xcc, 0xfd, 0xff,
    0x01, 0x00, 0x00, 0x00, 0x42, 0x02, 0x00, 0x00, 0x02, 0x00, 0x00, 0x00,
    0x3d, 0x02, 0x00, 0x00, 0x41, 0x02, 0x00, 0x00, 0x46, 0xb4, 0xff, 0xff,
    0x0c, 0x00, 0x00, 0x00, 0x10, 0x00, 0x00, 0x00, 0x0b, 0x00, 0x00, 0x00,
    0x01, 0x00, 0x00, 0x00, 0x41, 0x02, 0x00, 0x00, 0x01, 0x00, 0x00, 0x00,
    0x40, 0x02, 0x00, 0x00, 0x5e, 0xb5, 0xff, 0xff, 0x14, 0x00, 0x00, 0x00,
    0x00, 0x00, 0x00, 0x0b, 0x10, 0x00, 0x00, 0x00, 0x14, 0x00, 0x00, 0x00,
    0x07, 0x00, 0x00, 0x00, 0x64, 0xcc, 0xfd, 0xff, 0x01, 0x00, 0x00, 0x00,
    0x40, 0x02, 0x00, 0x00, 0x02, 0x00, 0x00, 0x00, 0x3c, 0x02, 0x00, 0x00,
    0x3f, 0x02, 0x00, 0x00, 0x8e, 0xb5, 0xff, 0xff, 0x14, 0x00, 0x00, 0x00,
    0x00, 0x00, 0x00, 0x15, 0x10, 0x00, 0x00, 0x00, 0x14, 0x00, 0x00, 0x00,
    0x0a, 0x00, 0x00, 0x00, 0x94, 0xcc, 0xfd, 0xff, 0x01, 0x00, 0x00, 0x00,
    0x3f, 0x02, 0x00, 0x00, 0x02, 0x00, 0x00, 0x00, 0x3a, 0x02, 0x00, 0x00,
    0x3e, 0x02, 0x00, 0x00, 0xc6, 0xb4, 0xff, 0xff, 0x0c, 0x00, 0x00, 0x00,
    0x10, 0x00, 0x00, 0x00, 0x0b, 0x00, 0x00, 0x00, 0x01, 0x00, 0x00, 0x00,
    0x3e, 0x02, 0x00, 0x00, 0x01, 0x00, 0x00, 0x00, 0x38, 0x02, 0x00, 0x00,
    0xe6, 0xb4, 0xff, 0xff, 0x0c, 0x00, 0x00, 0x00, 0x10, 0x00, 0x00, 0x00,
    0x09, 0x00, 0x00, 0x00, 0x01, 0x00, 0x00, 0x00, 0x3d, 0x02, 0x00, 0x00,
    0x01, 0x00, 0x00, 0x00, 0x39, 0x02, 0x00, 0x00, 0xfe, 0xb5, 0xff, 0xff,
    0x14, 0x00, 0x00, 0x00, 0x00, 0x00, 0x00, 0x15, 0x10, 0x00, 0x00, 0x00,
    0x14, 0x00, 0x00, 0x00, 0x0a, 0x00, 0x00, 0x00, 0x04, 0xcd, 0xfd, 0xff,
    0x01, 0x00, 0x00, 0x00, 0x3c, 0x02, 0x00, 0x00, 0x02, 0x00, 0x00, 0x00,
    0x3b, 0x02, 0x00, 0x00, 0x30, 0x02, 0x00, 0x00, 0x36, 0xb5, 0xff, 0xff,
    0x0c, 0x00, 0x00, 0x00, 0x10, 0x00, 0x00, 0x00, 0x09, 0x00, 0x00, 0x00,
    0x01, 0x00, 0x00, 0x00, 0x3b, 0x02, 0x00, 0x00, 0x01, 0x00, 0x00, 0x00,
    0x37, 0x02, 0x00, 0x00, 0x56, 0xb5, 0xff, 0xff, 0x0c, 0x00, 0x00, 0x00,
    0x10, 0x00, 0x00, 0x00, 0x09, 0x00, 0x00, 0x00, 0x01, 0x00, 0x00, 0x00,
    0x3a, 0x02, 0x00, 0x00, 0x01, 0x00, 0x00, 0x00, 0x36, 0x02, 0x00, 0x00,
    0x6e, 0xb6, 0xff, 0xff, 0x14, 0x00, 0x00, 0x00, 0x00, 0x00, 0x00, 0x23,
    0x14, 0x00, 0x00, 0x00, 0x24, 0x00, 0x00, 0x00, 0x08, 0x00, 0x00, 0x00,
    0x2a, 0xb6, 0xff, 0xff, 0x04, 0x00, 0x00, 0x00, 0x04, 0x00, 0x00, 0x00,
    0x36, 0x02, 0x00, 0x00, 0x37, 0x02, 0x00, 0x00, 0x38, 0x02, 0x00, 0x00,
    0x39, 0x02, 0x00, 0x00, 0x02, 0x00, 0x00, 0x00, 0x05, 0x00, 0x00, 0x00,
    0x35, 0x02, 0x00, 0x00, 0xae, 0xb6, 0xff, 0xff, 0x14, 0x00, 0x00, 0x00,
    0x00, 0x00, 0x00, 0x0b, 0x10, 0x00, 0x00, 0x00, 0x14, 0x00, 0x00, 0x00,
    0x07, 0x00, 0x00, 0x00, 0xb4, 0xcd, 0xfd, 0xff, 0x01, 0x00, 0x00, 0x00,
    0x35, 0x02, 0x00, 0x00, 0x02, 0x00, 0x00, 0x00, 0x34, 0x02, 0x00, 0x00,
    0x0a, 0x00, 0x00, 0x00, 0xde, 0xb6, 0xff, 0xff, 0x14, 0x00, 0x00, 0x00,
    0x00, 0x00, 0x00, 0x0b, 0x10, 0x00, 0x00, 0x00, 0x14, 0x00, 0x00, 0x00,
    0x07, 0x00, 0x00, 0x00, 0xe4, 0xcd, 0xfd, 0xff, 0x01, 0x00, 0x00, 0x00,
    0x34, 0x02, 0x00, 0x00, 0x02, 0x00, 0x00, 0x00, 0x80, 0x00, 0x00, 0x00,
    0x33, 0x02, 0x00, 0x00, 0x0e, 0xb7, 0xff, 0xff, 0x14, 0x00, 0x00, 0x00,
    0x00, 0x00, 0x00, 0x08, 0x10, 0x00, 0x00, 0x00, 0x14, 0x00, 0x00, 0x00,
    0x06, 0x00, 0x00, 0x00, 0x14, 0xce, 0xfd, 0xff, 0x01, 0x00, 0x00, 0x00,
    0x33, 0x02, 0x00, 0x00, 0x03, 0x00, 0x00, 0x00, 0x32, 0x02, 0x00, 0x00,
    0x0c, 0x00, 0x00, 0x00, 0xff, 0xff, 0xff, 0xff, 0x42, 0xb7, 0xff, 0xff,
    0x14, 0x00, 0x00, 0x00, 0x00, 0x00, 0x00, 0x15, 0x10, 0x00, 0x00, 0x00,
    0x14, 0x00, 0x00, 0x00, 0x0a, 0x00, 0x00, 0x00, 0x48, 0xce, 0xfd, 0xff,
    0x01, 0x00, 0x00, 0x00, 0x32, 0x02, 0x00, 0x00, 0x02, 0x00, 0x00, 0x00,
    0x2d, 0x02, 0x00, 0x00, 0x31, 0x02, 0x00, 0x00, 0x7a, 0xb6, 0xff, 0xff,
    0x0c, 0x00, 0x00, 0x00, 0x10, 0x00, 0x00, 0x00, 0x0b, 0x00, 0x00, 0x00,
    0x01, 0x00, 0x00, 0x00, 0x31, 0x02, 0x00, 0x00, 0x01, 0x00, 0x00, 0x00,
    0x30, 0x02, 0x00, 0x00, 0x92, 0xb7, 0xff, 0xff, 0x14, 0x00, 0x00, 0x00,
    0x00, 0x00, 0x00, 0x0b, 0x10, 0x00, 0x00, 0x00, 0x14, 0x00, 0x00, 0x00,
    0x07, 0x00, 0x00, 0x00, 0x98, 0xce, 0xfd, 0xff, 0x01, 0x00, 0x00, 0x00,
    0x30, 0x02, 0x00, 0x00, 0x02, 0x00, 0x00, 0x00, 0x2c, 0x02, 0x00, 0x00,
    0x2f, 0x02, 0x00, 0x00, 0xc2, 0xb7, 0xff, 0xff, 0x14, 0x00, 0x00, 0x00,
    0x00, 0x00, 0x00, 0x15, 0x10, 0x00, 0x00, 0x00, 0x14, 0x00, 0x00, 0x00,
    0x0a, 0x00, 0x00, 0x00, 0xc8, 0xce, 0xfd, 0xff, 0x01, 0x00, 0x00, 0x00,
    0x2f, 0x02, 0x00, 0x00, 0x02, 0x00, 0x00, 0x00, 0x2a, 0x02, 0x00, 0x00,
    0x2e, 0x02, 0x00, 0x00, 0xfa, 0xb6, 0xff, 0xff, 0x0c, 0x00, 0x00, 0x00,
    0x10, 0x00, 0x00, 0x00, 0x0b, 0x00, 0x00, 0x00, 0x01, 0x00, 0x00, 0x00,
    0x2e, 0x02, 0x00, 0x00, 0x01, 0x00, 0x00, 0x00, 0x28, 0x02, 0x00, 0x00,
    0x1a, 0xb7, 0xff, 0xff, 0x0c, 0x00, 0x00, 0x00, 0x10, 0x00, 0x00, 0x00,
    0x09, 0x00, 0x00, 0x00, 0x01, 0x00, 0x00, 0x00, 0x2d, 0x02, 0x00, 0x00,
    0x01, 0x00, 0x00, 0x00, 0x29, 0x02, 0x00, 0x00, 0x32, 0xb8, 0xff, 0xff,
    0x14, 0x00, 0x00, 0x00, 0x00, 0x00, 0x00, 0x15, 0x10, 0x00, 0x00, 0x00,
    0x14, 0x00, 0x00, 0x00, 0x0a, 0x00, 0x00, 0x00, 0x38, 0xcf, 0xfd, 0xff,
    0x01, 0x00, 0x00, 0x00, 0x2c, 0x02, 0x00, 0x00, 0x02, 0x00, 0x00, 0x00,
    0x2b, 0x02, 0x00, 0x00, 0x20, 0x02, 0x00, 0x00, 0x6a, 0xb7, 0xff, 0xff,
    0x0c, 0x00, 0x00, 0x00, 0x10, 0x00, 0x00, 0x00, 0x09, 0x00, 0x00, 0x00,
    0x01, 0x00, 0x00, 0x00, 0x2b, 0x02, 0x00, 0x00, 0x01, 0x00, 0x00, 0x00,
    0x27, 0x02, 0x00, 0x00, 0x8a, 0xb7, 0xff, 0xff, 0x0c, 0x00, 0x00, 0x00,
    0x10, 0x00, 0x00, 0x00, 0x09, 0x00, 0x00, 0x00, 0x01, 0x00, 0x00, 0x00,
    0x2a, 0x02, 0x00, 0x00, 0x01, 0x00, 0x00, 0x00, 0x26, 0x02, 0x00, 0x00,
    0xa2, 0xb8, 0xff, 0xff, 0x14, 0x00, 0x00, 0x00, 0x00, 0x00, 0x00, 0x23,
    0x14, 0x00, 0x00, 0x00, 0x24, 0x00, 0x00, 0x00, 0x08, 0x00, 0x00, 0x00,
    0x5e, 0xb8, 0xff, 0xff, 0x04, 0x00, 0x00, 0x00, 0x04, 0x00, 0x00, 0x00,
    0x26, 0x02, 0x00, 0x00, 0x27, 0x02, 0x00, 0x00, 0x28, 0x02, 0x00, 0x00,
    0x29, 0x02, 0x00, 0x00, 0x02, 0x00, 0x00, 0x00, 0x05, 0x00, 0x00, 0x00,
    0x25, 0x02, 0x00, 0x00, 0xe2, 0xb8, 0xff, 0xff, 0x14, 0x00, 0x00, 0x00,
    0x00, 0x00, 0x00, 0x0b, 0x10, 0x00, 0x00, 0x00, 0x14, 0x00, 0x00, 0x00,
    0x07, 0x00, 0x00, 0x00, 0xe8, 0xcf, 0xfd, 0xff, 0x01, 0x00, 0x00, 0x00,
    0x25, 0x02, 0x00, 0x00, 0x02, 0x00, 0x00, 0x00, 0x24, 0x02, 0x00, 0x00,
    0x0a, 0x00, 0x00, 0x00, 0x12, 0xb9, 0xff, 0xff, 0x14, 0x00, 0x00, 0x00,
    0x00, 0x00, 0x00, 0x0b, 0x10, 0x00, 0x00, 0x00, 0x14, 0x00, 0x00, 0x00,
    0x07, 0x00, 0x00, 0x00, 0x18, 0xd0, 0xfd, 0xff, 0x01, 0x00, 0x00, 0x00,
    0x24, 0x02, 0x00, 0x00, 0x02, 0x00, 0x00, 0x00, 0x7f, 0x00, 0x00, 0x00,
    0x23, 0x02, 0x00, 0x00, 0x42, 0xb9, 0xff, 0xff, 0x14, 0x00, 0x00, 0x00,
    0x00, 0x00, 0x00, 0x08, 0x10, 0x00, 0x00, 0x00, 0x14, 0x00, 0x00, 0x00,
    0x06, 0x00, 0x00, 0x00, 0x48, 0xd0, 0xfd, 0xff, 0x01, 0x00, 0x00, 0x00,
    0x23, 0x02, 0x00, 0x00, 0x03, 0x00, 0x00, 0x00, 0x22, 0x02, 0x00, 0x00,
    0x0c, 0x00, 0x00, 0x00, 0xff, 0xff, 0xff, 0xff, 0x76, 0xb9, 0xff, 0xff,
    0x14, 0x00, 0x00, 0x00, 0x00, 0x00, 0x00, 0x15, 0x10, 0x00, 0x00, 0x00,
    0x14, 0x00, 0x00, 0x00, 0x0a, 0x00, 0x00, 0x00, 0x7c, 0xd0, 0xfd, 0xff,
    0x01, 0x00, 0x00, 0x00, 0x22, 0x02, 0x00, 0x00, 0x02, 0x00, 0x00, 0x00,
    0x1d, 0x02, 0x00, 0x00, 0x21, 0x02, 0x00, 0x00, 0xae, 0xb8, 0xff, 0xff,
    0x0c, 0x00, 0x00, 0x00, 0x10, 0x00, 0x00, 0x00, 0x0b, 0x00, 0x00, 0x00,
    0x01, 0x00, 0x00, 0x00, 0x21, 0x02, 0x00, 0x00, 0x01, 0x00, 0x00, 0x00,
    0x20, 0x02, 0x00, 0x00, 0xc6, 0xb9, 0xff, 0xff, 0x14, 0x00, 0x00, 0x00,
    0x00, 0x00, 0x00, 0x0b, 0x10, 0x00, 0x00, 0x00, 0x14, 0x00, 0x00, 0x00,
    0x07, 0x00, 0x00, 0x00, 0xcc, 0xd0, 0xfd, 0xff, 0x01, 0x00, 0x00, 0x00,
    0x20, 0x02, 0x00, 0x00, 0x02, 0x00, 0x00, 0x00, 0x1c, 0x02, 0x00, 0x00,
    0x1f, 0x02, 0x00, 0x00, 0xf6, 0xb9, 0xff, 0xff, 0x14, 0x00, 0x00, 0x00,
    0x00, 0x00, 0x00, 0x15, 0x10, 0x00, 0x00, 0x00, 0x14, 0x00, 0x00, 0x00,
    0x0a, 0x00, 0x00, 0x00, 0xfc, 0xd0, 0xfd, 0xff, 0x01, 0x00, 0x00, 0x00,
    0x1f, 0x02, 0x00, 0x00, 0x02, 0x00, 0x00, 0x00, 0x1a, 0x02, 0x00, 0x00,
    0x1e, 0x02, 0x00, 0x00, 0x2e, 0xb9, 0xff, 0xff, 0x0c, 0x00, 0x00, 0x00,
    0x10, 0x00, 0x00, 0x00, 0x0b, 0x00, 0x00, 0x00, 0x01, 0x00, 0x00, 0x00,
    0x1e, 0x02, 0x00, 0x00, 0x01, 0x00, 0x00, 0x00, 0x18, 0x02, 0x00, 0x00,
    0x4e, 0xb9, 0xff, 0xff, 0x0c, 0x00, 0x00, 0x00, 0x10, 0x00, 0x00, 0x00,
    0x09, 0x00, 0x00, 0x00, 0x01, 0x00, 0x00, 0x00, 0x1d, 0x02, 0x00, 0x00,
    0x01, 0x00, 0x00, 0x00, 0x19, 0x02, 0x00, 0x00, 0x66, 0xba, 0xff, 0xff,
    0x14, 0x00, 0x00, 0x00, 0x00, 0x00, 0x00, 0x15, 0x10, 0x00, 0x00, 0x00,
    0x14, 0x00, 0x00, 0x00, 0x0a, 0x00, 0x00, 0x00, 0x6c, 0xd1, 0xfd, 0xff,
    0x01, 0x00, 0x00, 0x00, 0x1c, 0x02, 0x00, 0x00, 0x02, 0x00, 0x00, 0x00,
    0x1b, 0x02, 0x00, 0x00, 0x10, 0x02, 0x00, 0x00, 0x9e, 0xb9, 0xff, 0xff,
    0x0c, 0x00, 0x00, 0x00, 0x10, 0x00, 0x00, 0x00, 0x09, 0x00, 0x00, 0x00,
    0x01, 0x00, 0x00, 0x00, 0x1b, 0x02, 0x00, 0x00, 0x01, 0x00, 0x00, 0x00,
    0x17, 0x02, 0x00, 0x00, 0xbe, 0xb9, 0xff, 0xff, 0x0c, 0x00, 0x00, 0x00,
    0x10, 0x00, 0x00, 0x00, 0x09, 0x00, 0x00, 0x00, 0x01, 0x00, 0x00, 0x00,
    0x1a, 0x02, 0x00, 0x00, 0x01, 0x00, 0x00, 0x00, 0x16, 0x02, 0x00, 0x00,
    0xd6, 0xba, 0xff, 0xff, 0x14, 0x00, 0x00, 0x00, 0x00, 0x00, 0x00, 0x23,
    0x14, 0x00, 0x00, 0x00, 0x24, 0x00, 0x00, 0x00, 0x08, 0x00, 0x00, 0x00,
    0x92, 0xba, 0xff, 0xff, 0x04, 0x00, 0x00, 0x00, 0x04, 0x00, 0x00, 0x00,
    0x16, 0x02, 0x00, 0x00, 0x17, 0x02, 0x00, 0x00, 0x18, 0x02, 0x00, 0x00,
    0x19, 0x02, 0x00, 0x00, 0x02, 0x00, 0x00, 0x00, 0x05, 0x00, 0x00, 0x00,
    0x15, 0x02, 0x00, 0x00, 0x16, 0xbb, 0xff, 0xff, 0x14, 0x00, 0x00, 0x00,
    0x00, 0x00, 0x00, 0x0b, 0x10, 0x00, 0x00, 0x00, 0x14, 0x00, 0x00, 0x00,
    0x07, 0x00, 0x00, 0x00, 0x1c, 0xd2, 0xfd, 0xff, 0x01, 0x00, 0x00, 0x00,
    0x15, 0x02, 0x00, 0x00, 0x02, 0x00, 0x00, 0x00, 0x14, 0x02, 0x00, 0x00,
    0x0a, 0x00, 0x00, 0x00, 0x46, 0xbb, 0xff, 0xff, 0x14, 0x00, 0x00, 0x00,
    0x00, 0x00, 0x00, 0x0b, 0x10, 0x00, 0x00, 0x00, 0x14, 0x00, 0x00, 0x00,
    0x07, 0x00, 0x00, 0x00, 0x4c, 0xd2, 0xfd, 0xff, 0x01, 0x00, 0x00, 0x00,
    0x14, 0x02, 0x00, 0x00, 0x02, 0x00, 0x00, 0x00, 0x7e, 0x00, 0x00, 0x00,
    0x13, 0x02, 0x00, 0x00, 0x76, 0xbb, 0xff, 0xff, 0x14, 0x00, 0x00, 0x00,
    0x00, 0x00, 0x00, 0x08, 0x10, 0x00, 0x00, 0x00, 0x14, 0x00, 0x00, 0x00,
    0x06, 0x00, 0x00, 0x00, 0x7c, 0xd2, 0xfd, 0xff, 0x01, 0x00, 0x00, 0x00,
    0x13, 0x02, 0x00, 0x00, 0x03, 0x00, 0x00, 0x00, 0x12, 0x02, 0x00, 0x00,
    0x0c, 0x00, 0x00, 0x00, 0xff, 0xff, 0xff, 0xff, 0xaa, 0xbb, 0xff, 0xff,
    0x14, 0x00, 0x00, 0x00, 0x00, 0x00, 0x00, 0x15, 0x10, 0x00, 0x00, 0x00,
    0x14, 0x00, 0x00, 0x00, 0x0a, 0x00, 0x00, 0x00, 0xb0, 0xd2, 0xfd, 0xff,
    0x01, 0x00, 0x00, 0x00, 0x12, 0x02, 0x00, 0x00, 0x02, 0x00, 0x00, 0x00,
    0x0d, 0x02, 0x00, 0x00, 0x11, 0x02, 0x00, 0x00, 0xe2, 0xba, 0xff, 0xff,
    0x0c, 0x00, 0x00, 0x00, 0x10, 0x00, 0x00, 0x00, 0x0b, 0x00, 0x00, 0x00,
    0x01, 0x00, 0x00, 0x00, 0x11, 0x02, 0x00, 0x00, 0x01, 0x00, 0x00, 0x00,
    0x10, 0x02, 0x00, 0x00, 0xfa, 0xbb, 0xff, 0xff, 0x14, 0x00, 0x00, 0x00,
    0x00, 0x00, 0x00, 0x0b, 0x10, 0x00, 0x00, 0x00, 0x14, 0x00, 0x00, 0x00,
    0x07, 0x00, 0x00, 0x00, 0x00, 0xd3, 0xfd, 0xff, 0x01, 0x00, 0x00, 0x00,
    0x10, 0x02, 0x00, 0x00, 0x02, 0x00, 0x00, 0x00, 0x0c, 0x02, 0x00, 0x00,
    0x0f, 0x02, 0x00, 0x00, 0x2a, 0xbc, 0xff, 0xff, 0x14, 0x00, 0x00, 0x00,
    0x00, 0x00, 0x00, 0x15, 0x10, 0x00, 0x00, 0x00, 0x14, 0x00, 0x00, 0x00,
    0x0a, 0x00, 0x00, 0x00, 0x30, 0xd3, 0xfd, 0xff, 0x01, 0x00, 0x00, 0x00,
    0x0f, 0x02, 0x00, 0x00, 0x02, 0x00, 0x00, 0x00, 0x0a, 0x02, 0x00, 0x00,
    0x0e, 0x02, 0x00, 0x00, 0x62, 0xbb, 0xff, 0xff, 0x0c, 0x00, 0x00, 0x00,
    0x10, 0x00, 0x00, 0x00, 0x0b, 0x00, 0x00, 0x00, 0x01, 0x00, 0x00, 0x00,
    0x0e, 0x02, 0x00, 0x00, 0x01, 0x00, 0x00, 0x00, 0x08, 0x02, 0x00, 0x00,
    0x82, 0xbb, 0xff, 0xff, 0x0c, 0x00, 0x00, 0x00, 0x10, 0x00, 0x00, 0x00,
    0x09, 0x00, 0x00, 0x00, 0x01, 0x00, 0x00, 0x00, 0x0d, 0x02, 0x00, 0x00,
    0x01, 0x00, 0x00, 0x00, 0x09, 0x02, 0x00, 0x00, 0x9a, 0xbc, 0xff, 0xff,
    0x14, 0x00, 0x00, 0x00, 0x00, 0x00, 0x00, 0x15, 0x10, 0x00, 0x00, 0x00,
    0x14, 0x00, 0x00, 0x00, 0x0a, 0x00, 0x00, 0x00, 0xa0, 0xd3, 0xfd, 0xff,
    0x01, 0x00, 0x00, 0x00, 0x0c, 0x02, 0x00, 0x00, 0x02, 0x00, 0x00, 0x00,
    0x0b, 0x02, 0x00, 0x00, 0x00, 0x02, 0x00, 0x00, 0xd2, 0xbb, 0xff, 0xff,
    0x0c, 0x00, 0x00, 0x00, 0x10, 0x00, 0x00, 0x00, 0x09, 0x00, 0x00, 0x00,
    0x01, 0x00, 0x00, 0x00, 0x0b, 0x02, 0x00, 0x00, 0x01, 0x00, 0x00, 0x00,
    0x07, 0x02, 0x00, 0x00, 0xf2, 0xbb, 0xff, 0xff, 0x0c, 0x00, 0x00, 0x00,
    0x10, 0x00, 0x00, 0x00, 0x09, 0x00, 0x00, 0x00, 0x01, 0x00, 0x00, 0x00,
    0x0a, 0x02, 0x00, 0x00, 0x01, 0x00, 0x00, 0x00, 0x06, 0x02, 0x00, 0x00,
    0x0a, 0xbd, 0xff, 0xff, 0x14, 0x00, 0x00, 0x00, 0x00, 0x00, 0x00, 0x23,
    0x14, 0x00, 0x00, 0x00, 0x24, 0x00, 0x00, 0x00, 0x08, 0x00, 0x00, 0x00,
    0xc6, 0xbc, 0xff, 0xff, 0x04, 0x00, 0x00, 0x00, 0x04, 0x00, 0x00, 0x00,
    0x06, 0x02, 0x00, 0x00, 0x07, 0x02, 0x00, 0x00, 0x08, 0x02, 0x00, 0x00,
    0x09, 0x02, 0x00, 0x00, 0x02, 0x00, 0x00, 0x00, 0x05, 0x00, 0x00, 0x00,
    0x05, 0x02, 0x00, 0x00, 0x4a, 0xbd, 0xff, 0xff, 0x14, 0x00, 0x00, 0x00,
    0x00, 0x00, 0x00, 0x0b, 0x10, 0x00, 0x00, 0x00, 0x14, 0x00, 0x00, 0x00,
    0x07, 0x00, 0x00, 0x00, 0x50, 0xd4, 0xfd, 0xff, 0x01, 0x00, 0x00, 0x00,
    0x05, 0x02, 0x00, 0x00, 0x02, 0x00, 0x00, 0x00, 0x04, 0x02, 0x00, 0x00,
    0x0a, 0x00, 0x00, 0x00, 0x7a, 0xbd, 0xff, 0xff, 0x14, 0x00, 0x00, 0x00,
    0x00, 0x00, 0x00, 0x0b, 0x10, 0x00, 0x00, 0x00, 0x14, 0x00, 0x00, 0x00,
    0x07, 0x00, 0x00, 0x00, 0x80, 0xd4, 0xfd, 0xff, 0x01, 0x00, 0x00, 0x00,
    0x04, 0x02, 0x00, 0x00, 0x02, 0x00, 0x00, 0x00, 0x7d, 0x00, 0x00, 0x00,
    0x03, 0x02, 0x00, 0x00, 0xaa, 0xbd, 0xff, 0xff, 0x14, 0x00, 0x00, 0x00,
    0x00, 0x00, 0x00, 0x08, 0x10, 0x00, 0x00, 0x00, 0x14, 0x00, 0x00, 0x00,
    0x06, 0x00, 0x00, 0x00, 0xb0, 0xd4, 0xfd, 0xff, 0x01, 0x00, 0x00, 0x00,
    0x03, 0x02, 0x00, 0x00, 0x03, 0x00, 0x00, 0x00, 0x02, 0x02, 0x00, 0x00,
    0x0c, 0x00, 0x00, 0x00, 0xff, 0xff, 0xff, 0xff, 0xde, 0xbd, 0xff, 0xff,
    0x14, 0x00, 0x00, 0x00, 0x00, 0x00, 0x00, 0x15, 0x10, 0x00, 0x00, 0x00,
    0x14, 0x00, 0x00, 0x00, 0x0a, 0x00, 0x00, 0x00, 0xe4, 0xd4, 0xfd, 0xff,
    0x01, 0x00, 0x00, 0x00, 0x02, 0x02, 0x00, 0x00, 0x02, 0x00, 0x00, 0x00,
    0xfd, 0x01, 0x00, 0x00, 0x01, 0x02, 0x00, 0x00, 0x16, 0xbd, 0xff, 0xff,
    0x0c, 0x00, 0x00, 0x00, 0x10, 0x00, 0x00, 0x00, 0x0b, 0x00, 0x00, 0x00,
    0x01, 0x00, 0x00, 0x00, 0x01, 0x02, 0x00, 0x00, 0x01, 0x00, 0x00, 0x00,
    0x00, 0x02, 0x00, 0x00, 0x2e, 0xbe, 0xff, 0xff, 0x14, 0x00, 0x00, 0x00,
    0x00, 0x00, 0x00, 0x0b, 0x10, 0x00, 0x00, 0x00, 0x14, 0x00, 0x00, 0x00,
    0x07, 0x00, 0x00, 0x00, 0x34, 0xd5, 0xfd, 0xff, 0x01, 0x00, 0x00, 0x00,
    0x00, 0x02, 0x00, 0x00, 0x02, 0x00, 0x00, 0x00, 0xfc, 0x01, 0x00, 0x00,
    0xff, 0x01, 0x00, 0x00, 0x5e, 0xbe, 0xff, 0xff, 0x14, 0x00, 0x00, 0x00,
    0x00, 0x00, 0x00, 0x15, 0x10, 0x00, 0x00, 0x00, 0x14, 0x00, 0x00, 0x00,
    0x0a, 0x00, 0x00, 0x00, 0x64, 0xd5, 0xfd, 0xff, 0x01, 0x00, 0x00, 0x00,
    0xff, 0x01, 0x00, 0x00, 0x02, 0x00, 0x00, 0x00, 0xfa, 0x01, 0x00, 0x00,
    0xfe, 0x01, 0x00, 0x00, 0x96, 0xbd, 0xff, 0xff, 0x0c, 0x00, 0x00, 0x00,
    0x10, 0x00, 0x00, 0x00, 0x0b, 0x00, 0x00, 0x00, 0x01, 0x00, 0x00, 0x00,
    0xfe, 0x01, 0x00, 0x00, 0x01, 0x00, 0x00, 0x00, 0xf8, 0x01, 0x00, 0x00,
    0xb6, 0xbd, 0xff, 0xff, 0x0c, 0x00, 0x00, 0x00, 0x10, 0x00, 0x00, 0x00,
    0x09, 0x00, 0x00, 0x00, 0x01, 0x00, 0x00, 0x00, 0xfd, 0x01, 0x00, 0x00,
    0x01, 0x00, 0x00, 0x00, 0xf9, 0x01, 0x00, 0x00, 0xce, 0xbe, 0xff, 0xff,
    0x14, 0x00, 0x00, 0x00, 0x00, 0x00, 0x00, 0x15, 0x10, 0x00, 0x00, 0x00,
    0x14, 0x00, 0x00, 0x00, 0x0a, 0x00, 0x00, 0x00, 0xd4, 0xd5, 0xfd, 0xff,
    0x01, 0x00, 0x00, 0x00, 0xfc, 0x01, 0x00, 0x00, 0x02, 0x00, 0x00, 0x00,
    0xfb, 0x01, 0x00, 0x00, 0xf0, 0x01, 0x00, 0x00, 0x06, 0xbe, 0xff, 0xff,
    0x0c, 0x00, 0x00, 0x00, 0x10, 0x00, 0x00, 0x00, 0x09, 0x00, 0x00, 0x00,
    0x01, 0x00, 0x00, 0x00, 0xfb, 0x01, 0x00, 0x00, 0x01, 0x00, 0x00, 0x00,
    0xf7, 0x01, 0x00, 0x00, 0x26, 0xbe, 0xff, 0xff, 0x0c, 0x00, 0x00, 0x00,
    0x10, 0x00, 0x00, 0x00, 0x09, 0x00, 0x00, 0x00, 0x01, 0x00, 0x00, 0x00,
    0xfa, 0x01, 0x00, 0x00, 0x01, 0x00, 0x00, 0x00, 0xf6, 0x01, 0x00, 0x00,
    0x3e, 0xbf, 0xff, 0xff, 0x14, 0x00, 0x00, 0x00, 0x00, 0x00, 0x00, 0x23,
    0x14, 0x00, 0x00, 0x00, 0x24, 0x00, 0x00, 0x00, 0x08, 0x00, 0x00, 0x00,
    0xfa, 0xbe, 0xff, 0xff, 0x04, 0x00, 0x00, 0x00, 0x04, 0x00, 0x00, 0x00,
    0xf6, 0x01, 0x00, 0x00, 0xf7, 0x01, 0x00, 0x00, 0xf8, 0x01, 0x00, 0x00,
    0xf9, 0x01, 0x00, 0x00, 0x02, 0x00, 0x00, 0x00, 0x05, 0x00, 0x00, 0x00,
    0xf5, 0x01, 0x00, 0x00, 0x7e, 0xbf, 0xff, 0xff, 0x14, 0x00, 0x00, 0x00,
    0x00, 0x00, 0x00, 0x0b, 0x10, 0x00, 0x00, 0x00, 0x14, 0x00, 0x00, 0x00,
    0x07, 0x00, 0x00, 0x00, 0x84, 0xd6, 0xfd, 0xff, 0x01, 0x00, 0x00, 0x00,
    0xf5, 0x01, 0x00, 0x00, 0x02, 0x00, 0x00, 0x00, 0xf4, 0x01, 0x00, 0x00,
    0x0a, 0x00, 0x00, 0x00, 0xae, 0xbf, 0xff, 0xff, 0x14, 0x00, 0x00, 0x00,
    0x00, 0x00, 0x00, 0x0b, 0x10, 0x00, 0x00, 0x00, 0x14, 0x00, 0x00, 0x00,
    0x07, 0x00, 0x00, 0x00, 0xb4, 0xd6, 0xfd, 0xff, 0x01, 0x00, 0x00, 0x00,
    0xf4, 0x01, 0x00, 0x00, 0x02, 0x00, 0x00, 0x00, 0x7c, 0x00, 0x00, 0x00,
    0xf3, 0x01, 0x00, 0x00, 0xde, 0xbf, 0xff, 0xff, 0x14, 0x00, 0x00, 0x00,
    0x00, 0x00, 0x00, 0x08, 0x10, 0x00, 0x00, 0x00, 0x14, 0x00, 0x00, 0x00,
    0x06, 0x00, 0x00, 0x00, 0xe4, 0xd6, 0xfd, 0xff, 0x01, 0x00, 0x00, 0x00,
    0xf3, 0x01, 0x00, 0x00, 0x03, 0x00, 0x00, 0x00, 0xf2, 0x01, 0x00, 0x00,
    0x0c, 0x00, 0x00, 0x00, 0xff, 0xff, 0xff, 0xff, 0x12, 0xc0, 0xff, 0xff,
    0x14, 0x00, 0x00, 0x00, 0x00, 0x00, 0x00, 0x15, 0x10, 0x00, 0x00, 0x00,
    0x14, 0x00, 0x00, 0x00, 0x0a, 0x00, 0x00, 0x00, 0x18, 0xd7, 0xfd, 0xff,
    0x01, 0x00, 0x00, 0x00, 0xf2, 0x01, 0x00, 0x00, 0x02, 0x00, 0x00, 0x00,
    0xed, 0x01, 0x00, 0x00, 0xf1, 0x01, 0x00, 0x00, 0x4a, 0xbf, 0xff, 0xff,
    0x0c, 0x00, 0x00, 0x00, 0x10, 0x00, 0x00, 0x00, 0x0b, 0x00, 0x00, 0x00,
    0x01, 0x00, 0x00, 0x00, 0xf1, 0x01, 0x00, 0x00, 0x01, 0x00, 0x00, 0x00,
    0xf0, 0x01, 0x00, 0x00, 0x62, 0xc0, 0xff, 0xff, 0x14, 0x00, 0x00, 0x00,
    0x00, 0x00, 0x00, 0x0b, 0x10, 0x00, 0x00, 0x00, 0x14, 0x00, 0x00, 0x00,
    0x07, 0x00, 0x00, 0x00, 0x68, 0xd7, 0xfd, 0xff, 0x01, 0x00, 0x00, 0x00,
    0xf0, 0x01, 0x00, 0x00, 0x02, 0x00, 0x00, 0x00, 0xec, 0x01, 0x00, 0x00,
    0xef, 0x01, 0x00, 0x00, 0x92, 0xc0, 0xff, 0xff, 0x14, 0x00, 0x00, 0x00,
    0x00, 0x00, 0x00, 0x15, 0x10, 0x00, 0x00, 0x00, 0x14, 0x00, 0x00, 0x00,
    0x0a, 0x00, 0x00, 0x00, 0x98, 0xd7, 0xfd, 0xff, 0x01, 0x00, 0x00, 0x00,
    0xef, 0x01, 0x00, 0x00, 0x02, 0x00, 0x00, 0x00, 0xea, 0x01, 0x00, 0x00,
    0xee, 0x01, 0x00, 0x00, 0xca, 0xbf, 0xff, 0xff, 0x0c, 0x00, 0x00, 0x00,
    0x10, 0x00, 0x00, 0x00, 0x0b, 0x00, 0x00, 0x00, 0x01, 0x00, 0x00, 0x00,
    0xee, 0x01, 0x00, 0x00, 0x01, 0x00, 0x00, 0x00, 0xe8, 0x01, 0x00, 0x00,
    0xea, 0xbf, 0xff, 0xff, 0x0c, 0x00, 0x00, 0x00, 0x10, 0x00, 0x00, 0x00,
    0x09, 0x00, 0x00, 0x00, 0x01, 0x00, 0x00, 0x00, 0xed, 0x01, 0x00, 0x00,
    0x01, 0x00, 0x00, 0x00, 0xe9, 0x01, 0x00, 0x00, 0x02, 0xc1, 0xff, 0xff,
    0x14, 0x00, 0x00, 0x00, 0x00, 0x00, 0x00, 0x15, 0x10, 0x00, 0x00, 0x00,
    0x14, 0x00, 0x00, 0x00, 0x0a, 0x00, 0x00, 0x00, 0x08, 0xd8, 0xfd, 0xff,
    0x01, 0x00, 0x00, 0x00, 0xec, 0x01, 0x00, 0x00, 0x02, 0x00, 0x00, 0x00,
    0xeb, 0x01, 0x00, 0x00, 0xe0, 0x01, 0x00, 0x00, 0x3a, 0xc0, 0xff, 0xff,
    0x0c, 0x00, 0x00, 0x00, 0x10, 0x00, 0x00, 0x00, 0x09, 0x00, 0x00, 0x00,
    0x01, 0x00, 0x00, 0x00, 0xeb, 0x01, 0x00, 0x00, 0x01, 0x00, 0x00, 0x00,
    0xe7, 0x01, 0x00, 0x00, 0x5a, 0xc0, 0xff, 0xff, 0x0c, 0x00, 0x00, 0x00,
    0x10, 0x00, 0x00, 0x00, 0x09, 0x00, 0x00, 0x00, 0x01, 0x00, 0x00, 0x00,
    0xea, 0x01, 0x00, 0x00, 0x01, 0x00, 0x00, 0x00, 0xe6, 0x01, 0x00, 0x00,
    0x72, 0xc1, 0xff, 0xff, 0x14, 0x00, 0x00, 0x00, 0x00, 0x00, 0x00, 0x23,
    0x14, 0x00, 0x00, 0x00, 0x24, 0x00, 0x00, 0x00, 0x08, 0x00, 0x00, 0x00,
    0x2e, 0xc1, 0xff, 0xff, 0x04, 0x00, 0x00, 0x00, 0x04, 0x00, 0x00, 0x00,
    0xe6, 0x01, 0x00, 0x00, 0xe7, 0x01, 0x00, 0x00, 0xe8, 0x01, 0x00, 0x00,
    0xe9, 0x01, 0x00, 0x00, 0x02, 0x00, 0x00, 0x00, 0x05, 0x00, 0x00, 0x00,
    0xe5, 0x01, 0x00, 0x00, 0xb2, 0xc1, 0xff, 0xff, 0x14, 0x00, 0x00, 0x00,
    0x00, 0x00, 0x00, 0x0b, 0x10, 0x00, 0x00, 0x00, 0x14, 0x00, 0x00, 0x00,
    0x07, 0x00, 0x00, 0x00, 0xb8, 0xd8, 0xfd, 0xff, 0x01, 0x00, 0x00, 0x00,
    0xe5, 0x01, 0x00, 0x00, 0x02, 0x00, 0x00, 0x00, 0xe4, 0x01, 0x00, 0x00,
    0x0a, 0x00, 0x00, 0x00, 0xe2, 0xc1, 0xff, 0xff, 0x14, 0x00, 0x00, 0x00,
    0x00, 0x00, 0x00, 0x0b, 0x10, 0x00, 0x00, 0x00, 0x14, 0x00, 0x00, 0x00,
    0x07, 0x00, 0x00, 0x00, 0xe8, 0xd8, 0xfd, 0xff, 0x01, 0x00, 0x00, 0x00,
    0xe4, 0x01, 0x00, 0x00, 0x02, 0x00, 0x00, 0x00, 0x7b, 0x00, 0x00, 0x00,
    0xe3, 0x01, 0x00, 0x00, 0x12, 0xc2, 0xff, 0xff, 0x14, 0x00, 0x00, 0x00,
    0x00, 0x00, 0x00, 0x08, 0x10, 0x00, 0x00, 0x00, 0x14, 0x00, 0x00, 0x00,
    0x06, 0x00, 0x00, 0x00, 0x18, 0xd9, 0xfd, 0xff, 0x01, 0x00, 0x00, 0x00,
    0xe3, 0x01, 0x00, 0x00, 0x03, 0x00, 0x00, 0x00, 0xe2, 0x01, 0x00, 0x00,
    0x0c, 0x00, 0x00, 0x00, 0xff, 0xff, 0xff, 0xff, 0x46, 0xc2, 0xff, 0xff,
    0x14, 0x00, 0x00, 0x00, 0x00, 0x00, 0x00, 0x15, 0x10, 0x00, 0x00, 0x00,
    0x14, 0x00, 0x00, 0x00, 0x0a, 0x00, 0x00, 0x00, 0x4c, 0xd9, 0xfd, 0xff,
    0x01, 0x00, 0x00, 0x00, 0xe2, 0x01, 0x00, 0x00, 0x02, 0x00, 0x00, 0x00,
    0xdd, 0x01, 0x00, 0x00, 0xe1, 0x01, 0x00, 0x00, 0x7e, 0xc1, 0xff, 0xff,
    0x0c, 0x00, 0x00, 0x00, 0x10, 0x00, 0x00, 0x00, 0x0b, 0x00, 0x00, 0x00,
    0x01, 0x00, 0x00, 0x00, 0xe1, 0x01, 0x00, 0x00, 0x01, 0x00, 0x00, 0x00,
    0xe0, 0x01, 0x00, 0x00, 0x96, 0xc2, 0xff, 0xff, 0x14, 0x00, 0x00, 0x00,
    0x00, 0x00, 0x00, 0x0b, 0x10, 0x00, 0x00, 0x00, 0x14, 0x00, 0x00, 0x00,
    0x07, 0x00, 0x00, 0x00, 0x9c, 0xd9, 0xfd, 0xff, 0x01, 0x00, 0x00, 0x00,
    0xe0, 0x01, 0x00, 0x00, 0x02, 0x00, 0x00, 0x00, 0xdc, 0x01, 0x00, 0x00,
    0xdf, 0x01, 0x00, 0x00, 0xc6, 0xc2, 0xff, 0xff, 0x14, 0x00, 0x00, 0x00,
    0x00, 0x00, 0x00, 0x15, 0x10, 0x00, 0x00, 0x00, 0x14, 0x00, 0x00, 0x00,
    0x0a, 0x00, 0x00, 0x00, 0xcc, 0xd9, 0xfd, 0xff, 0x01, 0x00, 0x00, 0x00,
    0xdf, 0x01, 0x00, 0x00, 0x02, 0x00, 0x00, 0x00, 0xda, 0x01, 0x00, 0x00,
    0xde, 0x01, 0x00, 0x00, 0xfe, 0xc1, 0xff, 0xff, 0x0c, 0x00, 0x00, 0x00,
    0x10, 0x00, 0x00, 0x00, 0x0b, 0x00, 0x00, 0x00, 0x01, 0x00, 0x00, 0x00,
    0xde, 0x01, 0x00, 0x00, 0x01, 0x00, 0x00, 0x00, 0xd8, 0x01, 0x00, 0x00,
    0x1e, 0xc2, 0xff, 0xff, 0x0c, 0x00, 0x00, 0x00, 0x10, 0x00, 0x00, 0x00,
    0x09, 0x00, 0x00, 0x00, 0x01, 0x00, 0x00, 0x00, 0xdd, 0x01, 0x00, 0x00,
    0x01, 0x00, 0x00, 0x00, 0xd9, 0x01, 0x00, 0x00, 0x36, 0xc3, 0xff, 0xff,
    0x14, 0x00, 0x00, 0x00, 0x00, 0x00, 0x00, 0x15, 0x10, 0x00, 0x00, 0x00,
    0x14, 0x00, 0x00, 0x00, 0x0a, 0x00, 0x00, 0x00, 0x3c, 0xda, 0xfd, 0xff,
    0x01, 0x00, 0x00, 0x00, 0xdc, 0x01, 0x00, 0x00, 0x02, 0x00, 0x00, 0x00,
    0xdb, 0x01, 0x00, 0x00, 0xd0, 0x01, 0x00, 0x00, 0x6e, 0xc2, 0xff, 0xff,
    0x0c, 0x00, 0x00, 0x00, 0x10, 0x00, 0x00, 0x00, 0x09, 0x00, 0x00, 0x00,
    0x01, 0x00, 0x00, 0x00, 0xdb, 0x01, 0x00, 0x00, 0x01, 0x00, 0x00, 0x00,
    0xd7, 0x01, 0x00, 0x00, 0x8e, 0xc2, 0xff, 0xff, 0x0c, 0x00, 0x00, 0x00,
    0x10, 0x00, 0x00, 0x00, 0x09, 0x00, 0x00, 0x00, 0x01, 0x00, 0x00, 0x00,
    0xda, 0x01, 0x00, 0x00, 0x01, 0x00, 0x00, 0x00, 0xd6, 0x01, 0x00, 0x00,
    0xa6, 0xc3, 0xff, 0xff, 0x14, 0x00, 0x00, 0x00, 0x00, 0x00, 0x00, 0x23,
    0x14, 0x00, 0x00, 0x00, 0x24, 0x00, 0x00, 0x00, 0x08, 0x00, 0x00, 0x00,
    0x62, 0xc3, 0xff, 0xff, 0x04, 0x00, 0x00, 0x00, 0x04, 0x00, 0x00, 0x00,
    0xd6, 0x01, 0x00, 0x00, 0xd7, 0x01, 0x00, 0x00, 0xd8, 0x01, 0x00, 0x00,
    0xd9, 0x01, 0x00, 0x00, 0x02, 0x00, 0x00, 0x00, 0x05, 0x00, 0x00, 0x00,
    0xd5, 0x01, 0x00, 0x00, 0xe6, 0xc3, 0xff, 0xff, 0x14, 0x00, 0x00, 0x00,
    0x00, 0x00, 0x00, 0x0b, 0x10, 0x00, 0x00, 0x00, 0x14, 0x00, 0x00, 0x00,
    0x07, 0x00, 0x00, 0x00, 0xec, 0xda, 0xfd, 0xff, 0x01, 0x00, 0x00, 0x00,
    0xd5, 0x01, 0x00, 0x00, 0x02, 0x00, 0x00, 0x00, 0xd4, 0x01, 0x00, 0x00,
    0x0a, 0x00, 0x00, 0x00, 0x16, 0xc4, 0xff, 0xff, 0x14, 0x00, 0x00, 0x00,
    0x00, 0x00, 0x00, 0x0b, 0x10, 0x00, 0x00, 0x00, 0x14, 0x00, 0x00, 0x00,
    0x07, 0x00, 0x00, 0x00, 0x1c, 0xdb, 0xfd, 0xff, 0x01, 0x00, 0x00, 0x00,
    0xd4, 0x01, 0x00, 0x00, 0x02, 0x00, 0x00, 0x00, 0x69, 0x00, 0x00, 0x00,
    0xd3, 0x01, 0x00, 0x00, 0x46, 0xc4, 0xff, 0xff, 0x14, 0x00, 0x00, 0x00,
    0x00, 0x00, 0x00, 0x08, 0x10, 0x00, 0x00, 0x00, 0x14, 0x00, 0x00, 0x00,
    0x06, 0x00, 0x00, 0x00, 0x4c, 0xdb, 0xfd, 0xff, 0x01, 0x00, 0x00, 0x00,
    0xd3, 0x01, 0x00, 0x00, 0x03, 0x00, 0x00, 0x00, 0xd2, 0x01, 0x00, 0x00,
    0x0c, 0x00, 0x00, 0x00, 0xff, 0xff, 0xff, 0xff, 0x7a, 0xc4, 0xff, 0xff,
    0x14, 0x00, 0x00, 0x00, 0x00, 0x00, 0x00, 0x15, 0x10, 0x00, 0x00, 0x00,
    0x14, 0x00, 0x00, 0x00, 0x0a, 0x00, 0x00, 0x00, 0x80, 0xdb, 0xfd, 0xff,
    0x01, 0x00, 0x00, 0x00, 0xd2, 0x01, 0x00, 0x00, 0x02, 0x00, 0x00, 0x00,
    0xcd, 0x01, 0x00, 0x00, 0xd1, 0x01, 0x00, 0x00, 0xb2, 0xc3, 0xff, 0xff,
    0x0c, 0x00, 0x00, 0x00, 0x10, 0x00, 0x00, 0x00, 0x0b, 0x00, 0x00, 0x00,
    0x01, 0x00, 0x00, 0x00, 0xd1, 0x01, 0x00, 0x00, 0x01, 0x00, 0x00, 0x00,
    0xd0, 0x01, 0x00, 0x00, 0xca, 0xc4, 0xff, 0xff, 0x14, 0x00, 0x00, 0x00,
    0x00, 0x00, 0x00, 0x0b, 0x10, 0x00, 0x00, 0x00, 0x14, 0x00, 0x00, 0x00,
    0x07, 0x00, 0x00, 0x00, 0xd0, 0xdb, 0xfd, 0xff, 0x01, 0x00, 0x00, 0x00,
    0xd0, 0x01, 0x00, 0x00, 0x02, 0x00, 0x00, 0x00, 0xcc, 0x01, 0x00, 0x00,
    0xcf, 0x01, 0x00, 0x00, 0xfa, 0xc4, 0xff, 0xff, 0x14, 0x00, 0x00, 0x00,
    0x00, 0x00, 0x00, 0x15, 0x10, 0x00, 0x00, 0x00, 0x14, 0x00, 0x00, 0x00,
    0x0a, 0x00, 0x00, 0x00, 0x00, 0xdc, 0xfd, 0xff, 0x01, 0x00, 0x00, 0x00,
    0xcf, 0x01, 0x00, 0x00, 0x02, 0x00, 0x00, 0x00, 0xca, 0x01, 0x00, 0x00,
    0xce, 0x01, 0x00, 0x00, 0x32, 0xc4, 0xff, 0xff, 0x0c, 0x00, 0x00, 0x00,
    0x10, 0x00, 0x00, 0x00, 0x0b, 0x00, 0x00, 0x00, 0x01, 0x00, 0x00, 0x00,
    0xce, 0x01, 0x00, 0x00, 0x01, 0x00, 0x00, 0x00, 0xc8, 0x01, 0x00, 0x00,
    0x52, 0xc4, 0xff, 0xff, 0x0c, 0x00, 0x00, 0x00, 0x10, 0x00, 0x00, 0x00,
    0x09, 0x00, 0x00, 0x00, 0x01, 0x00, 0x00, 0x00, 0xcd, 0x01, 0x00, 0x00,
    0x01, 0x00, 0x00, 0x00, 0xc9, 0x01, 0x00, 0x00, 0x6a, 0xc5, 0xff, 0xff,
    0x14, 0x00, 0x00, 0x00, 0x00, 0x00, 0x00, 0x15, 0x10, 0x00, 0x00, 0x00,
    0x14, 0x00, 0x00, 0x00, 0x0a, 0x00, 0x00, 0x00, 0x70, 0xdc, 0xfd, 0xff,
    0x01, 0x00, 0x00, 0x00, 0xcc, 0x01, 0x00, 0x00, 0x02, 0x00, 0x00, 0x00,
    0xcb, 0x01, 0x00, 0x00, 0xc0, 0x01, 0x00, 0x00, 0xa2, 0xc4, 0xff, 0xff,
    0x0c, 0x00, 0x00, 0x00, 0x10, 0x00, 0x00, 0x00, 0x09, 0x00, 0x00, 0x00,
    0x01, 0x00, 0x00, 0x00, 0xcb, 0x01, 0x00, 0x00, 0x01, 0x00, 0x00, 0x00,
    0xc7, 0x01, 0x00, 0x00, 0xc2, 0xc4, 0xff, 0xff, 0x0c, 0x00, 0x00, 0x00,
    0x10, 0x00, 0x00, 0x00, 0x09, 0x00, 0x00, 0x00, 0x01, 0x00, 0x00, 0x00,
    0xca, 0x01, 0x00, 0x00, 0x01, 0x00, 0x00, 0x00, 0xc6, 0x01, 0x00, 0x00,
    0xda, 0xc5, 0xff, 0xff, 0x14, 0x00, 0x00, 0x00, 0x00, 0x00, 0x00, 0x23,
    0x14, 0x00, 0x00, 0x00, 0x24, 0x00, 0x00, 0x00, 0x08, 0x00, 0x00, 0x00,
    0x96, 0xc5, 0xff, 0xff, 0x04, 0x00, 0x00, 0x00, 0x04, 0x00, 0x00, 0x00,
    0xc6, 0x01, 0x00, 0x00, 0xc7, 0x01, 0x00, 0x00, 0xc8, 0x01, 0x00, 0x00,
    0xc9, 0x01, 0x00, 0x00, 0x02, 0x00, 0x00, 0x00, 0x05, 0x00, 0x00, 0x00,
    0xc5, 0x01, 0x00, 0x00, 0x1a, 0xc6, 0xff, 0xff, 0x14, 0x00, 0x00, 0x00,
    0x00, 0x00, 0x00, 0x0b, 0x10, 0x00, 0x00, 0x00, 0x14, 0x00, 0x00, 0x00,
    0x07, 0x00, 0x00, 0x00, 0x20, 0xdd, 0xfd, 0xff, 0x01, 0x00, 0x00, 0x00,
    0xc5, 0x01, 0x00, 0x00, 0x02, 0x00, 0x00, 0x00, 0xc4, 0x01, 0x00, 0x00,
    0x0a, 0x00, 0x00, 0x00, 0x4a, 0xc6, 0xff, 0xff, 0x14, 0x00, 0x00, 0x00,
    0x00, 0x00, 0x00, 0x0b, 0x10, 0x00, 0x00, 0x00, 0x14, 0x00, 0x00, 0x00,
    0x07, 0x00, 0x00, 0x00, 0x50, 0xdd, 0xfd, 0xff, 0x01, 0x00, 0x00, 0x00,
    0xc4, 0x01, 0x00, 0x00, 0x02, 0x00, 0x00, 0x00, 0x68, 0x00, 0x00, 0x00,
    0xc3, 0x01, 0x00, 0x00, 0x7a, 0xc6, 0xff, 0xff, 0x14, 0x00, 0x00, 0x00,
    0x00, 0x00, 0x00, 0x08, 0x10, 0x00, 0x00, 0x00, 0x14, 0x00, 0x00, 0x00,
    0x06, 0x00, 0x00, 0x00, 0x80, 0xdd, 0xfd, 0xff, 0x01, 0x00, 0x00, 0x00,
    0xc3, 0x01, 0x00, 0x00, 0x03, 0x00, 0x00, 0x00, 0xc2, 0x01, 0x00, 0x00,
    0x0c, 0x00, 0x00, 0x00, 0xff, 0xff, 0xff, 0xff, 0xae, 0xc6, 0xff, 0xff,
    0x14, 0x00, 0x00, 0x00, 0x00, 0x00, 0x00, 0x15, 0x10, 0x00, 0x00, 0x00,
    0x14, 0x00, 0x00, 0x00, 0x0a, 0x00, 0x00, 0x00, 0xb4, 0xdd, 0xfd, 0xff,
    0x01, 0x00, 0x00, 0x00, 0xc2, 0x01, 0x00, 0x00, 0x02, 0x00, 0x00, 0x00,
    0xbd, 0x01, 0x00, 0x00, 0xc1, 0x01, 0x00, 0x00, 0xe6, 0xc5, 0xff, 0xff,
    0x0c, 0x00, 0x00, 0x00, 0x10, 0x00, 0x00, 0x00, 0x0b, 0x00, 0x00, 0x00,
    0x01, 0x00, 0x00, 0x00, 0xc1, 0x01, 0x00, 0x00, 0x01, 0x00, 0x00, 0x00,
    0xc0, 0x01, 0x00, 0x00, 0xfe, 0xc6, 0xff, 0xff, 0x14, 0x00, 0x00, 0x00,
    0x00, 0x00, 0x00, 0x0b, 0x10, 0x00, 0x00, 0x00, 0x14, 0x00, 0x00, 0x00,
    0x07, 0x00, 0x00, 0x00, 0x04, 0xde, 0xfd, 0xff, 0x01, 0x00, 0x00, 0x00,
    0xc0, 0x01, 0x00, 0x00, 0x02, 0x00, 0x00, 0x00, 0xbc, 0x01, 0x00, 0x00,
    0xbf, 0x01, 0x00, 0x00, 0x2e, 0xc7, 0xff, 0xff, 0x14, 0x00, 0x00, 0x00,
    0x00, 0x00, 0x00, 0x15, 0x10, 0x00, 0x00, 0x00, 0x14, 0x00, 0x00, 0x00,
    0x0a, 0x00, 0x00, 0x00, 0x34, 0xde, 0xfd, 0xff, 0x01, 0x00, 0x00, 0x00,
    0xbf, 0x01, 0x00, 0x00, 0x02, 0x00, 0x00, 0x00, 0xba, 0x01, 0x00, 0x00,
    0xbe, 0x01, 0x00, 0x00, 0x66, 0xc6, 0xff, 0xff, 0x0c, 0x00, 0x00, 0x00,
    0x10, 0x00, 0x00, 0x00, 0x0b, 0x00, 0x00, 0x00, 0x01, 0x00, 0x00, 0x00,
    0xbe, 0x01, 0x00, 0x00, 0x01, 0x00, 0x00, 0x00, 0xb8, 0x01, 0x00, 0x00,
    0x86, 0xc6, 0xff, 0xff, 0x0c, 0x00, 0x00, 0x00, 0x10, 0x00, 0x00, 0x00,
    0x09, 0x00, 0x00, 0x00, 0x01, 0x00, 0x00, 0x00, 0xbd, 0x01, 0x00, 0x00,
    0x01, 0x00, 0x00, 0x00, 0xb9, 0x01, 0x00, 0x00, 0x9e, 0xc7, 0xff, 0xff,
    0x14, 0x00, 0x00, 0x00, 0x00, 0x00, 0x00, 0x15, 0x10, 0x00, 0x00, 0x00,
    0x14, 0x00, 0x00, 0x00, 0x0a, 0x00, 0x00, 0x00, 0xa4, 0xde, 0xfd, 0xff,
    0x01, 0x00, 0x00, 0x00, 0xbc, 0x01, 0x00, 0x00, 0x02, 0x00, 0x00, 0x00,
    0xbb, 0x01, 0x00, 0x00, 0xb0, 0x01, 0x00, 0x00, 0xd6, 0xc6, 0xff, 0xff,
    0x0c, 0x00, 0x00, 0x00, 0x10, 0x00, 0x00, 0x00, 0x09, 0x00, 0x00, 0x00,
    0x01, 0x00, 0x00, 0x00, 0xbb, 0x01, 0x00, 0x00, 0x01, 0x00, 0x00, 0x00,
    0xb7, 0x01, 0x00, 0x00, 0xf6, 0xc6, 0xff, 0xff, 0x0c, 0x00, 0x00, 0x00,
    0x10, 0x00, 0x00, 0x00, 0x09, 0x00, 0x00, 0x00, 0x01, 0x00, 0x00, 0x00,
    0xba, 0x01, 0x00, 0x00, 0x01, 0x00, 0x00, 0x00, 0xb6, 0x01, 0x00, 0x00,
    0x0e, 0xc8, 0xff, 0xff, 0x14, 0x00, 0x00, 0x00, 0x00, 0x00, 0x00, 0x23,
    0x14, 0x00, 0x00, 0x00, 0x24, 0x00, 0x00, 0x00, 0x08, 0x00, 0x00, 0x00,
    0xca, 0xc7, 0xff, 0xff, 0x04, 0x00, 0x00, 0x00, 0x04, 0x00, 0x00, 0x00,
    0xb6, 0x01, 0x00, 0x00, 0xb7, 0x01, 0x00, 0x00, 0xb8, 0x01, 0x00, 0x00,
    0xb9, 0x01, 0x00, 0x00, 0x02, 0x00, 0x00, 0x00, 0x05, 0x00, 0x00, 0x00,
    0xb5, 0x01, 0x00, 0x00, 0x4e, 0xc8, 0xff, 0xff, 0x14, 0x00, 0x00, 0x00,
    0x00, 0x00, 0x00, 0x0b, 0x10, 0x00, 0x00, 0x00, 0x14, 0x00, 0x00, 0x00,
    0x07, 0x00, 0x00, 0x00, 0x54, 0xdf, 0xfd, 0xff, 0x01, 0x00, 0x00, 0x00,
    0xb5, 0x01, 0x00, 0x00, 0x02, 0x00, 0x00, 0x00, 0xb4, 0x01, 0x00, 0x00,
    0x0a, 0x00, 0x00, 0x00, 0x7e, 0xc8, 0xff, 0xff, 0x14, 0x00, 0x00, 0x00,
    0x00, 0x00, 0x00, 0x0b, 0x10, 0x00, 0x00, 0x00, 0x14, 0x00, 0x00, 0x00,
    0x07, 0x00, 0x00, 0x00, 0x84, 0xdf, 0xfd, 0xff, 0x01, 0x00, 0x00, 0x00,
    0xb4, 0x01, 0x00, 0x00, 0x02, 0x00, 0x00, 0x00, 0x67, 0x00, 0x00, 0x00,
    0xb3, 0x01, 0x00, 0x00, 0xae, 0xc8, 0xff, 0xff, 0x14, 0x00, 0x00, 0x00,
    0x00, 0x00, 0x00, 0x08, 0x10, 0x00, 0x00, 0x00, 0x14, 0x00, 0x00, 0x00,
    0x06, 0x00, 0x00, 0x00, 0xb4, 0xdf, 0xfd, 0xff, 0x01, 0x00, 0x00, 0x00,
    0xb3, 0x01, 0x00, 0x00, 0x03, 0x00, 0x00, 0x00, 0xb2, 0x01, 0x00, 0x00,
    0x0c, 0x00, 0x00, 0x00, 0xff, 0xff, 0xff, 0xff, 0xe2, 0xc8, 0xff, 0xff,
    0x14, 0x00, 0x00, 0x00, 0x00, 0x00, 0x00, 0x15, 0x10, 0x00, 0x00, 0x00,
    0x14, 0x00, 0x00, 0x00, 0x0a, 0x00, 0x00, 0x00, 0xe8, 0xdf, 0xfd, 0xff,
    0x01, 0x00, 0x00, 0x00, 0xb2, 0x01, 0x00, 0x00, 0x02, 0x00, 0x00, 0x00,
    0xad, 0x01, 0x00, 0x00, 0xb1, 0x01, 0x00, 0x00, 0x1a, 0xc8, 0xff, 0xff,
    0x0c, 0x00, 0x00, 0x00, 0x10, 0x00, 0x00, 0x00, 0x0b, 0x00, 0x00, 0x00,
    0x01, 0x00, 0x00, 0x00, 0xb1, 0x01, 0x00, 0x00, 0x01, 0x00, 0x00, 0x00,
    0xb0, 0x01, 0x00, 0x00, 0x32, 0xc9, 0xff, 0xff, 0x14, 0x00, 0x00, 0x00,
    0x00, 0x00, 0x00, 0x0b, 0x10, 0x00, 0x00, 0x00, 0x14, 0x00, 0x00, 0x00,
    0x07, 0x00, 0x00, 0x00, 0x38, 0xe0, 0xfd, 0xff, 0x01, 0x00, 0x00, 0x00,
    0xb0, 0x01, 0x00, 0x00, 0x02, 0x00, 0x00, 0x00, 0xac, 0x01, 0x00, 0x00,
    0xaf, 0x01, 0x00, 0x00, 0x62, 0xc9, 0xff, 0xff, 0x14, 0x00, 0x00, 0x00,
    0x00, 0x00, 0x00, 0x15, 0x10, 0x00, 0x00, 0x00, 0x14, 0x00, 0x00, 0x00,
    0x0a, 0x00, 0x00, 0x00, 0x68, 0xe0, 0xfd, 0xff, 0x01, 0x00, 0x00, 0x00,
    0xaf, 0x01, 0x00, 0x00, 0x02, 0x00, 0x00, 0x00, 0xaa, 0x01, 0x00, 0x00,
    0xae, 0x01, 0x00, 0x00, 0x9a, 0xc8, 0xff, 0xff, 0x0c, 0x00, 0x00, 0x00,
    0x10, 0x00, 0x00, 0x00, 0x0b, 0x00, 0x00, 0x00, 0x01, 0x00, 0x00, 0x00,
    0xae, 0x01, 0x00, 0x00, 0x01, 0x00, 0x00, 0x00, 0xa8, 0x01, 0x00, 0x00,
    0xba, 0xc8, 0xff, 0xff, 0x0c, 0x00, 0x00, 0x00, 0x10, 0x00, 0x00, 0x00,
    0x09, 0x00, 0x00, 0x00, 0x01, 0x00, 0x00, 0x00, 0xad, 0x01, 0x00, 0x00,
    0x01, 0x00, 0x00, 0x00, 0xa9, 0x01, 0x00, 0x00, 0xd2, 0xc9, 0xff, 0xff,
    0x14, 0x00, 0x00, 0x00, 0x00, 0x00, 0x00, 0x15, 0x10, 0x00, 0x00, 0x00,
    0x14, 0x00, 0x00, 0x00, 0x0a, 0x00, 0x00, 0x00, 0xd8, 0xe0, 0xfd, 0xff,
    0x01, 0x00, 0x00, 0x00, 0xac, 0x01, 0x00, 0x00, 0x02, 0x00, 0x00, 0x00,
    0xab, 0x01, 0x00, 0x00, 0xa0, 0x01, 0x00, 0x00, 0x0a, 0xc9, 0xff, 0xff,
    0x0c, 0x00, 0x00, 0x00, 0x10, 0x00, 0x00, 0x00, 0x09, 0x00, 0x00, 0x00,
    0x01, 0x00, 0x00, 0x00, 0xab, 0x01, 0x00, 0x00, 0x01, 0x00, 0x00, 0x00,
    0xa7, 0x01, 0x00, 0x00, 0x2a, 0xc9, 0xff, 0xff, 0x0c, 0x00, 0x00, 0x00,
    0x10, 0x00, 0x00, 0x00, 0x09, 0x00, 0x00, 0x00, 0x01, 0x00, 0x00, 0x00,
    0xaa, 0x01, 0x00, 0x00, 0x01, 0x00, 0x00, 0x00, 0xa6, 0x01, 0x00, 0x00,
    0x42, 0xca, 0xff, 0xff, 0x14, 0x00, 0x00, 0x00, 0x00, 0x00, 0x00, 0x23,
    0x14, 0x00, 0x00, 0x00, 0x24, 0x00, 0x00, 0x00, 0x08, 0x00, 0x00, 0x00,
    0xfe, 0xc9, 0xff, 0xff, 0x04, 0x00, 0x00, 0x00, 0x04, 0x00, 0x00, 0x00,
    0xa6, 0x01, 0x00, 0x00, 0xa7, 0x01, 0x00, 0x00, 0xa8, 0x01, 0x00, 0x00,
    0xa9, 0x01, 0x00, 0x00, 0x02, 0x00, 0x00, 0x00, 0x05, 0x00, 0x00, 0x00,
    0xa5, 0x01, 0x00, 0x00, 0x82, 0xca, 0xff, 0xff, 0x14, 0x00, 0x00, 0x00,
    0x00, 0x00, 0x00, 0x0b, 0x10, 0x00, 0x00, 0x00, 0x14, 0x00, 0x00, 0x00,
    0x07, 0x00, 0x00, 0x00, 0x88, 0xe1, 0xfd, 0xff, 0x01, 0x00, 0x00, 0x00,
    0xa5, 0x01, 0x00, 0x00, 0x02, 0x00, 0x00, 0x00, 0xa4, 0x01, 0x00, 0x00,
    0x0a, 0x00, 0x00, 0x00, 0xb2, 0xca, 0xff, 0xff, 0x14, 0x00, 0x00, 0x00,
    0x00, 0x00, 0x00, 0x0b, 0x10, 0x00, 0x00, 0x00, 0x14, 0x00, 0x00, 0x00,
    0x07, 0x00, 0x00, 0x00, 0xb8, 0xe1, 0xfd, 0xff, 0x01, 0x00, 0x00, 0x00,
    0xa4, 0x01, 0x00, 0x00, 0x02, 0x00, 0x00, 0x00, 0x66, 0x00, 0x00, 0x00,
    0xa3, 0x01, 0x00, 0x00, 0xe2, 0xca, 0xff, 0xff, 0x14, 0x00, 0x00, 0x00,
    0x00, 0x00, 0x00, 0x08, 0x10, 0x00, 0x00, 0x00, 0x14, 0x00, 0x00, 0x00,
    0x06, 0x00, 0x00, 0x00, 0xe8, 0xe1, 0xfd, 0xff, 0x01, 0x00, 0x00, 0x00,
    0xa3, 0x01, 0x00, 0x00, 0x03, 0x00, 0x00, 0x00, 0xa2, 0x01, 0x00, 0x00,
    0x0c, 0x00, 0x00, 0x00, 0xff, 0xff, 0xff, 0xff, 0x16, 0xcb, 0xff, 0xff,
    0x14, 0x00, 0x00, 0x00, 0x00, 0x00, 0x00, 0x15, 0x10, 0x00, 0x00, 0x00,
    0x14, 0x00, 0x00, 0x00, 0x0a, 0x00, 0x00, 0x00, 0x1c, 0xe2, 0xfd, 0xff,
    0x01, 0x00, 0x00, 0x00, 0xa2, 0x01, 0x00, 0x00, 0x02, 0x00, 0x00, 0x00,
    0x9d, 0x01, 0x00, 0x00, 0xa1, 0x01, 0x00, 0x00, 0x4e, 0xca, 0xff, 0xff,
    0x0c, 0x00, 0x00, 0x00, 0x10, 0x00, 0x00, 0x00, 0x0b, 0x00, 0x00, 0x00,
    0x01, 0x00, 0x00, 0x00, 0xa1, 0x01, 0x00, 0x00, 0x01, 0x00, 0x00, 0x00,
    0xa0, 0x01, 0x00, 0x00, 0x66, 0xcb, 0xff, 0xff, 0x14, 0x00, 0x00, 0x00,
    0x00, 0x00, 0x00, 0x0b, 0x10, 0x00, 0x00, 0x00, 0x14, 0x00, 0x00, 0x00,
    0x07, 0x00, 0x00, 0x00, 0x6c, 0xe2, 0xfd, 0xff, 0x01, 0x00, 0x00, 0x00,
    0xa0, 0x01, 0x00, 0x00, 0x02, 0x00, 0x00, 0x00, 0x9c, 0x01, 0x00, 0x00,
    0x9f, 0x01, 0x00, 0x00, 0x96, 0xcb, 0xff, 0xff, 0x14, 0x00, 0x00, 0x00,
    0x00, 0x00, 0x00, 0x15, 0x10, 0x00, 0x00, 0x00, 0x14, 0x00, 0x00, 0x00,
    0x0a, 0x00, 0x00, 0x00, 0x9c, 0xe2, 0xfd, 0xff, 0x01, 0x00, 0x00, 0x00,
    0x9f, 0x01, 0x00, 0x00, 0x02, 0x00, 0x00, 0x00, 0x9a, 0x01, 0x00, 0x00,
    0x9e, 0x01, 0x00, 0x00, 0xce, 0xca, 0xff, 0xff, 0x0c, 0x00, 0x00, 0x00,
    0x10, 0x00, 0x00, 0x00, 0x0b, 0x00, 0x00, 0x00, 0x01, 0x00, 0x00, 0x00,
    0x9e, 0x01, 0x00, 0x00, 0x01, 0x00, 0x00, 0x00, 0x98, 0x01, 0x00, 0x00,
    0xee, 0xca, 0xff, 0xff, 0x0c, 0x00, 0x00, 0x00, 0x10, 0x00, 0x00, 0x00,
    0x09, 0x00, 0x00, 0x00, 0x01, 0x00, 0x00, 0x00, 0x9d, 0x01, 0x00, 0x00,
    0x01, 0x00, 0x00, 0x00, 0x99, 0x01, 0x00, 0x00, 0x06, 0xcc, 0xff, 0xff,
    0x14, 0x00, 0x00, 0x00, 0x00, 0x00, 0x00, 0x15, 0x10, 0x00, 0x00, 0x00,
    0x14, 0x00, 0x00, 0x00, 0x0a, 0x00, 0x00, 0x00, 0x0c, 0xe3, 0xfd, 0xff,
    0x01, 0x00, 0x00, 0x00, 0x9c, 0x01, 0x00, 0x00, 0x02, 0x00, 0x00, 0x00,
    0x9b, 0x01, 0x00, 0x00, 0x90, 0x01, 0x00, 0x00, 0x3e, 0xcb, 0xff, 0xff,
    0x0c, 0x00, 0x00, 0x00, 0x10, 0x00, 0x00, 0x00, 0x09, 0x00, 0x00, 0x00,
    0x01, 0x00, 0x00, 0x00, 0x9b, 0x01, 0x00, 0x00, 0x01, 0x00, 0x00, 0x00,
    0x97, 0x01, 0x00, 0x00, 0x5e, 0xcb, 0xff, 0xff, 0x0c, 0x00, 0x00, 0x00,
    0x10, 0x00, 0x00, 0x00, 0x09, 0x00, 0x00, 0x00, 0x01, 0x00, 0x00, 0x00,
    0x9a, 0x01, 0x00, 0x00, 0x01, 0x00, 0x00, 0x00, 0x96, 0x01, 0x00, 0x00,
    0x76, 0xcc, 0xff, 0xff, 0x14, 0x00, 0x00, 0x00, 0x00, 0x00, 0x00, 0x23,
    0x14, 0x00, 0x00, 0x00, 0x24, 0x00, 0x00, 0x00, 0x08, 0x00, 0x00, 0x00,
    0x32, 0xcc, 0xff, 0xff, 0x04, 0x00, 0x00, 0x00, 0x04, 0x00, 0x00, 0x00,
    0x96, 0x01, 0x00, 0x00, 0x97, 0x01, 0x00, 0x00, 0x98, 0x01, 0x00, 0x00,
    0x99, 0x01, 0x00, 0x00, 0x02, 0x00, 0x00, 0x00, 0x05, 0x00, 0x00, 0x00,
    0x95, 0x01, 0x00, 0x00, 0xb6, 0xcc, 0xff, 0xff, 0x14, 0x00, 0x00, 0x00,
    0x00, 0x00, 0x00, 0x0b, 0x10, 0x00, 0x00, 0x00, 0x14, 0x00, 0x00, 0x00,
    0x07, 0x00, 0x00, 0x00, 0xbc, 0xe3, 0xfd, 0xff, 0x01, 0x00, 0x00, 0x00,
    0x95, 0x01, 0x00, 0x00, 0x02, 0x00, 0x00, 0x00, 0x94, 0x01, 0x00, 0x00,
    0x0a, 0x00, 0x00, 0x00, 0xe6, 0xcc, 0xff, 0xff, 0x14, 0x00, 0x00, 0x00,
    0x00, 0x00, 0x00, 0x0b, 0x10, 0x00, 0x00, 0x00, 0x14, 0x00, 0x00, 0x00,
    0x07, 0x00, 0x00, 0x00, 0xec, 0xe3, 0xfd, 0xff, 0x01, 0x00, 0x00, 0x00,
    0x94, 0x01, 0x00, 0x00, 0x02, 0x00, 0x00, 0x00, 0x65, 0x00, 0x00, 0x00,
    0x93, 0x01, 0x00, 0x00, 0x16, 0xcd, 0xff, 0xff, 0x14, 0x00, 0x00, 0x00,
    0x00, 0x00, 0x00, 0x08, 0x10, 0x00, 0x00, 0x00, 0x14, 0x00, 0x00, 0x00,
    0x06, 0x00, 0x00, 0x00, 0x1c, 0xe4, 0xfd, 0xff, 0x01, 0x00, 0x00, 0x00,
    0x93, 0x01, 0x00, 0x00, 0x03, 0x00, 0x00, 0x00, 0x92, 0x01, 0x00, 0x00,
    0x0c, 0x00, 0x00, 0x00, 0xff, 0xff, 0xff, 0xff, 0x4a, 0xcd, 0xff, 0xff,
    0x14, 0x00, 0x00, 0x00, 0x00, 0x00, 0x00, 0x15, 0x10, 0x00, 0x00, 0x00,
    0x14, 0x00, 0x00, 0x00, 0x0a, 0x00, 0x00, 0x00, 0x50, 0xe4, 0xfd, 0xff,
    0x01, 0x00, 0x00, 0x00, 0x92, 0x01, 0x00, 0x00, 0x02, 0x00, 0x00, 0x00,
    0x8d, 0x01, 0x00, 0x00, 0x91, 0x01, 0x00, 0x00, 0x82, 0xcc, 0xff, 0xff,
    0x0c, 0x00, 0x00, 0x00, 0x10, 0x00, 0x00, 0x00, 0x0b, 0x00, 0x00, 0x00,
    0x01, 0x00, 0x00, 0x00, 0x91, 0x01, 0x00, 0x00, 0x01, 0x00, 0x00, 0x00,
    0x90, 0x01, 0x00, 0x00, 0x9a, 0xcd, 0xff, 0xff, 0x14, 0x00, 0x00, 0x00,
    0x00, 0x00, 0x00, 0x0b, 0x10, 0x00, 0x00, 0x00, 0x14, 0x00, 0x00, 0x00,
    0x07, 0x00, 0x00, 0x00, 0xa0, 0xe4, 0xfd, 0xff, 0x01, 0x00, 0x00, 0x00,
    0x90, 0x01, 0x00, 0x00, 0x02, 0x00, 0x00, 0x00, 0x8c, 0x01, 0x00, 0x00,
    0x8f, 0x01, 0x00, 0x00, 0xca, 0xcd, 0xff, 0xff, 0x14, 0x00, 0x00, 0x00,
    0x00, 0x00, 0x00, 0x15, 0x10, 0x00, 0x00, 0x00, 0x14, 0x00, 0x00, 0x00,
    0x0a, 0x00, 0x00, 0x00, 0xd0, 0xe4, 0xfd, 0xff, 0x01, 0x00, 0x00, 0x00,
    0x8f, 0x01, 0x00, 0x00, 0x02, 0x00, 0x00, 0x00, 0x8a, 0x01, 0x00, 0x00,
    0x8e, 0x01, 0x00, 0x00, 0x02, 0xcd, 0xff, 0xff, 0x0c, 0x00, 0x00, 0x00,
    0x10, 0x00, 0x00, 0x00, 0x0b, 0x00, 0x00, 0x00, 0x01, 0x00, 0x00, 0x00,
    0x8e, 0x01, 0x00, 0x00, 0x01, 0x00, 0x00, 0x00, 0x88, 0x01, 0x00, 0x00,
    0x22, 0xcd, 0xff, 0xff, 0x0c, 0x00, 0x00, 0x00, 0x10, 0x00, 0x00, 0x00,
    0x09, 0x00, 0x00, 0x00, 0x01, 0x00, 0x00, 0x00, 0x8d, 0x01, 0x00, 0x00,
    0x01, 0x00, 0x00, 0x00, 0x89, 0x01, 0x00, 0x00, 0x3a, 0xce, 0xff, 0xff,
    0x14, 0x00, 0x00, 0x00, 0x00, 0x00, 0x00, 0x15, 0x10, 0x00, 0x00, 0x00,
    0x14, 0x00, 0x00, 0x00, 0x0a, 0x00, 0x00, 0x00, 0x40, 0xe5, 0xfd, 0xff,
    0x01, 0x00, 0x00, 0x00, 0x8c, 0x01, 0x00, 0x00, 0x02, 0x00, 0x00, 0x00,
    0x8b, 0x01, 0x00, 0x00, 0x80, 0x01, 0x00, 0x00, 0x72, 0xcd, 0xff, 0xff,
    0x0c, 0x00, 0x00, 0x00, 0x10, 0x00, 0x00, 0x00, 0x09, 0x00, 0x00, 0x00,
    0x01, 0x00, 0x00, 0x00, 0x8b, 0x01, 0x00, 0x00, 0x01, 0x00, 0x00, 0x00,
    0x87, 0x01, 0x00, 0x00, 0x92, 0xcd, 0xff, 0xff, 0x0c, 0x00, 0x00, 0x00,
    0x10, 0x00, 0x00, 0x00, 0x09, 0x00, 0x00, 0x00, 0x01, 0x00, 0x00, 0x00,
    0x8a, 0x01, 0x00, 0x00, 0x01, 0x00, 0x00, 0x00, 0x86, 0x01, 0x00, 0x00,
    0xaa, 0xce, 0xff, 0xff, 0x14, 0x00, 0x00, 0x00, 0x00, 0x00, 0x00, 0x23,
    0x14, 0x00, 0x00, 0x00, 0x24, 0x00, 0x00, 0x00, 0x08, 0x00, 0x00, 0x00,
    0x66, 0xce, 0xff, 0xff, 0x04, 0x00, 0x00, 0x00, 0x04, 0x00, 0x00, 0x00,
    0x86, 0x01, 0x00, 0x00, 0x87, 0x01, 0x00, 0x00, 0x88, 0x01, 0x00, 0x00,
    0x89, 0x01, 0x00, 0x00, 0x02, 0x00, 0x00, 0x00, 0x05, 0x00, 0x00, 0x00,
    0x85, 0x01, 0x00, 0x00, 0xea, 0xce, 0xff, 0xff, 0x14, 0x00, 0x00, 0x00,
    0x00, 0x00, 0x00, 0x0b, 0x10, 0x00, 0x00, 0x00, 0x14, 0x00, 0x00, 0x00,
    0x07, 0x00, 0x00, 0x00, 0xf0, 0xe5, 0xfd, 0xff, 0x01, 0x00, 0x00, 0x00,
    0x85, 0x01, 0x00, 0x00, 0x02, 0x00, 0x00, 0x00, 0x84, 0x01, 0x00, 0x00,
    0x0a, 0x00, 0x00, 0x00, 0x1a, 0xcf, 0xff, 0xff, 0x14, 0x00, 0x00, 0x00,
    0x00, 0x00, 0x00, 0x0b, 0x10, 0x00, 0x00, 0x00, 0x14, 0x00, 0x00, 0x00,
    0x07, 0x00, 0x00, 0x00, 0x20, 0xe6, 0xfd, 0xff, 0x01, 0x00, 0x00, 0x00,
    0x84, 0x01, 0x00, 0x00, 0x02, 0x00, 0x00, 0x00, 0x64, 0x00, 0x00, 0x00,
    0x83, 0x01, 0x00, 0x00, 0x4a, 0xcf, 0xff, 0xff, 0x14, 0x00, 0x00, 0x00,
    0x00, 0x00, 0x00, 0x08, 0x10, 0x00, 0x00, 0x00, 0x14, 0x00, 0x00, 0x00,
    0x06, 0x00, 0x00, 0x00, 0x50, 0xe6, 0xfd, 0xff, 0x01, 0x00, 0x00, 0x00,
    0x83, 0x01, 0x00, 0x00, 0x03, 0x00, 0x00, 0x00, 0x82, 0x01, 0x00, 0x00,
    0x0c, 0x00, 0x00, 0x00, 0xff, 0xff, 0xff, 0xff, 0x7e, 0xcf, 0xff, 0xff,
    0x14, 0x00, 0x00, 0x00, 0x00, 0x00, 0x00, 0x15, 0x10, 0x00, 0x00, 0x00,
    0x14, 0x00, 0x00, 0x00, 0x0a, 0x00, 0x00, 0x00, 0x84, 0xe6, 0xfd, 0xff,
    0x01, 0x00, 0x00, 0x00, 0x82, 0x01, 0x00, 0x00, 0x02, 0x00, 0x00, 0x00,
    0x7d, 0x01, 0x00, 0x00, 0x81, 0x01, 0x00, 0x00, 0xb6, 0xce, 0xff, 0xff,
    0x0c, 0x00, 0x00, 0x00, 0x10, 0x00, 0x00, 0x00, 0x0b, 0x00, 0x00, 0x00,
    0x01, 0x00, 0x00, 0x00, 0x81, 0x01, 0x00, 0x00, 0x01, 0x00, 0x00, 0x00,
    0x80, 0x01, 0x00, 0x00, 0xce, 0xcf, 0xff, 0xff, 0x14, 0x00, 0x00, 0x00,
    0x00, 0x00, 0x00, 0x0b, 0x10, 0x00, 0x00, 0x00, 0x14, 0x00, 0x00, 0x00,
    0x07, 0x00, 0x00, 0x00, 0xd4, 0xe6, 0xfd, 0xff, 0x01, 0x00, 0x00, 0x00,
    0x80, 0x01, 0x00, 0x00, 0x02, 0x00, 0x00, 0x00, 0x7c, 0x01, 0x00, 0x00,
    0x7f, 0x01, 0x00, 0x00, 0xfe, 0xcf, 0xff, 0xff, 0x14, 0x00, 0x00, 0x00,
    0x00, 0x00, 0x00, 0x15, 0x10, 0x00, 0x00, 0x00, 0x14, 0x00, 0x00, 0x00,
    0x0a, 0x00, 0x00, 0x00, 0x04, 0xe7, 0xfd, 0xff, 0x01, 0x00, 0x00, 0x00,
    0x7f, 0x01, 0x00, 0x00, 0x02, 0x00, 0x00, 0x00, 0x7a, 0x01, 0x00, 0x00,
    0x7e, 0x01, 0x00, 0x00, 0x36, 0xcf, 0xff, 0xff, 0x0c, 0x00, 0x00, 0x00,
    0x10, 0x00, 0x00, 0x00, 0x0b, 0x00, 0x00, 0x00, 0x01, 0x00, 0x00, 0x00,
    0x7e, 0x01, 0x00, 0x00, 0x01, 0x00, 0x00, 0x00, 0x78, 0x01, 0x00, 0x00,
    0x56, 0xcf, 0xff, 0xff, 0x0c, 0x00, 0x00, 0x00, 0x10, 0x00, 0x00, 0x00,
    0x09, 0x00, 0x00, 0x00, 0x01, 0x00, 0x00, 0x00, 0x7d, 0x01, 0x00, 0x00,
    0x01, 0x00, 0x00, 0x00, 0x79, 0x01, 0x00, 0x00, 0x6e, 0xd0, 0xff, 0xff,
    0x14, 0x00, 0x00, 0x00, 0x00, 0x00, 0x00, 0x15, 0x10, 0x00, 0x00, 0x00,
    0x14, 0x00, 0x00, 0x00, 0x0a, 0x00, 0x00, 0x00, 0x74, 0xe7, 0xfd, 0xff,
    0x01, 0x00, 0x00, 0x00, 0x7c, 0x01, 0x00, 0x00, 0x02, 0x00, 0x00, 0x00,
    0x7b, 0x01, 0x00, 0x00, 0x70, 0x01, 0x00, 0x00, 0xa6, 0xcf, 0xff, 0xff,
    0x0c, 0x00, 0x00, 0x00, 0x10, 0x00, 0x00, 0x00, 0x09, 0x00, 0x00, 0x00,
    0x01, 0x00, 0x00, 0x00, 0x7b, 0x01, 0x00, 0x00, 0x01, 0x00, 0x00, 0x00,
    0x77, 0x01, 0x00, 0x00, 0xc6, 0xcf, 0xff, 0xff, 0x0c, 0x00, 0x00, 0x00,
    0x10, 0x00, 0x00, 0x00, 0x09, 0x00, 0x00, 0x00, 0x01, 0x00, 0x00, 0x00,
    0x7a, 0x01, 0x00, 0x00, 0x01, 0x00, 0x00, 0x00, 0x76, 0x01, 0x00, 0x00,
    0xde, 0xd0, 0xff, 0xff, 0x14, 0x00, 0x00, 0x00, 0x00, 0x00, 0x00, 0x23,
    0x14, 0x00, 0x00, 0x00, 0x24, 0x00, 0x00, 0x00, 0x08, 0x00, 0x00, 0x00,
    0x9a, 0xd0, 0xff, 0xff, 0x04, 0x00, 0x00, 0x00, 0x04, 0x00, 0x00, 0x00,
    0x76, 0x01, 0x00, 0x00, 0x77, 0x01, 0x00, 0x00, 0x78, 0x01, 0x00, 0x00,
    0x79, 0x01, 0x00, 0x00, 0x02, 0x00, 0x00, 0x00, 0x05, 0x00, 0x00, 0x00,
    0x75, 0x01, 0x00, 0x00, 0x1e, 0xd1, 0xff, 0xff, 0x14, 0x00, 0x00, 0x00,
    0x00, 0x00, 0x00, 0x0b, 0x10, 0x00, 0x00, 0x00, 0x14, 0x00, 0x00, 0x00,
    0x07, 0x00, 0x00, 0x00, 0x24, 0xe8, 0xfd, 0xff, 0x01, 0x00, 0x00, 0x00,
    0x75, 0x01, 0x00, 0x00, 0x02, 0x00, 0x00, 0x00, 0x74, 0x01, 0x00, 0x00,
    0x0a, 0x00, 0x00, 0x00, 0x4e, 0xd1, 0xff, 0xff, 0x14, 0x00, 0x00, 0x00,
    0x00, 0x00, 0x00, 0x0b, 0x10, 0x00, 0x00, 0x00, 0x14, 0x00, 0x00, 0x00,
    0x07, 0x00, 0x00, 0x00, 0x54, 0xe8, 0xfd, 0xff, 0x01, 0x00, 0x00, 0x00,
    0x74, 0x01, 0x00, 0x00, 0x02, 0x00, 0x00, 0x00, 0x63, 0x00, 0x00, 0x00,
    0x73, 0x01, 0x00, 0x00, 0x7e, 0xd1, 0xff, 0xff, 0x14, 0x00, 0x00, 0x00,
    0x00, 0x00, 0x00, 0x08, 0x10, 0x00, 0x00, 0x00, 0x14, 0x00, 0x00, 0x00,
    0x06, 0x00, 0x00, 0x00, 0x84, 0xe8, 0xfd, 0xff, 0x01, 0x00, 0x00, 0x00,
    0x73, 0x01, 0x00, 0x00, 0x03, 0x00, 0x00, 0x00, 0x72, 0x01, 0x00, 0x00,
    0x0c, 0x00, 0x00, 0x00, 0xff, 0xff, 0xff, 0xff, 0xb2, 0xd1, 0xff, 0xff,
    0x14, 0x00, 0x00, 0x00, 0x00, 0x00, 0x00, 0x15, 0x10, 0x00, 0x00, 0x00,
    0x14, 0x00, 0x00, 0x00, 0x0a, 0x00, 0x00, 0x00, 0xb8, 0xe8, 0xfd, 0xff,
    0x01, 0x00, 0x00, 0x00, 0x72, 0x01, 0x00, 0x00, 0x02, 0x00, 0x00, 0x00,
    0x6d, 0x01, 0x00, 0x00, 0x71, 0x01, 0x00, 0x00, 0xea, 0xd0, 0xff, 0xff,
    0x0c, 0x00, 0x00, 0x00, 0x10, 0x00, 0x00, 0x00, 0x0b, 0x00, 0x00, 0x00,
    0x01, 0x00, 0x00, 0x00, 0x71, 0x01, 0x00, 0x00, 0x01, 0x00, 0x00, 0x00,
    0x70, 0x01, 0x00, 0x00, 0x02, 0xd2, 0xff, 0xff, 0x14, 0x00, 0x00, 0x00,
    0x00, 0x00, 0x00, 0x0b, 0x10, 0x00, 0x00, 0x00, 0x14, 0x00, 0x00, 0x00,
    0x07, 0x00, 0x00, 0x00, 0x08, 0xe9, 0xfd, 0xff, 0x01, 0x00, 0x00, 0x00,
    0x70, 0x01, 0x00, 0x00, 0x02, 0x00, 0x00, 0x00, 0x6c, 0x01, 0x00, 0x00,
    0x6f, 0x01, 0x00, 0x00, 0x32, 0xd2, 0xff, 0xff, 0x14, 0x00, 0x00, 0x00,
    0x00, 0x00, 0x00, 0x15, 0x10, 0x00, 0x00, 0x00, 0x14, 0x00, 0x00, 0x00,
    0x0a, 0x00, 0x00, 0x00, 0x38, 0xe9, 0xfd, 0xff, 0x01, 0x00, 0x00, 0x00,
    0x6f, 0x01, 0x00, 0x00, 0x02, 0x00, 0x00, 0x00, 0x6a, 0x01, 0x00, 0x00,
    0x6e, 0x01, 0x00, 0x00, 0x6a, 0xd1, 0xff, 0xff, 0x0c, 0x00, 0x00, 0x00,
    0x10, 0x00, 0x00, 0x00, 0x0b, 0x00, 0x00, 0x00, 0x01, 0x00, 0x00, 0x00,
    0x6e, 0x01, 0x00, 0x00, 0x01, 0x00, 0x00, 0x00, 0x68, 0x01, 0x00, 0x00,
    0x8a, 0xd1, 0xff, 0xff, 0x0c, 0x00, 0x00, 0x00, 0x10, 0x00, 0x00, 0x00,
    0x09, 0x00, 0x00, 0x00, 0x01, 0x00, 0x00, 0x00, 0x6d, 0x01, 0x00, 0x00,
    0x01, 0x00, 0x00, 0x00, 0x69, 0x01, 0x00, 0x00, 0xa2, 0xd2, 0xff, 0xff,
    0x14, 0x00, 0x00, 0x00, 0x00, 0x00, 0x00, 0x15, 0x10, 0x00, 0x00, 0x00,
    0x14, 0x00, 0x00, 0x00, 0x0a, 0x00, 0x00, 0x00, 0xa8, 0xe9, 0xfd, 0xff,
    0x01, 0x00, 0x00, 0x00, 0x6c, 0x01, 0x00, 0x00, 0x02, 0x00, 0x00, 0x00,
    0x6b, 0x01, 0x00, 0x00, 0x60, 0x01, 0x00, 0x00, 0xda, 0xd1, 0xff, 0xff,
    0x0c, 0x00, 0x00, 0x00, 0x10, 0x00, 0x00, 0x00, 0x09, 0x00, 0x00, 0x00,
    0x01, 0x00, 0x00, 0x00, 0x6b, 0x01, 0x00, 0x00, 0x01, 0x00, 0x00, 0x00,
    0x67, 0x01, 0x00, 0x00, 0xfa, 0xd1, 0xff, 0xff, 0x0c, 0x00, 0x00, 0x00,
    0x10, 0x00, 0x00, 0x00, 0x09, 0x00, 0x00, 0x00, 0x01, 0x00, 0x00, 0x00,
    0x6a, 0x01, 0x00, 0x00, 0x01, 0x00, 0x00, 0x00, 0x66, 0x01, 0x00, 0x00,
    0x12, 0xd3, 0xff, 0xff, 0x14, 0x00, 0x00, 0x00, 0x00, 0x00, 0x00, 0x23,
    0x14, 0x00, 0x00, 0x00, 0x24, 0x00, 0x00, 0x00, 0x08, 0x00, 0x00, 0x00,
    0xce, 0xd2, 0xff, 0xff, 0x04, 0x00, 0x00, 0x00, 0x04, 0x00, 0x00, 0x00,
    0x66, 0x01, 0x00, 0x00, 0x67, 0x01, 0x00, 0x00, 0x68, 0x01, 0x00, 0x00,
    0x69, 0x01, 0x00, 0x00, 0x02, 0x00, 0x00, 0x00, 0x05, 0x00, 0x00, 0x00,
    0x65, 0x01, 0x00, 0x00, 0x52, 0xd3, 0xff, 0xff, 0x14, 0x00, 0x00, 0x00,
    0x00, 0x00, 0x00, 0x0b, 0x10, 0x00, 0x00, 0x00, 0x14, 0x00, 0x00, 0x00,
    0x07, 0x00, 0x00, 0x00, 0x58, 0xea, 0xfd, 0xff, 0x01, 0x00, 0x00, 0x00,
    0x65, 0x01, 0x00, 0x00, 0x02, 0x00, 0x00, 0x00, 0x64, 0x01, 0x00, 0x00,
    0x0a, 0x00, 0x00, 0x00, 0x82, 0xd3, 0xff, 0xff, 0x14, 0x00, 0x00, 0x00,
    0x00, 0x00, 0x00, 0x0b, 0x10, 0x00, 0x00, 0x00, 0x14, 0x00, 0x00, 0x00,
    0x07, 0x00, 0x00, 0x00, 0x88, 0xea, 0xfd, 0xff, 0x01, 0x00, 0x00, 0x00,
    0x64, 0x01, 0x00, 0x00, 0x02, 0x00, 0x00, 0x00, 0x62, 0x00, 0x00, 0x00,
    0x63, 0x01, 0x00, 0x00, 0xb2, 0xd3, 0xff, 0xff, 0x14, 0x00, 0x00, 0x00,
    0x00, 0x00, 0x00, 0x08, 0x10, 0x00, 0x00, 0x00, 0x14, 0x00, 0x00, 0x00,
    0x06, 0x00, 0x00, 0x00, 0xb8, 0xea, 0xfd, 0xff, 0x01, 0x00, 0x00, 0x00,
    0x63, 0x01, 0x00, 0x00, 0x03, 0x00, 0x00, 0x00, 0x62, 0x01, 0x00, 0x00,
    0x0c, 0x00, 0x00, 0x00, 0xff, 0xff, 0xff, 0xff, 0xe6, 0xd3, 0xff, 0xff,
    0x14, 0x00, 0x00, 0x00, 0x00, 0x00, 0x00, 0x15, 0x10, 0x00, 0x00, 0x00,
    0x14, 0x00, 0x00, 0x00, 0x0a, 0x00, 0x00, 0x00, 0xec, 0xea, 0xfd, 0xff,
    0x01, 0x00, 0x00, 0x00, 0x62, 0x01, 0x00, 0x00, 0x02, 0x00, 0x00, 0x00,
    0x5d, 0x01, 0x00, 0x00, 0x61, 0x01, 0x00, 0x00, 0x1e, 0xd3, 0xff, 0xff,
    0x0c, 0x00, 0x00, 0x00, 0x10, 0x00, 0x00, 0x00, 0x0b, 0x00, 0x00, 0x00,
    0x01, 0x00, 0x00, 0x00, 0x61, 0x01, 0x00, 0x00, 0x01, 0x00, 0x00, 0x00,
    0x60, 0x01, 0x00, 0x00, 0x36, 0xd4, 0xff, 0xff, 0x14, 0x00, 0x00, 0x00,
    0x00, 0x00, 0x00, 0x0b, 0x10, 0x00, 0x00, 0x00, 0x14, 0x00, 0x00, 0x00,
    0x07, 0x00, 0x00, 0x00, 0x3c, 0xeb, 0xfd, 0xff, 0x01, 0x00, 0x00, 0x00,
    0x60, 0x01, 0x00, 0x00, 0x02, 0x00, 0x00, 0x00, 0x5c, 0x01, 0x00, 0x00,
    0x5f, 0x01, 0x00, 0x00, 0x66, 0xd4, 0xff, 0xff, 0x14, 0x00, 0x00, 0x00,
    0x00, 0x00, 0x00, 0x15, 0x10, 0x00, 0x00, 0x00, 0x14, 0x00, 0x00, 0x00,
    0x0a, 0x00, 0x00, 0x00, 0x6c, 0xeb, 0xfd, 0xff, 0x01, 0x00, 0x00, 0x00,
    0x5f, 0x01, 0x00, 0x00, 0x02, 0x00, 0x00, 0x00, 0x5a, 0x01, 0x00, 0x00,
    0x5e, 0x01, 0x00, 0x00, 0x9e, 0xd3, 0xff, 0xff, 0x0c, 0x00, 0x00, 0x00,
    0x10, 0x00, 0x00, 0x00, 0x0b, 0x00, 0x00, 0x00, 0x01, 0x00, 0x00, 0x00,
    0x5e, 0x01, 0x00, 0x00, 0x01, 0x00, 0x00, 0x00, 0x58, 0x01, 0x00, 0x00,
    0xbe, 0xd3, 0xff, 0xff, 0x0c, 0x00, 0x00, 0x00, 0x10, 0x00, 0x00, 0x00,
    0x09, 0x00, 0x00, 0x00, 0x01, 0x00, 0x00, 0x00, 0x5d, 0x01, 0x00, 0x00,
    0x01, 0x00, 0x00, 0x00, 0x59, 0x01, 0x00, 0x00, 0xd6, 0xd4, 0xff, 0xff,
    0x14, 0x00, 0x00, 0x00, 0x00, 0x00, 0x00, 0x15, 0x10, 0x00, 0x00, 0x00,
    0x14, 0x00, 0x00, 0x00, 0x0a, 0x00, 0x00, 0x00, 0xdc, 0xeb, 0xfd, 0xff,
    0x01, 0x00, 0x00, 0x00, 0x5c, 0x01, 0x00, 0x00, 0x02, 0x00, 0x00, 0x00,
    0x5b, 0x01, 0x00, 0x00, 0x50, 0x01, 0x00, 0x00, 0x0e, 0xd4, 0xff, 0xff,
    0x0c, 0x00, 0x00, 0x00, 0x10, 0x00, 0x00, 0x00, 0x09, 0x00, 0x00, 0x00,
    0x01, 0x00, 0x00, 0x00, 0x5b, 0x01, 0x00, 0x00, 0x01, 0x00, 0x00, 0x00,
    0x57, 0x01, 0x00, 0x00, 0x2e, 0xd4, 0xff, 0xff, 0x0c, 0x00, 0x00, 0x00,
    0x10, 0x00, 0x00, 0x00, 0x09, 0x00, 0x00, 0x00, 0x01, 0x00, 0x00, 0x00,
    0x5a, 0x01, 0x00, 0x00, 0x01, 0x00, 0x00, 0x00, 0x56, 0x01, 0x00, 0x00,
    0x46, 0xd5, 0xff, 0xff, 0x14, 0x00, 0x00, 0x00, 0x00, 0x00, 0x00, 0x23,
    0x14, 0x00, 0x00, 0x00, 0x24, 0x00, 0x00, 0x00, 0x08, 0x00, 0x00, 0x00,
    0x02, 0xd5, 0xff, 0xff, 0x04, 0x00, 0x00, 0x00, 0x04, 0x00, 0x00, 0x00,
    0x56, 0x01, 0x00, 0x00, 0x57, 0x01, 0x00, 0x00, 0x58, 0x01, 0x00, 0x00,
    0x59, 0x01, 0x00, 0x00, 0x02, 0x00, 0x00, 0x00, 0x05, 0x00, 0x00, 0x00,
    0x55, 0x01, 0x00, 0x00, 0x86, 0xd5, 0xff, 0xff, 0x14, 0x00, 0x00, 0x00,
    0x00, 0x00, 0x00, 0x0b, 0x10, 0x00, 0x00, 0x00, 0x14, 0x00, 0x00, 0x00,
    0x07, 0x00, 0x00, 0x00, 0x8c, 0xec, 0xfd, 0xff, 0x01, 0x00, 0x00, 0x00,
    0x55, 0x01, 0x00, 0x00, 0x02, 0x00, 0x00, 0x00, 0x54, 0x01, 0x00, 0x00,
    0x0a, 0x00, 0x00, 0x00, 0xb6, 0xd5, 0xff, 0xff, 0x14, 0x00, 0x00, 0x00,
    0x00, 0x00, 0x00, 0x0b, 0x10, 0x00, 0x00, 0x00, 0x14, 0x00, 0x00, 0x00,
    0x07, 0x00, 0x00, 0x00, 0xbc, 0xec, 0xfd, 0xff, 0x01, 0x00, 0x00, 0x00,
    0x54, 0x01, 0x00, 0x00, 0x02, 0x00, 0x00, 0x00, 0x61, 0x00, 0x00, 0x00,
    0x53, 0x01, 0x00, 0x00, 0xe6, 0xd5, 0xff, 0xff, 0x14, 0x00, 0x00, 0x00,
    0x00, 0x00, 0x00, 0x08, 0x10, 0x00, 0x00, 0x00, 0x14, 0x00, 0x00, 0x00,
    0x06, 0x00, 0x00, 0x00, 0xec, 0xec, 0xfd, 0xff, 0x01, 0x00, 0x00, 0x00,
    0x53, 0x01, 0x00, 0x00, 0x03, 0x00, 0x00, 0x00, 0x52, 0x01, 0x00, 0x00,
    0x0c, 0x00, 0x00, 0x00, 0xff, 0xff, 0xff, 0xff, 0x1a, 0xd6, 0xff, 0xff,
    0x14, 0x00, 0x00, 0x00, 0x00, 0x00, 0x00, 0x15, 0x10, 0x00, 0x00, 0x00,
    0x14, 0x00, 0x00, 0x00, 0x0a, 0x00, 0x00, 0x00, 0x20, 0xed, 0xfd, 0xff,
    0x01, 0x00, 0x00, 0x00, 0x52, 0x01, 0x00, 0x00, 0x02, 0x00, 0x00, 0x00,
    0x4d, 0x01, 0x00, 0x00, 0x51, 0x01, 0x00, 0x00, 0x52, 0xd5, 0xff, 0xff,
    0x0c, 0x00, 0x00, 0x00, 0x10, 0x00, 0x00, 0x00, 0x0b, 0x00, 0x00, 0x00,
    0x01, 0x00, 0x00, 0x00, 0x51, 0x01, 0x00, 0x00, 0x01, 0x00, 0x00, 0x00,
    0x50, 0x01, 0x00, 0x00, 0x6a, 0xd6, 0xff, 0xff, 0x14, 0x00, 0x00, 0x00,
    0x00, 0x00, 0x00, 0x0b, 0x10, 0x00, 0x00, 0x00, 0x14, 0x00, 0x00, 0x00,
    0x07, 0x00, 0x00, 0x00, 0x70, 0xed, 0xfd, 0xff, 0x01, 0x00, 0x00, 0x00,
    0x50, 0x01, 0x00, 0x00, 0x02, 0x00, 0x00, 0x00, 0x4c, 0x01, 0x00, 0x00,
    0x4f, 0x01, 0x00, 0x00, 0x9a, 0xd6, 0xff, 0xff, 0x14, 0x00, 0x00, 0x00,
    0x00, 0x00, 0x00, 0x15, 0x10, 0x00, 0x00, 0x00, 0x14, 0x00, 0x00, 0x00,
    0x0a, 0x00, 0x00, 0x00, 0xa0, 0xed, 0xfd, 0xff, 0x01, 0x00, 0x00, 0x00,
    0x4f, 0x01, 0x00, 0x00, 0x02, 0x00, 0x00, 0x00, 0x4a, 0x01, 0x00, 0x00,
    0x4e, 0x01, 0x00, 0x00, 0xd2, 0xd5, 0xff, 0xff, 0x0c, 0x00, 0x00, 0x00,
    0x10, 0x00, 0x00, 0x00, 0x0b, 0x00, 0x00, 0x00, 0x01, 0x00, 0x00, 0x00,
    0x4e, 0x01, 0x00, 0x00, 0x01, 0x00, 0x00, 0x00, 0x48, 0x01, 0x00, 0x00,
    0xf2, 0xd5, 0xff, 0xff, 0x0c, 0x00, 0x00, 0x00, 0x10, 0x00, 0x00, 0x00,
    0x09, 0x00, 0x00, 0x00, 0x01, 0x00, 0x00, 0x00, 0x4d, 0x01, 0x00, 0x00,
    0x01, 0x00, 0x00, 0x00, 0x49, 0x01, 0x00, 0x00, 0x0a, 0xd7, 0xff, 0xff,
    0x14, 0x00, 0x00, 0x00, 0x00, 0x00, 0x00, 0x15, 0x10, 0x00, 0x00, 0x00,
    0x14, 0x00, 0x00, 0x00, 0x0a, 0x00, 0x00, 0x00, 0x10, 0xee, 0xfd, 0xff,
    0x01, 0x00, 0x00, 0x00, 0x4c, 0x01, 0x00, 0x00, 0x02, 0x00, 0x00, 0x00,
    0x4b, 0x01, 0x00, 0x00, 0x40, 0x01, 0x00, 0x00, 0x42, 0xd6, 0xff, 0xff,
    0x0c, 0x00, 0x00, 0x00, 0x10, 0x00, 0x00, 0x00, 0x09, 0x00, 0x00, 0x00,
    0x01, 0x00, 0x00, 0x00, 0x4b, 0x01, 0x00, 0x00, 0x01, 0x00, 0x00, 0x00,
    0x47, 0x01, 0x00, 0x00, 0x62, 0xd6, 0xff, 0xff, 0x0c, 0x00, 0x00, 0x00,
    0x10, 0x00, 0x00, 0x00, 0x09, 0x00, 0x00, 0x00, 0x01, 0x00, 0x00, 0x00,
    0x4a, 0x01, 0x00, 0x00, 0x01, 0x00, 0x00, 0x00, 0x46, 0x01, 0x00, 0x00,
    0x7a, 0xd7, 0xff, 0xff, 0x14, 0x00, 0x00, 0x00, 0x00, 0x00, 0x00, 0x23,
    0x14, 0x00, 0x00, 0x00, 0x24, 0x00, 0x00, 0x00, 0x08, 0x00, 0x00, 0x00,
    0x36, 0xd7, 0xff, 0xff, 0x04, 0x00, 0x00, 0x00, 0x04, 0x00, 0x00, 0x00,
    0x46, 0x01, 0x00, 0x00, 0x47, 0x01, 0x00, 0x00, 0x48, 0x01, 0x00, 0x00,
    0x49, 0x01, 0x00, 0x00, 0x02, 0x00, 0x00, 0x00, 0x05, 0x00, 0x00, 0x00,
    0x45, 0x01, 0x00, 0x00, 0xba, 0xd7, 0xff, 0xff, 0x14, 0x00, 0x00, 0x00,
    0x00, 0x00, 0x00, 0x0b, 0x10, 0x00, 0x00, 0x00, 0x14, 0x00, 0x00, 0x00,
    0x07, 0x00, 0x00, 0x00, 0xc0, 0xee, 0xfd, 0xff, 0x01, 0x00, 0x00, 0x00,
    0x45, 0x01, 0x00, 0x00, 0x02, 0x00, 0x00, 0x00, 0x44, 0x01, 0x00, 0x00,
    0x0a, 0x00, 0x00, 0x00, 0xea, 0xd7, 0xff, 0xff, 0x14, 0x00, 0x00, 0x00,
    0x00, 0x00, 0x00, 0x0b, 0x10, 0x00, 0x00, 0x00, 0x14, 0x00, 0x00, 0x00,
    0x07, 0x00, 0x00, 0x00, 0xf0, 0xee, 0xfd, 0xff, 0x01, 0x00, 0x00, 0x00,
    0x44, 0x01, 0x00, 0x00, 0x02, 0x00, 0x00, 0x00, 0x60, 0x00, 0x00, 0x00,
    0x43, 0x01, 0x00, 0x00, 0x1a, 0xd8, 0xff, 0xff, 0x14, 0x00, 0x00, 0x00,
    0x00, 0x00, 0x00, 0x08, 0x10, 0x00, 0x00, 0x00, 0x14, 0x00, 0x00, 0x00,
    0x06, 0x00, 0x00, 0x00, 0x20, 0xef, 0xfd, 0xff, 0x01, 0x00, 0x00, 0x00,
    0x43, 0x01, 0x00, 0x00, 0x03, 0x00, 0x00, 0x00, 0x42, 0x01, 0x00, 0x00,
    0x0c, 0x00, 0x00, 0x00, 0xff, 0xff, 0xff, 0xff, 0x4e, 0xd8, 0xff, 0xff,
    0x14, 0x00, 0x00, 0x00, 0x00, 0x00, 0x00, 0x15, 0x10, 0x00, 0x00, 0x00,
    0x14, 0x00, 0x00, 0x00, 0x0a, 0x00, 0x00, 0x00, 0x54, 0xef, 0xfd, 0xff,
    0x01, 0x00, 0x00, 0x00, 0x42, 0x01, 0x00, 0x00, 0x02, 0x00, 0x00, 0x00,
    0x3d, 0x01, 0x00, 0x00, 0x41, 0x01, 0x00, 0x00, 0x86, 0xd7, 0xff, 0xff,
    0x0c, 0x00, 0x00, 0x00, 0x10, 0x00, 0x00, 0x00, 0x0b, 0x00, 0x00, 0x00,
    0x01, 0x00, 0x00, 0x00, 0x41, 0x01, 0x00, 0x00, 0x01, 0x00, 0x00, 0x00,
    0x40, 0x01, 0x00, 0x00, 0x9e, 0xd8, 0xff, 0xff, 0x14, 0x00, 0x00, 0x00,
    0x00, 0x00, 0x00, 0x0b, 0x10, 0x00, 0x00, 0x00, 0x14, 0x00, 0x00, 0x00,
    0x07, 0x00, 0x00, 0x00, 0xa4, 0xef, 0xfd, 0xff, 0x01, 0x00, 0x00, 0x00,
    0x40, 0x01, 0x00, 0x00, 0x02, 0x00, 0x00, 0x00, 0x3c, 0x01, 0x00, 0x00,
    0x3f, 0x01, 0x00, 0x00, 0xce, 0xd8, 0xff, 0xff, 0x14, 0x00, 0x00, 0x00,
    0x00, 0x00, 0x00, 0x15, 0x10, 0x00, 0x00, 0x00, 0x14, 0x00, 0x00, 0x00,
    0x0a, 0x00, 0x00, 0x00, 0xd4, 0xef, 0xfd, 0xff, 0x01, 0x00, 0x00, 0x00,
    0x3f, 0x01, 0x00, 0x00, 0x02, 0x00, 0x00, 0x00, 0x3a, 0x01, 0x00, 0x00,
    0x3e, 0x01, 0x00, 0x00, 0x06, 0xd8, 0xff, 0xff, 0x0c, 0x00, 0x00, 0x00,
    0x10, 0x00, 0x00, 0x00, 0x0b, 0x00, 0x00, 0x00, 0x01, 0x00, 0x00, 0x00,
    0x3e, 0x01, 0x00, 0x00, 0x01, 0x00, 0x00, 0x00, 0x38, 0x01, 0x00, 0x00,
    0x26, 0xd8, 0xff, 0xff, 0x0c, 0x00, 0x00, 0x00, 0x10, 0x00, 0x00, 0x00,
    0x09, 0x00, 0x00, 0x00, 0x01, 0x00, 0x00, 0x00, 0x3d, 0x01, 0x00, 0x00,
    0x01, 0x00, 0x00, 0x00, 0x39, 0x01, 0x00, 0x00, 0x3e, 0xd9, 0xff, 0xff,
    0x14, 0x00, 0x00, 0x00, 0x00, 0x00, 0x00, 0x15, 0x10, 0x00, 0x00, 0x00,
    0x14, 0x00, 0x00, 0x00, 0x0a, 0x00, 0x00, 0x00, 0x44, 0xf0, 0xfd, 0xff,
    0x01, 0x00, 0x00, 0x00, 0x3c, 0x01, 0x00, 0x00, 0x02, 0x00, 0x00, 0x00,
    0x3b, 0x01, 0x00, 0x00, 0x30, 0x01, 0x00, 0x00, 0x76, 0xd8, 0xff, 0xff,
    0x0c, 0x00, 0x00, 0x00, 0x10, 0x00, 0x00, 0x00, 0x09, 0x00, 0x00, 0x00,
    0x01, 0x00, 0x00, 0x00, 0x3b, 0x01, 0x00, 0x00, 0x01, 0x00, 0x00, 0x00,
    0x37, 0x01, 0x00, 0x00, 0x96, 0xd8, 0xff, 0xff, 0x0c, 0x00, 0x00, 0x00,
    0x10, 0x00, 0x00, 0x00, 0x09, 0x00, 0x00, 0x00, 0x01, 0x00, 0x00, 0x00,
    0x3a, 0x01, 0x00, 0x00, 0x01, 0x00, 0x00, 0x00, 0x36, 0x01, 0x00, 0x00,
    0xae, 0xd9, 0xff, 0xff, 0x14, 0x00, 0x00, 0x00, 0x00, 0x00, 0x00, 0x23,
    0x14, 0x00, 0x00, 0x00, 0x24, 0x00, 0x00, 0x00, 0x08, 0x00, 0x00, 0x00,
    0x6a, 0xd9, 0xff, 0xff, 0x04, 0x00, 0x00, 0x00, 0x04, 0x00, 0x00, 0x00,
    0x36, 0x01, 0x00, 0x00, 0x37, 0x01, 0x00, 0x00, 0x38, 0x01, 0x00, 0x00,
    0x39, 0x01, 0x00, 0x00, 0x02, 0x00, 0x00, 0x00, 0x05, 0x00, 0x00, 0x00,
    0x35, 0x01, 0x00, 0x00, 0xee, 0xd9, 0xff, 0xff, 0x14, 0x00, 0x00, 0x00,
    0x00, 0x00, 0x00, 0x0b, 0x10, 0x00, 0x00, 0x00, 0x14, 0x00, 0x00, 0x00,
    0x07, 0x00, 0x00, 0x00, 0xf4, 0xf0, 0xfd, 0xff, 0x01, 0x00, 0x00, 0x00,
    0x35, 0x01, 0x00, 0x00, 0x02, 0x00, 0x00, 0x00, 0x34, 0x01, 0x00, 0x00,
    0x0a, 0x00, 0x00, 0x00, 0x1e, 0xda, 0xff, 0xff, 0x14, 0x00, 0x00, 0x00,
    0x00, 0x00, 0x00, 0x0b, 0x10, 0x00, 0x00, 0x00, 0x14, 0x00, 0x00, 0x00,
    0x07, 0x00, 0x00, 0x00, 0x24, 0xf1, 0xfd, 0xff, 0x01, 0x00, 0x00, 0x00,
    0x34, 0x01, 0x00, 0x00, 0x02, 0x00, 0x00, 0x00, 0x4e, 0x00, 0x00, 0x00,
    0x33, 0x01, 0x00, 0x00, 0x4e, 0xda, 0xff, 0xff, 0x14, 0x00, 0x00, 0x00,
    0x00, 0x00, 0x00, 0x08, 0x10, 0x00, 0x00, 0x00, 0x14, 0x00, 0x00, 0x00,
    0x06, 0x00, 0x00, 0x00, 0x54, 0xf1, 0xfd, 0xff, 0x01, 0x00, 0x00, 0x00,
    0x33, 0x01, 0x00, 0x00, 0x03, 0x00, 0x00, 0x00, 0x32, 0x01, 0x00, 0x00,
    0x0c, 0x00, 0x00, 0x00, 0xff, 0xff, 0xff, 0xff, 0x82, 0xda, 0xff, 0xff,
    0x14, 0x00, 0x00, 0x00, 0x00, 0x00, 0x00, 0x15, 0x10, 0x00, 0x00, 0x00,
    0x14, 0x00, 0x00, 0x00, 0x0a, 0x00, 0x00, 0x00, 0x88, 0xf1, 0xfd, 0xff,
    0x01, 0x00, 0x00, 0x00, 0x32, 0x01, 0x00, 0x00, 0x02, 0x00, 0x00, 0x00,
    0x2d, 0x01, 0x00, 0x00, 0x31, 0x01, 0x00, 0x00, 0xba, 0xd9, 0xff, 0xff,
    0x0c, 0x00, 0x00, 0x00, 0x10, 0x00, 0x00, 0x00, 0x0b, 0x00, 0x00, 0x00,
    0x01, 0x00, 0x00, 0x00, 0x31, 0x01, 0x00, 0x00, 0x01, 0x00, 0x00, 0x00,
    0x30, 0x01, 0x00, 0x00, 0xd2, 0xda, 0xff, 0xff, 0x14, 0x00, 0x00, 0x00,
    0x00, 0x00, 0x00, 0x0b, 0x10, 0x00, 0x00, 0x00, 0x14, 0x00, 0x00, 0x00,
    0x07, 0x00, 0x00, 0x00, 0xd8, 0xf1, 0xfd, 0xff, 0x01, 0x00, 0x00, 0x00,
    0x30, 0x01, 0x00, 0x00, 0x02, 0x00, 0x00, 0x00, 0x2c, 0x01, 0x00, 0x00,
    0x2f, 0x01, 0x00, 0x00, 0x02, 0xdb, 0xff, 0xff, 0x14, 0x00, 0x00, 0x00,
    0x00, 0x00, 0x00, 0x15, 0x10, 0x00, 0x00, 0x00, 0x14, 0x00, 0x00, 0x00,
    0x0a, 0x00, 0x00, 0x00, 0x08, 0xf2, 0xfd, 0xff, 0x01, 0x00, 0x00, 0x00,
    0x2f, 0x01, 0x00, 0x00, 0x02, 0x00, 0x00, 0x00, 0x2a, 0x01, 0x00, 0x00,
    0x2e, 0x01, 0x00, 0x00, 0x3a, 0xda, 0xff, 0xff, 0x0c, 0x00, 0x00, 0x00,
    0x10, 0x00, 0x00, 0x00, 0x0b, 0x00, 0x00, 0x00, 0x01, 0x00, 0x00, 0x00,
    0x2e, 0x01, 0x00, 0x00, 0x01, 0x00, 0x00, 0x00, 0x28, 0x01, 0x00, 0x00,
    0x5a, 0xda, 0xff, 0xff, 0x0c, 0x00, 0x00, 0x00, 0x10, 0x00, 0x00, 0x00,
    0x09, 0x00, 0x00, 0x00, 0x01, 0x00, 0x00, 0x00, 0x2d, 0x01, 0x00, 0x00,
    0x01, 0x00, 0x00, 0x00, 0x29, 0x01, 0x00, 0x00, 0x72, 0xdb, 0xff, 0xff,
    0x14, 0x00, 0x00, 0x00, 0x00, 0x00, 0x00, 0x15, 0x10, 0x00, 0x00, 0x00,
    0x14, 0x00, 0x00, 0x00, 0x0a, 0x00, 0x00, 0x00, 0x78, 0xf2, 0xfd, 0xff,
    0x01, 0x00, 0x00, 0x00, 0x2c, 0x01, 0x00, 0x00, 0x02, 0x00, 0x00, 0x00,
    0x2b, 0x01, 0x00, 0x00, 0x20, 0x01, 0x00, 0x00, 0xaa, 0xda, 0xff, 0xff,
    0x0c, 0x00, 0x00, 0x00, 0x10, 0x00, 0x00, 0x00, 0x09, 0x00, 0x00, 0x00,
    0x01, 0x00, 0x00, 0x00, 0x2b, 0x01, 0x00, 0x00, 0x01, 0x00, 0x00, 0x00,
    0x27, 0x01, 0x00, 0x00, 0xca, 0xda, 0xff, 0xff, 0x0c, 0x00, 0x00, 0x00,
    0x10, 0x00, 0x00, 0x00, 0x09, 0x00, 0x00, 0x00, 0x01, 0x00, 0x00, 0x00,
    0x2a, 0x01, 0x00, 0x00, 0x01, 0x00, 0x00, 0x00, 0x26, 0x01, 0x00, 0x00,
    0xe2, 0xdb, 0xff, 0xff, 0x14, 0x00, 0x00, 0x00, 0x00, 0x00, 0x00, 0x23,
    0x14, 0x00, 0x00, 0x00, 0x24, 0x00, 0x00, 0x00, 0x08, 0x00, 0x00, 0x00,
    0x9e, 0xdb, 0xff, 0xff, 0x04, 0x00, 0x00, 0x00, 0x04, 0x00, 0x00, 0x00,
    0x26, 0x01, 0x00, 0x00, 0x27, 0x01, 0x00, 0x00, 0x28, 0x01, 0x00, 0x00,
    0x29, 0x01, 0x00, 0x00, 0x02, 0x00, 0x00, 0x00, 0x05, 0x00, 0x00, 0x00,
    0x25, 0x01, 0x00, 0x00, 0x22, 0xdc, 0xff, 0xff, 0x14, 0x00, 0x00, 0x00,
    0x00, 0x00, 0x00, 0x0b, 0x10, 0x00, 0x00, 0x00, 0x14, 0x00, 0x00, 0x00,
    0x07, 0x00, 0x00, 0x00, 0x28, 0xf3, 0xfd, 0xff, 0x01, 0x00, 0x00, 0x00,
    0x25, 0x01, 0x00, 0x00, 0x02, 0x00, 0x00, 0x00, 0x24, 0x01, 0x00, 0x00,
    0x0a, 0x00, 0x00, 0x00, 0x52, 0xdc, 0xff, 0xff, 0x14, 0x00, 0x00, 0x00,
    0x00, 0x00, 0x00, 0x0b, 0x10, 0x00, 0x00, 0x00, 0x14, 0x00, 0x00, 0x00,
    0x07, 0x00, 0x00, 0x00, 0x58, 0xf3, 0xfd, 0xff, 0x01, 0x00, 0x00, 0x00,
    0x24, 0x01, 0x00, 0x00, 0x02, 0x00, 0x00, 0x00, 0x4d, 0x00, 0x00, 0x00,
    0x23, 0x01, 0x00, 0x00, 0x82, 0xdc, 0xff, 0xff, 0x14, 0x00, 0x00, 0x00,
    0x00, 0x00, 0x00, 0x08, 0x10, 0x00, 0x00, 0x00, 0x14, 0x00, 0x00, 0x00,
    0x06, 0x00, 0x00, 0x00, 0x88, 0xf3, 0xfd, 0xff, 0x01, 0x00, 0x00, 0x00,
    0x23, 0x01, 0x00, 0x00, 0x03, 0x00, 0x00, 0x00, 0x22, 0x01, 0x00, 0x00,
    0x0c, 0x00, 0x00, 0x00, 0xff, 0xff, 0xff, 0xff, 0xb6, 0xdc, 0xff, 0xff,
    0x14, 0x00, 0x00, 0x00, 0x00, 0x00, 0x00, 0x15, 0x10, 0x00, 0x00, 0x00,
    0x14, 0x00, 0x00, 0x00, 0x0a, 0x00, 0x00, 0x00, 0xbc, 0xf3, 0xfd, 0xff,
    0x01, 0x00, 0x00, 0x00, 0x22, 0x01, 0x00, 0x00, 0x02, 0x00, 0x00, 0x00,
    0x1d, 0x01, 0x00, 0x00, 0x21, 0x01, 0x00, 0x00, 0xee, 0xdb, 0xff, 0xff,
    0x0c, 0x00, 0x00, 0x00, 0x10, 0x00, 0x00, 0x00, 0x0b, 0x00, 0x00, 0x00,
    0x01, 0x00, 0x00, 0x00, 0x21, 0x01, 0x00, 0x00, 0x01, 0x00, 0x00, 0x00,
    0x20, 0x01, 0x00, 0x00, 0x06, 0xdd, 0xff, 0xff, 0x14, 0x00, 0x00, 0x00,
    0x00, 0x00, 0x00, 0x0b, 0x10, 0x00, 0x00, 0x00, 0x14, 0x00, 0x00, 0x00,
    0x07, 0x00, 0x00, 0x00, 0x0c, 0xf4, 0xfd, 0xff, 0x01, 0x00, 0x00, 0x00,
    0x20, 0x01, 0x00, 0x00, 0x02, 0x00, 0x00, 0x00, 0x1c, 0x01, 0x00, 0x00,
    0x1f, 0x01, 0x00, 0x00, 0x36, 0xdd, 0xff, 0xff, 0x14, 0x00, 0x00, 0x00,
    0x00, 0x00, 0x00, 0x15, 0x10, 0x00, 0x00, 0x00, 0x14, 0x00, 0x00, 0x00,
    0x0a, 0x00, 0x00, 0x00, 0x3c, 0xf4, 0xfd, 0xff, 0x01, 0x00, 0x00, 0x00,
    0x1f, 0x01, 0x00, 0x00, 0x02, 0x00, 0x00, 0x00, 0x1a, 0x01, 0x00, 0x00,
    0x1e, 0x01, 0x00, 0x00, 0x6e, 0xdc, 0xff, 0xff, 0x0c, 0x00, 0x00, 0x00,
    0x10, 0x00, 0x00, 0x00, 0x0b, 0x00, 0x00, 0x00, 0x01, 0x00, 0x00, 0x00,
    0x1e, 0x01, 0x00, 0x00, 0x01, 0x00, 0x00, 0x00, 0x18, 0x01, 0x00, 0x00,
    0x8e, 0xdc, 0xff, 0xff, 0x0c, 0x00, 0x00, 0x00, 0x10, 0x00, 0x00, 0x00,
    0x09, 0x00, 0x00, 0x00, 0x01, 0x00, 0x00, 0x00, 0x1d, 0x01, 0x00, 0x00,
    0x01, 0x00, 0x00, 0x00, 0x19, 0x01, 0x00, 0x00, 0xa6, 0xdd, 0xff, 0xff,
    0x14, 0x00, 0x00, 0x00, 0x00, 0x00, 0x00, 0x15, 0x10, 0x00, 0x00, 0x00,
    0x14, 0x00, 0x00, 0x00, 0x0a, 0x00, 0x00, 0x00, 0xac, 0xf4, 0xfd, 0xff,
    0x01, 0x00, 0x00, 0x00, 0x1c, 0x01, 0x00, 0x00, 0x02, 0x00, 0x00, 0x00,
    0x1b, 0x01, 0x00, 0x00, 0x10, 0x01, 0x00, 0x00, 0xde, 0xdc, 0xff, 0xff,
    0x0c, 0x00, 0x00, 0x00, 0x10, 0x00, 0x00, 0x00, 0x09, 0x00, 0x00, 0x00,
    0x01, 0x00, 0x00, 0x00, 0x1b, 0x01, 0x00, 0x00, 0x01, 0x00, 0x00, 0x00,
    0x17, 0x01, 0x00, 0x00, 0xfe, 0xdc, 0xff, 0xff, 0x0c, 0x00, 0x00, 0x00,
    0x10, 0x00, 0x00, 0x00, 0x09, 0x00, 0x00, 0x00, 0x01, 0x00, 0x00, 0x00,
    0x1a, 0x01, 0x00, 0x00, 0x01, 0x00, 0x00, 0x00, 0x16, 0x01, 0x00, 0x00,
    0x16, 0xde, 0xff, 0xff, 0x14, 0x00, 0x00, 0x00, 0x00, 0x00, 0x00, 0x23,
    0x14, 0x00, 0x00, 0x00, 0x24, 0x00, 0x00, 0x00, 0x08, 0x00, 0x00, 0x00,
    0xd2, 0xdd, 0xff, 0xff, 0x04, 0x00, 0x00, 0x00, 0x04, 0x00, 0x00, 0x00,
    0x16, 0x01, 0x00, 0x00, 0x17, 0x01, 0x00, 0x00, 0x18, 0x01, 0x00, 0x00,
    0x19, 0x01, 0x00, 0x00, 0x02, 0x00, 0x00, 0x00, 0x05, 0x00, 0x00, 0x00,
    0x15, 0x01, 0x00, 0x00, 0x56, 0xde, 0xff, 0xff, 0x14, 0x00, 0x00, 0x00,
    0x00, 0x00, 0x00, 0x0b, 0x10, 0x00, 0x00, 0x00, 0x14, 0x00, 0x00, 0x00,
    0x07, 0x00, 0x00, 0x00, 0x5c, 0xf5, 0xfd, 0xff, 0x01, 0x00, 0x00, 0x00,
    0x15, 0x01, 0x00, 0x00, 0x02, 0x00, 0x00, 0x00, 0x14, 0x01, 0x00, 0x00,
    0x0a, 0x00, 0x00, 0x00, 0x86, 0xde, 0xff, 0xff, 0x14, 0x00, 0x00, 0x00,
    0x00, 0x00, 0x00, 0x0b, 0x10, 0x00, 0x00, 0x00, 0x14, 0x00, 0x00, 0x00,
    0x07, 0x00, 0x00, 0x00, 0x8c, 0xf5, 0xfd, 0xff, 0x01, 0x00, 0x00, 0x00,
    0x14, 0x01, 0x00, 0x00, 0x02, 0x00, 0x00, 0x00, 0x4c, 0x00, 0x00, 0x00,
    0x13, 0x01, 0x00, 0x00, 0xb6, 0xde, 0xff, 0xff, 0x14, 0x00, 0x00, 0x00,
    0x00, 0x00, 0x00, 0x08, 0x10, 0x00, 0x00, 0x00, 0x14, 0x00, 0x00, 0x00,
    0x06, 0x00, 0x00, 0x00, 0xbc, 0xf5, 0xfd, 0xff, 0x01, 0x00, 0x00, 0x00,
    0x13, 0x01, 0x00, 0x00, 0x03, 0x00, 0x00, 0x00, 0x12, 0x01, 0x00, 0x00,
    0x0c, 0x00, 0x00, 0x00, 0xff, 0xff, 0xff, 0xff, 0xea, 0xde, 0xff, 0xff,
    0x14, 0x00, 0x00, 0x00, 0x00, 0x00, 0x00, 0x15, 0x10, 0x00, 0x00, 0x00,
    0x14, 0x00, 0x00, 0x00, 0x0a, 0x00, 0x00, 0x00, 0xf0, 0xf5, 0xfd, 0xff,
    0x01, 0x00, 0x00, 0x00, 0x12, 0x01, 0x00, 0x00, 0x02, 0x00, 0x00, 0x00,
    0x0d, 0x01, 0x00, 0x00, 0x11, 0x01, 0x00, 0x00, 0x22, 0xde, 0xff, 0xff,
    0x0c, 0x00, 0x00, 0x00, 0x10, 0x00, 0x00, 0x00, 0x0b, 0x00, 0x00, 0x00,
    0x01, 0x00, 0x00, 0x00, 0x11, 0x01, 0x00, 0x00, 0x01, 0x00, 0x00, 0x00,
    0x10, 0x01, 0x00, 0x00, 0x3a, 0xdf, 0xff, 0xff, 0x14, 0x00, 0x00, 0x00,
    0x00, 0x00, 0x00, 0x0b, 0x10, 0x00, 0x00, 0x00, 0x14, 0x00, 0x00, 0x00,
    0x07, 0x00, 0x00, 0x00, 0x40, 0xf6, 0xfd, 0xff, 0x01, 0x00, 0x00, 0x00,
    0x10, 0x01, 0x00, 0x00, 0x02, 0x00, 0x00, 0x00, 0x0c, 0x01, 0x00, 0x00,
    0x0f, 0x01, 0x00, 0x00, 0x6a, 0xdf, 0xff, 0xff, 0x14, 0x00, 0x00, 0x00,
    0x00, 0x00, 0x00, 0x15, 0x10, 0x00, 0x00, 0x00, 0x14, 0x00, 0x00, 0x00,
    0x0a, 0x00, 0x00, 0x00, 0x70, 0xf6, 0xfd, 0xff, 0x01, 0x00, 0x00, 0x00,
    0x0f, 0x01, 0x00, 0x00, 0x02, 0x00, 0x00, 0x00, 0x0a, 0x01, 0x00, 0x00,
    0x0e, 0x01, 0x00, 0x00, 0xa2, 0xde, 0xff, 0xff, 0x0c, 0x00, 0x00, 0x00,
    0x10, 0x00, 0x00, 0x00, 0x0b, 0x00, 0x00, 0x00, 0x01, 0x00, 0x00, 0x00,
    0x0e, 0x01, 0x00, 0x00, 0x01, 0x00, 0x00, 0x00, 0x08, 0x01, 0x00, 0x00,
    0xc2, 0xde, 0xff, 0xff, 0x0c, 0x00, 0x00, 0x00, 0x10, 0x00, 0x00, 0x00,
    0x09, 0x00, 0x00, 0x00, 0x01, 0x00, 0x00, 0x00, 0x0d, 0x01, 0x00, 0x00,
    0x01, 0x00, 0x00, 0x00, 0x09, 0x01, 0x00, 0x00, 0xda, 0xdf, 0xff, 0xff,
    0x14, 0x00, 0x00, 0x00, 0x00, 0x00, 0x00, 0x15, 0x10, 0x00, 0x00, 0x00,
    0x14, 0x00, 0x00, 0x00, 0x0a, 0x00, 0x00, 0x00, 0xe0, 0xf6, 0xfd, 0xff,
    0x01, 0x00, 0x00, 0x00, 0x0c, 0x01, 0x00, 0x00, 0x02, 0x00, 0x00, 0x00,
    0x0b, 0x01, 0x00, 0x00, 0x00, 0x01, 0x00, 0x00, 0x12, 0xdf, 0xff, 0xff,
    0x0c, 0x00, 0x00, 0x00, 0x10, 0x00, 0x00, 0x00, 0x09, 0x00, 0x00, 0x00,
    0x01, 0x00, 0x00, 0x00, 0x0b, 0x01, 0x00, 0x00, 0x01, 0x00, 0x00, 0x00,
    0x07, 0x01, 0x00, 0x00, 0x32, 0xdf, 0xff, 0xff, 0x0c, 0x00, 0x00, 0x00,
    0x10, 0x00, 0x00, 0x00, 0x09, 0x00, 0x00, 0x00, 0x01, 0x00, 0x00, 0x00,
    0x0a, 0x01, 0x00, 0x00, 0x01, 0x00, 0x00, 0x00, 0x06, 0x01, 0x00, 0x00,
    0x4a, 0xe0, 0xff, 0xff, 0x14, 0x00, 0x00, 0x00, 0x00, 0x00, 0x00, 0x23,
    0x14, 0x00, 0x00, 0x00, 0x24, 0x00, 0x00, 0x00, 0x08, 0x00, 0x00, 0x00,
    0x06, 0xe0, 0xff, 0xff, 0x04, 0x00, 0x00, 0x00, 0x04, 0x00, 0x00, 0x00,
    0x06, 0x01, 0x00, 0x00, 0x07, 0x01, 0x00, 0x00, 0x08, 0x01, 0x00, 0x00,
    0x09, 0x01, 0x00, 0x00, 0x02, 0x00, 0x00, 0x00, 0x05, 0x00, 0x00, 0x00,
    0x05, 0x01, 0x00, 0x00, 0x8a, 0xe0, 0xff, 0xff, 0x14, 0x00, 0x00, 0x00,
    0x00, 0x00, 0x00, 0x0b, 0x10, 0x00, 0x00, 0x00, 0x14, 0x00, 0x00, 0x00,
    0x07, 0x00, 0x00, 0x00, 0x90, 0xf7, 0xfd, 0xff, 0x01, 0x00, 0x00, 0x00,
    0x05, 0x01, 0x00, 0x00, 0x02, 0x00, 0x00, 0x00, 0x04, 0x01, 0x00, 0x00,
    0x0a, 0x00, 0x00, 0x00, 0xba, 0xe0, 0xff, 0xff, 0x14, 0x00, 0x00, 0x00,
    0x00, 0x00, 0x00, 0x0b, 0x10, 0x00, 0x00, 0x00, 0x14, 0x00, 0x00, 0x00,
    0x07, 0x00, 0x00, 0x00, 0xc0, 0xf7, 0xfd, 0xff, 0x01, 0x00, 0x00, 0x00,
    0x04, 0x01, 0x00, 0x00, 0x02, 0x00, 0x00, 0x00, 0x4b, 0x00, 0x00, 0x00,
    0x03, 0x01, 0x00, 0x00, 0xea, 0xe0, 0xff, 0xff, 0x14, 0x00, 0x00, 0x00,
    0x00, 0x00, 0x00, 0x08, 0x10, 0x00, 0x00, 0x00, 0x14, 0x00, 0x00, 0x00,
    0x06, 0x00, 0x00, 0x00, 0xf0, 0xf7, 0xfd, 0xff, 0x01, 0x00, 0x00, 0x00,
    0x03, 0x01, 0x00, 0x00, 0x03, 0x00, 0x00, 0x00, 0x02, 0x01, 0x00, 0x00,
    0x0c, 0x00, 0x00, 0x00, 0xff, 0xff, 0xff, 0xff, 0x1e, 0xe1, 0xff, 0xff,
    0x14, 0x00, 0x00, 0x00, 0x00, 0x00, 0x00, 0x15, 0x10, 0x00, 0x00, 0x00,
    0x14, 0x00, 0x00, 0x00, 0x0a, 0x00, 0x00, 0x00, 0x24, 0xf8, 0xfd, 0xff,
    0x01, 0x00, 0x00, 0x00, 0x02, 0x01, 0x00, 0x00, 0x02, 0x00, 0x00, 0x00,
    0xfd, 0x00, 0x00, 0x00, 0x01, 0x01, 0x00, 0x00, 0x56, 0xe0, 0xff, 0xff,
    0x0c, 0x00, 0x00, 0x00, 0x10, 0x00, 0x00, 0x00, 0x0b, 0x00, 0x00, 0x00,
    0x01, 0x00, 0x00, 0x00, 0x01, 0x01, 0x00, 0x00, 0x01, 0x00, 0x00, 0x00,
    0x00, 0x01, 0x00, 0x00, 0x6e, 0xe1, 0xff, 0xff, 0x14, 0x00, 0x00, 0x00,
    0x00, 0x00, 0x00, 0x0b, 0x10, 0x00, 0x00, 0x00, 0x14, 0x00, 0x00, 0x00,
    0x07, 0x00, 0x00, 0x00, 0x74, 0xf8, 0xfd, 0xff, 0x01, 0x00, 0x00, 0x00,
    0x00, 0x01, 0x00, 0x00, 0x02, 0x00, 0x00, 0x00, 0xfc, 0x00, 0x00, 0x00,
    0xff, 0x00, 0x00, 0x00, 0x9e, 0xe1, 0xff, 0xff, 0x14, 0x00, 0x00, 0x00,
    0x00, 0x00, 0x00, 0x15, 0x10, 0x00, 0x00, 0x00, 0x14, 0x00, 0x00, 0x00,
    0x0a, 0x00, 0x00, 0x00, 0xa4, 0xf8, 0xfd, 0xff, 0x01, 0x00, 0x00, 0x00,
    0xff, 0x00, 0x00, 0x00, 0x02, 0x00, 0x00, 0x00, 0xfa, 0x00, 0x00, 0x00,
    0xfe, 0x00, 0x00, 0x00, 0xd6, 0xe0, 0xff, 0xff, 0x0c, 0x00, 0x00, 0x00,
    0x10, 0x00, 0x00, 0x00, 0x0b, 0x00, 0x00, 0x00, 0x01, 0x00, 0x00, 0x00,
    0xfe, 0x00, 0x00, 0x00, 0x01, 0x00, 0x00, 0x00, 0xf8, 0x00, 0x00, 0x00,
    0xf6, 0xe0, 0xff, 0xff, 0x0c, 0x00, 0x00, 0x00, 0x10, 0x00, 0x00, 0x00,
    0x09, 0x00, 0x00, 0x00, 0x01, 0x00, 0x00, 0x00, 0xfd, 0x00, 0x00, 0x00,
    0x01, 0x00, 0x00, 0x00, 0xf9, 0x00, 0x00, 0x00, 0x0e, 0xe2, 0xff, 0xff,
    0x14, 0x00, 0x00, 0x00, 0x00, 0x00, 0x00, 0x15, 0x10, 0x00, 0x00, 0x00,
    0x14, 0x00, 0x00, 0x00, 0x0a, 0x00, 0x00, 0x00, 0x14, 0xf9, 0xfd, 0xff,
    0x01, 0x00, 0x00, 0x00, 0xfc, 0x00, 0x00, 0x00, 0x02, 0x00, 0x00, 0x00,
    0xfb, 0x00, 0x00, 0x00, 0xf0, 0x00, 0x00, 0x00, 0x46, 0xe1, 0xff, 0xff,
    0x0c, 0x00, 0x00, 0x00, 0x10, 0x00, 0x00, 0x00, 0x09, 0x00, 0x00, 0x00,
    0x01, 0x00, 0x00, 0x00, 0xfb, 0x00, 0x00, 0x00, 0x01, 0x00, 0x00, 0x00,
    0xf7, 0x00, 0x00, 0x00, 0x66, 0xe1, 0xff, 0xff, 0x0c, 0x00, 0x00, 0x00,
    0x10, 0x00, 0x00, 0x00, 0x09, 0x00, 0x00, 0x00, 0x01, 0x00, 0x00, 0x00,
    0xfa, 0x00, 0x00, 0x00, 0x01, 0x00, 0x00, 0x00, 0xf6, 0x00, 0x00, 0x00,
    0x7e, 0xe2, 0xff, 0xff, 0x14, 0x00, 0x00, 0x00, 0x00, 0x00, 0x00, 0x23,
    0x14, 0x00, 0x00, 0x00, 0x24, 0x00, 0x00, 0x00, 0x08, 0x00, 0x00, 0x00,
    0x3a, 0xe2, 0xff, 0xff, 0x04, 0x00, 0x00, 0x00, 0x04, 0x00, 0x00, 0x00,
    0xf6, 0x00, 0x00, 0x00, 0xf7, 0x00, 0x00, 0x00, 0xf8, 0x00, 0x00, 0x00,
    0xf9, 0x00, 0x00, 0x00, 0x02, 0x00, 0x00, 0x00, 0x05, 0x00, 0x00, 0x00,
    0xf5, 0x00, 0x00, 0x00, 0xbe, 0xe2, 0xff, 0xff, 0x14, 0x00, 0x00, 0x00,
    0x00, 0x00, 0x00, 0x0b, 0x10, 0x00, 0x00, 0x00, 0x14, 0x00, 0x00, 0x00,
    0x07, 0x00, 0x00, 0x00, 0xc4, 0xf9, 0xfd, 0xff, 0x01, 0x00, 0x00, 0x00,
    0xf5, 0x00, 0x00, 0x00, 0x02, 0x00, 0x00, 0x00, 0xf4, 0x00, 0x00, 0x00,
    0x0a, 0x00, 0x00, 0x00, 0xee, 0xe2, 0xff, 0xff, 0x14, 0x00, 0x00, 0x00,
    0x00, 0x00, 0x00, 0x0b, 0x10, 0x00, 0x00, 0x00, 0x14, 0x00, 0x00, 0x00,
    0x07, 0x00, 0x00, 0x00, 0xf4, 0xf9, 0xfd, 0xff, 0x01, 0x00, 0x00, 0x00,
    0xf4, 0x00, 0x00, 0x00, 0x02, 0x00, 0x00, 0x00, 0x4a, 0x00, 0x00, 0x00,
    0xf3, 0x00, 0x00, 0x00, 0x1e, 0xe3, 0xff, 0xff, 0x14, 0x00, 0x00, 0x00,
    0x00, 0x00, 0x00, 0x08, 0x10, 0x00, 0x00, 0x00, 0x14, 0x00, 0x00, 0x00,
    0x06, 0x00, 0x00, 0x00, 0x24, 0xfa, 0xfd, 0xff, 0x01, 0x00, 0x00, 0x00,
    0xf3, 0x00, 0x00, 0x00, 0x03, 0x00, 0x00, 0x00, 0xf2, 0x00, 0x00, 0x00,
    0x0c, 0x00, 0x00, 0x00, 0xff, 0xff, 0xff, 0xff, 0x52, 0xe3, 0xff, 0xff,
    0x14, 0x00, 0x00, 0x00, 0x00, 0x00, 0x00, 0x15, 0x10, 0x00, 0x00, 0x00,
    0x14, 0x00, 0x00, 0x00, 0x0a, 0x00, 0x00, 0x00, 0x58, 0xfa, 0xfd, 0xff,
    0x01, 0x00, 0x00, 0x00, 0xf2, 0x00, 0x00, 0x00, 0x02, 0x00, 0x00, 0x00,
    0xed, 0x00, 0x00, 0x00, 0xf1, 0x00, 0x00, 0x00, 0x8a, 0xe2, 0xff, 0xff,
    0x0c, 0x00, 0x00, 0x00, 0x10, 0x00, 0x00, 0x00, 0x0b, 0x00, 0x00, 0x00,
    0x01, 0x00, 0x00, 0x00, 0xf1, 0x00, 0x00, 0x00, 0x01, 0x00, 0x00, 0x00,
    0xf0, 0x00, 0x00, 0x00, 0xa2, 0xe3, 0xff, 0xff, 0x14, 0x00, 0x00, 0x00,
    0x00, 0x00, 0x00, 0x0b, 0x10, 0x00, 0x00, 0x00, 0x14, 0x00, 0x00, 0x00,
    0x07, 0x00, 0x00, 0x00, 0xa8, 0xfa, 0xfd, 0xff, 0x01, 0x00, 0x00, 0x00,
    0xf0, 0x00, 0x00, 0x00, 0x02, 0x00, 0x00, 0x00, 0xec, 0x00, 0x00, 0x00,
    0xef, 0x00, 0x00, 0x00, 0xd2, 0xe3, 0xff, 0xff, 0x14, 0x00, 0x00, 0x00,
    0x00, 0x00, 0x00, 0x15, 0x10, 0x00, 0x00, 0x00, 0x14, 0x00, 0x00, 0x00,
    0x0a, 0x00, 0x00, 0x00, 0xd8, 0xfa, 0xfd, 0xff, 0x01, 0x00, 0x00, 0x00,
    0xef, 0x00, 0x00, 0x00, 0x02, 0x00, 0x00, 0x00, 0xea, 0x00, 0x00, 0x00,
    0xee, 0x00, 0x00, 0x00, 0x0a, 0xe3, 0xff, 0xff, 0x0c, 0x00, 0x00, 0x00,
    0x10, 0x00, 0x00, 0x00, 0x0b, 0x00, 0x00, 0x00, 0x01, 0x00, 0x00, 0x00,
    0xee, 0x00, 0x00, 0x00, 0x01, 0x00, 0x00, 0x00, 0xe8, 0x00, 0x00, 0x00,
    0x2a, 0xe3, 0xff, 0xff, 0x0c, 0x00, 0x00, 0x00, 0x10, 0x00, 0x00, 0x00,
    0x09, 0x00, 0x00, 0x00, 0x01, 0x00, 0x00, 0x00, 0xed, 0x00, 0x00, 0x00,
    0x01, 0x00, 0x00, 0x00, 0xe9, 0x00, 0x00, 0x00, 0x42, 0xe4, 0xff, 0xff,
    0x14, 0x00, 0x00, 0x00, 0x00, 0x00, 0x00, 0x15, 0x10, 0x00, 0x00, 0x00,
    0x14, 0x00, 0x00, 0x00, 0x0a, 0x00, 0x00, 0x00, 0x48, 0xfb, 0xfd, 0xff,
    0x01, 0x00, 0x00, 0x00, 0xec, 0x00, 0x00, 0x00, 0x02, 0x00, 0x00, 0x00,
    0xeb, 0x00, 0x00, 0x00, 0xe0, 0x00, 0x00, 0x00, 0x7a, 0xe3, 0xff, 0xff,
    0x0c, 0x00, 0x00, 0x00, 0x10, 0x00, 0x00, 0x00, 0x09, 0x00, 0x00, 0x00,
    0x01, 0x00, 0x00, 0x00, 0xeb, 0x00, 0x00, 0x00, 0x01, 0x00, 0x00, 0x00,
    0xe7, 0x00, 0x00, 0x00, 0x9a, 0xe3, 0xff, 0xff, 0x0c, 0x00, 0x00, 0x00,
    0x10, 0x00, 0x00, 0x00, 0x09, 0x00, 0x00, 0x00, 0x01, 0x00, 0x00, 0x00,
    0xea, 0x00, 0x00, 0x00, 0x01, 0x00, 0x00, 0x00, 0xe6, 0x00, 0x00, 0x00,
    0xb2, 0xe4, 0xff, 0xff, 0x14, 0x00, 0x00, 0x00, 0x00, 0x00, 0x00, 0x23,
    0x14, 0x00, 0x00, 0x00, 0x24, 0x00, 0x00, 0x00, 0x08, 0x00, 0x00, 0x00,
    0x6e, 0xe4, 0xff, 0xff, 0x04, 0x00, 0x00, 0x00, 0x04, 0x00, 0x00, 0x00,
    0xe6, 0x00, 0x00, 0x00, 0xe7, 0x00, 0x00, 0x00, 0xe8, 0x00, 0x00, 0x00,
    0xe9, 0x00, 0x00, 0x00, 0x02, 0x00, 0x00, 0x00, 0x05, 0x00, 0x00, 0x00,
    0xe5, 0x00, 0x00, 0x00, 0xf2, 0xe4, 0xff, 0xff, 0x14, 0x00, 0x00, 0x00,
    0x00, 0x00, 0x00, 0x0b, 0x10, 0x00, 0x00, 0x00, 0x14, 0x00, 0x00, 0x00,
    0x07, 0x00, 0x00, 0x00, 0xf8, 0xfb, 0xfd, 0xff, 0x01, 0x00, 0x00, 0x00,
    0xe5, 0x00, 0x00, 0x00, 0x02, 0x00, 0x00, 0x00, 0xe4, 0x00, 0x00, 0x00,
    0x0a, 0x00, 0x00, 0x00, 0x22, 0xe5, 0xff, 0xff, 0x14, 0x00, 0x00, 0x00,
    0x00, 0x00, 0x00, 0x0b, 0x10, 0x00, 0x00, 0x00, 0x14, 0x00, 0x00, 0x00,
    0x07, 0x00, 0x00, 0x00, 0x28, 0xfc, 0xfd, 0xff, 0x01, 0x00, 0x00, 0x00,
    0xe4, 0x00, 0x00, 0x00, 0x02, 0x00, 0x00, 0x00, 0x49, 0x00, 0x00, 0x00,
    0xe3, 0x00, 0x00, 0x00, 0x52, 0xe5, 0xff, 0xff, 0x14, 0x00, 0x00, 0x00,
    0x00, 0x00, 0x00, 0x08, 0x10, 0x00, 0x00, 0x00, 0x14, 0x00, 0x00, 0x00,
    0x06, 0x00, 0x00, 0x00, 0x58, 0xfc, 0xfd, 0xff, 0x01, 0x00, 0x00, 0x00,
    0xe3, 0x00, 0x00, 0x00, 0x03, 0x00, 0x00, 0x00, 0xe2, 0x00, 0x00, 0x00,
    0x0c, 0x00, 0x00, 0x00, 0xff, 0xff, 0xff, 0xff, 0x86, 0xe5, 0xff, 0xff,
    0x14, 0x00, 0x00, 0x00, 0x00, 0x00, 0x00, 0x15, 0x10, 0x00, 0x00, 0x00,
    0x14, 0x00, 0x00, 0x00, 0x0a, 0x00, 0x00, 0x00, 0x8c, 0xfc, 0xfd, 0xff,
    0x01, 0x00, 0x00, 0x00, 0xe2, 0x00, 0x00, 0x00, 0x02, 0x00, 0x00, 0x00,
    0xdd, 0x00, 0x00, 0x00, 0xe1, 0x00, 0x00, 0x00, 0xbe, 0xe4, 0xff, 0xff,
    0x0c, 0x00, 0x00, 0x00, 0x10, 0x00, 0x00, 0x00, 0x0b, 0x00, 0x00, 0x00,
    0x01, 0x00, 0x00, 0x00, 0xe1, 0x00, 0x00, 0x00, 0x01, 0x00, 0x00, 0x00,
    0xe0, 0x00, 0x00, 0x00, 0xd6, 0xe5, 0xff, 0xff, 0x14, 0x00, 0x00, 0x00,
    0x00, 0x00, 0x00, 0x0b, 0x10, 0x00, 0x00, 0x00, 0x14, 0x00, 0x00, 0x00,
    0x07, 0x00, 0x00, 0x00, 0xdc, 0xfc, 0xfd, 0xff, 0x01, 0x00, 0x00, 0x00,
    0xe0, 0x00, 0x00, 0x00, 0x02, 0x00, 0x00, 0x00, 0xdc, 0x00, 0x00, 0x00,
    0xdf, 0x00, 0x00, 0x00, 0x06, 0xe6, 0xff, 0xff, 0x14, 0x00, 0x00, 0x00,
    0x00, 0x00, 0x00, 0x15, 0x10, 0x00, 0x00, 0x00, 0x14, 0x00, 0x00, 0x00,
    0x0a, 0x00, 0x00, 0x00, 0x0c, 0xfd, 0xfd, 0xff, 0x01, 0x00, 0x00, 0x00,
    0xdf, 0x00, 0x00, 0x00, 0x02, 0x00, 0x00, 0x00, 0xda, 0x00, 0x00, 0x00,
    0xde, 0x00, 0x00, 0x00, 0x3e, 0xe5, 0xff, 0xff, 0x0c, 0x00, 0x00, 0x00,
    0x10, 0x00, 0x00, 0x00, 0x0b, 0x00, 0x00, 0x00, 0x01, 0x00, 0x00, 0x00,
    0xde, 0x00, 0x00, 0x00, 0x01, 0x00, 0x00, 0x00, 0xd8, 0x00, 0x00, 0x00,
    0x5e, 0xe5, 0xff, 0xff, 0x0c, 0x00, 0x00, 0x00, 0x10, 0x00, 0x00, 0x00,
    0x09, 0x00, 0x00, 0x00, 0x01, 0x00, 0x00, 0x00, 0xdd, 0x00, 0x00, 0x00,
    0x01, 0x00, 0x00, 0x00, 0xd9, 0x00, 0x00, 0x00, 0x76, 0xe6, 0xff, 0xff,
    0x14, 0x00, 0x00, 0x00, 0x00, 0x00, 0x00, 0x15, 0x10, 0x00, 0x00, 0x00,
    0x14, 0x00, 0x00, 0x00, 0x0a, 0x00, 0x00, 0x00, 0x7c, 0xfd, 0xfd, 0xff,
    0x01, 0x00, 0x00, 0x00, 0xdc, 0x00, 0x00, 0x00, 0x02, 0x00, 0x00, 0x00,
    0xdb, 0x00, 0x00, 0x00, 0xd0, 0x00, 0x00, 0x00, 0xae, 0xe5, 0xff, 0xff,
    0x0c, 0x00, 0x00, 0x00, 0x10, 0x00, 0x00, 0x00, 0x09, 0x00, 0x00, 0x00,
    0x01, 0x00, 0x00, 0x00, 0xdb, 0x00, 0x00, 0x00, 0x01, 0x00, 0x00, 0x00,
    0xd7, 0x00, 0x00, 0x00, 0xce, 0xe5, 0xff, 0xff, 0x0c, 0x00, 0x00, 0x00,
    0x10, 0x00, 0x00, 0x00, 0x09, 0x00, 0x00, 0x00, 0x01, 0x00, 0x00, 0x00,
    0xda, 0x00, 0x00, 0x00, 0x01, 0x00, 0x00, 0x00, 0xd6, 0x00, 0x00, 0x00,
    0xe6, 0xe6, 0xff, 0xff, 0x14, 0x00, 0x00, 0x00, 0x00, 0x00, 0x00, 0x23,
    0x14, 0x00, 0x00, 0x00, 0x24, 0x00, 0x00, 0x00, 0x08, 0x00, 0x00, 0x00,
    0xa2, 0xe6, 0xff, 0xff, 0x04, 0x00, 0x00, 0x00, 0x04, 0x00, 0x00, 0x00,
    0xd6, 0x00, 0x00, 0x00, 0xd7, 0x00, 0x00, 0x00, 0xd8, 0x00, 0x00, 0x00,
    0xd9, 0x00, 0x00, 0x00, 0x02, 0x00, 0x00, 0x00, 0x05, 0x00, 0x00, 0x00,
    0xd5, 0x00, 0x00, 0x00, 0x26, 0xe7, 0xff, 0xff, 0x14, 0x00, 0x00, 0x00,
    0x00, 0x00, 0x00, 0x0b, 0x10, 0x00, 0x00, 0x00, 0x14, 0x00, 0x00, 0x00,
    0x07, 0x00, 0x00, 0x00, 0x2c, 0xfe, 0xfd, 0xff, 0x01, 0x00, 0x00, 0x00,
    0xd5, 0x00, 0x00, 0x00, 0x02, 0x00, 0x00, 0x00, 0xd4, 0x00, 0x00, 0x00,
    0x0a, 0x00, 0x00, 0x00, 0x56, 0xe7, 0xff, 0xff, 0x14, 0x00, 0x00, 0x00,
    0x00, 0x00, 0x00, 0x0b, 0x10, 0x00, 0x00, 0x00, 0x14, 0x00, 0x00, 0x00,
    0x07, 0x00, 0x00, 0x00, 0x5c, 0xfe, 0xfd, 0xff, 0x01, 0x00, 0x00, 0x00,
    0xd4, 0x00, 0x00, 0x00, 0x02, 0x00, 0x00, 0x00, 0x48, 0x00, 0x00, 0x00,
    0xd3, 0x00, 0x00, 0x00, 0x86, 0xe7, 0xff, 0xff, 0x14, 0x00, 0x00, 0x00,
    0x00, 0x00, 0x00, 0x08, 0x10, 0x00, 0x00, 0x00, 0x14, 0x00, 0x00, 0x00,
    0x06, 0x00, 0x00, 0x00, 0x8c, 0xfe, 0xfd, 0xff, 0x01, 0x00, 0x00, 0x00,
    0xd3, 0x00, 0x00, 0x00, 0x03, 0x00, 0x00, 0x00, 0xd2, 0x00, 0x00, 0x00,
    0x0c, 0x00, 0x00, 0x00, 0xff, 0xff, 0xff, 0xff, 0xba, 0xe7, 0xff, 0xff,
    0x14, 0x00, 0x00, 0x00, 0x00, 0x00, 0x00, 0x15, 0x10, 0x00, 0x00, 0x00,
    0x14, 0x00, 0x00, 0x00, 0x0a, 0x00, 0x00, 0x00, 0xc0, 0xfe, 0xfd, 0xff,
    0x01, 0x00, 0x00, 0x00, 0xd2, 0x00, 0x00, 0x00, 0x02, 0x00, 0x00, 0x00,
    0xcd, 0x00, 0x00, 0x00, 0xd1, 0x00, 0x00, 0x00, 0xf2, 0xe6, 0xff, 0xff,
    0x0c, 0x00, 0x00, 0x00, 0x10, 0x00, 0x00, 0x00, 0x0b, 0x00, 0x00, 0x00,
    0x01, 0x00, 0x00, 0x00, 0xd1, 0x00, 0x00, 0x00, 0x01, 0x00, 0x00, 0x00,
    0xd0, 0x00, 0x00, 0x00, 0x0a, 0xe8, 0xff, 0xff, 0x14, 0x00, 0x00, 0x00,
    0x00, 0x00, 0x00, 0x0b, 0x10, 0x00, 0x00, 0x00, 0x14, 0x00, 0x00, 0x00,
    0x07, 0x00, 0x00, 0x00, 0x10, 0xff, 0xfd, 0xff, 0x01, 0x00, 0x00, 0x00,
    0xd0, 0x00, 0x00, 0x00, 0x02, 0x00, 0x00, 0x00, 0xcc, 0x00, 0x00, 0x00,
    0xcf, 0x00, 0x00, 0x00, 0x3a, 0xe8, 0xff, 0xff, 0x14, 0x00, 0x00, 0x00,
    0x00, 0x00, 0x00, 0x15, 0x10, 0x00, 0x00, 0x00, 0x14, 0x00, 0x00, 0x00,
    0x0a, 0x00, 0x00, 0x00, 0x40, 0xff, 0xfd, 0xff, 0x01, 0x00, 0x00, 0x00,
    0xcf, 0x00, 0x00, 0x00, 0x02, 0x00, 0x00, 0x00, 0xca, 0x00, 0x00, 0x00,
    0xce, 0x00, 0x00, 0x00, 0x72, 0xe7, 0xff, 0xff, 0x0c, 0x00, 0x00, 0x00,
    0x10, 0x00, 0x00, 0x00, 0x0b, 0x00, 0x00, 0x00, 0x01, 0x00, 0x00, 0x00,
    0xce, 0x00, 0x00, 0x00, 0x01, 0x00, 0x00, 0x00, 0xc8, 0x00, 0x00, 0x00,
    0x92, 0xe7, 0xff, 0xff, 0x0c, 0x00, 0x00, 0x00, 0x10, 0x00, 0x00, 0x00,
    0x09, 0x00, 0x00, 0x00, 0x01, 0x00, 0x00, 0x00, 0xcd, 0x00, 0x00, 0x00,
    0x01, 0x00, 0x00, 0x00, 0xc9, 0x00, 0x00, 0x00, 0xaa, 0xe8, 0xff, 0xff,
    0x14, 0x00, 0x00, 0x00, 0x00, 0x00, 0x00, 0x15, 0x10, 0x00, 0x00, 0x00,
    0x14, 0x00, 0x00, 0x00, 0x0a, 0x00, 0x00, 0x00, 0xb0, 0xff, 0xfd, 0xff,
    0x01, 0x00, 0x00, 0x00, 0xcc, 0x00, 0x00, 0x00, 0x02, 0x00, 0x00, 0x00,
    0xcb, 0x00, 0x00, 0x00, 0xc0, 0x00, 0x00, 0x00, 0xe2, 0xe7, 0xff, 0xff,
    0x0c, 0x00, 0x00, 0x00, 0x10, 0x00, 0x00, 0x00, 0x09, 0x00, 0x00, 0x00,
    0x01, 0x00, 0x00, 0x00, 0xcb, 0x00, 0x00, 0x00, 0x01, 0x00, 0x00, 0x00,
    0xc7, 0x00, 0x00, 0x00, 0x02, 0xe8, 0xff, 0xff, 0x0c, 0x00, 0x00, 0x00,
    0x10, 0x00, 0x00, 0x00, 0x09, 0x00, 0x00, 0x00, 0x01, 0x00, 0x00, 0x00,
    0xca, 0x00, 0x00, 0x00, 0x01, 0x00, 0x00, 0x00, 0xc6, 0x00, 0x00, 0x00,
    0x1a, 0xe9, 0xff, 0xff, 0x14, 0x00, 0x00, 0x00, 0x00, 0x00, 0x00, 0x23,
    0x14, 0x00, 0x00, 0x00, 0x24, 0x00, 0x00, 0x00, 0x08, 0x00, 0x00, 0x00,
    0xd6, 0xe8, 0xff, 0xff, 0x04, 0x00, 0x00, 0x00, 0x04, 0x00, 0x00, 0x00,
    0xc6, 0x00, 0x00, 0x00, 0xc7, 0x00, 0x00, 0x00, 0xc8, 0x00, 0x00, 0x00,
    0xc9, 0x00, 0x00, 0x00, 0x02, 0x00, 0x00, 0x00, 0x05, 0x00, 0x00, 0x00,
    0xc5, 0x00, 0x00, 0x00, 0x5a, 0xe9, 0xff, 0xff, 0x14, 0x00, 0x00, 0x00,
    0x00, 0x00, 0x00, 0x0b, 0x10, 0x00, 0x00, 0x00, 0x14, 0x00, 0x00, 0x00,
    0x07, 0x00, 0x00, 0x00, 0x60, 0x00, 0xfe, 0xff, 0x01, 0x00, 0x00, 0x00,
    0xc5, 0x00, 0x00, 0x00, 0x02, 0x00, 0x00, 0x00, 0xc4, 0x00, 0x00, 0x00,
    0x0a, 0x00, 0x00, 0x00, 0x8a, 0xe9, 0xff, 0xff, 0x14, 0x00, 0x00, 0x00,
    0x00, 0x00, 0x00, 0x0b, 0x10, 0x00, 0x00, 0x00, 0x14, 0x00, 0x00, 0x00,
    0x07, 0x00, 0x00, 0x00, 0x90, 0x00, 0xfe, 0xff, 0x01, 0x00, 0x00, 0x00,
    0xc4, 0x00, 0x00, 0x00, 0x02, 0x00, 0x00, 0x00, 0x47, 0x00, 0x00, 0x00,
    0xc3, 0x00, 0x00, 0x00, 0xba, 0xe9, 0xff, 0xff, 0x14, 0x00, 0x00, 0x00,
    0x00, 0x00, 0x00, 0x08, 0x10, 0x00, 0x00, 0x00, 0x14, 0x00, 0x00, 0x00,
    0x06, 0x00, 0x00, 0x00, 0xc0, 0x00, 0xfe, 0xff, 0x01, 0x00, 0x00, 0x00,
    0xc3, 0x00, 0x00, 0x00, 0x03, 0x00, 0x00, 0x00, 0xc2, 0x00, 0x00, 0x00,
    0x0c, 0x00, 0x00, 0x00, 0xff, 0xff, 0xff, 0xff, 0xee, 0xe9, 0xff, 0xff,
    0x14, 0x00, 0x00, 0x00, 0x00, 0x00, 0x00, 0x15, 0x10, 0x00, 0x00, 0x00,
    0x14, 0x00, 0x00, 0x00, 0x0a, 0x00, 0x00, 0x00, 0xf4, 0x00, 0xfe, 0xff,
    0x01, 0x00, 0x00, 0x00, 0xc2, 0x00, 0x00, 0x00, 0x02, 0x00, 0x00, 0x00,
    0xbd, 0x00, 0x00, 0x00, 0xc1, 0x00, 0x00, 0x00, 0x26, 0xe9, 0xff, 0xff,
    0x0c, 0x00, 0x00, 0x00, 0x10, 0x00, 0x00, 0x00, 0x0b, 0x00, 0x00, 0x00,
    0x01, 0x00, 0x00, 0x00, 0xc1, 0x00, 0x00, 0x00, 0x01, 0x00, 0x00, 0x00,
    0xc0, 0x00, 0x00, 0x00, 0x3e, 0xea, 0xff, 0xff, 0x14, 0x00, 0x00, 0x00,
    0x00, 0x00, 0x00, 0x0b, 0x10, 0x00, 0x00, 0x00, 0x14, 0x00, 0x00, 0x00,
    0x07, 0x00, 0x00, 0x00, 0x44, 0x01, 0xfe, 0xff, 0x01, 0x00, 0x00, 0x00,
    0xc0, 0x00, 0x00, 0x00, 0x02, 0x00, 0x00, 0x00, 0xbc, 0x00, 0x00, 0x00,
    0xbf, 0x00, 0x00, 0x00, 0x6e, 0xea, 0xff, 0xff, 0x14, 0x00, 0x00, 0x00,
    0x00, 0x00, 0x00, 0x15, 0x10, 0x00, 0x00, 0x00, 0x14, 0x00, 0x00, 0x00,
    0x0a, 0x00, 0x00, 0x00, 0x74, 0x01, 0xfe, 0xff, 0x01, 0x00, 0x00, 0x00,
    0xbf, 0x00, 0x00, 0x00, 0x02, 0x00, 0x00, 0x00, 0xba, 0x00, 0x00, 0x00,
    0xbe, 0x00, 0x00, 0x00, 0xa6, 0xe9, 0xff, 0xff, 0x0c, 0x00, 0x00, 0x00,
    0x10, 0x00, 0x00, 0x00, 0x0b, 0x00, 0x00, 0x00, 0x01, 0x00, 0x00, 0x00,
    0xbe, 0x00, 0x00, 0x00, 0x01, 0x00, 0x00, 0x00, 0xb8, 0x00, 0x00, 0x00,
    0xc6, 0xe9, 0xff, 0xff, 0x0c, 0x00, 0x00, 0x00, 0x10, 0x00, 0x00, 0x00,
    0x09, 0x00, 0x00, 0x00, 0x01, 0x00, 0x00, 0x00, 0xbd, 0x00, 0x00, 0x00,
    0x01, 0x00, 0x00, 0x00, 0xb9, 0x00, 0x00, 0x00, 0xde, 0xea, 0xff, 0xff,
    0x14, 0x00, 0x00, 0x00, 0x00, 0x00, 0x00, 0x15, 0x10, 0x00, 0x00, 0x00,
    0x14, 0x00, 0x00, 0x00, 0x0a, 0x00, 0x00, 0x00, 0xe4, 0x01, 0xfe, 0xff,
    0x01, 0x00, 0x00, 0x00, 0xbc, 0x00, 0x00, 0x00, 0x02, 0x00, 0x00, 0x00,
    0xbb, 0x00, 0x00, 0x00, 0xb0, 0x00, 0x00, 0x00, 0x16, 0xea, 0xff, 0xff,
    0x0c, 0x00, 0x00, 0x00, 0x10, 0x00, 0x00, 0x00, 0x09, 0x00, 0x00, 0x00,
    0x01, 0x00, 0x00, 0x00, 0xbb, 0x00, 0x00, 0x00, 0x01, 0x00, 0x00, 0x00,
    0xb7, 0x00, 0x00, 0x00, 0x36, 0xea, 0xff, 0xff, 0x0c, 0x00, 0x00, 0x00,
    0x10, 0x00, 0x00, 0x00, 0x09, 0x00, 0x00, 0x00, 0x01, 0x00, 0x00, 0x00,
    0xba, 0x00, 0x00, 0x00, 0x01, 0x00, 0x00, 0x00, 0xb6, 0x00, 0x00, 0x00,
    0x4e, 0xeb, 0xff, 0xff, 0x14, 0x00, 0x00, 0x00, 0x00, 0x00, 0x00, 0x23,
    0x14, 0x00, 0x00, 0x00, 0x24, 0x00, 0x00, 0x00, 0x08, 0x00, 0x00, 0x00,
    0x0a, 0xeb, 0xff, 0xff, 0x04, 0x00, 0x00, 0x00, 0x04, 0x00, 0x00, 0x00,
    0xb6, 0x00, 0x00, 0x00, 0xb7, 0x00, 0x00, 0x00, 0xb8, 0x00, 0x00, 0x00,
    0xb9, 0x00, 0x00, 0x00, 0x02, 0x00, 0x00, 0x00, 0x05, 0x00, 0x00, 0x00,
    0xb5, 0x00, 0x00, 0x00, 0x8e, 0xeb, 0xff, 0xff, 0x14, 0x00, 0x00, 0x00,
    0x00, 0x00, 0x00, 0x0b, 0x10, 0x00, 0x00, 0x00, 0x14, 0x00, 0x00, 0x00,
    0x07, 0x00, 0x00, 0x00, 0x94, 0x02, 0xfe, 0xff, 0x01, 0x00, 0x00, 0x00,
    0xb5, 0x00, 0x00, 0x00, 0x02, 0x00, 0x00, 0x00, 0xb4, 0x00, 0x00, 0x00,
    0x0a, 0x00, 0x00, 0x00, 0xbe, 0xeb, 0xff, 0xff, 0x14, 0x00, 0x00, 0x00,
    0x00, 0x00, 0x00, 0x0b, 0x10, 0x00, 0x00, 0x00, 0x14, 0x00, 0x00, 0x00,
    0x07, 0x00, 0x00, 0x00, 0xc4, 0x02, 0xfe, 0xff, 0x01, 0x00, 0x00, 0x00,
    0xb4, 0x00, 0x00, 0x00, 0x02, 0x00, 0x00, 0x00, 0x46, 0x00, 0x00, 0x00,
    0xb3, 0x00, 0x00, 0x00, 0xee, 0xeb, 0xff, 0xff, 0x14, 0x00, 0x00, 0x00,
    0x00, 0x00, 0x00, 0x08, 0x10, 0x00, 0x00, 0x00, 0x14, 0x00, 0x00, 0x00,
    0x06, 0x00, 0x00, 0x00, 0xf4, 0x02, 0xfe, 0xff, 0x01, 0x00, 0x00, 0x00,
    0xb3, 0x00, 0x00, 0x00, 0x03, 0x00, 0x00, 0x00, 0xb2, 0x00, 0x00, 0x00,
    0x0c, 0x00, 0x00, 0x00, 0xff, 0xff, 0xff, 0xff, 0x22, 0xec, 0xff, 0xff,
    0x14, 0x00, 0x00, 0x00, 0x00, 0x00, 0x00, 0x15, 0x10, 0x00, 0x00, 0x00,
    0x14, 0x00, 0x00, 0x00, 0x0a, 0x00, 0x00, 0x00, 0x28, 0x03, 0xfe, 0xff,
    0x01, 0x00, 0x00, 0x00, 0xb2, 0x00, 0x00, 0x00, 0x02, 0x00, 0x00, 0x00,
    0xad, 0x00, 0x00, 0x00, 0xb1, 0x00, 0x00, 0x00, 0x5a, 0xeb, 0xff, 0xff,
    0x0c, 0x00, 0x00, 0x00, 0x10, 0x00, 0x00, 0x00, 0x0b, 0x00, 0x00, 0x00,
    0x01, 0x00, 0x00, 0x00, 0xb1, 0x00, 0x00, 0x00, 0x01, 0x00, 0x00, 0x00,
    0xb0, 0x00, 0x00, 0x00, 0x72, 0xec, 0xff, 0xff, 0x14, 0x00, 0x00, 0x00,
    0x00, 0x00, 0x00, 0x0b, 0x10, 0x00, 0x00, 0x00, 0x14, 0x00, 0x00, 0x00,
    0x07, 0x00, 0x00, 0x00, 0x78, 0x03, 0xfe, 0xff, 0x01, 0x00, 0x00, 0x00,
    0xb0, 0x00, 0x00, 0x00, 0x02, 0x00, 0x00, 0x00, 0xac, 0x00, 0x00, 0x00,
    0xaf, 0x00, 0x00, 0x00, 0xa2, 0xec, 0xff, 0xff, 0x14, 0x00, 0x00, 0x00,
    0x00, 0x00, 0x00, 0x15, 0x10, 0x00, 0x00, 0x00, 0x14, 0x00, 0x00, 0x00,
    0x0a, 0x00, 0x00, 0x00, 0xa8, 0x03, 0xfe, 0xff, 0x01, 0x00, 0x00, 0x00,
    0xaf, 0x00, 0x00, 0x00, 0x02, 0x00, 0x00, 0x00, 0xaa, 0x00, 0x00, 0x00,
    0xae, 0x00, 0x00, 0x00, 0xda, 0xeb, 0xff, 0xff, 0x0c, 0x00, 0x00, 0x00,
    0x10, 0x00, 0x00, 0x00, 0x0b, 0x00, 0x00, 0x00, 0x01, 0x00, 0x00, 0x00,
    0xae, 0x00, 0x00, 0x00, 0x01, 0x00, 0x00, 0x00, 0xa8, 0x00, 0x00, 0x00,
    0xfa, 0xeb, 0xff, 0xff, 0x0c, 0x00, 0x00, 0x00, 0x10, 0x00, 0x00, 0x00,
    0x09, 0x00, 0x00, 0x00, 0x01, 0x00, 0x00, 0x00, 0xad, 0x00, 0x00, 0x00,
    0x01, 0x00, 0x00, 0x00, 0xa9, 0x00, 0x00, 0x00, 0x12, 0xed, 0xff, 0xff,
    0x14, 0x00, 0x00, 0x00, 0x00, 0x00, 0x00, 0x15, 0x10, 0x00, 0x00, 0x00,
    0x14, 0x00, 0x00, 0x00, 0x0a, 0x00, 0x00, 0x00, 0x18, 0x04, 0xfe, 0xff,
    0x01, 0x00, 0x00, 0x00, 0xac, 0x00, 0x00, 0x00, 0x02, 0x00, 0x00, 0x00,
    0xab, 0x00, 0x00, 0x00, 0xa0, 0x00, 0x00, 0x00, 0x4a, 0xec, 0xff, 0xff,
    0x0c, 0x00, 0x00, 0x00, 0x10, 0x00, 0x00, 0x00, 0x09, 0x00, 0x00, 0x00,
    0x01, 0x00, 0x00, 0x00, 0xab, 0x00, 0x00, 0x00, 0x01, 0x00, 0x00, 0x00,
    0xa7, 0x00, 0x00, 0x00, 0x6a, 0xec, 0xff, 0xff, 0x0c, 0x00, 0x00, 0x00,
    0x10, 0x00, 0x00, 0x00, 0x09, 0x00, 0x00, 0x00, 0x01, 0x00, 0x00, 0x00,
    0xaa, 0x00, 0x00, 0x00, 0x01, 0x00, 0x00, 0x00, 0xa6, 0x00, 0x00, 0x00,
    0x82, 0xed, 0xff, 0xff, 0x14, 0x00, 0x00, 0x00, 0x00, 0x00, 0x00, 0x23,
    0x14, 0x00, 0x00, 0x00, 0x24, 0x00, 0x00, 0x00, 0x08, 0x00, 0x00, 0x00,
    0x3e, 0xed, 0xff, 0xff, 0x04, 0x00, 0x00, 0x00, 0x04, 0x00, 0x00, 0x00,
    0xa6, 0x00, 0x00, 0x00, 0xa7, 0x00, 0x00, 0x00, 0xa8, 0x00, 0x00, 0x00,
    0xa9, 0x00, 0x00, 0x00, 0x02, 0x00, 0x00, 0x00, 0x05, 0x00, 0x00, 0x00,
    0xa5, 0x00, 0x00, 0x00, 0xc2, 0xed, 0xff, 0xff, 0x14, 0x00, 0x00, 0x00,
    0x00, 0x00, 0x00, 0x0b, 0x10, 0x00, 0x00, 0x00, 0x14, 0x00, 0x00, 0x00,
    0x07, 0x00, 0x00, 0x00, 0xc8, 0x04, 0xfe, 0xff, 0x01, 0x00, 0x00, 0x00,
    0xa5, 0x00, 0x00, 0x00, 0x02, 0x00, 0x00, 0x00, 0xa4, 0x00, 0x00, 0x00,
    0x0a, 0x00, 0x00, 0x00, 0xf2, 0xed, 0xff, 0xff, 0x14, 0x00, 0x00, 0x00,
    0x00, 0x00, 0x00, 0x0b, 0x10, 0x00, 0x00, 0x00, 0x14, 0x00, 0x00, 0x00,
    0x07, 0x00, 0x00, 0x00, 0xf8, 0x04, 0xfe, 0xff, 0x01, 0x00, 0x00, 0x00,
    0xa4, 0x00, 0x00, 0x00, 0x02, 0x00, 0x00, 0x00, 0x45, 0x00, 0x00, 0x00,
    0xa3, 0x00, 0x00, 0x00, 0x22, 0xee, 0xff, 0xff, 0x14, 0x00, 0x00, 0x00,
    0x00, 0x00, 0x00, 0x08, 0x10, 0x00, 0x00, 0x00, 0x14, 0x00, 0x00, 0x00,
    0x06, 0x00, 0x00, 0x00, 0x28, 0x05, 0xfe, 0xff, 0x01, 0x00, 0x00, 0x00,
    0xa3, 0x00, 0x00, 0x00, 0x03, 0x00, 0x00, 0x00, 0xa2, 0x00, 0x00, 0x00,
    0x0c, 0x00, 0x00, 0x00, 0xff, 0xff, 0xff, 0xff, 0x56, 0xee, 0xff, 0xff,
    0x14, 0x00, 0x00, 0x00, 0x00, 0x00, 0x00, 0x15, 0x10, 0x00, 0x00, 0x00,
    0x14, 0x00, 0x00, 0x00, 0x0a, 0x00, 0x00, 0x00, 0x5c, 0x05, 0xfe, 0xff,
    0x01, 0x00, 0x00, 0x00, 0xa2, 0x00, 0x00, 0x00, 0x02, 0x00, 0x00, 0x00,
    0x9d, 0x00, 0x00, 0x00, 0xa1, 0x00, 0x00, 0x00, 0x8e, 0xed, 0xff, 0xff,
    0x0c, 0x00, 0x00, 0x00, 0x10, 0x00, 0x00, 0x00, 0x0b, 0x00, 0x00, 0x00,
    0x01, 0x00, 0x00, 0x00, 0xa1, 0x00, 0x00, 0x00, 0x01, 0x00, 0x00, 0x00,
    0xa0, 0x00, 0x00, 0x00, 0xa6, 0xee, 0xff, 0xff, 0x14, 0x00, 0x00, 0x00,
    0x00, 0x00, 0x00, 0x0b, 0x10, 0x00, 0x00, 0x00, 0x14, 0x00, 0x00, 0x00,
    0x07, 0x00, 0x00, 0x00, 0xac, 0x05, 0xfe, 0xff, 0x01, 0x00, 0x00, 0x00,
    0xa0, 0x00, 0x00, 0x00, 0x02, 0x00, 0x00, 0x00, 0x9c, 0x00, 0x00, 0x00,
    0x9f, 0x00, 0x00, 0x00, 0xd6, 0xee, 0xff, 0xff, 0x14, 0x00, 0x00, 0x00,
    0x00, 0x00, 0x00, 0x15, 0x10, 0x00, 0x00, 0x00, 0x14, 0x00, 0x00, 0x00,
    0x0a, 0x00, 0x00, 0x00, 0xdc, 0x05, 0xfe, 0xff, 0x01, 0x00, 0x00, 0x00,
    0x9f, 0x00, 0x00, 0x00, 0x02, 0x00, 0x00, 0x00, 0x9a, 0x00, 0x00, 0x00,
    0x9e, 0x00, 0x00, 0x00, 0x0e, 0xee, 0xff, 0xff, 0x0c, 0x00, 0x00, 0x00,
    0x10, 0x00, 0x00, 0x00, 0x0b, 0x00, 0x00, 0x00, 0x01, 0x00, 0x00, 0x00,
    0x9e, 0x00, 0x00, 0x00, 0x01, 0x00, 0x00, 0x00, 0x98, 0x00, 0x00, 0x00,
    0x2e, 0xee, 0xff, 0xff, 0x0c, 0x00, 0x00, 0x00, 0x10, 0x00, 0x00, 0x00,
    0x09, 0x00, 0x00, 0x00, 0x01, 0x00, 0x00, 0x00, 0x9d, 0x00, 0x00, 0x00,
    0x01, 0x00, 0x00, 0x00, 0x99, 0x00, 0x00, 0x00, 0x46, 0xef, 0xff, 0xff,
    0x14, 0x00, 0x00, 0x00, 0x00, 0x00, 0x00, 0x15, 0x10, 0x00, 0x00, 0x00,
    0x14, 0x00, 0x00, 0x00, 0x0a, 0x00, 0x00, 0x00, 0x4c, 0x06, 0xfe, 0xff,
    0x01, 0x00, 0x00, 0x00, 0x9c, 0x00, 0x00, 0x00, 0x02, 0x00, 0x00, 0x00,
    0x9b, 0x00, 0x00, 0x00, 0x8f, 0x00, 0x00, 0x00, 0x7e, 0xee, 0xff, 0xff,
    0x0c, 0x00, 0x00, 0x00, 0x10, 0x00, 0x00, 0x00, 0x09, 0x00, 0x00, 0x00,
    0x01, 0x00, 0x00, 0x00, 0x9b, 0x00, 0x00, 0x00, 0x01, 0x00, 0x00, 0x00,
    0x97, 0x00, 0x00, 0x00, 0x9e, 0xee, 0xff, 0xff, 0x0c, 0x00, 0x00, 0x00,
    0x10, 0x00, 0x00, 0x00, 0x09, 0x00, 0x00, 0x00, 0x01, 0x00, 0x00, 0x00,
    0x9a, 0x00, 0x00, 0x00, 0x01, 0x00, 0x00, 0x00, 0x96, 0x00, 0x00, 0x00,
    0xb6, 0xef, 0xff, 0xff, 0x14, 0x00, 0x00, 0x00, 0x00, 0x00, 0x00, 0x23,
    0x14, 0x00, 0x00, 0x00, 0x24, 0x00, 0x00, 0x00, 0x08, 0x00, 0x00, 0x00,
    0x72, 0xef, 0xff, 0xff, 0x04, 0x00, 0x00, 0x00, 0x04, 0x00, 0x00, 0x00,
    0x96, 0x00, 0x00, 0x00, 0x97, 0x00, 0x00, 0x00, 0x98, 0x00, 0x00, 0x00,
    0x99, 0x00, 0x00, 0x00, 0x02, 0x00, 0x00, 0x00, 0x05, 0x00, 0x00, 0x00,
    0x95, 0x00, 0x00, 0x00, 0xf6, 0xef, 0xff, 0xff, 0x14, 0x00, 0x00, 0x00,
    0x00, 0x00, 0x00, 0x0b, 0x10, 0x00, 0x00, 0x00, 0x14, 0x00, 0x00, 0x00,
    0x07, 0x00, 0x00, 0x00, 0xfc, 0x06, 0xfe, 0xff, 0x01, 0x00, 0x00, 0x00,
    0x95, 0x00, 0x00, 0x00, 0x02, 0x00, 0x00, 0x00, 0x94, 0x00, 0x00, 0x00,
    0x0a, 0x00, 0x00, 0x00, 0x26, 0xf0, 0xff, 0xff, 0x14, 0x00, 0x00, 0x00,
    0x00, 0x00, 0x00, 0x0b, 0x10, 0x00, 0x00, 0x00, 0x14, 0x00, 0x00, 0x00,
    0x07, 0x00, 0x00, 0x00, 0x2c, 0x07, 0xfe, 0xff, 0x01, 0x00, 0x00, 0x00,
    0x94, 0x00, 0x00, 0x00, 0x02, 0x00, 0x00, 0x00, 0x93, 0x00, 0x00, 0x00,
    0x92, 0x00, 0x00, 0x00, 0x56, 0xf0, 0xff, 0xff, 0x14, 0x00, 0x00, 0x00,
    0x00, 0x00, 0x00, 0x08, 0x10, 0x00, 0x00, 0x00, 0x14, 0x00, 0x00, 0x00,
    0x06, 0x00, 0x00, 0x00, 0x5c, 0x07, 0xfe, 0xff, 0x01, 0x00, 0x00, 0x00,
    0x93, 0x00, 0x00, 0x00, 0x03, 0x00, 0x00, 0x00, 0x15, 0x00, 0x00, 0x00,
    0x0b, 0x00, 0x00, 0x00, 0xff, 0xff, 0xff, 0xff, 0x8a, 0xf0, 0xff, 0xff,
    0x14, 0x00, 0x00, 0x00, 0x00, 0x00, 0x00, 0x08, 0x10, 0x00, 0x00, 0x00,
    0x14, 0x00, 0x00, 0x00, 0x06, 0x00, 0x00, 0x00, 0x90, 0x07, 0xfe, 0xff,
    0x01, 0x00, 0x00, 0x00, 0x92, 0x00, 0x00, 0x00, 0x03, 0x00, 0x00, 0x00,
    0x91, 0x00, 0x00, 0x00, 0x0c, 0x00, 0x00, 0x00, 0xff, 0xff, 0xff, 0xff,
    0xbe, 0xf0, 0xff, 0xff, 0x14, 0x00, 0x00, 0x00, 0x00, 0x00, 0x00, 0x15,
    0x10, 0x00, 0x00, 0x00, 0x14, 0x00, 0x00, 0x00, 0x0a, 0x00, 0x00, 0x00,
    0xc4, 0x07, 0xfe, 0xff, 0x01, 0x00, 0x00, 0x00, 0x91, 0x00, 0x00, 0x00,
    0x02, 0x00, 0x00, 0x00, 0x8c, 0x00, 0x00, 0x00, 0x90, 0x00, 0x00, 0x00,
    0xf6, 0xef, 0xff, 0xff, 0x0c, 0x00, 0x00, 0x00, 0x10, 0x00, 0x00, 0x00,
    0x0b, 0x00, 0x00, 0x00, 0x01, 0x00, 0x00, 0x00, 0x90, 0x00, 0x00, 0x00,
    0x01, 0x00, 0x00, 0x00, 0x8f, 0x00, 0x00, 0x00, 0x0e, 0xf1, 0xff, 0xff,
    0x14, 0x00, 0x00, 0x00, 0x00, 0x00, 0x00, 0x0b, 0x10, 0x00, 0x00, 0x00,
    0x14, 0x00, 0x00, 0x00, 0x07, 0x00, 0x00, 0x00, 0x14, 0x08, 0xfe, 0xff,
    0x01, 0x00, 0x00, 0x00, 0x8f, 0x00, 0x00, 0x00, 0x02, 0x00, 0x00, 0x00,
    0x8b, 0x00, 0x00, 0x00, 0x8e, 0x00, 0x00, 0x00, 0x3e, 0xf1, 0xff, 0xff,
    0x14, 0x00, 0x00, 0x00, 0x00, 0x00, 0x00, 0x15, 0x10, 0x00, 0x00, 0x00,
    0x14, 0x00, 0x00, 0x00, 0x0a, 0x00, 0x00, 0x00, 0x44, 0x08, 0xfe, 0xff,
    0x01, 0x00, 0x00, 0x00, 0x8e, 0x00, 0x00, 0x00, 0x02, 0x00, 0x00, 0x00,
    0x89, 0x00, 0x00, 0x00, 0x8d, 0x00, 0x00, 0x00, 0x76, 0xf0, 0xff, 0xff,
    0x0c, 0x00, 0x00, 0x00, 0x10, 0x00, 0x00, 0x00, 0x0b, 0x00, 0x00, 0x00,
    0x01, 0x00, 0x00, 0x00, 0x8d, 0x00, 0x00, 0x00, 0x01, 0x00, 0x00, 0x00,
    0x87, 0x00, 0x00, 0x00, 0x96, 0xf0, 0xff, 0xff, 0x0c, 0x00, 0x00, 0x00,
    0x10, 0x00, 0x00, 0x00, 0x09, 0x00, 0x00, 0x00, 0x01, 0x00, 0x00, 0x00,
    0x8c, 0x00, 0x00, 0x00, 0x01, 0x00, 0x00, 0x00, 0x88, 0x00, 0x00, 0x00,
    0xae, 0xf1, 0xff, 0xff, 0x14, 0x00, 0x00, 0x00, 0x00, 0x00, 0x00, 0x15,
    0x10, 0x00, 0x00, 0x00, 0x14, 0x00, 0x00, 0x00, 0x0a, 0x00, 0x00, 0x00,
    0xb4, 0x08, 0xfe, 0xff, 0x01, 0x00, 0x00, 0x00, 0x8b, 0x00, 0x00, 0x00,
    0x02, 0x00, 0x00, 0x00, 0x8a, 0x00, 0x00, 0x00, 0x77, 0x00, 0x00, 0x00,
    0xe6, 0xf0, 0xff, 0xff, 0x0c, 0x00, 0x00, 0x00, 0x10, 0x00, 0x00, 0x00,
    0x09, 0x00, 0x00, 0x00, 0x01, 0x00, 0x00, 0x00, 0x8a, 0x00, 0x00, 0x00,
    0x01, 0x00, 0x00, 0x00, 0x86, 0x00, 0x00, 0x00, 0x06, 0xf1, 0xff, 0xff,
    0x0c, 0x00, 0x00, 0x00, 0x10, 0x00, 0x00, 0x00, 0x09, 0x00, 0x00, 0x00,
    0x01, 0x00, 0x00, 0x00, 0x89, 0x00, 0x00, 0x00, 0x01, 0x00, 0x00, 0x00,
    0x85, 0x00, 0x00, 0x00, 0x1e, 0xf2, 0xff, 0xff, 0x14, 0x00, 0x00, 0x00,
    0x00, 0x00, 0x00, 0x23, 0x14, 0x00, 0x00, 0x00, 0x24, 0x00, 0x00, 0x00,
    0x08, 0x00, 0x00, 0x00, 0xda, 0xf1, 0xff, 0xff, 0x04, 0x00, 0x00, 0x00,
    0x04, 0x00, 0x00, 0x00, 0x85, 0x00, 0x00, 0x00, 0x86, 0x00, 0x00, 0x00,
    0x87, 0x00, 0x00, 0x00, 0x88, 0x00, 0x00, 0x00, 0x02, 0x00, 0x00, 0x00,
    0x05, 0x00, 0x00, 0x00, 0x84, 0x00, 0x00, 0x00, 0x5e, 0xf2, 0xff, 0xff,
    0x14, 0x00, 0x00, 0x00, 0x00, 0x00, 0x00, 0x0b, 0x10, 0x00, 0x00, 0x00,
    0x14, 0x00, 0x00, 0x00, 0x07, 0x00, 0x00, 0x00, 0x64, 0x09, 0xfe, 0xff,
    0x01, 0x00, 0x00, 0x00, 0x84, 0x00, 0x00, 0x00, 0x02, 0x00, 0x00, 0x00,
    0x83, 0x00, 0x00, 0x00, 0x0a, 0x00, 0x00, 0x00, 0x8e, 0xf2, 0xff, 0xff,
    0x14, 0x00, 0x00, 0x00, 0x00, 0x00, 0x00, 0x0b, 0x10, 0x00, 0x00, 0x00,
    0x14, 0x00, 0x00, 0x00, 0x07, 0x00, 0x00, 0x00, 0x94, 0x09, 0xfe, 0xff,
    0x01, 0x00, 0x00, 0x00, 0x83, 0x00, 0x00, 0x00, 0x02, 0x00, 0x00, 0x00,
    0x82, 0x00, 0x00, 0x00, 0x7a, 0x00, 0x00, 0x00, 0xbe, 0xf2, 0xff, 0xff,
    0x14, 0x00, 0x00, 0x00, 0x00, 0x00, 0x00, 0x08, 0x10, 0x00, 0x00, 0x00,
    0x14, 0x00, 0x00, 0x00, 0x06, 0x00, 0x00, 0x00, 0xc4, 0x09, 0xfe, 0xff,
    0x01, 0x00, 0x00, 0x00, 0x82, 0x00, 0x00, 0x00, 0x03, 0x00, 0x00, 0x00,
    0x14, 0x00, 0x00, 0x00, 0x0b, 0x00, 0x00, 0x00, 0xff, 0xff, 0xff, 0xff,
    0xf2, 0xf2, 0xff, 0xff, 0x14, 0x00, 0x00, 0x00, 0x00, 0x00, 0x00, 0x08,
    0x10, 0x00, 0x00, 0x00, 0x14, 0x00, 0x00, 0x00, 0x06, 0x00, 0x00, 0x00,
    0xf8, 0x09, 0xfe, 0xff, 0x01, 0x00, 0x00, 0x00, 0x81, 0x00, 0x00, 0x00,
    0x03, 0x00, 0x00, 0x00, 0x30, 0x00, 0x00, 0x00, 0x0b, 0x00, 0x00, 0x00,
    0xff, 0xff, 0xff, 0xff, 0x26, 0xf3, 0xff, 0xff, 0x14, 0x00, 0x00, 0x00,
    0x00, 0x00, 0x00, 0x08, 0x10, 0x00, 0x00, 0x00, 0x14, 0x00, 0x00, 0x00,
    0x06, 0x00, 0x00, 0x00, 0x2c, 0x0a, 0xfe, 0xff, 0x01, 0x00, 0x00, 0x00,
    0x80, 0x00, 0x00, 0x00, 0x03, 0x00, 0x00, 0x00, 0x2f, 0x00, 0x00, 0x00,
    0x0b, 0x00, 0x00, 0x00, 0xff, 0xff, 0xff, 0xff, 0x5a, 0xf3, 0xff, 0xff,
    0x14, 0x00, 0x00, 0x00, 0x00, 0x00, 0x00, 0x08, 0x10, 0x00, 0x00, 0x00,
    0x14, 0x00, 0x00, 0x00, 0x06, 0x00, 0x00, 0x00, 0x60, 0x0a, 0xfe, 0xff,
    0x01, 0x00, 0x00, 0x00, 0x7f, 0x00, 0x00, 0x00, 0x03, 0x00, 0x00, 0x00,
    0x2e, 0x00, 0x00, 0x00, 0x0b, 0x00, 0x00, 0x00, 0xff, 0xff, 0xff, 0xff,
    0x8e, 0xf3, 0xff, 0xff, 0x14, 0x00, 0x00, 0x00, 0x00, 0x00, 0x00, 0x08,
    0x10, 0x00, 0x00, 0x00, 0x14, 0x00, 0x00, 0x00, 0x06, 0x00, 0x00, 0x00,
    0x94, 0x0a, 0xfe, 0xff, 0x01, 0x00, 0x00, 0x00, 0x7e, 0x00, 0x00, 0x00,
    0x03, 0x00, 0x00, 0x00, 0x2d, 0x00, 0x00, 0x00, 0x0b, 0x00, 0x00, 0x00,
    0xff, 0xff, 0xff, 0xff, 0xc2, 0xf3, 0xff, 0xff, 0x14, 0x00, 0x00, 0x00,
    0x00, 0x00, 0x00, 0x08, 0x10, 0x00, 0x00, 0x00, 0x14, 0x00, 0x00, 0x00,
    0x06, 0x00, 0x00, 0x00, 0xc8, 0x0a, 0xfe, 0xff, 0x01, 0x00, 0x00, 0x00,
    0x7d, 0x00, 0x00, 0x00, 0x03, 0x00, 0x00, 0x00, 0x2c, 0x00, 0x00, 0x00,
    0x0b, 0x00, 0x00, 0x00, 0xff, 0xff, 0xff, 0xff, 0xf6, 0xf3, 0xff, 0xff,
    0x14, 0x00, 0x00, 0x00, 0x00, 0x00, 0x00, 0x08, 0x10, 0x00, 0x00, 0x00,
    0x14, 0x00, 0x00, 0x00, 0x06, 0x00, 0x00, 0x00, 0xfc, 0x0a, 0xfe, 0xff,
    0x01, 0x00, 0x00, 0x00, 0x7c, 0x00, 0x00, 0x00, 0x03, 0x00, 0x00, 0x00,
    0x2b, 0x00, 0x00, 0x00, 0x0b, 0x00, 0x00, 0x00, 0xff, 0xff, 0xff, 0xff,
    0x2a, 0xf4, 0xff, 0xff, 0x14, 0x00, 0x00, 0x00, 0x00, 0x00, 0x00, 0x08,
    0x10, 0x00, 0x00, 0x00, 0x14, 0x00, 0x00, 0x00, 0x06, 0x00, 0x00, 0x00,
    0x30, 0x0b, 0xfe, 0xff, 0x01, 0x00, 0x00, 0x00, 0x7b, 0x00, 0x00, 0x00,
    0x03, 0x00, 0x00, 0x00, 0x2a, 0x00, 0x00, 0x00, 0x0b, 0x00, 0x00, 0x00,
    0xff, 0xff, 0xff, 0xff, 0x5e, 0xf4, 0xff, 0xff, 0x14, 0x00, 0x00, 0x00,
    0x00, 0x00, 0x00, 0x08, 0x10, 0x00, 0x00, 0x00, 0x14, 0x00, 0x00, 0x00,
    0x06, 0x00, 0x00, 0x00, 0x64, 0x0b, 0xfe, 0xff, 0x01, 0x00, 0x00, 0x00,
    0x7a, 0x00, 0x00, 0x00, 0x03, 0x00, 0x00, 0x00, 0x79, 0x00, 0x00, 0x00,
    0x0c, 0x00, 0x00, 0x00, 0xff, 0xff, 0xff, 0xff, 0x92, 0xf4, 0xff, 0xff,
    0x14, 0x00, 0x00, 0x00, 0x00, 0x00, 0x00, 0x15, 0x10, 0x00, 0x00, 0x00,
    0x14, 0x00, 0x00, 0x00, 0x0a, 0x00, 0x00, 0x00, 0x98, 0x0b, 0xfe, 0xff,
    0x01, 0x00, 0x00, 0x00, 0x79, 0x00, 0x00, 0x00, 0x02, 0x00, 0x00, 0x00,
    0x74, 0x00, 0x00, 0x00, 0x78, 0x00, 0x00, 0x00, 0xca, 0xf3, 0xff, 0xff,
    0x0c, 0x00, 0x00, 0x00, 0x10, 0x00, 0x00, 0x00, 0x0b, 0x00, 0x00, 0x00,
    0x01, 0x00, 0x00, 0x00, 0x78, 0x00, 0x00, 0x00, 0x01, 0x00, 0x00, 0x00,
    0x77, 0x00, 0x00, 0x00, 0xe2, 0xf4, 0xff, 0xff, 0x14, 0x00, 0x00, 0x00,
    0x00, 0x00, 0x00, 0x0b, 0x10, 0x00, 0x00, 0x00, 0x14, 0x00, 0x00, 0x00,
    0x07, 0x00, 0x00, 0x00, 0xe8, 0x0b, 0xfe, 0xff, 0x01, 0x00, 0x00, 0x00,
    0x77, 0x00, 0x00, 0x00, 0x02, 0x00, 0x00, 0x00, 0x73, 0x00, 0x00, 0x00,
    0x76, 0x00, 0x00, 0x00, 0x12, 0xf5, 0xff, 0xff, 0x14, 0x00, 0x00, 0x00,
    0x00, 0x00, 0x00, 0x15, 0x10, 0x00, 0x00, 0x00, 0x14, 0x00, 0x00, 0x00,
    0x0a, 0x00, 0x00, 0x00, 0x18, 0x0c, 0xfe, 0xff, 0x01, 0x00, 0x00, 0x00,
    0x76, 0x00, 0x00, 0x00, 0x02, 0x00, 0x00, 0x00, 0x71, 0x00, 0x00, 0x00,
    0x75, 0x00, 0x00, 0x00, 0x4a, 0xf4, 0xff, 0xff, 0x0c, 0x00, 0x00, 0x00,
    0x10, 0x00, 0x00, 0x00, 0x0b, 0x00, 0x00, 0x00, 0x01, 0x00, 0x00, 0x00,
    0x75, 0x00, 0x00, 0x00, 0x01, 0x00, 0x00, 0x00, 0x6f, 0x00, 0x00, 0x00,
    0x6a, 0xf4, 0xff, 0xff, 0x0c, 0x00, 0x00, 0x00, 0x10, 0x00, 0x00, 0x00,
    0x09, 0x00, 0x00, 0x00, 0x01, 0x00, 0x00, 0x00, 0x74, 0x00, 0x00, 0x00,
    0x01, 0x00, 0x00, 0x00, 0x70, 0x00, 0x00, 0x00, 0x82, 0xf5, 0xff, 0xff,
    0x14, 0x00, 0x00, 0x00, 0x00, 0x00, 0x00, 0x15, 0x10, 0x00, 0x00, 0x00,
    0x14, 0x00, 0x00, 0x00, 0x0a, 0x00, 0x00, 0x00, 0x88, 0x0c, 0xfe, 0xff,
    0x01, 0x00, 0x00, 0x00, 0x73, 0x00, 0x00, 0x00, 0x02, 0x00, 0x00, 0x00,
    0x72, 0x00, 0x00, 0x00, 0x5c, 0x00, 0x00, 0x00, 0xba, 0xf4, 0xff, 0xff,
    0x0c, 0x00, 0x00, 0x00, 0x10, 0x00, 0x00, 0x00, 0x09, 0x00, 0x00, 0x00,
    0x01, 0x00, 0x00, 0x00, 0x72, 0x00, 0x00, 0x00, 0x01, 0x00, 0x00, 0x00,
    0x6e, 0x00, 0x00, 0x00, 0xda, 0xf4, 0xff, 0xff, 0x0c, 0x00, 0x00, 0x00,
    0x10, 0x00, 0x00, 0x00, 0x09, 0x00, 0x00, 0x00, 0x01, 0x00, 0x00, 0x00,
    0x71, 0x00, 0x00, 0x00, 0x01, 0x00, 0x00, 0x00, 0x6d, 0x00, 0x00, 0x00,
    0xf2, 0xf5, 0xff, 0xff, 0x14, 0x00, 0x00, 0x00, 0x00, 0x00, 0x00, 0x23,
    0x14, 0x00, 0x00, 0x00, 0x24, 0x00, 0x00, 0x00, 0x08, 0x00, 0x00, 0x00,
    0xae, 0xf5, 0xff, 0xff, 0x04, 0x00, 0x00, 0x00, 0x04, 0x00, 0x00, 0x00,
    0x6d, 0x00, 0x00, 0x00, 0x6e, 0x00, 0x00, 0x00, 0x6f, 0x00, 0x00, 0x00,
    0x70, 0x00, 0x00, 0x00, 0x02, 0x00, 0x00, 0x00, 0x05, 0x00, 0x00, 0x00,
    0x6c, 0x00, 0x00, 0x00, 0x32, 0xf6, 0xff, 0xff, 0x14, 0x00, 0x00, 0x00,
    0x00, 0x00, 0x00, 0x0b, 0x10, 0x00, 0x00, 0x00, 0x14, 0x00, 0x00, 0x00,
    0x07, 0x00, 0x00, 0x00, 0x38, 0x0d, 0xfe, 0xff, 0x01, 0x00, 0x00, 0x00,
    0x6c, 0x00, 0x00, 0x00, 0x02, 0x00, 0x00, 0x00, 0x6b, 0x00, 0x00, 0x00,
    0x0a, 0x00, 0x00, 0x00, 0x62, 0xf6, 0xff, 0xff, 0x14, 0x00, 0x00, 0x00,
    0x00, 0x00, 0x00, 0x0b, 0x10, 0x00, 0x00, 0x00, 0x14, 0x00, 0x00, 0x00,
    0x07, 0x00, 0x00, 0x00, 0x68, 0x0d, 0xfe, 0xff, 0x01, 0x00, 0x00, 0x00,
    0x6b, 0x00, 0x00, 0x00, 0x02, 0x00, 0x00, 0x00, 0x6a, 0x00, 0x00, 0x00,
    0x5f, 0x00, 0x00, 0x00, 0x92, 0xf6, 0xff, 0xff, 0x14, 0x00, 0x00, 0x00,
    0x00, 0x00, 0x00, 0x08, 0x10, 0x00, 0x00, 0x00, 0x14, 0x00, 0x00, 0x00,
    0x06, 0x00, 0x00, 0x00, 0x98, 0x0d, 0xfe, 0xff, 0x01, 0x00, 0x00, 0x00,
    0x6a, 0x00, 0x00, 0x00, 0x03, 0x00, 0x00, 0x00, 0x13, 0x00, 0x00, 0x00,
    0x0b, 0x00, 0x00, 0x00, 0xff, 0xff, 0xff, 0xff, 0xc6, 0xf6, 0xff, 0xff,
    0x14, 0x00, 0x00, 0x00, 0x00, 0x00, 0x00, 0x08, 0x10, 0x00, 0x00, 0x00,
    0x14, 0x00, 0x00, 0x00, 0x06, 0x00, 0x00, 0x00, 0xcc, 0x0d, 0xfe, 0xff,
    0x01, 0x00, 0x00, 0x00, 0x69, 0x00, 0x00, 0x00, 0x03, 0x00, 0x00, 0x00,
    0x29, 0x00, 0x00, 0x00, 0x0b, 0x00, 0x00, 0x00, 0xff, 0xff, 0xff, 0xff,
    0xfa, 0xf6, 0xff, 0xff, 0x14, 0x00, 0x00, 0x00, 0x00, 0x00, 0x00, 0x08,
    0x10, 0x00, 0x00, 0x00, 0x14, 0x00, 0x00, 0x00, 0x06, 0x00, 0x00, 0x00,
    0x00, 0x0e, 0xfe, 0xff, 0x01, 0x00, 0x00, 0x00, 0x68, 0x00, 0x00, 0x00,
    0x03, 0x00, 0x00, 0x00, 0x28, 0x00, 0x00, 0x00, 0x0b, 0x00, 0x00, 0x00,
    0xff, 0xff, 0xff, 0xff, 0x2e, 0xf7, 0xff, 0xff, 0x14, 0x00, 0x00, 0x00,
    0x00, 0x00, 0x00, 0x08, 0x10, 0x00, 0x00, 0x00, 0x14, 0x00, 0x00, 0x00,
    0x06, 0x00, 0x00, 0x00, 0x34, 0x0e, 0xfe, 0xff, 0x01, 0x00, 0x00, 0x00,
    0x67, 0x00, 0x00, 0x00, 0x03, 0x00, 0x00, 0x00, 0x27, 0x00, 0x00, 0x00,
    0x0b, 0x00, 0x00, 0x00, 0xff, 0xff, 0xff, 0xff, 0x62, 0xf7, 0xff, 0xff,
    0x14, 0x00, 0x00, 0x00, 0x00, 0x00, 0x00, 0x08, 0x10, 0x00, 0x00, 0x00,
    0x14, 0x00, 0x00, 0x00, 0x06, 0x00, 0x00, 0x00, 0x68, 0x0e, 0xfe, 0xff,
    0x01, 0x00, 0x00, 0x00, 0x66, 0x00, 0x00, 0x00, 0x03, 0x00, 0x00, 0x00,
    0x26, 0x00, 0x00, 0x00, 0x0b, 0x00, 0x00, 0x00, 0xff, 0xff, 0xff, 0xff,
    0x96, 0xf7, 0xff, 0xff, 0x14, 0x00, 0x00, 0x00, 0x00, 0x00, 0x00, 0x08,
    0x10, 0x00, 0x00, 0x00, 0x14, 0x00, 0x00, 0x00, 0x06, 0x00, 0x00, 0x00,
    0x9c, 0x0e, 0xfe, 0xff, 0x01, 0x00, 0x00, 0x00, 0x65, 0x00, 0x00, 0x00,
    0x03, 0x00, 0x00, 0x00, 0x25, 0x00, 0x00, 0x00, 0x0b, 0x00, 0x00, 0x00,
    0xff, 0xff, 0xff, 0xff, 0xca, 0xf7, 0xff, 0xff, 0x14, 0x00, 0x00, 0x00,
    0x00, 0x00, 0x00, 0x08, 0x10, 0x00, 0x00, 0x00, 0x14, 0x00, 0x00, 0x00,
    0x06, 0x00, 0x00, 0x00, 0xd0, 0x0e, 0xfe, 0xff, 0x01, 0x00, 0x00, 0x00,
    0x64, 0x00, 0x00, 0x00, 0x03, 0x00, 0x00, 0x00, 0x24, 0x00, 0x00, 0x00,
    0x0b, 0x00, 0x00, 0x00, 0xff, 0xff, 0xff, 0xff, 0xfe, 0xf7, 0xff, 0xff,
    0x14, 0x00, 0x00, 0x00, 0x00, 0x00, 0x00, 0x08, 0x10, 0x00, 0x00, 0x00,
    0x14, 0x00, 0x00, 0x00, 0x06, 0x00, 0x00, 0x00, 0x04, 0x0f, 0xfe, 0xff,
    0x01, 0x00, 0x00, 0x00, 0x63, 0x00, 0x00, 0x00, 0x03, 0x00, 0x00, 0x00,
    0x23, 0x00, 0x00, 0x00, 0x0b, 0x00, 0x00, 0x00, 0xff, 0xff, 0xff, 0xff,
    0x32, 0xf8, 0xff, 0xff, 0x14, 0x00, 0x00, 0x00, 0x00, 0x00, 0x00, 0x08,
    0x10, 0x00, 0x00, 0x00, 0x14, 0x00, 0x00, 0x00, 0x06, 0x00, 0x00, 0x00,
    0x38, 0x0f, 0xfe, 0xff, 0x01, 0x00, 0x00, 0x00, 0x62, 0x00, 0x00, 0x00,
    0x03, 0x00, 0x00, 0x00, 0x22, 0x00, 0x00, 0x00, 0x0b, 0x00, 0x00, 0x00,
    0xff, 0xff, 0xff, 0xff, 0x66, 0xf8, 0xff, 0xff, 0x14, 0x00, 0x00, 0x00,
    0x00, 0x00, 0x00, 0x08, 0x10, 0x00, 0x00, 0x00, 0x14, 0x00, 0x00, 0x00,
    0x06, 0x00, 0x00, 0x00, 0x6c, 0x0f, 0xfe, 0xff, 0x01, 0x00, 0x00, 0x00,
    0x61, 0x00, 0x00, 0x00, 0x03, 0x00, 0x00, 0x00, 0x21, 0x00, 0x00, 0x00,
    0x0b, 0x00, 0x00, 0x00, 0xff, 0xff, 0xff, 0xff, 0x9a, 0xf8, 0xff, 0xff,
    0x14, 0x00, 0x00, 0x00, 0x00, 0x00, 0x00, 0x08, 0x10, 0x00, 0x00, 0x00,
    0x14, 0x00, 0x00, 0x00, 0x06, 0x00, 0x00, 0x00, 0xa0, 0x0f, 0xfe, 0xff,
    0x01, 0x00, 0x00, 0x00, 0x60, 0x00, 0x00, 0x00, 0x03, 0x00, 0x00, 0x00,
    0x20, 0x00, 0x00, 0x00, 0x0b, 0x00, 0x00, 0x00, 0xff, 0xff, 0xff, 0xff,
    0xce, 0xf8, 0xff, 0xff, 0x14, 0x00, 0x00, 0x00, 0x00, 0x00, 0x00, 0x08,
    0x10, 0x00, 0x00, 0x00, 0x14, 0x00, 0x00, 0x00, 0x06, 0x00, 0x00, 0x00,
    0xd4, 0x0f, 0xfe, 0xff, 0x01, 0x00, 0x00, 0x00, 0x5f, 0x00, 0x00, 0x00,
    0x03, 0x00, 0x00, 0x00, 0x5e, 0x00, 0x00, 0x00, 0x0c, 0x00, 0x00, 0x00,
    0xff, 0xff, 0xff, 0xff, 0x02, 0xf9, 0xff, 0xff, 0x14, 0x00, 0x00, 0x00,
    0x00, 0x00, 0x00, 0x15, 0x10, 0x00, 0x00, 0x00, 0x14, 0x00, 0x00, 0x00,
    0x0a, 0x00, 0x00, 0x00, 0x08, 0x10, 0xfe, 0xff, 0x01, 0x00, 0x00, 0x00,
    0x5e, 0x00, 0x00, 0x00, 0x02, 0x00, 0x00, 0x00, 0x59, 0x00, 0x00, 0x00,
    0x5d, 0x00, 0x00, 0x00, 0x3a, 0xf8, 0xff, 0xff, 0x0c, 0x00, 0x00, 0x00,
    0x10, 0x00, 0x00, 0x00, 0x0b, 0x00, 0x00, 0x00, 0x01, 0x00, 0x00, 0x00,
    0x5d, 0x00, 0x00, 0x00, 0x01, 0x00, 0x00, 0x00, 0x5c, 0x00, 0x00, 0x00,
    0x52, 0xf9, 0xff, 0xff, 0x14, 0x00, 0x00, 0x00, 0x00, 0x00, 0x00, 0x0b,
    0x10, 0x00, 0x00, 0x00, 0x14, 0x00, 0x00, 0x00, 0x07, 0x00, 0x00, 0x00,
    0x58, 0x10, 0xfe, 0xff, 0x01, 0x00, 0x00, 0x00, 0x5c, 0x00, 0x00, 0x00,
    0x02, 0x00, 0x00, 0x00, 0x58, 0x00, 0x00, 0x00, 0x5b, 0x00, 0x00, 0x00,
    0x82, 0xf9, 0xff, 0xff, 0x14, 0x00, 0x00, 0x00, 0x00, 0x00, 0x00, 0x15,
    0x10, 0x00, 0x00, 0x00, 0x14, 0x00, 0x00, 0x00, 0x0a, 0x00, 0x00, 0x00,
    0x88, 0x10, 0xfe, 0xff, 0x01, 0x00, 0x00, 0x00, 0x5b, 0x00, 0x00, 0x00,
    0x02, 0x00, 0x00, 0x00, 0x56, 0x00, 0x00, 0x00, 0x5a, 0x00, 0x00, 0x00,
    0xba, 0xf8, 0xff, 0xff, 0x0c, 0x00, 0x00, 0x00, 0x10, 0x00, 0x00, 0x00,
    0x0b, 0x00, 0x00, 0x00, 0x01, 0x00, 0x00, 0x00, 0x5a, 0x00, 0x00, 0x00,
    0x01, 0x00, 0x00, 0x00, 0x54, 0x00, 0x00, 0x00, 0xda, 0xf8, 0xff, 0xff,
    0x0c, 0x00, 0x00, 0x00, 0x10, 0x00, 0x00, 0x00, 0x09, 0x00, 0x00, 0x00,
    0x01, 0x00, 0x00, 0x00, 0x59, 0x00, 0x00, 0x00, 0x01, 0x00, 0x00, 0x00,
    0x55, 0x00, 0x00, 0x00, 0xf2, 0xf9, 0xff, 0xff, 0x14, 0x00, 0x00, 0x00,
    0x00, 0x00, 0x00, 0x15, 0x10, 0x00, 0x00, 0x00, 0x14, 0x00, 0x00, 0x00,
    0x0a, 0x00, 0x00, 0x00, 0xf8, 0x10, 0xfe, 0xff, 0x01, 0x00, 0x00, 0x00,
    0x58, 0x00, 0x00, 0x00, 0x02, 0x00, 0x00, 0x00, 0x57, 0x00, 0x00, 0x00,
    0x41, 0x00, 0x00, 0x00, 0x2a, 0xf9, 0xff, 0xff, 0x0c, 0x00, 0x00, 0x00,
    0x10, 0x00, 0x00, 0x00, 0x09, 0x00, 0x00, 0x00, 0x01, 0x00, 0x00, 0x00,
    0x57, 0x00, 0x00, 0x00, 0x01, 0x00, 0x00, 0x00, 0x53, 0x00, 0x00, 0x00,
    0x4a, 0xf9, 0xff, 0xff, 0x0c, 0x00, 0x00, 0x00, 0x10, 0x00, 0x00, 0x00,
    0x09, 0x00, 0x00, 0x00, 0x01, 0x00, 0x00, 0x00, 0x56, 0x00, 0x00, 0x00,
    0x01, 0x00, 0x00, 0x00, 0x52, 0x00, 0x00, 0x00, 0x62, 0xfa, 0xff, 0xff,
    0x14, 0x00, 0x00, 0x00, 0x00, 0x00, 0x00, 0x23, 0x14, 0x00, 0x00, 0x00,
    0x24, 0x00, 0x00, 0x00, 0x08, 0x00, 0x00, 0x00, 0x1e, 0xfa, 0xff, 0xff,
    0x04, 0x00, 0x00, 0x00, 0x04, 0x00, 0x00, 0x00, 0x52, 0x00, 0x00, 0x00,
    0x53, 0x00, 0x00, 0x00, 0x54, 0x00, 0x00, 0x00, 0x55, 0x00, 0x00, 0x00,
    0x02, 0x00, 0x00, 0x00, 0x05, 0x00, 0x00, 0x00, 0x51, 0x00, 0x00, 0x00,
    0xa2, 0xfa, 0xff, 0xff, 0x14, 0x00, 0x00, 0x00, 0x00, 0x00, 0x00, 0x0b,
    0x10, 0x00, 0x00, 0x00, 0x14, 0x00, 0x00, 0x00, 0x07, 0x00, 0x00, 0x00,
    0xa8, 0x11, 0xfe, 0xff, 0x01, 0x00, 0x00, 0x00, 0x51, 0x00, 0x00, 0x00,
    0x02, 0x00, 0x00, 0x00, 0x50, 0x00, 0x00, 0x00, 0x0a, 0x00, 0x00, 0x00,
    0xd2, 0xfa, 0xff, 0xff, 0x14, 0x00, 0x00, 0x00, 0x00, 0x00, 0x00, 0x0b,
    0x10, 0x00, 0x00, 0x00, 0x14, 0x00, 0x00, 0x00, 0x07, 0x00, 0x00, 0x00,
    0xd8, 0x11, 0xfe, 0xff, 0x01, 0x00, 0x00, 0x00, 0x50, 0x00, 0x00, 0x00,
    0x02, 0x00, 0x00, 0x00, 0x4f, 0x00, 0x00, 0x00, 0x44, 0x00, 0x00, 0x00,
    0x02, 0xfb, 0xff, 0xff, 0x14, 0x00, 0x00, 0x00, 0x00, 0x00, 0x00, 0x08,
    0x10, 0x00, 0x00, 0x00, 0x14, 0x00, 0x00, 0x00, 0x06, 0x00, 0x00, 0x00,
    0x08, 0x12, 0xfe, 0xff, 0x01, 0x00, 0x00, 0x00, 0x4f, 0x00, 0x00, 0x00,
    0x03, 0x00, 0x00, 0x00, 0x12, 0x00, 0x00, 0x00, 0x0b, 0x00, 0x00, 0x00,
    0xff, 0xff, 0xff, 0xff, 0x36, 0xfb, 0xff, 0xff, 0x14, 0x00, 0x00, 0x00,
    0x00, 0x00, 0x00, 0x08, 0x10, 0x00, 0x00, 0x00, 0x14, 0x00, 0x00, 0x00,
    0x06, 0x00, 0x00, 0x00, 0x3c, 0x12, 0xfe, 0xff, 0x01, 0x00, 0x00, 0x00,
    0x4e, 0x00, 0x00, 0x00, 0x03, 0x00, 0x00, 0x00, 0x1f, 0x00, 0x00, 0x00,
    0x0b, 0x00, 0x00, 0x00, 0xff, 0xff, 0xff, 0xff, 0x6a, 0xfb, 0xff, 0xff,
    0x14, 0x00, 0x00, 0x00, 0x00, 0x00, 0x00, 0x08, 0x10, 0x00, 0x00, 0x00,
    0x14, 0x00, 0x00, 0x00, 0x06, 0x00, 0x00, 0x00, 0x70, 0x12, 0xfe, 0xff,
    0x01, 0x00, 0x00, 0x00, 0x4d, 0x00, 0x00, 0x00, 0x03, 0x00, 0x00, 0x00,
    0x1e, 0x00, 0x00, 0x00, 0x0b, 0x00, 0x00, 0x00, 0xff, 0xff, 0xff, 0xff,
    0x9e, 0xfb, 0xff, 0xff, 0x14, 0x00, 0x00, 0x00, 0x00, 0x00, 0x00, 0x08,
    0x10, 0x00, 0x00, 0x00, 0x14, 0x00, 0x00, 0x00, 0x06, 0x00, 0x00, 0x00,
    0xa4, 0x12, 0xfe, 0xff, 0x01, 0x00, 0x00, 0x00, 0x4c, 0x00, 0x00, 0x00,
    0x03, 0x00, 0x00, 0x00, 0x1d, 0x00, 0x00, 0x00, 0x0b, 0x00, 0x00, 0x00,
    0xff, 0xff, 0xff, 0xff, 0xd2, 0xfb, 0xff, 0xff, 0x14, 0x00, 0x00, 0x00,
    0x00, 0x00, 0x00, 0x08, 0x10, 0x00, 0x00, 0x00, 0x14, 0x00, 0x00, 0x00,
    0x06, 0x00, 0x00, 0x00, 0xd8, 0x12, 0xfe, 0xff, 0x01, 0x00, 0x00, 0x00,
    0x4b, 0x00, 0x00, 0x00, 0x03, 0x00, 0x00, 0x00, 0x1c, 0x00, 0x00, 0x00,
    0x0b, 0x00, 0x00, 0x00, 0xff, 0xff, 0xff, 0xff, 0x06, 0xfc, 0xff, 0xff,
    0x14, 0x00, 0x00, 0x00, 0x00, 0x00, 0x00, 0x08, 0x10, 0x00, 0x00, 0x00,
    0x14, 0x00, 0x00, 0x00, 0x06, 0x00, 0x00, 0x00, 0x0c, 0x13, 0xfe, 0xff,
    0x01, 0x00, 0x00, 0x00, 0x4a, 0x00, 0x00, 0x00, 0x03, 0x00, 0x00, 0x00,
    0x1b, 0x00, 0x00, 0x00, 0x0b, 0x00, 0x00, 0x00, 0xff, 0xff, 0xff, 0xff,
    0x3a, 0xfc, 0xff, 0xff, 0x14, 0x00, 0x00, 0x00, 0x00, 0x00, 0x00, 0x08,
    0x10, 0x00, 0x00, 0x00, 0x14, 0x00, 0x00, 0x00, 0x06, 0x00, 0x00, 0x00,
    0x40, 0x13, 0xfe, 0xff, 0x01, 0x00, 0x00, 0x00, 0x49, 0x00, 0x00, 0x00,
    0x03, 0x00, 0x00, 0x00, 0x1a, 0x00, 0x00, 0x00, 0x0b, 0x00, 0x00, 0x00,
    0xff, 0xff, 0xff, 0xff, 0x6e, 0xfc, 0xff, 0xff, 0x14, 0x00, 0x00, 0x00,
    0x00, 0x00, 0x00, 0x08, 0x10, 0x00, 0x00, 0x00, 0x14, 0x00, 0x00, 0x00,
    0x06, 0x00, 0x00, 0x00, 0x74, 0x13, 0xfe, 0xff, 0x01, 0x00, 0x00, 0x00,
    0x48, 0x00, 0x00, 0x00, 0x03, 0x00, 0x00, 0x00, 0x19, 0x00, 0x00, 0x00,
    0x0b, 0x00, 0x00, 0x00, 0xff, 0xff, 0xff, 0xff, 0xa2, 0xfc, 0xff, 0xff,
    0x14, 0x00, 0x00, 0x00, 0x00, 0x00, 0x00, 0x08, 0x10, 0x00, 0x00, 0x00,
    0x14, 0x00, 0x00, 0x00, 0x06, 0x00, 0x00, 0x00, 0xa8, 0x13, 0xfe, 0xff,
    0x01, 0x00, 0x00, 0x00, 0x47, 0x00, 0x00, 0x00, 0x03, 0x00, 0x00, 0x00,
    0x18, 0x00, 0x00, 0x00, 0x0b, 0x00, 0x00, 0x00, 0xff, 0xff, 0xff, 0xff,
    0xd6, 0xfc, 0xff, 0xff, 0x14, 0x00, 0x00, 0x00, 0x00, 0x00, 0x00, 0x08,
    0x10, 0x00, 0x00, 0x00, 0x14, 0x00, 0x00, 0x00, 0x06, 0x00, 0x00, 0x00,
    0xdc, 0x13, 0xfe, 0xff, 0x01, 0x00, 0x00, 0x00, 0x46, 0x00, 0x00, 0x00,
    0x03, 0x00, 0x00, 0x00, 0x17, 0x00, 0x00, 0x00, 0x0b, 0x00, 0x00, 0x00,
    0xff, 0xff, 0xff, 0xff, 0x0a, 0xfd, 0xff, 0xff, 0x14, 0x00, 0x00, 0x00,
    0x00, 0x00, 0x00, 0x08, 0x10, 0x00, 0x00, 0x00, 0x14, 0x00, 0x00, 0x00,
    0x06, 0x00, 0x00, 0x00, 0x10, 0x14, 0xfe, 0xff, 0x01, 0x00, 0x00, 0x00,
    0x45, 0x00, 0x00, 0x00, 0x03, 0x00, 0x00, 0x00, 0x16, 0x00, 0x00, 0x00,
    0x0b, 0x00, 0x00, 0x00, 0xff, 0xff, 0xff, 0xff, 0x3e, 0xfd, 0xff, 0xff,
    0x14, 0x00, 0x00, 0x00, 0x00, 0x00, 0x00, 0x08, 0x10, 0x00, 0x00, 0x00,
    0x14, 0x00, 0x00, 0x00, 0x06, 0x00, 0x00, 0x00, 0x44, 0x14, 0xfe, 0xff,
    0x01, 0x00, 0x00, 0x00, 0x44, 0x00, 0x00, 0x00, 0x03, 0x00, 0x00, 0x00,
    0x43, 0x00, 0x00, 0x00, 0x0c, 0x00, 0x00, 0x00, 0xff, 0xff, 0xff, 0xff,
    0x72, 0xfd, 0xff, 0xff, 0x14, 0x00, 0x00, 0x00, 0x00, 0x00, 0x00, 0x15,
    0x10, 0x00, 0x00, 0x00, 0x14, 0x00, 0x00, 0x00, 0x0a, 0x00, 0x00, 0x00,
    0x78, 0x14, 0xfe, 0xff, 0x01, 0x00, 0x00, 0x00, 0x43, 0x00, 0x00, 0x00,
    0x02, 0x00, 0x00, 0x00, 0x3e, 0x00, 0x00, 0x00, 0x42, 0x00, 0x00, 0x00,
    0xaa, 0xfc, 0xff, 0xff, 0x0c, 0x00, 0x00, 0x00, 0x10, 0x00, 0x00, 0x00,
    0x0b, 0x00, 0x00, 0x00, 0x01, 0x00, 0x00, 0x00, 0x42, 0x00, 0x00, 0x00,
    0x01, 0x00, 0x00, 0x00, 0x41, 0x00, 0x00, 0x00, 0xc2, 0xfd, 0xff, 0xff,
    0x14, 0x00, 0x00, 0x00, 0x00, 0x00, 0x00, 0x0b, 0x10, 0x00, 0x00, 0x00,
    0x14, 0x00, 0x00, 0x00, 0x07, 0x00, 0x00, 0x00, 0xc8, 0x14, 0xfe, 0xff,
    0x01, 0x00, 0x00, 0x00, 0x41, 0x00, 0x00, 0x00, 0x02, 0x00, 0x00, 0x00,
    0x3d, 0x00, 0x00, 0x00, 0x40, 0x00, 0x00, 0x00, 0xf2, 0xfd, 0xff, 0xff,
    0x14, 0x00, 0x00, 0x00, 0x00, 0x00, 0x00, 0x15, 0x10, 0x00, 0x00, 0x00,
    0x14, 0x00, 0x00, 0x00, 0x0a, 0x00, 0x00, 0x00, 0xf8, 0x14, 0xfe, 0xff,
    0x01, 0x00, 0x00, 0x00, 0x40, 0x00, 0x00, 0x00, 0x02, 0x00, 0x00, 0x00,
    0x3b, 0x00, 0x00, 0x00, 0x3f, 0x00, 0x00, 0x00, 0x2a, 0xfd, 0xff, 0xff,
    0x0c, 0x00, 0x00, 0x00, 0x10, 0x00, 0x00, 0x00, 0x0b, 0x00, 0x00, 0x00,
    0x01, 0x00, 0x00, 0x00, 0x3f, 0x00, 0x00, 0x00, 0x01, 0x00, 0x00, 0x00,
    0x39, 0x00, 0x00, 0x00, 0x4a, 0xfd, 0xff, 0xff, 0x0c, 0x00, 0x00, 0x00,
    0x10, 0x00, 0x00, 0x00, 0x09, 0x00, 0x00, 0x00, 0x01, 0x00, 0x00, 0x00,
    0x3e, 0x00, 0x00, 0x00, 0x01, 0x00, 0x00, 0x00, 0x3a, 0x00, 0x00, 0x00,
    0x62, 0xfe, 0xff, 0xff, 0x14, 0x00, 0x00, 0x00, 0x00, 0x00, 0x00, 0x15,
    0x10, 0x00, 0x00, 0x00, 0x14, 0x00, 0x00, 0x00, 0x0a, 0x00, 0x00, 0x00,
    0x68, 0x15, 0xfe, 0xff, 0x01, 0x00, 0x00, 0x00, 0x3d, 0x00, 0x00, 0x00,
    0x02, 0x00, 0x00, 0x00, 0x3c, 0x00, 0x00, 0x00, 0x32, 0x00, 0x00, 0x00,
    0x9a, 0xfd, 0xff, 0xff, 0x0c, 0x00, 0x00, 0x00, 0x10, 0x00, 0x00, 0x00,
    0x09, 0x00, 0x00, 0x00, 0x01, 0x00, 0x00, 0x00, 0x3c, 0x00, 0x00, 0x00,
    0x01, 0x00, 0x00, 0x00, 0x38, 0x00, 0x00, 0x00, 0xba, 0xfd, 0xff, 0xff,
    0x0c, 0x00, 0x00, 0x00, 0x10, 0x00, 0x00, 0x00, 0x09, 0x00, 0x00, 0x00,
    0x01, 0x00, 0x00, 0x00, 0x3b, 0x00, 0x00, 0x00, 0x01, 0x00, 0x00, 0x00,
    0x37, 0x00, 0x00, 0x00, 0xd2, 0xfe, 0xff, 0xff, 0x14, 0x00, 0x00, 0x00,
    0x00, 0x00, 0x00, 0x23, 0x14, 0x00, 0x00, 0x00, 0x24, 0x00, 0x00, 0x00,
    0x08, 0x00, 0x00, 0x00, 0x8e, 0xfe, 0xff, 0xff, 0x04, 0x00, 0x00, 0x00,
    0x04, 0x00, 0x00, 0x00, 0x37, 0x00, 0x00, 0x00, 0x38, 0x00, 0x00, 0x00,
    0x39, 0x00, 0x00, 0x00, 0x3a, 0x00, 0x00, 0x00, 0x02, 0x00, 0x00, 0x00,
    0x05, 0x00, 0x00, 0x00, 0x36, 0x00, 0x00, 0x00, 0x12, 0xff, 0xff, 0xff,
    0x14, 0x00, 0x00, 0x00, 0x00, 0x00, 0x00, 0x0b, 0x10, 0x00, 0x00, 0x00,
    0x14, 0x00, 0x00, 0x00, 0x07, 0x00, 0x00, 0x00, 0x18, 0x16, 0xfe, 0xff,
    0x01, 0x00, 0x00, 0x00, 0x36, 0x00, 0x00, 0x00, 0x02, 0x00, 0x00, 0x00,
    0x35, 0x00, 0x00, 0x00, 0x0a, 0x00, 0x00, 0x00, 0x42, 0xff, 0xff, 0xff,
    0x14, 0x00, 0x00, 0x00, 0x00, 0x00, 0x00, 0x0b, 0x10, 0x00, 0x00, 0x00,
    0x14, 0x00, 0x00, 0x00, 0x07, 0x00, 0x00, 0x00, 0x48, 0x16, 0xfe, 0xff,
    0x01, 0x00, 0x00, 0x00, 0x35, 0x00, 0x00, 0x00, 0x02, 0x00, 0x00, 0x00,
    0x34, 0x00, 0x00, 0x00, 0x33, 0x00, 0x00, 0x00, 0x72, 0xff, 0xff, 0xff,
    0x14, 0x00, 0x00, 0x00, 0x00, 0x00, 0x00, 0x08, 0x10, 0x00, 0x00, 0x00,
    0x14, 0x00, 0x00, 0x00, 0x06, 0x00, 0x00, 0x00, 0x78, 0x16, 0xfe, 0xff,
    0x01, 0x00, 0x00, 0x00, 0x34, 0x00, 0x00, 0x00, 0x03, 0x00, 0x00, 0x00,
    0x11, 0x00, 0x00, 0x00, 0x0b, 0x00, 0x00, 0x00, 0xff, 0xff, 0xff, 0xff,
    0xa6, 0xff, 0xff, 0xff, 0x14, 0x00, 0x00, 0x00, 0x00, 0x00, 0x00, 0x08,
    0x10, 0x00, 0x00, 0x00, 0x14, 0x00, 0x00, 0x00, 0x06, 0x00, 0x00, 0x00,
    0xac, 0x16, 0xfe, 0xff, 0x01, 0x00, 0x00, 0x00, 0x33, 0x00, 0x00, 0x00,
    0x03, 0x00, 0x00, 0x00, 0x32, 0x00, 0x00, 0x00, 0x0c, 0x00, 0x00, 0x00,
    0xff, 0xff, 0xff, 0xff, 0xe2, 0xfe, 0xff, 0xff, 0x0c, 0x00, 0x00, 0x00,
    0x10, 0x00, 0x00, 0x00, 0x05, 0x00, 0x00, 0x00, 0x01, 0x00, 0x00, 0x00,
    0x32, 0x00, 0x00, 0x00, 0x02, 0x00, 0x00, 0x00, 0x31, 0x00, 0x00, 0x00,
    0x0d, 0x00, 0x00, 0x00, 0x00, 0x00, 0x0e, 0x00, 0x18, 0x00, 0x14, 0x00,
    0x10, 0x00, 0x0c, 0x00, 0x0b, 0x00, 0x04, 0x00, 0x0e, 0x00, 0x00, 0x00,
    0x14, 0x00, 0x00, 0x00, 0x00, 0x00, 0x00, 0x3b, 0x14, 0x00, 0x00, 0x00,
    0x18, 0x00, 0x00, 0x00, 0x04, 0x00, 0x00, 0x00, 0xca, 0xff, 0xff, 0xff,
    0x02, 0x00, 0x00, 0x00, 0x01, 0x00, 0x00, 0x00, 0x31, 0x00, 0x00, 0x00,
    0x02, 0x00, 0x00, 0x00, 0x0f, 0x00, 0x00, 0x00, 0x04, 0x00, 0x00, 0x00,
    0x1a, 0xff, 0xff, 0xff, 0x1c, 0x00, 0x00, 0x00, 0x00, 0x00, 0x00, 0x40,
    0x1c, 0x00, 0x00, 0x00, 0x9c, 0x00, 0x00, 0x00, 0x03, 0x00, 0x00, 0x00,
    0x00, 0x00, 0x06, 0x00, 0x08, 0x00, 0x04, 0x00, 0x06, 0x00, 0x00, 0x00,
    0x20, 0x00, 0x00, 0x00, 0x20, 0x00, 0x00, 0x00, 0x11, 0x00, 0x00, 0x00,
    0x12, 0x00, 0x00, 0x00, 0x13, 0x00, 0x00, 0x00, 0x14, 0x00, 0x00, 0x00,
    0x15, 0x00, 0x00, 0x00, 0x16, 0x00, 0x00, 0x00, 0x17, 0x00, 0x00, 0x00,
    0x18, 0x00, 0x00, 0x00, 0x19, 0x00, 0x00, 0x00, 0x1a, 0x00, 0x00, 0x00,
    0x1b, 0x00, 0x00, 0x00, 0x1c, 0x00, 0x00, 0x00, 0x1d, 0x00, 0x00, 0x00,
    0x1e, 0x00, 0x00, 0x00, 0x1f, 0x00, 0x00, 0x00, 0x20, 0x00, 0x00, 0x00,
    0x21, 0x00, 0x00, 0x00, 0x22, 0x00, 0x00, 0x00, 0x23, 0x00, 0x00, 0x00,
    0x24, 0x00, 0x00, 0x00, 0x25, 0x00, 0x00, 0x00, 0x26, 0x00, 0x00, 0x00,
    0x27, 0x00, 0x00, 0x00, 0x28, 0x00, 0x00, 0x00, 0x29, 0x00, 0x00, 0x00,
    0x2a, 0x00, 0x00, 0x00, 0x2b, 0x00, 0x00, 0x00, 0x2c, 0x00, 0x00, 0x00,
    0x2d, 0x00, 0x00, 0x00, 0x2e, 0x00, 0x00, 0x00, 0x2f, 0x00, 0x00, 0x00,
    0x30, 0x00, 0x00, 0x00, 0x01, 0x00, 0x00, 0x00, 0x10, 0x00, 0x00, 0x00,
    0x00, 0x00, 0x0a, 0x00, 0x10, 0x00, 0x0c, 0x00, 0x08, 0x00, 0x04, 0x00,
    0x0a, 0x00, 0x00, 0x00, 0x0c, 0x00, 0x00, 0x00, 0x10, 0x00, 0x00, 0x00,
    0x02, 0x00, 0x00, 0x00, 0x01, 0x00, 0x00, 0x00, 0x10, 0x00, 0x00, 0x00,
    0x02, 0x00, 0x00, 0x00, 0x00, 0x00, 0x00, 0x00, 0x03, 0x00, 0x00, 0x00,
    0x00, 0x00, 0x0e, 0x00, 0x1a, 0x00, 0x14, 0x00, 0x10, 0x00, 0x0c, 0x00,
    0x0b, 0x00, 0x04, 0x00, 0x0e, 0x00, 0x00, 0x00, 0x24, 0x00, 0x00, 0x00,
    0x00, 0x00, 0x00, 0x20, 0x24, 0x00, 0x00, 0x00, 0x28, 0x00, 0x00, 0x00,
    0x01, 0x00, 0x00, 0x00, 0x00, 0x00, 0x0e, 0x00, 0x08, 0x00, 0x00, 0x00,
    0x00, 0x00, 0x00, 0x00, 0x00, 0x00, 0x04, 0x00, 0x0e, 0x00, 0x00, 0x00,
    0x01, 0x00, 0x00, 0x00, 0x01, 0x00, 0x00, 0x00, 0x0f, 0x00, 0x00, 0x00,
    0x04, 0x00, 0x00, 0x00, 0x0e, 0x00, 0x00, 0x00, 0x01, 0x00, 0x00, 0x00,
    0x02, 0x00, 0x00, 0x00, 0x02, 0x00, 0x00, 0x00, 0x00, 0x00, 0x0e, 0x00,
    0x16, 0x00, 0x00, 0x00, 0x10, 0x00, 0x0c, 0x00, 0x0b, 0x00, 0x04, 0x00,
    0x0e, 0x00, 0x00, 0x00, 0x18, 0x00, 0x00, 0x00, 0x00, 0x00, 0x00, 0x37,
    0x18, 0x00, 0x00, 0x00, 0x1c, 0x00, 0x00, 0x00, 0x00, 0x00, 0x06, 0x00,
    0x08, 0x00, 0x07, 0x00, 0x06, 0x00, 0x00, 0x00, 0x00, 0x00, 0x00, 0x02,
    0x01, 0x00, 0x00, 0x00, 0x0e, 0x00, 0x00, 0x00, 0x01, 0x00, 0x00, 0x00,
    0x00, 0x00, 0x00, 0x00, 0x01, 0x00, 0x00, 0x00, 0x54, 0x02, 0x00, 0x00,
    0x01, 0x00, 0x00, 0x00, 0x00, 0x00, 0x00, 0x00, 0x55, 0x02, 0x00, 0x00,
    0x8c, 0xe7, 0x01, 0x00, 0x18, 0xe7, 0x01, 0x00, 0xc0, 0xe6, 0x01, 0x00,
    0x6c, 0xe6, 0x01, 0x00, 0x30, 0xe6, 0x01, 0x00, 0xf4, 0xe5, 0x01, 0x00,
    0x8c, 0xe5, 0x01, 0x00, 0x20, 0xe5, 0x01, 0x00, 0x44, 0xe4, 0x01, 0x00,
    0x80, 0xe3, 0x01, 0x00, 0xfc, 0xe2, 0x01, 0x00, 0xa8, 0xdf, 0x01, 0x00,
    0x54, 0xdc, 0x01, 0x00, 0xf8, 0xdb, 0x01, 0x00, 0xb0, 0xdb, 0x01, 0x00,
    0x64, 0xdb, 0x01, 0x00, 0xe0, 0xda, 0x01, 0x00, 0x08, 0xd7, 0x01, 0x00,
    0x2c, 0xd3, 0x01, 0x00, 0x50, 0xcf, 0x01, 0x00, 0x74, 0xcb, 0x01, 0x00,
    0x98, 0xc7, 0x01, 0x00, 0xbc, 0xc3, 0x01, 0x00, 0xe0, 0xbf, 0x01, 0x00,
    0x04, 0xbc, 0x01, 0x00, 0x28, 0xb8, 0x01, 0x00, 0x4c, 0xb4, 0x01, 0x00,
    0x70, 0xb0, 0x01, 0x00, 0x94, 0xac, 0x01, 0x00, 0xb8, 0xa8, 0x01, 0x00,
    0xdc, 0xa4, 0x01, 0x00, 0x00, 0xa1, 0x01, 0x00, 0x24, 0x9d, 0x01, 0x00,
    0x48, 0x99, 0x01, 0x00, 0x6c, 0x95, 0x01, 0x00, 0x90, 0x91, 0x01, 0x00,
    0xb4, 0x8d, 0x01, 0x00, 0xd8, 0x89, 0x01, 0x00, 0xfc, 0x85, 0x01, 0x00,
    0x20, 0x82, 0x01, 0x00, 0x44, 0x7e, 0x01, 0x00, 0x68, 0x7a, 0x01, 0x00,
    0x8c, 0x76, 0x01, 0x00, 0xb0, 0x72, 0x01, 0x00, 0xd4, 0x6e, 0x01, 0x00,
    0xf8, 0x6a, 0x01, 0x00, 0x1c, 0x67, 0x01, 0x00, 0x40, 0x63, 0x01, 0x00,
    0x64, 0x5f, 0x01, 0x00, 0x14, 0x5f, 0x01, 0x00, 0x9c, 0x5e, 0x01, 0x00,
    0x10, 0x5e, 0x01, 0x00, 0x84, 0x5d, 0x01, 0x00, 0x00, 0x5d, 0x01, 0x00,
    0x74, 0x5c, 0x01, 0x00, 0x80, 0x5b, 0x01, 0x00, 0x8c, 0x5a, 0x01, 0x00,
    0x98, 0x59, 0x01, 0x00, 0xa4, 0x58, 0x01, 0x00, 0x18, 0x58, 0x01, 0x00,
    0x8c, 0x57, 0x01, 0x00, 0x08, 0x57, 0x01, 0x00, 0x7c, 0x56, 0x01, 0x00,
    0xf8, 0x55, 0x01, 0x00, 0x74, 0x55, 0x01, 0x00, 0xf0, 0x54, 0x01, 0x00,
    0x64, 0x54, 0x01, 0x00, 0xe0, 0x53, 0x01, 0x00, 0x54, 0x53, 0x01, 0x00,
    0xc8, 0x52, 0x01, 0x00, 0x3c, 0x52, 0x01, 0x00, 0xb0, 0x51, 0x01, 0x00,
    0x24, 0x51, 0x01, 0x00, 0x98, 0x50, 0x01, 0x00, 0x0c, 0x50, 0x01, 0x00,
    0x80, 0x4f, 0x01, 0x00, 0xf4, 0x4e, 0x01, 0x00, 0x68, 0x4e, 0x01, 0x00,
    0xdc, 0x4d, 0x01, 0x00, 0x50, 0x4d, 0x01, 0x00, 0xcc, 0x4c, 0x01, 0x00,
    0x40, 0x4c, 0x01, 0x00, 0x4c, 0x4b, 0x01, 0x00, 0x58, 0x4a, 0x01, 0x00,
    0x64, 0x49, 0x01, 0x00, 0x70, 0x48, 0x01, 0x00, 0xe4, 0x47, 0x01, 0x00,
    0x58, 0x47, 0x01, 0x00, 0xd4, 0x46, 0x01, 0x00, 0x48, 0x46, 0x01, 0x00,
    0xc4, 0x45, 0x01, 0x00, 0x40, 0x45, 0x01, 0x00, 0xbc, 0x44, 0x01, 0x00,
    0x30, 0x44, 0x01, 0x00, 0xac, 0x43, 0x01, 0x00, 0x20, 0x43, 0x01, 0x00,
    0x94, 0x42, 0x01, 0x00, 0x08, 0x42, 0x01, 0x00, 0x7c, 0x41, 0x01, 0x00,
    0xf0, 0x40, 0x01, 0x00, 0x64, 0x40, 0x01, 0x00, 0xd8, 0x3f, 0x01, 0x00,
    0x4c, 0x3f, 0x01, 0x00, 0xc0, 0x3e, 0x01, 0x00, 0x34, 0x3e, 0x01, 0x00,
    0xa8, 0x3d, 0x01, 0x00, 0x1c, 0x3d, 0x01, 0x00, 0x98, 0x3c, 0x01, 0x00,
    0x0c, 0x3c, 0x01, 0x00, 0x18, 0x3b, 0x01, 0x00, 0x24, 0x3a, 0x01, 0x00,
    0x30, 0x39, 0x01, 0x00, 0x3c, 0x38, 0x01, 0x00, 0xb0, 0x37, 0x01, 0x00,
    0x24, 0x37, 0x01, 0x00, 0xa0, 0x36, 0x01, 0x00, 0x14, 0x36, 0x01, 0x00,
    0x90, 0x35, 0x01, 0x00, 0x0c, 0x35, 0x01, 0x00, 0x88, 0x34, 0x01, 0x00,
    0xfc, 0x33, 0x01, 0x00, 0x78, 0x33, 0x01, 0x00, 0xec, 0x32, 0x01, 0x00,
    0x60, 0x32, 0x01, 0x00, 0xd4, 0x31, 0x01, 0x00, 0x48, 0x31, 0x01, 0x00,
    0xbc, 0x30, 0x01, 0x00, 0x30, 0x30, 0x01, 0x00, 0xa4, 0x2f, 0x01, 0x00,
    0x18, 0x2f, 0x01, 0x00, 0x8c, 0x2e, 0x01, 0x00, 0x08, 0x2e, 0x01, 0x00,
    0x7c, 0x2d, 0x01, 0x00, 0x88, 0x2c, 0x01, 0x00, 0x94, 0x2b, 0x01, 0x00,
    0xa0, 0x2a, 0x01, 0x00, 0xac, 0x29, 0x01, 0x00, 0x20, 0x29, 0x01, 0x00,
    0x94, 0x28, 0x01, 0x00, 0x10, 0x28, 0x01, 0x00, 0x84, 0x27, 0x01, 0x00,
    0x00, 0x27, 0x01, 0x00, 0x7c, 0x26, 0x01, 0x00, 0xf8, 0x25, 0x01, 0x00,
    0x6c, 0x25, 0x01, 0x00, 0xe8, 0x24, 0x01, 0x00, 0x5c, 0x24, 0x01, 0x00,
    0xd0, 0x23, 0x01, 0x00, 0x4c, 0x23, 0x01, 0x00, 0xc0, 0x22, 0x01, 0x00,
    0xcc, 0x21, 0x01, 0x00, 0xd8, 0x20, 0x01, 0x00, 0xe4, 0x1f, 0x01, 0x00,
    0xf0, 0x1e, 0x01, 0x00, 0x64, 0x1e, 0x01, 0x00, 0xd8, 0x1d, 0x01, 0x00,
    0x54, 0x1d, 0x01, 0x00, 0xc8, 0x1c, 0x01, 0x00, 0x44, 0x1c, 0x01, 0x00,
    0xc0, 0x1b, 0x01, 0x00, 0x3c, 0x1b, 0x01, 0x00, 0xb0, 0x1a, 0x01, 0x00,
    0x2c, 0x1a, 0x01, 0x00, 0xa0, 0x19, 0x01, 0x00, 0x1c, 0x19, 0x01, 0x00,
    0x90, 0x18, 0x01, 0x00, 0x94, 0x17, 0x01, 0x00, 0x98, 0x16, 0x01, 0x00,
    0x9c, 0x15, 0x01, 0x00, 0xa0, 0x14, 0x01, 0x00, 0x14, 0x14, 0x01, 0x00,
    0x88, 0x13, 0x01, 0x00, 0x04, 0x13, 0x01, 0x00, 0x78, 0x12, 0x01, 0x00,
    0xf4, 0x11, 0x01, 0x00, 0x68, 0x11, 0x01, 0x00, 0xdc, 0x10, 0x01, 0x00,
    0x50, 0x10, 0x01, 0x00, 0xc4, 0x0f, 0x01, 0x00, 0x38, 0x0f, 0x01, 0x00,
    0xb4, 0x0e, 0x01, 0x00, 0x28, 0x0e, 0x01, 0x00, 0x2c, 0x0d, 0x01, 0x00,
    0x30, 0x0c, 0x01, 0x00, 0x34, 0x0b, 0x01, 0x00, 0x38, 0x0a, 0x01, 0x00,
    0xac, 0x09, 0x01, 0x00, 0x20, 0x09, 0x01, 0x00, 0x9c, 0x08, 0x01, 0x00,
    0x10, 0x08, 0x01, 0x00, 0x8c, 0x07, 0x01, 0x00, 0x00, 0x07, 0x01, 0x00,
    0x74, 0x06, 0x01, 0x00, 0xe8, 0x05, 0x01, 0x00, 0x5c, 0x05, 0x01, 0x00,
    0xd0, 0x04, 0x01, 0x00, 0x4c, 0x04, 0x01, 0x00, 0xc0, 0x03, 0x01, 0x00,
    0xc4, 0x02, 0x01, 0x00, 0xc8, 0x01, 0x01, 0x00, 0xcc, 0x00, 0x01, 0x00,
    0xd0, 0xff, 0x00, 0x00, 0x44, 0xff, 0x00, 0x00, 0xb8, 0xfe, 0x00, 0x00,
    0x34, 0xfe, 0x00, 0x00, 0xa8, 0xfd, 0x00, 0x00, 0x24, 0xfd, 0x00, 0x00,
    0x98, 0xfc, 0x00, 0x00, 0x0c, 0xfc, 0x00, 0x00, 0x80, 0xfb, 0x00, 0x00,
    0xf4, 0xfa, 0x00, 0x00, 0x68, 0xfa, 0x00, 0x00, 0xe4, 0xf9, 0x00, 0x00,
    0x58, 0xf9, 0x00, 0x00, 0x5c, 0xf8, 0x00, 0x00, 0x60, 0xf7, 0x00, 0x00,
    0x64, 0xf6, 0x00, 0x00, 0x68, 0xf5, 0x00, 0x00, 0xdc, 0xf4, 0x00, 0x00,
    0x50, 0xf4, 0x00, 0x00, 0xcc, 0xf3, 0x00, 0x00, 0x40, 0xf3, 0x00, 0x00,
    0xbc, 0xf2, 0x00, 0x00, 0x30, 0xf2, 0x00, 0x00, 0xa4, 0xf1, 0x00, 0x00,
    0x18, 0xf1, 0x00, 0x00, 0x8c, 0xf0, 0x00, 0x00, 0x00, 0xf0, 0x00, 0x00,
    0x7c, 0xef, 0x00, 0x00, 0xf0, 0xee, 0x00, 0x00, 0xf4, 0xed, 0x00, 0x00,
    0xf8, 0xec, 0x00, 0x00, 0xfc, 0xeb, 0x00, 0x00, 0x00, 0xeb, 0x00, 0x00,
    0x74, 0xea, 0x00, 0x00, 0xe8, 0xe9, 0x00, 0x00, 0x64, 0xe9, 0x00, 0x00,
    0xd8, 0xe8, 0x00, 0x00, 0x54, 0xe8, 0x00, 0x00, 0xc8, 0xe7, 0x00, 0x00,
    0x3c, 0xe7, 0x00, 0x00, 0xb0, 0xe6, 0x00, 0x00, 0x24, 0xe6, 0x00, 0x00,
    0x98, 0xe5, 0x00, 0x00, 0x14, 0xe5, 0x00, 0x00, 0x88, 0xe4, 0x00, 0x00,
    0x8c, 0xe3, 0x00, 0x00, 0x90, 0xe2, 0x00, 0x00, 0x94, 0xe1, 0x00, 0x00,
    0x98, 0xe0, 0x00, 0x00, 0x0c, 0xe0, 0x00, 0x00, 0x80, 0xdf, 0x00, 0x00,
    0xfc, 0xde, 0x00, 0x00, 0x70, 0xde, 0x00, 0x00, 0xec, 0xdd, 0x00, 0x00,
    0x60, 0xdd, 0x00, 0x00, 0xd4, 0xdc, 0x00, 0x00, 0x48, 0xdc, 0x00, 0x00,
    0xbc, 0xdb, 0x00, 0x00, 0x30, 0xdb, 0x00, 0x00, 0xac, 0xda, 0x00, 0x00,
    0x20, 0xda, 0x00, 0x00, 0x24, 0xd9, 0x00, 0x00, 0x28, 0xd8, 0x00, 0x00,
    0x2c, 0xd7, 0x00, 0x00, 0x30, 0xd6, 0x00, 0x00, 0xa4, 0xd5, 0x00, 0x00,
    0x18, 0xd5, 0x00, 0x00, 0x94, 0xd4, 0x00, 0x00, 0x08, 0xd4, 0x00, 0x00,
    0x84, 0xd3, 0x00, 0x00, 0xf8, 0xd2, 0x00, 0x00, 0x6c, 0xd2, 0x00, 0x00,
    0xe0, 0xd1, 0x00, 0x00, 0x54, 0xd1, 0x00, 0x00, 0xc8, 0xd0, 0x00, 0x00,
    0x44, 0xd0, 0x00, 0x00, 0xb8, 0xcf, 0x00, 0x00, 0xbc, 0xce, 0x00, 0x00,
    0xc0, 0xcd, 0x00, 0x00, 0xc4, 0xcc, 0x00, 0x00, 0xc8, 0xcb, 0x00, 0x00,
    0x3c, 0xcb, 0x00, 0x00, 0xb0, 0xca, 0x00, 0x00, 0x2c, 0xca, 0x00, 0x00,
    0xa0, 0xc9, 0x00, 0x00, 0x1c, 0xc9, 0x00, 0x00, 0x90, 0xc8, 0x00, 0x00,
    0x04, 0xc8, 0x00, 0x00, 0x78, 0xc7, 0x00, 0x00, 0xec, 0xc6, 0x00, 0x00,
    0x60, 0xc6, 0x00, 0x00, 0xdc, 0xc5, 0x00, 0x00, 0x50, 0xc5, 0x00, 0x00,
    0x54, 0xc4, 0x00, 0x00, 0x58, 0xc3, 0x00, 0x00, 0x5c, 0xc2, 0x00, 0x00,
    0x60, 0xc1, 0x00, 0x00, 0xd4, 0xc0, 0x00, 0x00, 0x48, 0xc0, 0x00, 0x00,
    0xc4, 0xbf, 0x00, 0x00, 0x38, 0xbf, 0x00, 0x00, 0xb4, 0xbe, 0x00, 0x00,
    0x28, 0xbe, 0x00, 0x00, 0x9c, 0xbd, 0x00, 0x00, 0x10, 0xbd, 0x00, 0x00,
    0x84, 0xbc, 0x00, 0x00, 0xf8, 0xbb, 0x00, 0x00, 0x74, 0xbb, 0x00, 0x00,
    0xe8, 0xba, 0x00, 0x00, 0xec, 0xb9, 0x00, 0x00, 0xf0, 0xb8, 0x00, 0x00,
    0xf4, 0xb7, 0x00, 0x00, 0xf8, 0xb6, 0x00, 0x00, 0x6c, 0xb6, 0x00, 0x00,
    0xe0, 0xb5, 0x00, 0x00, 0x5c, 0xb5, 0x00, 0x00, 0xd0, 0xb4, 0x00, 0x00,
    0x4c, 0xb4, 0x00, 0x00, 0xc0, 0xb3, 0x00, 0x00, 0x34, 0xb3, 0x00, 0x00,
    0xa8, 0xb2, 0x00, 0x00, 0x1c, 0xb2, 0x00, 0x00, 0x90, 0xb1, 0x00, 0x00,
    0x0c, 0xb1, 0x00, 0x00, 0x80, 0xb0, 0x00, 0x00, 0x84, 0xaf, 0x00, 0x00,
    0x88, 0xae, 0x00, 0x00, 0x8c, 0xad, 0x00, 0x00, 0x90, 0xac, 0x00, 0x00,
    0x04, 0xac, 0x00, 0x00, 0x78, 0xab, 0x00, 0x00, 0xf4, 0xaa, 0x00, 0x00,
    0x68, 0xaa, 0x00, 0x00, 0xe4, 0xa9, 0x00, 0x00, 0x58, 0xa9, 0x00, 0x00,
    0xcc, 0xa8, 0x00, 0x00, 0x40, 0xa8, 0x00, 0x00, 0xb4, 0xa7, 0x00, 0x00,
    0x28, 0xa7, 0x00, 0x00, 0xa4, 0xa6, 0x00, 0x00, 0x18, 0xa6, 0x00, 0x00,
    0x1c, 0xa5, 0x00, 0x00, 0x20, 0xa4, 0x00, 0x00, 0x24, 0xa3, 0x00, 0x00,
    0x28, 0xa2, 0x00, 0x00, 0x9c, 0xa1, 0x00, 0x00, 0x10, 0xa1, 0x00, 0x00,
    0x8c, 0xa0, 0x00, 0x00, 0x00, 0xa0, 0x00, 0x00, 0x7c, 0x9f, 0x00, 0x00,
    0xf0, 0x9e, 0x00, 0x00, 0x64, 0x9e, 0x00, 0x00, 0xd8, 0x9d, 0x00, 0x00,
    0x4c, 0x9d, 0x00, 0x00, 0xc0, 0x9c, 0x00, 0x00, 0x3c, 0x9c, 0x00, 0x00,
    0xb0, 0x9b, 0x00, 0x00, 0xb4, 0x9a, 0x00, 0x00, 0xb8, 0x99, 0x00, 0x00,
    0xbc, 0x98, 0x00, 0x00, 0xc0, 0x97, 0x00, 0x00, 0x34, 0x97, 0x00, 0x00,
    0xa8, 0x96, 0x00, 0x00, 0x24, 0x96, 0x00, 0x00, 0x98, 0x95, 0x00, 0x00,
    0x14, 0x95, 0x00, 0x00, 0x88, 0x94, 0x00, 0x00, 0xfc, 0x93, 0x00, 0x00,
    0x70, 0x93, 0x00, 0x00, 0xe4, 0x92, 0x00, 0x00, 0x58, 0x92, 0x00, 0x00,
    0xd4, 0x91, 0x00, 0x00, 0x48, 0x91, 0x00, 0x00, 0x4c, 0x90, 0x00, 0x00,
    0x50, 0x8f, 0x00, 0x00, 0x54, 0x8e, 0x00, 0x00, 0x58, 0x8d, 0x00, 0x00,
    0xcc, 0x8c, 0x00, 0x00, 0x40, 0x8c, 0x00, 0x00, 0xbc, 0x8b, 0x00, 0x00,
    0x30, 0x8b, 0x00, 0x00, 0xac, 0x8a, 0x00, 0x00, 0x20, 0x8a, 0x00, 0x00,
    0x94, 0x89, 0x00, 0x00, 0x08, 0x89, 0x00, 0x00, 0x7c, 0x88, 0x00, 0x00,
    0xf0, 0x87, 0x00, 0x00, 0x6c, 0x87, 0x00, 0x00, 0xe0, 0x86, 0x00, 0x00,
    0xe4, 0x85, 0x00, 0x00, 0xe8, 0x84, 0x00, 0x00, 0xec, 0x83, 0x00, 0x00,
    0xf0, 0x82, 0x00, 0x00, 0x64, 0x82, 0x00, 0x00, 0xd8, 0x81, 0x00, 0x00,
    0x54, 0x81, 0x00, 0x00, 0xc8, 0x80, 0x00, 0x00, 0x44, 0x80, 0x00, 0x00,
    0xb8, 0x7f, 0x00, 0x00, 0x2c, 0x7f, 0x00, 0x00, 0xa0, 0x7e, 0x00, 0x00,
    0x14, 0x7e, 0x00, 0x00, 0x88, 0x7d, 0x00, 0x00, 0x04, 0x7d, 0x00, 0x00,
    0x78, 0x7c, 0x00, 0x00, 0x7c, 0x7b, 0x00, 0x00, 0x80, 0x7a, 0x00, 0x00,
    0x84, 0x79, 0x00, 0x00, 0x88, 0x78, 0x00, 0x00, 0xfc, 0x77, 0x00, 0x00,
    0x70, 0x77, 0x00, 0x00, 0xec, 0x76, 0x00, 0x00, 0x60, 0x76, 0x00, 0x00,
    0xdc, 0x75, 0x00, 0x00, 0x50, 0x75, 0x00, 0x00, 0xc4, 0x74, 0x00, 0x00,
    0x38, 0x74, 0x00, 0x00, 0xac, 0x73, 0x00, 0x00, 0x20, 0x73, 0x00, 0x00,
    0x9c, 0x72, 0x00, 0x00, 0x10, 0x72, 0x00, 0x00, 0x14, 0x71, 0x00, 0x00,
    0x18, 0x70, 0x00, 0x00, 0x1c, 0x6f, 0x00, 0x00, 0x20, 0x6e, 0x00, 0x00,
    0x94, 0x6d, 0x00, 0x00, 0x08, 0x6d, 0x00, 0x00, 0x84, 0x6c, 0x00, 0x00,
    0xf8, 0x6b, 0x00, 0x00, 0x74, 0x6b, 0x00, 0x00, 0xe8, 0x6a, 0x00, 0x00,
    0x5c, 0x6a, 0x00, 0x00, 0xd0, 0x69, 0x00, 0x00, 0x44, 0x69, 0x00, 0x00,
    0xb8, 0x68, 0x00, 0x00, 0x34, 0x68, 0x00, 0x00, 0xa8, 0x67, 0x00, 0x00,
    0xac, 0x66, 0x00, 0x00, 0xb0, 0x65, 0x00, 0x00, 0xb4, 0x64, 0x00, 0x00,
    0xb8, 0x63, 0x00, 0x00, 0x2c, 0x63, 0x00, 0x00, 0xa0, 0x62, 0x00, 0x00,
    0x1c, 0x62, 0x00, 0x00, 0x90, 0x61, 0x00, 0x00, 0x0c, 0x61, 0x00, 0x00,
    0x80, 0x60, 0x00, 0x00, 0xf4, 0x5f, 0x00, 0x00, 0x68, 0x5f, 0x00, 0x00,
    0xdc, 0x5e, 0x00, 0x00, 0x50, 0x5e, 0x00, 0x00, 0xcc, 0x5d, 0x00, 0x00,
    0x40, 0x5d, 0x00, 0x00, 0x44, 0x5c, 0x00, 0x00, 0x48, 0x5b, 0x00, 0x00,
    0x4c, 0x5a, 0x00, 0x00, 0x50, 0x59, 0x00, 0x00, 0xc4, 0x58, 0x00, 0x00,
    0x38, 0x58, 0x00, 0x00, 0xb4, 0x57, 0x00, 0x00, 0x28, 0x57, 0x00, 0x00,
    0xa4, 0x56, 0x00, 0x00, 0x18, 0x56, 0x00, 0x00, 0x8c, 0x55, 0x00, 0x00,
    0x00, 0x55, 0x00, 0x00, 0x74, 0x54, 0x00, 0x00, 0xe8, 0x53, 0x00, 0x00,
    0x64, 0x53, 0x00, 0x00, 0xd8, 0x52, 0x00, 0x00, 0xdc, 0x51, 0x00, 0x00,
    0xe0, 0x50, 0x00, 0x00, 0xe4, 0x4f, 0x00, 0x00, 0xe8, 0x4e, 0x00, 0x00,
    0x5c, 0x4e, 0x00, 0x00, 0xd0, 0x4d, 0x00, 0x00, 0x4c, 0x4d, 0x00, 0x00,
    0xc0, 0x4c, 0x00, 0x00, 0x3c, 0x4c, 0x00, 0x00, 0xb0, 0x4b, 0x00, 0x00,
    0x24, 0x4b, 0x00, 0x00, 0x98, 0x4a, 0x00, 0x00, 0x0c, 0x4a, 0x00, 0x00,
    0x80, 0x49, 0x00, 0x00, 0xfc, 0x48, 0x00, 0x00, 0x70, 0x48, 0x00, 0x00,
    0x74, 0x47, 0x00, 0x00, 0x78, 0x46, 0x00, 0x00, 0x7c, 0x45, 0x00, 0x00,
    0x80, 0x44, 0x00, 0x00, 0xf4, 0x43, 0x00, 0x00, 0x68, 0x43, 0x00, 0x00,
    0xe4, 0x42, 0x00, 0x00, 0x58, 0x42, 0x00, 0x00, 0xd4, 0x41, 0x00, 0x00,
    0x48, 0x41, 0x00, 0x00, 0xbc, 0x40, 0x00, 0x00, 0x30, 0x40, 0x00, 0x00,
    0xa4, 0x3f, 0x00, 0x00, 0x18, 0x3f, 0x00, 0x00, 0x94, 0x3e, 0x00, 0x00,
    0x08, 0x3e, 0x00, 0x00, 0x0c, 0x3d, 0x00, 0x00, 0x10, 0x3c, 0x00, 0x00,
    0x14, 0x3b, 0x00, 0x00, 0x18, 0x3a, 0x00, 0x00, 0x8c, 0x39, 0x00, 0x00,
    0x00, 0x39, 0x00, 0x00, 0x7c, 0x38, 0x00, 0x00, 0xf0, 0x37, 0x00, 0x00,
    0x6c, 0x37, 0x00, 0x00, 0xe0, 0x36, 0x00, 0x00, 0x54, 0x36, 0x00, 0x00,
    0xc8, 0x35, 0x00, 0x00, 0x3c, 0x35, 0x00, 0x00, 0xb0, 0x34, 0x00, 0x00,
    0x2c, 0x34, 0x00, 0x00, 0xa0, 0x33, 0x00, 0x00, 0xa4, 0x32, 0x00, 0x00,
    0xa8, 0x31, 0x00, 0x00, 0xac, 0x30, 0x00, 0x00, 0xb0, 0x2f, 0x00, 0x00,
    0x24, 0x2f, 0x00, 0x00, 0x98, 0x2e, 0x00, 0x00, 0x14, 0x2e, 0x00, 0x00,
    0x88, 0x2d, 0x00, 0x00, 0x04, 0x2d, 0x00, 0x00, 0x78, 0x2c, 0x00, 0x00,
    0xec, 0x2b, 0x00, 0x00, 0x60, 0x2b, 0x00, 0x00, 0xd4, 0x2a, 0x00, 0x00,
    0x48, 0x2a, 0x00, 0x00, 0xc4, 0x29, 0x00, 0x00, 0x38, 0x29, 0x00, 0x00,
    0x3c, 0x28, 0x00, 0x00, 0x40, 0x27, 0x00, 0x00, 0x44, 0x26, 0x00, 0x00,
    0x48, 0x25, 0x00, 0x00, 0xbc, 0x24, 0x00, 0x00, 0x30, 0x24, 0x00, 0x00,
    0xac, 0x23, 0x00, 0x00, 0x20, 0x23, 0x00, 0x00, 0x9c, 0x22, 0x00, 0x00,
    0x10, 0x22, 0x00, 0x00, 0x84, 0x21, 0x00, 0x00, 0xf8, 0x20, 0x00, 0x00,
    0x6c, 0x20, 0x00, 0x00, 0xe0, 0x1f, 0x00, 0x00, 0x5c, 0x1f, 0x00, 0x00,
    0xd0, 0x1e, 0x00, 0x00, 0xd4, 0x1d, 0x00, 0x00, 0xd8, 0x1c, 0x00, 0x00,
    0xdc, 0x1b, 0x00, 0x00, 0xe0, 0x1a, 0x00, 0x00, 0x54, 0x1a, 0x00, 0x00,
    0xc8, 0x19, 0x00, 0x00, 0x44, 0x19, 0x00, 0x00, 0xb8, 0x18, 0x00, 0x00,
    0x34, 0x18, 0x00, 0x00, 0xa8, 0x17, 0x00, 0x00, 0x1c, 0x17, 0x00, 0x00,
    0x90, 0x16, 0x00, 0x00, 0x04, 0x16, 0x00, 0x00, 0x78, 0x15, 0x00, 0x00,
    0xf4, 0x14, 0x00, 0x00, 0x68, 0x14, 0x00, 0x00, 0x6c, 0x13, 0x00, 0x00,
    0x70, 0x12, 0x00, 0x00, 0x74, 0x11, 0x00, 0x00, 0x78, 0x10, 0x00, 0x00,
    0xec, 0x0f, 0x00, 0x00, 0x60, 0x0f, 0x00, 0x00, 0xdc, 0x0e, 0x00, 0x00,
    0x50, 0x0e, 0x00, 0x00, 0xcc, 0x0d, 0x00, 0x00, 0x40, 0x0d, 0x00, 0x00,
    0xb4, 0x0c, 0x00, 0x00, 0x28, 0x0c, 0x00, 0x00, 0x9c, 0x0b, 0x00, 0x00,
    0x10, 0x0b, 0x00, 0x00, 0x8c, 0x0a, 0x00, 0x00, 0x00, 0x0a, 0x00, 0x00,
    0x04, 0x09, 0x00, 0x00, 0x08, 0x08, 0x00, 0x00, 0x0c, 0x07, 0x00, 0x00,
    0x10, 0x06, 0x00, 0x00, 0x84, 0x05, 0x00, 0x00, 0xf8, 0x04, 0x00, 0x00,
    0x74, 0x04, 0x00, 0x00, 0xe8, 0x03, 0x00, 0x00, 0x64, 0x03, 0x00, 0x00,
    0xd8, 0x02, 0x00, 0x00, 0x4c, 0x02, 0x00, 0x00, 0xc0, 0x01, 0x00, 0x00,
    0x34, 0x01, 0x00, 0x00, 0x80, 0x00, 0x00, 0x00, 0x04, 0x00, 0x00, 0x00,
    0xde, 0x21, 0xfe, 0xff, 0x00, 0x00, 0x00, 0x01, 0x18, 0x00, 0x00, 0x00,
    0x20, 0x00, 0x00, 0x00, 0x3c, 0x00, 0x00, 0x00, 0x55, 0x02, 0x00, 0x00,
    0x00, 0x00, 0x00, 0x09, 0x50, 0x00, 0x00, 0x00, 0x02, 0x00, 0x00, 0x00,
    0xff, 0xff, 0xff, 0xff, 0x01, 0x00, 0x00, 0x00, 0xc4, 0x21, 0xfe, 0xff,
    0x08, 0x00, 0x00, 0x00, 0x10, 0x00, 0x00, 0x00, 0x01, 0x00, 0x00, 0x00,
    0x2d, 0x00, 0x00, 0x00, 0x00, 0x00, 0x00, 0x00, 0x01, 0x00, 0x00, 0x00,
    0x13, 0xea, 0xbd, 0x3b, 0x1b, 0x00, 0x00, 0x00, 0x53, 0x74, 0x61, 0x74,
    0x65, 0x66, 0x75, 0x6c, 0x50, 0x61, 0x72, 0x74, 0x69, 0x74, 0x69, 0x6f,
    0x6e, 0x65, 0x64, 0x43, 0x61, 0x6c, 0x6c, 0x5f, 0x31, 0x3a, 0x30, 0x00,
    0x02, 0x00, 0x00, 0x00, 0x01, 0x00, 0x00, 0x00, 0x01, 0x00, 0x00, 0x00,
    0x56, 0x22, 0xfe, 0xff, 0x00, 0x00, 0x00, 0x01, 0x18, 0x00, 0x00, 0x00,
    0x20, 0x00, 0x00, 0x00, 0x3c, 0x00, 0x00, 0x00, 0x54, 0x02, 0x00, 0x00,
    0x00, 0x00, 0x00, 0x09, 0x88, 0x00, 0x00, 0x00, 0x02, 0x00, 0x00, 0x00,
    0xff, 0xff, 0xff, 0xff, 0x08, 0x00, 0x00, 0x00, 0x3c, 0x22, 0xfe, 0xff,
    0x08, 0x00, 0x00, 0x00, 0x10, 0x00, 0x00, 0x00, 0x01, 0x00, 0x00, 0x00,
    0x80, 0xff, 0xff, 0xff, 0xff, 0xff, 0xff, 0xff, 0x01, 0x00, 0x00, 0x00,
    0x60, 0xb1, 0xf2, 0x3b, 0x52, 0x00, 0x00, 0x00, 0x73, 0x6f, 0x63, 0x5f,
    0x6c, 0x73, 0x74, 0x6d, 0x5f, 0x31, 0x2f, 0x64, 0x65, 0x6e, 0x73, 0x65,
    0x5f, 0x33, 0x5f, 0x31, 0x2f, 0x4d, 0x61, 0x74, 0x4d, 0x75, 0x6c, 0x3b,
    0x73, 0x6f, 0x63, 0x5f, 0x6c, 0x73, 0x74, 0x6d, 0x5f, 0x31, 0x2f, 0x64,
    0x65, 0x6e, 0x73, 0x65, 0x5f, 0x33, 0x5f, 0x31, 0x2f, 0x52, 0x65, 0x6c,
    0x75, 0x3b, 0x73, 0x6f, 0x63, 0x5f, 0x6c, 0x73, 0x74, 0x6d, 0x5f, 0x31,
    0x2f, 0x64, 0x65, 0x6e, 0x73, 0x65, 0x5f, 0x33, 0x5f, 0x31, 0x2f, 0x42,
    0x69, 0x61, 0x73, 0x41, 0x64, 0x64, 0x00, 0x00, 0x02, 0x00, 0x00, 0x00,
    0x01, 0x00, 0x00, 0x00, 0x08, 0x00, 0x00, 0x00, 0x06, 0x23, 0xfe, 0xff,
    0x00, 0x00, 0x00, 0x01, 0x18, 0x00, 0x00, 0x00, 0x20, 0x00, 0x00, 0x00,
    0x40, 0x00, 0x00, 0x00, 0x53, 0x02, 0x00, 0x00, 0x00, 0x00, 0x00, 0x09,
    0x60, 0x00, 0x00, 0x00, 0x02, 0x00, 0x00, 0x00, 0xff, 0xff, 0xff, 0xff,
    0x10, 0x00, 0x00, 0x00, 0xec, 0x22, 0xfe, 0xff, 0x08, 0x00, 0x00, 0x00,
    0x14, 0x00, 0x00, 0x00, 0x01, 0x00, 0x00, 0x00, 0xf5, 0xff, 0xff, 0xff,
    0xff, 0xff, 0xff, 0xff, 0x00, 0x00, 0x00, 0x00, 0x01, 0x00, 0x00, 0x00,
    0x40, 0x66, 0xcb, 0x3b, 0x24, 0x00, 0x00, 0x00, 0x73, 0x6f, 0x63, 0x5f,
    0x6c, 0x73, 0x74, 0x6d, 0x5f, 0x31, 0x2f, 0x6c, 0x73, 0x74, 0x6d, 0x5f,
    0x31, 0x2f, 0x6c, 0x73, 0x74, 0x6d, 0x5f, 0x63, 0x65, 0x6c, 0x6c, 0x5f,
    0x36, 0x33, 0x2f, 0x6d, 0x75, 0x6c, 0x5f, 0x32, 0x00, 0x00, 0x00, 0x00,
    0x02, 0x00, 0x00, 0x00, 0x01, 0x00, 0x00, 0x00, 0x10, 0x00, 0x00, 0x00,
    0x8e, 0x23, 0xfe, 0xff, 0x00, 0x00, 0x00, 0x01, 0x18, 0x00, 0x00, 0x00,
    0x20, 0x00, 0x00, 0x00, 0x40, 0x00, 0x00, 0x00, 0x52, 0x02, 0x00, 0x00,
    0x00, 0x00, 0x00, 0x09, 0x60, 0x00, 0x00, 0x00, 0x02, 0x00, 0x00, 0x00,
    0xff, 0xff, 0xff, 0xff, 0x10, 0x00, 0x00, 0x00, 0x74, 0x23, 0xfe, 0xff,
    0x08, 0x00, 0x00, 0x00, 0x14, 0x00, 0x00, 0x00, 0x01, 0x00, 0x00, 0x00,
    0x00, 0x00, 0x00, 0x00, 0x00, 0x00, 0x00, 0x00, 0x00, 0x00, 0x00, 0x00,
    0x01, 0x00, 0x00, 0x00, 0x00, 0x00, 0x00, 0x3c, 0x25, 0x00, 0x00, 0x00,
    0x73, 0x6f, 0x63, 0x5f, 0x6c, 0x73, 0x74, 0x6d, 0x5f, 0x31, 0x2f, 0x6c,
    0x73, 0x74, 0x6d, 0x5f, 0x31, 0x2f, 0x6c, 0x73, 0x74, 0x6d, 0x5f, 0x63,
    0x65, 0x6c, 0x6c, 0x5f, 0x36, 0x33, 0x2f, 0x54, 0x61, 0x6e, 0x68, 0x5f,
    0x31, 0x00, 0x00, 0x00, 0x02, 0x00, 0x00, 0x00, 0x01, 0x00, 0x00, 0x00,
    0x10, 0x00, 0x00, 0x00, 0x16, 0x24, 0xfe, 0xff, 0x00, 0x00, 0x00, 0x01,
    0x18, 0x00, 0x00, 0x00, 0x20, 0x00, 0x00, 0x00, 0x40, 0x00, 0x00, 0x00,
    0x51, 0x02, 0x00, 0x00, 0x00, 0x00, 0x00, 0x09, 0x60, 0x00, 0x00, 0x00,
    0x02, 0x00, 0x00, 0x00, 0xff, 0xff, 0xff, 0xff, 0x10, 0x00, 0x00, 0x00,
    0xfc, 0x23, 0xfe, 0xff, 0x08, 0x00, 0x00, 0x00, 0x14, 0x00, 0x00, 0x00,
    0x01, 0x00, 0x00, 0x00, 0x03, 0x00, 0x00, 0x00, 0x00, 0x00, 0x00, 0x00,
    0x00, 0x00, 0x00, 0x00, 0x01, 0x00, 0x00, 0x00, 0xa9, 0x16, 0xb8, 0x3c,
    0x24, 0x00, 0x00, 0x00, 0x73, 0x6f, 0x63, 0x5f, 0x6c, 0x73, 0x74, 0x6d,
    0x5f, 0x31, 0x2f, 0x6c, 0x73, 0x74, 0x6d, 0x5f, 0x31, 0x2f, 0x6c, 0x73,
    0x74, 0x6d, 0x5f, 0x63, 0x65, 0x6c, 0x6c, 0x5f, 0x36, 0x33, 0x2f, 0x61,
    0x64, 0x64, 0x5f, 0x31, 0x00, 0x00, 0x00, 0x00, 0x02, 0x00, 0x00, 0x00,
    0x01, 0x00, 0x00, 0x00, 0x10, 0x00, 0x00, 0x00, 0x9e, 0x24, 0xfe, 0xff,
    0x00, 0x00, 0x00, 0x01, 0x18, 0x00, 0x00, 0x00, 0x20, 0x00, 0x00, 0x00,
    0x40, 0x00, 0x00, 0x00, 0x50, 0x02, 0x00, 0x00, 0x00, 0x00, 0x00, 0x09,
    0x60, 0x00, 0x00, 0x00, 0x02, 0x00, 0x00, 0x00, 0xff, 0xff, 0xff, 0xff,
    0x10, 0x00, 0x00, 0x00, 0x84, 0x24, 0xfe, 0xff, 0x08, 0x00, 0x00, 0x00,
    0x14, 0x00, 0x00, 0x00, 0x01, 0x00, 0x00, 0x00, 0xfe, 0xff, 0xff, 0xff,
    0xff, 0xff, 0xff, 0xff, 0x00, 0x00, 0x00, 0x00, 0x01, 0x00, 0x00, 0x00,
    0x88, 0x83, 0x89, 0x3b, 0x24, 0x00, 0x00, 0x00, 0x73, 0x6f, 0x63, 0x5f,
    0x6c, 0x73, 0x74, 0x6d, 0x5f, 0x31, 0x2f, 0x6c, 0x73, 0x74, 0x6d, 0x5f,
    0x31, 0x2f, 0x6c, 0x73, 0x74, 0x6d, 0x5f, 0x63, 0x65, 0x6c, 0x6c, 0x5f,
    0x36, 0x33, 0x2f, 0x6d, 0x75, 0x6c, 0x5f, 0x31, 0x00, 0x00, 0x00, 0x00,
    0x02, 0x00, 0x00, 0x00, 0x01, 0x00, 0x00, 0x00, 0x10, 0x00, 0x00, 0x00,
    0x26, 0x25, 0xfe, 0xff, 0x00, 0x00, 0x00, 0x01, 0x18, 0x00, 0x00, 0x00,
    0x20, 0x00, 0x00, 0x00, 0x3c, 0x00, 0x00, 0x00, 0x4f, 0x02, 0x00, 0x00,
    0x00, 0x00, 0x00, 0x09, 0x58, 0x00, 0x00, 0x00, 0x02, 0x00, 0x00, 0x00,
    0xff, 0xff, 0xff, 0xff, 0x10, 0x00, 0x00, 0x00, 0x0c, 0x25, 0xfe, 0xff,
    0x08, 0x00, 0x00, 0x00, 0x10, 0x00, 0x00, 0x00, 0x01, 0x00, 0x00, 0x00,
    0x00, 0x00, 0x00, 0x00, 0x00, 0x00, 0x00, 0x00, 0x01, 0x00, 0x00, 0x00,
    0x00, 0x00, 0x00, 0x3c, 0x23, 0x00, 0x00, 0x00, 0x73, 0x6f, 0x63, 0x5f,
    0x6c, 0x73, 0x74, 0x6d, 0x5f, 0x31, 0x2f, 0x6c, 0x73, 0x74, 0x6d, 0x5f,
    0x31, 0x2f, 0x6c, 0x73, 0x74, 0x6d, 0x5f, 0x63, 0x65, 0x6c, 0x6c, 0x5f,
    0x36, 0x33, 0x2f, 0x54, 0x61, 0x6e, 0x68, 0x00, 0x02, 0x00, 0x00, 0x00,
    0x01, 0x00, 0x00, 0x00, 0x10, 0x00, 0x00, 0x00, 0xa6, 0x25, 0xfe, 0xff,
    0x00, 0x00, 0x00, 0x01, 0x18, 0x00, 0x00, 0x00, 0x20, 0x00, 0x00, 0x00,
    0x3c, 0x00, 0x00, 0x00, 0x4e, 0x02, 0x00, 0x00, 0x00, 0x00, 0x00, 0x09,
    0x60, 0x00, 0x00, 0x00, 0x02, 0x00, 0x00, 0x00, 0xff, 0xff, 0xff, 0xff,
    0x10, 0x00, 0x00, 0x00, 0x8c, 0x25, 0xfe, 0xff, 0x08, 0x00, 0x00, 0x00,
    0x10, 0x00, 0x00, 0x00, 0x01, 0x00, 0x00, 0x00, 0x80, 0xff, 0xff, 0xff,
    0xff, 0xff, 0xff, 0xff, 0x01, 0x00, 0x00, 0x00, 0x00, 0x00, 0x80, 0x3b,
    0x28, 0x00, 0x00, 0x00, 0x73, 0x6f, 0x63, 0x5f, 0x6c, 0x73, 0x74, 0x6d,
    0x5f, 0x31, 0x2f, 0x6c, 0x73, 0x74, 0x6d, 0x5f, 0x31, 0x2f, 0x6c, 0x73,
    0x74, 0x6d, 0x5f, 0x63, 0x65, 0x6c, 0x6c, 0x5f, 0x36, 0x33, 0x2f, 0x53,
    0x69, 0x67, 0x6d, 0x6f, 0x69, 0x64, 0x5f, 0x32, 0x00, 0x00, 0x00, 0x00,
    0x02, 0x00, 0x00, 0x00, 0x01, 0x00, 0x00, 0x00, 0x10, 0x00, 0x00, 0x00,
    0x2e, 0x26, 0xfe, 0xff, 0x00, 0x00, 0x00, 0x01, 0x18, 0x00, 0x00, 0x00,
    0x20, 0x00, 0x00, 0x00, 0x3c, 0x00, 0x00, 0x00, 0x4d, 0x02, 0x00, 0x00,
    0x00, 0x00, 0x00, 0x09, 0x58, 0x00, 0x00, 0x00, 0x02, 0x00, 0x00, 0x00,
    0xff, 0xff, 0xff, 0xff, 0x10, 0x00, 0x00, 0x00, 0x14, 0x26, 0xfe, 0xff,
    0x08, 0x00, 0x00, 0x00, 0x10, 0x00, 0x00, 0x00, 0x01, 0x00, 0x00, 0x00,
    0x03, 0x00, 0x00, 0x00, 0x00, 0x00, 0x00, 0x00, 0x01, 0x00, 0x00, 0x00,
    0xa9, 0x16, 0xb8, 0x3c, 0x22, 0x00, 0x00, 0x00, 0x73, 0x6f, 0x63, 0x5f,
    0x6c, 0x73, 0x74, 0x6d, 0x5f, 0x31, 0x2f, 0x6c, 0x73, 0x74, 0x6d, 0x5f,
    0x31, 0x2f, 0x6c, 0x73, 0x74, 0x6d, 0x5f, 0x63, 0x65, 0x6c, 0x6c, 0x5f,
    0x36, 0x33, 0x2f, 0x6d, 0x75, 0x6c, 0x00, 0x00, 0x02, 0x00, 0x00, 0x00,
    0x01, 0x00, 0x00, 0x00, 0x10, 0x00, 0x00, 0x00, 0xae, 0x26, 0xfe, 0xff,
    0x00, 0x00, 0x00, 0x01, 0x18, 0x00, 0x00, 0x00, 0x20, 0x00, 0x00, 0x00,
    0x3c, 0x00, 0x00, 0x00, 0x4c, 0x02, 0x00, 0x00, 0x00, 0x00, 0x00, 0x09,
    0x60, 0x00, 0x00, 0x00, 0x02, 0x00, 0x00, 0x00, 0xff, 0xff, 0xff, 0xff,
    0x10, 0x00, 0x00, 0x00, 0x94, 0x26, 0xfe, 0xff, 0x08, 0x00, 0x00, 0x00,
    0x10, 0x00, 0x00, 0x00, 0x01, 0x00, 0x00, 0x00, 0x80, 0xff, 0xff, 0xff,
    0xff, 0xff, 0xff, 0xff, 0x01, 0x00, 0x00, 0x00, 0x00, 0x00, 0x80, 0x3b,
    0x28, 0x00, 0x00, 0x00, 0x73, 0x6f, 0x63, 0x5f, 0x6c, 0x73, 0x74, 0x6d,
    0x5f, 0x31, 0x2f, 0x6c, 0x73, 0x74, 0x6d, 0x5f, 0x31, 0x2f, 0x6c, 0x73,
    0x74, 0x6d, 0x5f, 0x63, 0x65, 0x6c, 0x6c, 0x5f, 0x36, 0x33, 0x2f, 0x53,
    0x69, 0x67, 0x6d, 0x6f, 0x69, 0x64, 0x5f, 0x31, 0x00, 0x00, 0x00, 0x00,
    0x02, 0x00, 0x00, 0x00, 0x01, 0x00, 0x00, 0x00, 0x10, 0x00, 0x00, 0x00,
    0x36, 0x27, 0xfe, 0xff, 0x00, 0x00, 0x00, 0x01, 0x18, 0x00, 0x00, 0x00,
    0x20, 0x00, 0x00, 0x00, 0x40, 0x00, 0x00, 0x00, 0x4b, 0x02, 0x00, 0x00,
    0x00, 0x00, 0x00, 0x09, 0x60, 0x00, 0x00, 0x00, 0x02, 0x00, 0x00, 0x00,
    0xff, 0xff, 0xff, 0xff, 0x10, 0x00, 0x00, 0x00, 0x1c, 0x27, 0xfe, 0xff,
    0x08, 0x00, 0x00, 0x00, 0x14, 0x00, 0x00, 0x00, 0x01, 0x00, 0x00, 0x00,
    0x80, 0xff, 0xff, 0xff, 0xff, 0xff, 0xff, 0xff, 0x00, 0x00, 0x00, 0x00,
    0x01, 0x00, 0x00, 0x00, 0x00, 0x00, 0x80, 0x3b, 0x26, 0x00, 0x00, 0x00,
    0x73, 0x6f, 0x63, 0x5f, 0x6c, 0x73, 0x74, 0x6d, 0x5f, 0x31, 0x2f, 0x6c,
    0x73, 0x74, 0x6d, 0x5f, 0x31, 0x2f, 0x6c, 0x73, 0x74, 0x6d, 0x5f, 0x63,
    0x65, 0x6c, 0x6c, 0x5f, 0x36, 0x33, 0x2f, 0x53, 0x69, 0x67, 0x6d, 0x6f,
    0x69, 0x64, 0x00, 0x00, 0x02, 0x00, 0x00, 0x00, 0x01, 0x00, 0x00, 0x00,
    0x10, 0x00, 0x00, 0x00, 0xbe, 0x27, 0xfe, 0xff, 0x00, 0x00, 0x00, 0x01,
    0x18, 0x00, 0x00, 0x00, 0x20, 0x00, 0x00, 0x00, 0x40, 0x00, 0x00, 0x00,
    0x4a, 0x02, 0x00, 0x00, 0x00, 0x00, 0x00, 0x09, 0xd0, 0x00, 0x00, 0x00,
    0x02, 0x00, 0x00, 0x00, 0xff, 0xff, 0xff, 0xff, 0x10, 0x00, 0x00, 0x00,
    0xa4, 0x27, 0xfe, 0xff, 0x08, 0x00, 0x00, 0x00, 0x14, 0x00, 0x00, 0x00,
    0x01, 0x00, 0x00, 0x00, 0xea, 0xff, 0xff, 0xff, 0xff, 0xff, 0xff, 0xff,
    0x00, 0x00, 0x00, 0x00, 0x01, 0x00, 0x00, 0x00, 0x78, 0x4e, 0x95, 0x3c,
    0x97, 0x00, 0x00, 0x00, 0x73, 0x6f, 0x63, 0x5f, 0x6c, 0x73, 0x74, 0x6d,
    0x5f, 0x31, 0x2f, 0x6c, 0x73, 0x74, 0x6d, 0x5f, 0x31, 0x2f, 0x6c, 0x73,
    0x74, 0x6d, 0x5f, 0x63, 0x65, 0x6c, 0x6c, 0x5f, 0x36, 0x33, 0x2f, 0x73,
    0x70, 0x6c, 0x69, 0x74, 0x3b, 0x73, 0x6f, 0x63, 0x5f, 0x6c, 0x73, 0x74,
    0x6d, 0x5f, 0x31, 0x2f, 0x6c, 0x73, 0x74, 0x6d, 0x5f, 0x31, 0x2f, 0x6c,
    0x73, 0x74, 0x6d, 0x5f, 0x63, 0x65, 0x6c, 0x6c, 0x5f, 0x36, 0x33, 0x2f,
    0x73, 0x70, 0x6c, 0x69, 0x74, 0x31, 0x3b, 0x73, 0x6f, 0x63, 0x5f, 0x6c,
    0x73, 0x74, 0x6d, 0x5f, 0x31, 0x2f, 0x6c, 0x73, 0x74, 0x6d, 0x5f, 0x31,
    0x2f, 0x6c, 0x73, 0x74, 0x6d, 0x5f, 0x63, 0x65, 0x6c, 0x6c, 0x5f, 0x36,
    0x33, 0x2f, 0x73, 0x70, 0x6c, 0x69, 0x74, 0x32, 0x3b, 0x73, 0x6f, 0x63,
    0x5f, 0x6c, 0x73, 0x74, 0x6d, 0x5f, 0x31, 0x2f, 0x6c, 0x73, 0x74, 0x6d,
    0x5f, 0x31, 0x2f, 0x6c, 0x73, 0x74, 0x6d, 0x5f, 0x63, 0x65, 0x6c, 0x6c,
    0x5f, 0x36, 0x33, 0x2f, 0x73, 0x70, 0x6c, 0x69, 0x74, 0x33, 0x33, 0x00,
    0x02, 0x00, 0x00, 0x00, 0x01, 0x00, 0x00, 0x00, 0x10, 0x00, 0x00, 0x00,
    0xb6, 0x28, 0xfe, 0xff, 0x00, 0x00, 0x00, 0x01, 0x18, 0x00, 0x00, 0x00,
    0x20, 0x00, 0x00, 0x00, 0x40, 0x00, 0x00, 0x00, 0x49, 0x02, 0x00, 0x00,
    0x00, 0x00, 0x00, 0x09, 0xd0, 0x00, 0x00, 0x00, 0x02, 0x00, 0x00, 0x00,
    0xff, 0xff, 0xff, 0xff, 0x10, 0x00, 0x00, 0x00, 0x9c, 0x28, 0xfe, 0xff,
    0x08, 0x00, 0x00, 0x00, 0x14, 0x00, 0x00, 0x00, 0x01, 0x00, 0x00, 0x00,
    0xea, 0xff, 0xff, 0xff, 0xff, 0xff, 0xff, 0xff, 0x00, 0x00, 0x00, 0x00,
    0x01, 0x00, 0x00, 0x00, 0x78, 0x4e, 0x95, 0x3c, 0x97, 0x00, 0x00, 0x00,
    0x73, 0x6f, 0x63, 0x5f, 0x6c, 0x73, 0x74, 0x6d, 0x5f, 0x31, 0x2f, 0x6c,
    0x73, 0x74, 0x6d, 0x5f, 0x31, 0x2f, 0x6c, 0x73, 0x74, 0x6d, 0x5f, 0x63,
    0x65, 0x6c, 0x6c, 0x5f, 0x36, 0x33, 0x2f, 0x73, 0x70, 0x6c, 0x69, 0x74,
    0x3b, 0x73, 0x6f, 0x63, 0x5f, 0x6c, 0x73, 0x74, 0x6d, 0x5f, 0x31, 0x2f,
    0x6c, 0x73, 0x74, 0x6d, 0x5f, 0x31, 0x2f, 0x6c, 0x73, 0x74, 0x6d, 0x5f,
    0x63, 0x65, 0x6c, 0x6c, 0x5f, 0x36, 0x33, 0x2f, 0x73, 0x70, 0x6c, 0x69,
    0x74, 0x31, 0x3b, 0x73, 0x6f, 0x63, 0x5f, 0x6c, 0x73, 0x74, 0x6d, 0x5f,
    0x31, 0x2f, 0x6c, 0x73, 0x74, 0x6d, 0x5f, 0x31, 0x2f, 0x6c, 0x73, 0x74,
    0x6d, 0x5f, 0x63, 0x65, 0x6c, 0x6c, 0x5f, 0x36, 0x33, 0x2f, 0x73, 0x70,
    0x6c, 0x69, 0x74, 0x32, 0x3b, 0x73, 0x6f, 0x63, 0x5f, 0x6c, 0x73, 0x74,
    0x6d, 0x5f, 0x31, 0x2f, 0x6c, 0x73, 0x74, 0x6d, 0x5f, 0x31, 0x2f, 0x6c,
    0x73, 0x74, 0x6d, 0x5f, 0x63, 0x65, 0x6c, 0x6c, 0x5f, 0x36, 0x33, 0x2f,
    0x73, 0x70, 0x6c, 0x69, 0x74, 0x33, 0x32, 0x00, 0x02, 0x00, 0x00, 0x00,
    0x01, 0x00, 0x00, 0x00, 0x10, 0x00, 0x00, 0x00, 0xae, 0x29, 0xfe, 0xff,
    0x00, 0x00, 0x00, 0x01, 0x18, 0x00, 0x00, 0x00, 0x20, 0x00, 0x00, 0x00,
    0x40, 0x00, 0x00, 0x00, 0x48, 0x02, 0x00, 0x00, 0x00, 0x00, 0x00, 0x09,
    0xd0, 0x00, 0x00, 0x00, 0x02, 0x00, 0x00, 0x00, 0xff, 0xff, 0xff, 0xff,
    0x10, 0x00, 0x00, 0x00, 0x94, 0x29, 0xfe, 0xff, 0x08, 0x00, 0x00, 0x00,
    0x14, 0x00, 0x00, 0x00, 0x01, 0x00, 0x00, 0x00, 0xea, 0xff, 0xff, 0xff,
    0xff, 0xff, 0xff, 0xff, 0x00, 0x00, 0x00, 0x00, 0x01, 0x00, 0x00, 0x00,
    0x78, 0x4e, 0x95, 0x3c, 0x97, 0x00, 0x00, 0x00, 0x73, 0x6f, 0x63, 0x5f,
    0x6c, 0x73, 0x74, 0x6d, 0x5f, 0x31, 0x2f, 0x6c, 0x73, 0x74, 0x6d, 0x5f,
    0x31, 0x2f, 0x6c, 0x73, 0x74, 0x6d, 0x5f, 0x63, 0x65, 0x6c, 0x6c, 0x5f,
    0x36, 0x33, 0x2f, 0x73, 0x70, 0x6c, 0x69, 0x74, 0x3b, 0x73, 0x6f, 0x63,
    0x5f, 0x6c, 0x73, 0x74, 0x6d, 0x5f, 0x31, 0x2f, 0x6c, 0x73, 0x74, 0x6d,
    0x5f, 0x31, 0x2f, 0x6c, 0x73, 0x74, 0x6d, 0x5f, 0x63, 0x65, 0x6c, 0x6c,
    0x5f, 0x36, 0x33, 0x2f, 0x73, 0x70, 0x6c, 0x69, 0x74, 0x31, 0x3b, 0x73,
    0x6f, 0x63, 0x5f, 0x6c, 0x73, 0x74, 0x6d, 0x5f, 0x31, 0x2f, 0x6c, 0x73,
    0x74, 0x6d, 0x5f, 0x31, 0x2f, 0x6c, 0x73, 0x74, 0x6d, 0x5f, 0x63, 0x65,
    0x6c, 0x6c, 0x5f, 0x36, 0x33, 0x2f, 0x73, 0x70, 0x6c, 0x69, 0x74, 0x32,
    0x3b, 0x73, 0x6f, 0x63, 0x5f, 0x6c, 0x73, 0x74, 0x6d, 0x5f, 0x31, 0x2f,
    0x6c, 0x73, 0x74, 0x6d, 0x5f, 0x31, 0x2f, 0x6c, 0x73, 0x74, 0x6d, 0x5f,
    0x63, 0x65, 0x6c, 0x6c, 0x5f, 0x36, 0x33, 0x2f, 0x73, 0x70, 0x6c, 0x69,
    0x74, 0x33, 0x31, 0x00, 0x02, 0x00, 0x00, 0x00, 0x01, 0x00, 0x00, 0x00,
    0x10, 0x00, 0x00, 0x00, 0xa6, 0x2a, 0xfe, 0xff, 0x00, 0x00, 0x00, 0x01,
    0x18, 0x00, 0x00, 0x00, 0x20, 0x00, 0x00, 0x00, 0x40, 0x00, 0x00, 0x00,
    0x47, 0x02, 0x00, 0x00, 0x00, 0x00, 0x00, 0x09, 0xd0, 0x00, 0x00, 0x00,
    0x02, 0x00, 0x00, 0x00, 0xff, 0xff, 0xff, 0xff, 0x10, 0x00, 0x00, 0x00,
    0x8c, 0x2a, 0xfe, 0xff, 0x08, 0x00, 0x00, 0x00, 0x14, 0x00, 0x00, 0x00,
    0x01, 0x00, 0x00, 0x00, 0xea, 0xff, 0xff, 0xff, 0xff, 0xff, 0xff, 0xff,
    0x00, 0x00, 0x00, 0x00, 0x01, 0x00, 0x00, 0x00, 0x78, 0x4e, 0x95, 0x3c,
    0x96, 0x00, 0x00, 0x00, 0x73, 0x6f, 0x63, 0x5f, 0x6c, 0x73, 0x74, 0x6d,
    0x5f, 0x31, 0x2f, 0x6c, 0x73, 0x74, 0x6d, 0x5f, 0x31, 0x2f, 0x6c, 0x73,
    0x74, 0x6d, 0x5f, 0x63, 0x65, 0x6c, 0x6c, 0x5f, 0x36, 0x33, 0x2f, 0x73,
    0x70, 0x6c, 0x69, 0x74, 0x3b, 0x73, 0x6f, 0x63, 0x5f, 0x6c, 0x73, 0x74,
    0x6d, 0x5f, 0x31, 0x2f, 0x6c, 0x73, 0x74, 0x6d, 0x5f, 0x31, 0x2f, 0x6c,
    0x73, 0x74, 0x6d, 0x5f, 0x63, 0x65, 0x6c, 0x6c, 0x5f, 0x36, 0x33, 0x2f,
    0x73, 0x70, 0x6c, 0x69, 0x74, 0x31, 0x3b, 0x73, 0x6f, 0x63, 0x5f, 0x6c,
    0x73, 0x74, 0x6d, 0x5f, 0x31, 0x2f, 0x6c, 0x73, 0x74, 0x6d, 0x5f, 0x31,
    0x2f, 0x6c, 0x73, 0x74, 0x6d, 0x5f, 0x63, 0x65, 0x6c, 0x6c, 0x5f, 0x36,
    0x33, 0x2f, 0x73, 0x70, 0x6c, 0x69, 0x74, 0x32, 0x3b, 0x73, 0x6f, 0x63,
    0x5f, 0x6c, 0x73, 0x74, 0x6d, 0x5f, 0x31, 0x2f, 0x6c, 0x73, 0x74, 0x6d,
    0x5f, 0x31, 0x2f, 0x6c, 0x73, 0x74, 0x6d, 0x5f, 0x63, 0x65, 0x6c, 0x6c,
    0x5f, 0x36, 0x33, 0x2f, 0x73, 0x70, 0x6c, 0x69, 0x74, 0x33, 0x00, 0x00,
    0x02, 0x00, 0x00, 0x00, 0x01, 0x00, 0x00, 0x00, 0x10, 0x00, 0x00, 0x00,
    0x9e, 0x2b, 0xfe, 0xff, 0x00, 0x00, 0x00, 0x01, 0x18, 0x00, 0x00, 0x00,
    0x20, 0x00, 0x00, 0x00, 0x40, 0x00, 0x00, 0x00, 0x46, 0x02, 0x00, 0x00,
    0x00, 0x00, 0x00, 0x09, 0x60, 0x00, 0x00, 0x00, 0x02, 0x00, 0x00, 0x00,
    0xff, 0xff, 0xff, 0xff, 0x40, 0x00, 0x00, 0x00, 0x84, 0x2b, 0xfe, 0xff,
    0x08, 0x00, 0x00, 0x00, 0x14, 0x00, 0x00, 0x00, 0x01, 0x00, 0x00, 0x00,
    0xea, 0xff, 0xff, 0xff, 0xff, 0xff, 0xff, 0xff, 0x00, 0x00, 0x00, 0x00,
    0x01, 0x00, 0x00, 0x00, 0x78, 0x4e, 0x95, 0x3c, 0x26, 0x00, 0x00, 0x00,
    0x73, 0x6f, 0x63, 0x5f, 0x6c, 0x73, 0x74, 0x6d, 0x5f, 0x31, 0x2f, 0x6c,
    0x73, 0x74, 0x6d, 0x5f, 0x31, 0x2f, 0x6c, 0x73, 0x74, 0x6d, 0x5f, 0x63,
    0x65, 0x6c, 0x6c, 0x5f, 0x36, 0x33, 0x2f, 0x42, 0x69, 0x61, 0x73, 0x41,
    0x64, 0x64, 0x00, 0x00, 0x02, 0x00, 0x00, 0x00, 0x01, 0x00, 0x00, 0x00,
    0x40, 0x00, 0x00, 0x00, 0x26, 0x2c, 0xfe, 0xff, 0x00, 0x00, 0x00, 0x01,
    0x18, 0x00, 0x00, 0x00, 0x20, 0x00, 0x00, 0x00, 0x3c, 0x00, 0x00, 0x00,
    0x45, 0x02, 0x00, 0x00, 0x00, 0x00, 0x00, 0x09, 0x58, 0x00, 0x00, 0x00,
    0x02, 0x00, 0x00, 0x00, 0xff, 0xff, 0xff, 0xff, 0x40, 0x00, 0x00, 0x00,
    0x0c, 0x2c, 0xfe, 0xff, 0x08, 0x00, 0x00, 0x00, 0x10, 0x00, 0x00, 0x00,
    0x01, 0x00, 0x00, 0x00, 0xea, 0xff, 0xff, 0xff, 0xff, 0xff, 0xff, 0xff,
    0x01, 0x00, 0x00, 0x00, 0x15, 0x91, 0x95, 0x3c, 0x22, 0x00, 0x00, 0x00,
    0x73, 0x6f, 0x63, 0x5f, 0x6c, 0x73, 0x74, 0x6d, 0x5f, 0x31, 0x2f, 0x6c,
    0x73, 0x74, 0x6d, 0x5f, 0x31, 0x2f, 0x6c, 0x73, 0x74, 0x6d, 0x5f, 0x63,
    0x65, 0x6c, 0x6c, 0x5f, 0x36, 0x33, 0x2f, 0x41, 0x64, 0x64, 0x00, 0x00,
    0x02, 0x00, 0x00, 0x00, 0x01, 0x00, 0x00, 0x00, 0x40, 0x00, 0x00, 0x00,
    0xa6, 0x2c, 0xfe, 0xff, 0x00, 0x00, 0x00, 0x01, 0x18, 0x00, 0x00, 0x00,
    0x20, 0x00, 0x00, 0x00, 0x40, 0x00, 0x00, 0x00, 0x44, 0x02, 0x00, 0x00,
    0x00, 0x00, 0x00, 0x09, 0x60, 0x00, 0x00, 0x00, 0x02, 0x00, 0x00, 0x00,
    0xff, 0xff, 0xff, 0xff, 0x40, 0x00, 0x00, 0x00, 0x8c, 0x2c, 0xfe, 0xff,
    0x08, 0x00, 0x00, 0x00, 0x14, 0x00, 0x00, 0x00, 0x01, 0x00, 0x00, 0x00,
    0x01, 0x00, 0x00, 0x00, 0x00, 0x00, 0x00, 0x00, 0x00, 0x00, 0x00, 0x00,
    0x01, 0x00, 0x00, 0x00, 0x3a, 0x1e, 0x53, 0x3c, 0x27, 0x00, 0x00, 0x00,
    0x73, 0x6f, 0x63, 0x5f, 0x6c, 0x73, 0x74, 0x6d, 0x5f, 0x31, 0x2f, 0x6c,
    0x73, 0x74, 0x6d, 0x5f, 0x31, 0x2f, 0x6c, 0x73, 0x74, 0x6d, 0x5f, 0x63,
    0x65, 0x6c, 0x6c, 0x5f, 0x36, 0x33, 0x2f, 0x4d, 0x61, 0x74, 0x4d, 0x75,
    0x6c, 0x5f, 0x31, 0x00, 0x02, 0x00, 0x00, 0x00, 0x01, 0x00, 0x00, 0x00,
    0x40, 0x00, 0x00, 0x00, 0x2e, 0x2d, 0xfe, 0xff, 0x00, 0x00, 0x00, 0x01,
    0x18, 0x00, 0x00, 0x00, 0x20, 0x00, 0x00, 0x00, 0x40, 0x00, 0x00, 0x00,
    0x43, 0x02, 0x00, 0x00, 0x00, 0x00, 0x00, 0x09, 0x60, 0x00, 0x00, 0x00,
    0x02, 0x00, 0x00, 0x00, 0xff, 0xff, 0xff, 0xff, 0x10, 0x00, 0x00, 0x00,
    0x14, 0x2d, 0xfe, 0xff, 0x08, 0x00, 0x00, 0x00, 0x14, 0x00, 0x00, 0x00,
    0x01, 0x00, 0x00, 0x00, 0xf4, 0xff, 0xff, 0xff, 0xff, 0xff, 0xff, 0xff,
    0x00, 0x00, 0x00, 0x00, 0x01, 0x00, 0x00, 0x00, 0xf4, 0x7f, 0xcd, 0x3b,
    0x24, 0x00, 0x00, 0x00, 0x73, 0x6f, 0x63, 0x5f, 0x6c, 0x73, 0x74, 0x6d,
    0x5f, 0x31, 0x2f, 0x6c, 0x73, 0x74, 0x6d, 0x5f, 0x31, 0x2f, 0x6c, 0x73,
    0x74, 0x6d, 0x5f, 0x63, 0x65, 0x6c, 0x6c, 0x5f, 0x36, 0x31, 0x2f, 0x6d,
    0x75, 0x6c, 0x5f, 0x32, 0x00, 0x00, 0x00, 0x00, 0x02, 0x00, 0x00, 0x00,
    0x01, 0x00, 0x00, 0x00, 0x10, 0x00, 0x00, 0x00, 0xb6, 0x2d, 0xfe, 0xff,
    0x00, 0x00, 0x00, 0x01, 0x18, 0x00, 0x00, 0x00, 0x20, 0x00, 0x00, 0x00,
    0x40, 0x00, 0x00, 0x00, 0x42, 0x02, 0x00, 0x00, 0x00, 0x00, 0x00, 0x09,
    0x60, 0x00, 0x00, 0x00, 0x02, 0x00, 0x00, 0x00, 0xff, 0xff, 0xff, 0xff,
    0x10, 0x00, 0x00, 0x00, 0x9c, 0x2d, 0xfe, 0xff, 0x08, 0x00, 0x00, 0x00,
    0x14, 0x00, 0x00, 0x00, 0x01, 0x00, 0x00, 0x00, 0x00, 0x00, 0x00, 0x00,
    0x00, 0x00, 0x00, 0x00, 0x00, 0x00, 0x00, 0x00, 0x01, 0x00, 0x00, 0x00,
    0x00, 0x00, 0x00, 0x3c, 0x25, 0x00, 0x00, 0x00, 0x73, 0x6f, 0x63, 0x5f,
    0x6c, 0x73, 0x74, 0x6d, 0x5f, 0x31, 0x2f, 0x6c, 0x73, 0x74, 0x6d, 0x5f,
    0x31, 0x2f, 0x6c, 0x73, 0x74, 0x6d, 0x5f, 0x63, 0x65, 0x6c, 0x6c, 0x5f,
    0x36, 0x31, 0x2f, 0x54, 0x61, 0x6e, 0x68, 0x5f, 0x31, 0x00, 0x00, 0x00,
    0x02, 0x00, 0x00, 0x00, 0x01, 0x00, 0x00, 0x00, 0x10, 0x00, 0x00, 0x00,
    0x3e, 0x2e, 0xfe, 0xff, 0x00, 0x00, 0x00, 0x01, 0x18, 0x00, 0x00, 0x00,
    0x20, 0x00, 0x00, 0x00, 0x40, 0x00, 0x00, 0x00, 0x41, 0x02, 0x00, 0x00,
    0x00, 0x00, 0x00, 0x09, 0x60, 0x00, 0x00, 0x00, 0x02, 0x00, 0x00, 0x00,
    0xff, 0xff, 0xff, 0xff, 0x10, 0x00, 0x00, 0x00, 0x24, 0x2e, 0xfe, 0xff,
    0x08, 0x00, 0x00, 0x00, 0x14, 0x00, 0x00, 0x00, 0x01, 0x00, 0x00, 0x00,
    0x04, 0x00, 0x00, 0x00, 0x00, 0x00, 0x00, 0x00, 0x00, 0x00, 0x00, 0x00,
    0x01, 0x00, 0x00, 0x00, 0xdd, 0xe1, 0xb2, 0x3c, 0x24, 0x00, 0x00, 0x00,
    0x73, 0x6f, 0x63, 0x5f, 0x6c, 0x73, 0x74, 0x6d, 0x5f, 0x31, 0x2f, 0x6c,
    0x73, 0x74, 0x6d, 0x5f, 0x31, 0x2f, 0x6c, 0x73, 0x74, 0x6d, 0x5f, 0x63,
    0x65, 0x6c, 0x6c, 0x5f, 0x36, 0x31, 0x2f, 0x61, 0x64, 0x64, 0x5f, 0x31,
    0x00, 0x00, 0x00, 0x00, 0x02, 0x00, 0x00, 0x00, 0x01, 0x00, 0x00, 0x00,
    0x10, 0x00, 0x00, 0x00, 0xc6, 0x2e, 0xfe, 0xff, 0x00, 0x00, 0x00, 0x01,
    0x18, 0x00, 0x00, 0x00, 0x20, 0x00, 0x00, 0x00, 0x40, 0x00, 0x00, 0x00,
    0x40, 0x02, 0x00, 0x00, 0x00, 0x00, 0x00, 0x09, 0x60, 0x00, 0x00, 0x00,
    0x02, 0x00, 0x00, 0x00, 0xff, 0xff, 0xff, 0xff, 0x10, 0x00, 0x00, 0x00,
    0xac, 0x2e, 0xfe, 0xff, 0x08, 0x00, 0x00, 0x00, 0x14, 0x00, 0x00, 0x00,
    0x01, 0x00, 0x00, 0x00, 0xfe, 0xff, 0xff, 0xff, 0xff, 0xff, 0xff, 0xff,
    0x00, 0x00, 0x00, 0x00, 0x01, 0x00, 0x00, 0x00, 0xc2, 0xc7, 0x8a, 0x3b,
    0x24, 0x00, 0x00, 0x00, 0x73, 0x6f, 0x63, 0x5f, 0x6c, 0x73, 0x74, 0x6d,
    0x5f, 0x31, 0x2f, 0x6c, 0x73, 0x74, 0x6d, 0x5f, 0x31, 0x2f, 0x6c, 0x73,
    0x74, 0x6d, 0x5f, 0x63, 0x65, 0x6c, 0x6c, 0x5f, 0x36, 0x31, 0x2f, 0x6d,
    0x75, 0x6c, 0x5f, 0x31, 0x00, 0x00, 0x00, 0x00, 0x02, 0x00, 0x00, 0x00,
    0x01, 0x00, 0x00, 0x00, 0x10, 0x00, 0x00, 0x00, 0x4e, 0x2f, 0xfe, 0xff,
    0x00, 0x00, 0x00, 0x01, 0x18, 0x00, 0x00, 0x00, 0x20, 0x00, 0x00, 0x00,
    0x3c, 0x00, 0x00, 0x00, 0x3f, 0x02, 0x00, 0x00, 0x00, 0x00, 0x00, 0x09,
    0x58, 0x00, 0x00, 0x00, 0x02, 0x00, 0x00, 0x00, 0xff, 0xff, 0xff, 0xff,
    0x10, 0x00, 0x00, 0x00, 0x34, 0x2f, 0xfe, 0xff, 0x08, 0x00, 0x00, 0x00,
    0x10, 0x00, 0x00, 0x00, 0x01, 0x00, 0x00, 0x00, 0x00, 0x00, 0x00, 0x00,
    0x00, 0x00, 0x00, 0x00, 0x01, 0x00, 0x00, 0x00, 0x00, 0x00, 0x00, 0x3c,
    0x23, 0x00, 0x00, 0x00, 0x73, 0x6f, 0x63, 0x5f, 0x6c, 0x73, 0x74, 0x6d,
    0x5f, 0x31, 0x2f, 0x6c, 0x73, 0x74, 0x6d, 0x5f, 0x31, 0x2f, 0x6c, 0x73,
    0x74, 0x6d, 0x5f, 0x63, 0x65, 0x6c, 0x6c, 0x5f, 0x36, 0x31, 0x2f, 0x54,
    0x61, 0x6e, 0x68, 0x00, 0x02, 0x00, 0x00, 0x00, 0x01, 0x00, 0x00, 0x00,
    0x10, 0x00, 0x00, 0x00, 0xce, 0x2f, 0xfe, 0xff, 0x00, 0x00, 0x00, 0x01,
    0x18, 0x00, 0x00, 0x00, 0x20, 0x00, 0x00, 0x00, 0x3c, 0x00, 0x00, 0x00,
    0x3e, 0x02, 0x00, 0x00, 0x00, 0x00, 0x00, 0x09, 0x60, 0x00, 0x00, 0x00,
    0x02, 0x00, 0x00, 0x00, 0xff, 0xff, 0xff, 0xff, 0x10, 0x00, 0x00, 0x00,
    0xb4, 0x2f, 0xfe, 0xff, 0x08, 0x00, 0x00, 0x00, 0x10, 0x00, 0x00, 0x00,
    0x01, 0x00, 0x00, 0x00, 0x80, 0xff, 0xff, 0xff, 0xff, 0xff, 0xff, 0xff,
    0x01, 0x00, 0x00, 0x00, 0x00, 0x00, 0x80, 0x3b, 0x28, 0x00, 0x00, 0x00,
    0x73, 0x6f, 0x63, 0x5f, 0x6c, 0x73, 0x74, 0x6d, 0x5f, 0x31, 0x2f, 0x6c,
    0x73, 0x74, 0x6d, 0x5f, 0x31, 0x2f, 0x6c, 0x73, 0x74, 0x6d, 0x5f, 0x63,
    0x65, 0x6c, 0x6c, 0x5f, 0x36, 0x31, 0x2f, 0x53, 0x69, 0x67, 0x6d, 0x6f,
    0x69, 0x64, 0x5f, 0x32, 0x00, 0x00, 0x00, 0x00, 0x02, 0x00, 0x00, 0x00,
    0x01, 0x00, 0x00, 0x00, 0x10, 0x00, 0x00, 0x00, 0x56, 0x30, 0xfe, 0xff,
    0x00, 0x00, 0x00, 0x01, 0x18, 0x00, 0x00, 0x00, 0x20, 0x00, 0x00, 0x00,
    0x3c, 0x00, 0x00, 0x00, 0x3d, 0x02, 0x00, 0x00, 0x00, 0x00, 0x00, 0x09,
    0x58, 0x00, 0x00, 0x00, 0x02, 0x00, 0x00, 0x00, 0xff, 0xff, 0xff, 0xff,
    0x10, 0x00, 0x00, 0x00, 0x3c, 0x30, 0xfe, 0xff, 0x08, 0x00, 0x00, 0x00,
    0x10, 0x00, 0x00, 0x00, 0x01, 0x00, 0x00, 0x00, 0x04, 0x00, 0x00, 0x00,
    0x00, 0x00, 0x00, 0x00, 0x01, 0x00, 0x00, 0x00, 0xdd, 0xe1, 0xb2, 0x3c,
    0x22, 0x00, 0x00, 0x00, 0x73, 0x6f, 0x63, 0x5f, 0x6c, 0x73, 0x74, 0x6d,
    0x5f, 0x31, 0x2f, 0x6c, 0x73, 0x74, 0x6d, 0x5f, 0x31, 0x2f, 0x6c, 0x73,
    0x74, 0x6d, 0x5f, 0x63, 0x65, 0x6c, 0x6c, 0x5f, 0x36, 0x31, 0x2f, 0x6d,
    0x75, 0x6c, 0x00, 0x00, 0x02, 0x00, 0x00, 0x00, 0x01, 0x00, 0x00, 0x00,
    0x10, 0x00, 0x00, 0x00, 0xd6, 0x30, 0xfe, 0xff, 0x00, 0x00, 0x00, 0x01,
    0x18, 0x00, 0x00, 0x00, 0x20, 0x00, 0x00, 0x00, 0x3c, 0x00, 0x00, 0x00,
    0x3c, 0x02, 0x00, 0x00, 0x00, 0x00, 0x00, 0x09, 0x60, 0x00, 0x00, 0x00,
    0x02, 0x00, 0x00, 0x00, 0xff, 0xff, 0xff, 0xff, 0x10, 0x00, 0x00, 0x00,
    0xbc, 0x30, 0xfe, 0xff, 0x08, 0x00, 0x00, 0x00, 0x10, 0x00, 0x00, 0x00,
    0x01, 0x00, 0x00, 0x00, 0x80, 0xff, 0xff, 0xff, 0xff, 0xff, 0xff, 0xff,
    0x01, 0x00, 0x00, 0x00, 0x00, 0x00, 0x80, 0x3b, 0x28, 0x00, 0x00, 0x00,
    0x73, 0x6f, 0x63, 0x5f, 0x6c, 0x73, 0x74, 0x6d, 0x5f, 0x31, 0x2f, 0x6c,
    0x73, 0x74, 0x6d, 0x5f, 0x31, 0x2f, 0x6c, 0x73, 0x74, 0x6d, 0x5f, 0x63,
    0x65, 0x6c, 0x6c, 0x5f, 0x36, 0x31, 0x2f, 0x53, 0x69, 0x67, 0x6d, 0x6f,
    0x69, 0x64, 0x5f, 0x31, 0x00, 0x00, 0x00, 0x00, 0x02, 0x00, 0x00, 0x00,
    0x01, 0x00, 0x00, 0x00, 0x10, 0x00, 0x00, 0x00, 0x5e, 0x31, 0xfe, 0xff,
    0x00, 0x00, 0x00, 0x01, 0x18, 0x00, 0x00, 0x00, 0x20, 0x00, 0x00, 0x00,
    0x40, 0x00, 0x00, 0x00, 0x3b, 0x02, 0x00, 0x00, 0x00, 0x00, 0x00, 0x09,
    0x60, 0x00, 0x00, 0x00, 0x02, 0x00, 0x00, 0x00, 0xff, 0xff, 0xff, 0xff,
    0x10, 0x00, 0x00, 0x00, 0x44, 0x31, 0xfe, 0xff, 0x08, 0x00, 0x00, 0x00,
    0x14, 0x00, 0x00, 0x00, 0x01, 0x00, 0x00, 0x00, 0x80, 0xff, 0xff, 0xff,
    0xff, 0xff, 0xff, 0xff, 0x00, 0x00, 0x00, 0x00, 0x01, 0x00, 0x00, 0x00,
    0x00, 0x00, 0x80, 0x3b, 0x26, 0x00, 0x00, 0x00, 0x73, 0x6f, 0x63, 0x5f,
    0x6c, 0x73, 0x74, 0x6d, 0x5f, 0x31, 0x2f, 0x6c, 0x73, 0x74, 0x6d, 0x5f,
    0x31, 0x2f, 0x6c, 0x73, 0x74, 0x6d, 0x5f, 0x63, 0x65, 0x6c, 0x6c, 0x5f,
    0x36, 0x31, 0x2f, 0x53, 0x69, 0x67, 0x6d, 0x6f, 0x69, 0x64, 0x00, 0x00,
    0x02, 0x00, 0x00, 0x00, 0x01, 0x00, 0x00, 0x00, 0x10, 0x00, 0x00, 0x00,
    0xe6, 0x31, 0xfe, 0xff, 0x00, 0x00, 0x00, 0x01, 0x18, 0x00, 0x00, 0x00,
    0x20, 0x00, 0x00, 0x00, 0x40, 0x00, 0x00, 0x00, 0x3a, 0x02, 0x00, 0x00,
    0x00, 0x00, 0x00, 0x09, 0xd0, 0x00, 0x00, 0x00, 0x02, 0x00, 0x00, 0x00,
    0xff, 0xff, 0xff, 0xff, 0x10, 0x00, 0x00, 0x00, 0xcc, 0x31, 0xfe, 0xff,
    0x08, 0x00, 0x00, 0x00, 0x14, 0x00, 0x00, 0x00, 0x01, 0x00, 0x00, 0x00,
    0xea, 0xff, 0xff, 0xff, 0xff, 0xff, 0xff, 0xff, 0x00, 0x00, 0x00, 0x00,
    0x01, 0x00, 0x00, 0x00, 0x19, 0x83, 0x97, 0x3c, 0x97, 0x00, 0x00, 0x00,
    0x73, 0x6f, 0x63, 0x5f, 0x6c, 0x73, 0x74, 0x6d, 0x5f, 0x31, 0x2f, 0x6c,
    0x73, 0x74, 0x6d, 0x5f, 0x31, 0x2f, 0x6c, 0x73, 0x74, 0x6d, 0x5f, 0x63,
    0x65, 0x6c, 0x6c, 0x5f, 0x36, 0x31, 0x2f, 0x73, 0x70, 0x6c, 0x69, 0x74,
    0x3b, 0x73, 0x6f, 0x63, 0x5f, 0x6c, 0x73, 0x74, 0x6d, 0x5f, 0x31, 0x2f,
    0x6c, 0x73, 0x74, 0x6d, 0x5f, 0x31, 0x2f, 0x6c, 0x73, 0x74, 0x6d, 0x5f,
    0x63, 0x65, 0x6c, 0x6c, 0x5f, 0x36, 0x31, 0x2f, 0x73, 0x70, 0x6c, 0x69,
    0x74, 0x31, 0x3b, 0x73, 0x6f, 0x63, 0x5f, 0x6c, 0x73, 0x74, 0x6d, 0x5f,
    0x31, 0x2f, 0x6c, 0x73, 0x74, 0x6d, 0x5f, 0x31, 0x2f, 0x6c, 0x73, 0x74,
    0x6d, 0x5f, 0x63, 0x65, 0x6c, 0x6c, 0x5f, 0x36, 0x31, 0x2f, 0x73, 0x70,
    0x6c, 0x69, 0x74, 0x32, 0x3b, 0x73, 0x6f, 0x63, 0x5f, 0x6c, 0x73, 0x74,
    0x6d, 0x5f, 0x31, 0x2f, 0x6c, 0x73, 0x74, 0x6d, 0x5f, 0x31, 0x2f, 0x6c,
    0x73, 0x74, 0x6d, 0x5f, 0x63, 0x65, 0x6c, 0x6c, 0x5f, 0x36, 0x31, 0x2f,
    0x73, 0x70, 0x6c, 0x69, 0x74, 0x33, 0x33, 0x00, 0x02, 0x00, 0x00, 0x00,
    0x01, 0x00, 0x00, 0x00, 0x10, 0x00, 0x00, 0x00, 0xde, 0x32, 0xfe, 0xff,
    0x00, 0x00, 0x00, 0x01, 0x18, 0x00, 0x00, 0x00, 0x20, 0x00, 0x00, 0x00,
    0x40, 0x00, 0x00, 0x00, 0x39, 0x02, 0x00, 0x00, 0x00, 0x00, 0x00, 0x09,
    0xd0, 0x00, 0x00, 0x00, 0x02, 0x00, 0x00, 0x00, 0xff, 0xff, 0xff, 0xff,
    0x10, 0x00, 0x00, 0x00, 0xc4, 0x32, 0xfe, 0xff, 0x08, 0x00, 0x00, 0x00,
    0x14, 0x00, 0x00, 0x00, 0x01, 0x00, 0x00, 0x00, 0xea, 0xff, 0xff, 0xff,
    0xff, 0xff, 0xff, 0xff, 0x00, 0x00, 0x00, 0x00, 0x01, 0x00, 0x00, 0x00,
    0x19, 0x83, 0x97, 0x3c, 0x97, 0x00, 0x00, 0x00, 0x73, 0x6f, 0x63, 0x5f,
    0x6c, 0x73, 0x74, 0x6d, 0x5f, 0x31, 0x2f, 0x6c, 0x73, 0x74, 0x6d, 0x5f,
    0x31, 0x2f, 0x6c, 0x73, 0x74, 0x6d, 0x5f, 0x63, 0x65, 0x6c, 0x6c, 0x5f,
    0x36, 0x31, 0x2f, 0x73, 0x70, 0x6c, 0x69, 0x74, 0x3b, 0x73, 0x6f, 0x63,
    0x5f, 0x6c, 0x73, 0x74, 0x6d, 0x5f, 0x31, 0x2f, 0x6c, 0x73, 0x74, 0x6d,
    0x5f, 0x31, 0x2f, 0x6c, 0x73, 0x74, 0x6d, 0x5f, 0x63, 0x65, 0x6c, 0x6c,
    0x5f, 0x36, 0x31, 0x2f, 0x73, 0x70, 0x6c, 0x69, 0x74, 0x31, 0x3b, 0x73,
    0x6f, 0x63, 0x5f, 0x6c, 0x73, 0x74, 0x6d, 0x5f, 0x31, 0x2f, 0x6c, 0x73,
    0x74, 0x6d, 0x5f, 0x31, 0x2f, 0x6c, 0x73, 0x74, 0x6d, 0x5f, 0x63, 0x65,
    0x6c, 0x6c, 0x5f, 0x36, 0x31, 0x2f, 0x73, 0x70, 0x6c, 0x69, 0x74, 0x32,
    0x3b, 0x73, 0x6f, 0x63, 0x5f, 0x6c, 0x73, 0x74, 0x6d, 0x5f, 0x31, 0x2f,
    0x6c, 0x73, 0x74, 0x6d, 0x5f, 0x31, 0x2f, 0x6c, 0x73, 0x74, 0x6d, 0x5f,
    0x63, 0x65, 0x6c, 0x6c, 0x5f, 0x36, 0x31, 0x2f, 0x73, 0x70, 0x6c, 0x69,
    0x74, 0x33, 0x32, 0x00, 0x02, 0x00, 0x00, 0x00, 0x01, 0x00, 0x00, 0x00,
    0x10, 0x00, 0x00, 0x00, 0xd6, 0x33, 0xfe, 0xff, 0x00, 0x00, 0x00, 0x01,
    0x18, 0x00, 0x00, 0x00, 0x20, 0x00, 0x00, 0x00, 0x40, 0x00, 0x00, 0x00,
    0x38, 0x02, 0x00, 0x00, 0x00, 0x00, 0x00, 0x09, 0xd0, 0x00, 0x00, 0x00,
    0x02, 0x00, 0x00, 0x00, 0xff, 0xff, 0xff, 0xff, 0x10, 0x00, 0x00, 0x00,
    0xbc, 0x33, 0xfe, 0xff, 0x08, 0x00, 0x00, 0x00, 0x14, 0x00, 0x00, 0x00,
    0x01, 0x00, 0x00, 0x00, 0xea, 0xff, 0xff, 0xff, 0xff, 0xff, 0xff, 0xff,
    0x00, 0x00, 0x00, 0x00, 0x01, 0x00, 0x00, 0x00, 0x19, 0x83, 0x97, 0x3c,
    0x97, 0x00, 0x00, 0x00, 0x73, 0x6f, 0x63, 0x5f, 0x6c, 0x73, 0x74, 0x6d,
    0x5f, 0x31, 0x2f, 0x6c, 0x73, 0x74, 0x6d, 0x5f, 0x31, 0x2f, 0x6c, 0x73,
    0x74, 0x6d, 0x5f, 0x63, 0x65, 0x6c, 0x6c, 0x5f, 0x36, 0x31, 0x2f, 0x73,
    0x70, 0x6c, 0x69, 0x74, 0x3b, 0x73, 0x6f, 0x63, 0x5f, 0x6c, 0x73, 0x74,
    0x6d, 0x5f, 0x31, 0x2f, 0x6c, 0x73, 0x74, 0x6d, 0x5f, 0x31, 0x2f, 0x6c,
    0x73, 0x74, 0x6d, 0x5f, 0x63, 0x65, 0x6c, 0x6c, 0x5f, 0x36, 0x31, 0x2f,
    0x73, 0x70, 0x6c, 0x69, 0x74, 0x31, 0x3b, 0x73, 0x6f, 0x63, 0x5f, 0x6c,
    0x73, 0x74, 0x6d, 0x5f, 0x31, 0x2f, 0x6c, 0x73, 0x74, 0x6d, 0x5f, 0x31,
    0x2f, 0x6c, 0x73, 0x74, 0x6d, 0x5f, 0x63, 0x65, 0x6c, 0x6c, 0x5f, 0x36,
    0x31, 0x2f, 0x73, 0x70, 0x6c, 0x69, 0x74, 0x32, 0x3b, 0x73, 0x6f, 0x63,
    0x5f, 0x6c, 0x73, 0x74, 0x6d, 0x5f, 0x31, 0x2f, 0x6c, 0x73, 0x74, 0x6d,
    0x5f, 0x31, 0x2f, 0x6c, 0x73, 0x74, 0x6d, 0x5f, 0x63, 0x65, 0x6c, 0x6c,
    0x5f, 0x36, 0x31, 0x2f, 0x73, 0x70, 0x6c, 0x69, 0x74, 0x33, 0x31, 0x00,
    0x02, 0x00, 0x00, 0x00, 0x01, 0x00, 0x00, 0x00, 0x10, 0x00, 0x00, 0x00,
    0xce, 0x34, 0xfe, 0xff, 0x00, 0x00, 0x00, 0x01, 0x18, 0x00, 0x00, 0x00,
    0x20, 0x00, 0x00, 0x00, 0x40, 0x00, 0x00, 0x00, 0x37, 0x02, 0x00, 0x00,
    0x00, 0x00, 0x00, 0x09, 0xd0, 0x00, 0x00, 0x00, 0x02, 0x00, 0x00, 0x00,
    0xff, 0xff, 0xff, 0xff, 0x10, 0x00, 0x00, 0x00, 0xb4, 0x34, 0xfe, 0xff,
    0x08, 0x00, 0x00, 0x00, 0x14, 0x00, 0x00, 0x00, 0x01, 0x00, 0x00, 0x00,
    0xea, 0xff, 0xff, 0xff, 0xff, 0xff, 0xff, 0xff, 0x00, 0x00, 0x00, 0x00,
    0x01, 0x00, 0x00, 0x00, 0x19, 0x83, 0x97, 0x3c, 0x96, 0x00, 0x00, 0x00,
    0x73, 0x6f, 0x63, 0x5f, 0x6c, 0x73, 0x74, 0x6d, 0x5f, 0x31, 0x2f, 0x6c,
    0x73, 0x74, 0x6d, 0x5f, 0x31, 0x2f, 0x6c, 0x73, 0x74, 0x6d, 0x5f, 0x63,
    0x65, 0x6c, 0x6c, 0x5f, 0x36, 0x31, 0x2f, 0x73, 0x70, 0x6c, 0x69, 0x74,
    0x3b, 0x73, 0x6f, 0x63, 0x5f, 0x6c, 0x73, 0x74, 0x6d, 0x5f, 0x31, 0x2f,
    0x6c, 0x73, 0x74, 0x6d, 0x5f, 0x31, 0x2f, 0x6c, 0x73, 0x74, 0x6d, 0x5f,
    0x63, 0x65, 0x6c, 0x6c, 0x5f, 0x36, 0x31, 0x2f, 0x73, 0x70, 0x6c, 0x69,
    0x74, 0x31, 0x3b, 0x73, 0x6f, 0x63, 0x5f, 0x6c, 0x73, 0x74, 0x6d, 0x5f,
    0x31, 0x2f, 0x6c, 0x73, 0x74, 0x6d, 0x5f, 0x31, 0x2f, 0x6c, 0x73, 0x74,
    0x6d, 0x5f, 0x63, 0x65, 0x6c, 0x6c, 0x5f, 0x36, 0x31, 0x2f, 0x73, 0x70,
    0x6c, 0x69, 0x74, 0x32, 0x3b, 0x73, 0x6f, 0x63, 0x5f, 0x6c, 0x73, 0x74,
    0x6d, 0x5f, 0x31, 0x2f, 0x6c, 0x73, 0x74, 0x6d, 0x5f, 0x31, 0x2f, 0x6c,
    0x73, 0x74, 0x6d, 0x5f, 0x63, 0x65, 0x6c, 0x6c, 0x5f, 0x36, 0x31, 0x2f,
    0x73, 0x70, 0x6c, 0x69, 0x74, 0x33, 0x00, 0x00, 0x02, 0x00, 0x00, 0x00,
    0x01, 0x00, 0x00, 0x00, 0x10, 0x00, 0x00, 0x00, 0xc6, 0x35, 0xfe, 0xff,
    0x00, 0x00, 0x00, 0x01, 0x18, 0x00, 0x00, 0x00, 0x20, 0x00, 0x00, 0x00,
    0x40, 0x00, 0x00, 0x00, 0x36, 0x02, 0x00, 0x00, 0x00, 0x00, 0x00, 0x09,
    0x60, 0x00, 0x00, 0x00, 0x02, 0x00, 0x00, 0x00, 0xff, 0xff, 0xff, 0xff,
    0x40, 0x00, 0x00, 0x00, 0xac, 0x35, 0xfe, 0xff, 0x08, 0x00, 0x00, 0x00,
    0x14, 0x00, 0x00, 0x00, 0x01, 0x00, 0x00, 0x00, 0xea, 0xff, 0xff, 0xff,
    0xff, 0xff, 0xff, 0xff, 0x00, 0x00, 0x00, 0x00, 0x01, 0x00, 0x00, 0x00,
    0x19, 0x83, 0x97, 0x3c, 0x26, 0x00, 0x00, 0x00, 0x73, 0x6f, 0x63, 0x5f,
    0x6c, 0x73, 0x74, 0x6d, 0x5f, 0x31, 0x2f, 0x6c, 0x73, 0x74, 0x6d, 0x5f,
    0x31, 0x2f, 0x6c, 0x73, 0x74, 0x6d, 0x5f, 0x63, 0x65, 0x6c, 0x6c, 0x5f,
    0x36, 0x31, 0x2f, 0x42, 0x69, 0x61, 0x73, 0x41, 0x64, 0x64, 0x00, 0x00,
    0x02, 0x00, 0x00, 0x00, 0x01, 0x00, 0x00, 0x00, 0x40, 0x00, 0x00, 0x00,
    0x4e, 0x36, 0xfe, 0xff, 0x00, 0x00, 0x00, 0x01, 0x18, 0x00, 0x00, 0x00,
    0x20, 0x00, 0x00, 0x00, 0x3c, 0x00, 0x00, 0x00, 0x35, 0x02, 0x00, 0x00,
    0x00, 0x00, 0x00, 0x09, 0x58, 0x00, 0x00, 0x00, 0x02, 0x00, 0x00, 0x00,
    0xff, 0xff, 0xff, 0xff, 0x40, 0x00, 0x00, 0x00, 0x34, 0x36, 0xfe, 0xff,
    0x08, 0x00, 0x00, 0x00, 0x10, 0x00, 0x00, 0x00, 0x01, 0x00, 0x00, 0x00,
    0xeb, 0xff, 0xff, 0xff, 0xff, 0xff, 0xff, 0xff, 0x01, 0x00, 0x00, 0x00,
    0xb5, 0xc5, 0x97, 0x3c, 0x22, 0x00, 0x00, 0x00, 0x73, 0x6f, 0x63, 0x5f,
    0x6c, 0x73, 0x74, 0x6d, 0x5f, 0x31, 0x2f, 0x6c, 0x73, 0x74, 0x6d, 0x5f,
    0x31, 0x2f, 0x6c, 0x73, 0x74, 0x6d, 0x5f, 0x63, 0x65, 0x6c, 0x6c, 0x5f,
    0x36, 0x31, 0x2f, 0x41, 0x64, 0x64, 0x00, 0x00, 0x02, 0x00, 0x00, 0x00,
    0x01, 0x00, 0x00, 0x00, 0x40, 0x00, 0x00, 0x00, 0xce, 0x36, 0xfe, 0xff,
    0x00, 0x00, 0x00, 0x01, 0x18, 0x00, 0x00, 0x00, 0x20, 0x00, 0x00, 0x00,
    0x40, 0x00, 0x00, 0x00, 0x34, 0x02, 0x00, 0x00, 0x00, 0x00, 0x00, 0x09,
    0x60, 0x00, 0x00, 0x00, 0x02, 0x00, 0x00, 0x00, 0xff, 0xff, 0xff, 0xff,
    0x40, 0x00, 0x00, 0x00, 0xb4, 0x36, 0xfe, 0xff, 0x08, 0x00, 0x00, 0x00,
    0x14, 0x00, 0x00, 0x00, 0x01, 0x00, 0x00, 0x00, 0x01, 0x00, 0x00, 0x00,
    0x00, 0x00, 0x00, 0x00, 0x00, 0x00, 0x00, 0x00, 0x01, 0x00, 0x00, 0x00,
    0xfb, 0x09, 0x52, 0x3c, 0x27, 0x00, 0x00, 0x00, 0x73, 0x6f, 0x63, 0x5f,
    0x6c, 0x73, 0x74, 0x6d, 0x5f, 0x31, 0x2f, 0x6c, 0x73, 0x74, 0x6d, 0x5f,
    0x31, 0x2f, 0x6c, 0x73, 0x74, 0x6d, 0x5f, 0x63, 0x65, 0x6c, 0x6c, 0x5f,
    0x36, 0x31, 0x2f, 0x4d, 0x61, 0x74, 0x4d, 0x75, 0x6c, 0x5f, 0x31, 0x00,
    0x02, 0x00, 0x00, 0x00, 0x01, 0x00, 0x00, 0x00, 0x40, 0x00, 0x00, 0x00,
    0x56, 0x37, 0xfe, 0xff, 0x00, 0x00, 0x00, 0x01, 0x18, 0x00, 0x00, 0x00,
    0x20, 0x00, 0x00, 0x00, 0x40, 0x00, 0x00, 0x00, 0x33, 0x02, 0x00, 0x00,
    0x00, 0x00, 0x00, 0x09, 0x60, 0x00, 0x00, 0x00, 0x02, 0x00, 0x00, 0x00,
    0xff, 0xff, 0xff, 0xff, 0x10, 0x00, 0x00, 0x00, 0x3c, 0x37, 0xfe, 0xff,
    0x08, 0x00, 0x00, 0x00, 0x14, 0x00, 0x00, 0x00, 0x01, 0x00, 0x00, 0x00,
    0xf4, 0xff, 0xff, 0xff, 0xff, 0xff, 0xff, 0xff, 0x00, 0x00, 0x00, 0x00,
    0x01, 0x00, 0x00, 0x00, 0x54, 0x98, 0xcf, 0x3b, 0x24, 0x00, 0x00, 0x00,
    0x73, 0x6f, 0x63, 0x5f, 0x6c, 0x73, 0x74, 0x6d, 0x5f, 0x31, 0x2f, 0x6c,
    0x73, 0x74, 0x6d, 0x5f, 0x31, 0x2f, 0x6c, 0x73, 0x74, 0x6d, 0x5f, 0x63,
    0x65, 0x6c, 0x6c, 0x5f, 0x35, 0x39, 0x2f, 0x6d, 0x75, 0x6c, 0x5f, 0x32,
    0x00, 0x00, 0x00, 0x00, 0x02, 0x00, 0x00, 0x00, 0x01, 0x00, 0x00, 0x00,
    0x10, 0x00, 0x00, 0x00, 0xde, 0x37, 0xfe, 0xff, 0x00, 0x00, 0x00, 0x01,
    0x18, 0x00, 0x00, 0x00, 0x20, 0x00, 0x00, 0x00, 0x40, 0x00, 0x00, 0x00,
    0x32, 0x02, 0x00, 0x00, 0x00, 0x00, 0x00, 0x09, 0x60, 0x00, 0x00, 0x00,
    0x02, 0x00, 0x00, 0x00, 0xff, 0xff, 0xff, 0xff, 0x10, 0x00, 0x00, 0x00,
    0xc4, 0x37, 0xfe, 0xff, 0x08, 0x00, 0x00, 0x00, 0x14, 0x00, 0x00, 0x00,
    0x01, 0x00, 0x00, 0x00, 0x00, 0x00, 0x00, 0x00, 0x00, 0x00, 0x00, 0x00,
    0x00, 0x00, 0x00, 0x00, 0x01, 0x00, 0x00, 0x00, 0x00, 0x00, 0x00, 0x3c,
    0x25, 0x00, 0x00, 0x00, 0x73, 0x6f, 0x63, 0x5f, 0x6c, 0x73, 0x74, 0x6d,
    0x5f, 0x31, 0x2f, 0x6c, 0x73, 0x74, 0x6d, 0x5f, 0x31, 0x2f, 0x6c, 0x73,
    0x74, 0x6d, 0x5f, 0x63, 0x65, 0x6c, 0x6c, 0x5f, 0x35, 0x39, 0x2f, 0x54,
    0x61, 0x6e, 0x68, 0x5f, 0x31, 0x00, 0x00, 0x00, 0x02, 0x00, 0x00, 0x00,
    0x01, 0x00, 0x00, 0x00, 0x10, 0x00, 0x00, 0x00, 0x66, 0x38, 0xfe, 0xff,
    0x00, 0x00, 0x00, 0x01, 0x18, 0x00, 0x00, 0x00, 0x20, 0x00, 0x00, 0x00,
    0x40, 0x00, 0x00, 0x00, 0x31, 0x02, 0x00, 0x00, 0x00, 0x00, 0x00, 0x09,
    0x60, 0x00, 0x00, 0x00, 0x02, 0x00, 0x00, 0x00, 0xff, 0xff, 0xff, 0xff,
    0x10, 0x00, 0x00, 0x00, 0x4c, 0x38, 0xfe, 0xff, 0x08, 0x00, 0x00, 0x00,
    0x14, 0x00, 0x00, 0x00, 0x01, 0x00, 0x00, 0x00, 0x06, 0x00, 0x00, 0x00,
    0x00, 0x00, 0x00, 0x00, 0x00, 0x00, 0x00, 0x00, 0x01, 0x00, 0x00, 0x00,
    0x1a, 0x1c, 0xac, 0x3c, 0x24, 0x00, 0x00, 0x00, 0x73, 0x6f, 0x63, 0x5f,
    0x6c, 0x73, 0x74, 0x6d, 0x5f, 0x31, 0x2f, 0x6c, 0x73, 0x74, 0x6d, 0x5f,
    0x31, 0x2f, 0x6c, 0x73, 0x74, 0x6d, 0x5f, 0x63, 0x65, 0x6c, 0x6c, 0x5f,
    0x35, 0x39, 0x2f, 0x61, 0x64, 0x64, 0x5f, 0x31, 0x00, 0x00, 0x00, 0x00,
    0x02, 0x00, 0x00, 0x00, 0x01, 0x00, 0x00, 0x00, 0x10, 0x00, 0x00, 0x00,
    0xee, 0x38, 0xfe, 0xff, 0x00, 0x00, 0x00, 0x01, 0x18, 0x00, 0x00, 0x00,
    0x20, 0x00, 0x00, 0x00, 0x40, 0x00, 0x00, 0x00, 0x30, 0x02, 0x00, 0x00,
    0x00, 0x00, 0x00, 0x09, 0x60, 0x00, 0x00, 0x00, 0x02, 0x00, 0x00, 0x00,
    0xff, 0xff, 0xff, 0xff, 0x10, 0x00, 0x00, 0x00, 0xd4, 0x38, 0xfe, 0xff,
    0x08, 0x00, 0x00, 0x00, 0x14, 0x00, 0x00, 0x00, 0x01, 0x00, 0x00, 0x00,
    0xfe, 0xff, 0xff, 0xff, 0xff, 0xff, 0xff, 0xff, 0x00, 0x00, 0x00, 0x00,
    0x01, 0x00, 0x00, 0x00, 0x40, 0x2e, 0x8c, 0x3b, 0x24, 0x00, 0x00, 0x00,
    0x73, 0x6f, 0x63, 0x5f, 0x6c, 0x73, 0x74, 0x6d, 0x5f, 0x31, 0x2f, 0x6c,
    0x73, 0x74, 0x6d, 0x5f, 0x31, 0x2f, 0x6c, 0x73, 0x74, 0x6d, 0x5f, 0x63,
    0x65, 0x6c, 0x6c, 0x5f, 0x35, 0x39, 0x2f, 0x6d, 0x75, 0x6c, 0x5f, 0x31,
    0x00, 0x00, 0x00, 0x00, 0x02, 0x00, 0x00, 0x00, 0x01, 0x00, 0x00, 0x00,
    0x10, 0x00, 0x00, 0x00, 0x76, 0x39, 0xfe, 0xff, 0x00, 0x00, 0x00, 0x01,
    0x18, 0x00, 0x00, 0x00, 0x20, 0x00, 0x00, 0x00, 0x3c, 0x00, 0x00, 0x00,
    0x2f, 0x02, 0x00, 0x00, 0x00, 0x00, 0x00, 0x09, 0x58, 0x00, 0x00, 0x00,
    0x02, 0x00, 0x00, 0x00, 0xff, 0xff, 0xff, 0xff, 0x10, 0x00, 0x00, 0x00,
    0x5c, 0x39, 0xfe, 0xff, 0x08, 0x00, 0x00, 0x00, 0x10, 0x00, 0x00, 0x00,
    0x01, 0x00, 0x00, 0x00, 0x00, 0x00, 0x00, 0x00, 0x00, 0x00, 0x00, 0x00,
    0x01, 0x00, 0x00, 0x00, 0x00, 0x00, 0x00, 0x3c, 0x23, 0x00, 0x00, 0x00,
    0x73, 0x6f, 0x63, 0x5f, 0x6c, 0x73, 0x74, 0x6d, 0x5f, 0x31, 0x2f, 0x6c,
    0x73, 0x74, 0x6d, 0x5f, 0x31, 0x2f, 0x6c, 0x73, 0x74, 0x6d, 0x5f, 0x63,
    0x65, 0x6c, 0x6c, 0x5f, 0x35, 0x39, 0x2f, 0x54, 0x61, 0x6e, 0x68, 0x00,
    0x02, 0x00, 0x00, 0x00, 0x01, 0x00, 0x00, 0x00, 0x10, 0x00, 0x00, 0x00,
    0xf6, 0x39, 0xfe, 0xff, 0x00, 0x00, 0x00, 0x01, 0x18, 0x00, 0x00, 0x00,
    0x20, 0x00, 0x00, 0x00, 0x3c, 0x00, 0x00, 0x00, 0x2e, 0x02, 0x00, 0x00,
    0x00, 0x00, 0x00, 0x09, 0x60, 0x00, 0x00, 0x00, 0x02, 0x00, 0x00, 0x00,
    0xff, 0xff, 0xff, 0xff, 0x10, 0x00, 0x00, 0x00, 0xdc, 0x39, 0xfe, 0xff,
    0x08, 0x00, 0x00, 0x00, 0x10, 0x00, 0x00, 0x00, 0x01, 0x00, 0x00, 0x00,
    0x80, 0xff, 0xff, 0xff, 0xff, 0xff, 0xff, 0xff, 0x01, 0x00, 0x00, 0x00,
    0x00, 0x00, 0x80, 0x3b, 0x28, 0x00, 0x00, 0x00, 0x73, 0x6f, 0x63, 0x5f,
    0x6c, 0x73, 0x74, 0x6d, 0x5f, 0x31, 0x2f, 0x6c, 0x73, 0x74, 0x6d, 0x5f,
    0x31, 0x2f, 0x6c, 0x73, 0x74, 0x6d, 0x5f, 0x63, 0x65, 0x6c, 0x6c, 0x5f,
    0x35, 0x39, 0x2f, 0x53, 0x69, 0x67, 0x6d, 0x6f, 0x69, 0x64, 0x5f, 0x32,
    0x00, 0x00, 0x00, 0x00, 0x02, 0x00, 0x00, 0x00, 0x01, 0x00, 0x00, 0x00,
    0x10, 0x00, 0x00, 0x00, 0x7e, 0x3a, 0xfe, 0xff, 0x00, 0x00, 0x00, 0x01,
    0x18, 0x00, 0x00, 0x00, 0x20, 0x00, 0x00, 0x00, 0x3c, 0x00, 0x00, 0x00,
    0x2d, 0x02, 0x00, 0x00, 0x00, 0x00, 0x00, 0x09, 0x58, 0x00, 0x00, 0x00,
    0x02, 0x00, 0x00, 0x00, 0xff, 0xff, 0xff, 0xff, 0x10, 0x00, 0x00, 0x00,
    0x64, 0x3a, 0xfe, 0xff, 0x08, 0x00, 0x00, 0x00, 0x10, 0x00, 0x00, 0x00,
    0x01, 0x00, 0x00, 0x00, 0x06, 0x00, 0x00, 0x00, 0x00, 0x00, 0x00, 0x00,
    0x01, 0x00, 0x00, 0x00, 0x1a, 0x1c, 0xac, 0x3c, 0x22, 0x00, 0x00, 0x00,
    0x73, 0x6f, 0x63, 0x5f, 0x6c, 0x73, 0x74, 0x6d, 0x5f, 0x31, 0x2f, 0x6c,
    0x73, 0x74, 0x6d, 0x5f, 0x31, 0x2f, 0x6c, 0x73, 0x74, 0x6d, 0x5f, 0x63,
    0x65, 0x6c, 0x6c, 0x5f, 0x35, 0x39, 0x2f, 0x6d, 0x75, 0x6c, 0x00, 0x00,
    0x02, 0x00, 0x00, 0x00, 0x01, 0x00, 0x00, 0x00, 0x10, 0x00, 0x00, 0x00,
    0xfe, 0x3a, 0xfe, 0xff, 0x00, 0x00, 0x00, 0x01, 0x18, 0x00, 0x00, 0x00,
    0x20, 0x00, 0x00, 0x00, 0x3c, 0x00, 0x00, 0x00, 0x2c, 0x02, 0x00, 0x00,
    0x00, 0x00, 0x00, 0x09, 0x60, 0x00, 0x00, 0x00, 0x02, 0x00, 0x00, 0x00,
    0xff, 0xff, 0xff, 0xff, 0x10, 0x00, 0x00, 0x00, 0xe4, 0x3a, 0xfe, 0xff,
    0x08, 0x00, 0x00, 0x00, 0x10, 0x00, 0x00, 0x00, 0x01, 0x00, 0x00, 0x00,
    0x80, 0xff, 0xff, 0xff, 0xff, 0xff, 0xff, 0xff, 0x01, 0x00, 0x00, 0x00,
    0x00, 0x00, 0x80, 0x3b, 0x28, 0x00, 0x00, 0x00, 0x73, 0x6f, 0x63, 0x5f,
    0x6c, 0x73, 0x74, 0x6d, 0x5f, 0x31, 0x2f, 0x6c, 0x73, 0x74, 0x6d, 0x5f,
    0x31, 0x2f, 0x6c, 0x73, 0x74, 0x6d, 0x5f, 0x63, 0x65, 0x6c, 0x6c, 0x5f,
    0x35, 0x39, 0x2f, 0x53, 0x69, 0x67, 0x6d, 0x6f, 0x69, 0x64, 0x5f, 0x31,
    0x00, 0x00, 0x00, 0x00, 0x02, 0x00, 0x00, 0x00, 0x01, 0x00, 0x00, 0x00,
    0x10, 0x00, 0x00, 0x00, 0x86, 0x3b, 0xfe, 0xff, 0x00, 0x00, 0x00, 0x01,
    0x18, 0x00, 0x00, 0x00, 0x20, 0x00, 0x00, 0x00, 0x40, 0x00, 0x00, 0x00,
    0x2b, 0x02, 0x00, 0x00, 0x00, 0x00, 0x00, 0x09, 0x60, 0x00, 0x00, 0x00,
    0x02, 0x00, 0x00, 0x00, 0xff, 0xff, 0xff, 0xff, 0x10, 0x00, 0x00, 0x00,
    0x6c, 0x3b, 0xfe, 0xff, 0x08, 0x00, 0x00, 0x00, 0x14, 0x00, 0x00, 0x00,
    0x01, 0x00, 0x00, 0x00, 0x80, 0xff, 0xff, 0xff, 0xff, 0xff, 0xff, 0xff,
    0x00, 0x00, 0x00, 0x00, 0x01, 0x00, 0x00, 0x00, 0x00, 0x00, 0x80, 0x3b,
    0x26, 0x00, 0x00, 0x00, 0x73, 0x6f, 0x63, 0x5f, 0x6c, 0x73, 0x74, 0x6d,
    0x5f, 0x31, 0x2f, 0x6c, 0x73, 0x74, 0x6d, 0x5f, 0x31, 0x2f, 0x6c, 0x73,
    0x74, 0x6d, 0x5f, 0x63, 0x65, 0x6c, 0x6c, 0x5f, 0x35, 0x39, 0x2f, 0x53,
    0x69, 0x67, 0x6d, 0x6f, 0x69, 0x64, 0x00, 0x00, 0x02, 0x00, 0x00, 0x00,
    0x01, 0x00, 0x00, 0x00, 0x10, 0x00, 0x00, 0x00, 0x0e, 0x3c, 0xfe, 0xff,
    0x00, 0x00, 0x00, 0x01, 0x18, 0x00, 0x00, 0x00, 0x20, 0x00, 0x00, 0x00,
    0x40, 0x00, 0x00, 0x00, 0x2a, 0x02, 0x00, 0x00, 0x00, 0x00, 0x00, 0x09,
    0xd0, 0x00, 0x00, 0x00, 0x02, 0x00, 0x00, 0x00, 0xff, 0xff, 0xff, 0xff,
    0x10, 0x00, 0x00, 0x00, 0xf4, 0x3b, 0xfe, 0xff, 0x08, 0x00, 0x00, 0x00,
    0x14, 0x00, 0x00, 0x00, 0x01, 0x00, 0x00, 0x00, 0xe9, 0xff, 0xff, 0xff,
    0xff, 0xff, 0xff, 0xff, 0x00, 0x00, 0x00, 0x00, 0x01, 0x00, 0x00, 0x00,
    0xe4, 0x83, 0x98, 0x3c, 0x97, 0x00, 0x00, 0x00, 0x73, 0x6f, 0x63, 0x5f,
    0x6c, 0x73, 0x74, 0x6d, 0x5f, 0x31, 0x2f, 0x6c, 0x73, 0x74, 0x6d, 0x5f,
    0x31, 0x2f, 0x6c, 0x73, 0x74, 0x6d, 0x5f, 0x63, 0x65, 0x6c, 0x6c, 0x5f,
    0x35, 0x39, 0x2f, 0x73, 0x70, 0x6c, 0x69, 0x74, 0x3b, 0x73, 0x6f, 0x63,
    0x5f, 0x6c, 0x73, 0x74, 0x6d, 0x5f, 0x31, 0x2f, 0x6c, 0x73, 0x74, 0x6d,
    0x5f, 0x31, 0x2f, 0x6c, 0x73, 0x74, 0x6d, 0x5f, 0x63, 0x65, 0x6c, 0x6c,
    0x5f, 0x35, 0x39, 0x2f, 0x73, 0x70, 0x6c, 0x69, 0x74, 0x31, 0x3b, 0x73,
    0x6f, 0x63, 0x5f, 0x6c, 0x73, 0x74, 0x6d, 0x5f, 0x31, 0x2f, 0x6c, 0x73,
    0x74, 0x6d, 0x5f, 0x31, 0x2f, 0x6c, 0x73, 0x74, 0x6d, 0x5f, 0x63, 0x65,
    0x6c, 0x6c, 0x5f, 0x35, 0x39, 0x2f, 0x73, 0x70, 0x6c, 0x69, 0x74, 0x32,
    0x3b, 0x73, 0x6f, 0x63, 0x5f, 0x6c, 0x73, 0x74, 0x6d, 0x5f, 0x31, 0x2f,
    0x6c, 0x73, 0x74, 0x6d, 0x5f, 0x31, 0x2f, 0x6c, 0x73, 0x74, 0x6d, 0x5f,
    0x63, 0x65, 0x6c, 0x6c, 0x5f, 0x35, 0x39, 0x2f, 0x73, 0x70, 0x6c, 0x69,
    0x74, 0x33, 0x33, 0x00, 0x02, 0x00, 0x00, 0x00, 0x01, 0x00, 0x00, 0x00,
    0x10, 0x00, 0x00, 0x00, 0x06, 0x3d, 0xfe, 0xff, 0x00, 0x00, 0x00, 0x01,
    0x18, 0x00, 0x00, 0x00, 0x20, 0x00, 0x00, 0x00, 0x40, 0x00, 0x00, 0x00,
    0x29, 0x02, 0x00, 0x00, 0x00, 0x00, 0x00, 0x09, 0xd0, 0x00, 0x00, 0x00,
    0x02, 0x00, 0x00, 0x00, 0xff, 0xff, 0xff, 0xff, 0x10, 0x00, 0x00, 0x00,
    0xec, 0x3c, 0xfe, 0xff, 0x08, 0x00, 0x00, 0x00, 0x14, 0x00, 0x00, 0x00,
    0x01, 0x00, 0x00, 0x00, 0xe9, 0xff, 0xff, 0xff, 0xff, 0xff, 0xff, 0xff,
    0x00, 0x00, 0x00, 0x00, 0x01, 0x00, 0x00, 0x00, 0xe4, 0x83, 0x98, 0x3c,
    0x97, 0x00, 0x00, 0x00, 0x73, 0x6f, 0x63, 0x5f, 0x6c, 0x73, 0x74, 0x6d,
    0x5f, 0x31, 0x2f, 0x6c, 0x73, 0x74, 0x6d, 0x5f, 0x31, 0x2f, 0x6c, 0x73,
    0x74, 0x6d, 0x5f, 0x63, 0x65, 0x6c, 0x6c, 0x5f, 0x35, 0x39, 0x2f, 0x73,
    0x70, 0x6c, 0x69, 0x74, 0x3b, 0x73, 0x6f, 0x63, 0x5f, 0x6c, 0x73, 0x74,
    0x6d, 0x5f, 0x31, 0x2f, 0x6c, 0x73, 0x74, 0x6d, 0x5f, 0x31, 0x2f, 0x6c,
    0x73, 0x74, 0x6d, 0x5f, 0x63, 0x65, 0x6c, 0x6c, 0x5f, 0x35, 0x39, 0x2f,
    0x73, 0x70, 0x6c, 0x69, 0x74, 0x31, 0x3b, 0x73, 0x6f, 0x63, 0x5f, 0x6c,
    0x73, 0x74, 0x6d, 0x5f, 0x31, 0x2f, 0x6c, 0x73, 0x74, 0x6d, 0x5f, 0x31,
    0x2f, 0x6c, 0x73, 0x74, 0x6d, 0x5f, 0x63, 0x65, 0x6c, 0x6c, 0x5f, 0x35,
    0x39, 0x2f, 0x73, 0x70, 0x6c, 0x69, 0x74, 0x32, 0x3b, 0x73, 0x6f, 0x63,
    0x5f, 0x6c, 0x73, 0x74, 0x6d, 0x5f, 0x31, 0x2f, 0x6c, 0x73, 0x74, 0x6d,
    0x5f, 0x31, 0x2f, 0x6c, 0x73, 0x74, 0x6d, 0x5f, 0x63, 0x65, 0x6c, 0x6c,
    0x5f, 0x35, 0x39, 0x2f, 0x73, 0x70, 0x6c, 0x69, 0x74, 0x33, 0x32, 0x00,
    0x02, 0x00, 0x00, 0x00, 0x01, 0x00, 0x00, 0x00, 0x10, 0x00, 0x00, 0x00,
    0xfe, 0x3d, 0xfe, 0xff, 0x00, 0x00, 0x00, 0x01, 0x18, 0x00, 0x00, 0x00,
    0x20, 0x00, 0x00, 0x00, 0x40, 0x00, 0x00, 0x00, 0x28, 0x02, 0x00, 0x00,
    0x00, 0x00, 0x00, 0x09, 0xd0, 0x00, 0x00, 0x00, 0x02, 0x00, 0x00, 0x00,
    0xff, 0xff, 0xff, 0xff, 0x10, 0x00, 0x00, 0x00, 0xe4, 0x3d, 0xfe, 0xff,
    0x08, 0x00, 0x00, 0x00, 0x14, 0x00, 0x00, 0x00, 0x01, 0x00, 0x00, 0x00,
    0xe9, 0xff, 0xff, 0xff, 0xff, 0xff, 0xff, 0xff, 0x00, 0x00, 0x00, 0x00,
    0x01, 0x00, 0x00, 0x00, 0xe4, 0x83, 0x98, 0x3c, 0x97, 0x00, 0x00, 0x00,
    0x73, 0x6f, 0x63, 0x5f, 0x6c, 0x73, 0x74, 0x6d, 0x5f, 0x31, 0x2f, 0x6c,
    0x73, 0x74, 0x6d, 0x5f, 0x31, 0x2f, 0x6c, 0x73, 0x74, 0x6d, 0x5f, 0x63,
    0x65, 0x6c, 0x6c, 0x5f, 0x35, 0x39, 0x2f, 0x73, 0x70, 0x6c, 0x69, 0x74,
    0x3b, 0x73, 0x6f, 0x63, 0x5f, 0x6c, 0x73, 0x74, 0x6d, 0x5f, 0x31, 0x2f,
    0x6c, 0x73, 0x74, 0x6d, 0x5f, 0x31, 0x2f, 0x6c, 0x73, 0x74, 0x6d, 0x5f,
    0x63, 0x65, 0x6c, 0x6c, 0x5f, 0x35, 0x39, 0x2f, 0x73, 0x70, 0x6c, 0x69,
    0x74, 0x31, 0x3b, 0x73, 0x6f, 0x63, 0x5f, 0x6c, 0x73, 0x74, 0x6d, 0x5f,
    0x31, 0x2f, 0x6c, 0x73, 0x74, 0x6d, 0x5f, 0x31, 0x2f, 0x6c, 0x73, 0x74,
    0x6d, 0x5f, 0x63, 0x65, 0x6c, 0x6c, 0x5f, 0x35, 0x39, 0x2f, 0x73, 0x70,
    0x6c, 0x69, 0x74, 0x32, 0x3b, 0x73, 0x6f, 0x63, 0x5f, 0x6c, 0x73, 0x74,
    0x6d, 0x5f, 0x31, 0x2f, 0x6c, 0x73, 0x74, 0x6d, 0x5f, 0x31, 0x2f, 0x6c,
    0x73, 0x74, 0x6d, 0x5f, 0x63, 0x65, 0x6c, 0x6c, 0x5f, 0x35, 0x39, 0x2f,
    0x73, 0x70, 0x6c, 0x69, 0x74, 0x33, 0x31, 0x00, 0x02, 0x00, 0x00, 0x00,
    0x01, 0x00, 0x00, 0x00, 0x10, 0x00, 0x00, 0x00, 0xf6, 0x3e, 0xfe, 0xff,
    0x00, 0x00, 0x00, 0x01, 0x18, 0x00, 0x00, 0x00, 0x20, 0x00, 0x00, 0x00,
    0x40, 0x00, 0x00, 0x00, 0x27, 0x02, 0x00, 0x00, 0x00, 0x00, 0x00, 0x09,
    0xd0, 0x00, 0x00, 0x00, 0x02, 0x00, 0x00, 0x00, 0xff, 0xff, 0xff, 0xff,
    0x10, 0x00, 0x00, 0x00, 0xdc, 0x3e, 0xfe, 0xff, 0x08, 0x00, 0x00, 0x00,
    0x14, 0x00, 0x00, 0x00, 0x01, 0x00, 0x00, 0x00, 0xe9, 0xff, 0xff, 0xff,
    0xff, 0xff, 0xff, 0xff, 0x00, 0x00, 0x00, 0x00, 0x01, 0x00, 0x00, 0x00,
    0xe4, 0x83, 0x98, 0x3c, 0x96, 0x00, 0x00, 0x00, 0x73, 0x6f, 0x63, 0x5f,
    0x6c, 0x73, 0x74, 0x6d, 0x5f, 0x31, 0x2f, 0x6c, 0x73, 0x74, 0x6d, 0x5f,
    0x31, 0x2f, 0x6c, 0x73, 0x74, 0x6d, 0x5f, 0x63, 0x65, 0x6c, 0x6c, 0x5f,
    0x35, 0x39, 0x2f, 0x73, 0x70, 0x6c, 0x69, 0x74, 0x3b, 0x73, 0x6f, 0x63,
    0x5f, 0x6c, 0x73, 0x74, 0x6d, 0x5f, 0x31, 0x2f, 0x6c, 0x73, 0x74, 0x6d,
    0x5f, 0x31, 0x2f, 0x6c, 0x73, 0x74, 0x6d, 0x5f, 0x63, 0x65, 0x6c, 0x6c,
    0x5f, 0x35, 0x39, 0x2f, 0x73, 0x70, 0x6c, 0x69, 0x74, 0x31, 0x3b, 0x73,
    0x6f, 0x63, 0x5f, 0x6c, 0x73, 0x74, 0x6d, 0x5f, 0x31, 0x2f, 0x6c, 0x73,
    0x74, 0x6d, 0x5f, 0x31, 0x2f, 0x6c, 0x73, 0x74, 0x6d, 0x5f, 0x63, 0x65,
    0x6c, 0x6c, 0x5f, 0x35, 0x39, 0x2f, 0x73, 0x70, 0x6c, 0x69, 0x74, 0x32,
    0x3b, 0x73, 0x6f, 0x63, 0x5f, 0x6c, 0x73, 0x74, 0x6d, 0x5f, 0x31, 0x2f,
    0x6c, 0x73, 0x74, 0x6d, 0x5f, 0x31, 0x2f, 0x6c, 0x73, 0x74, 0x6d, 0x5f,
    0x63, 0x65, 0x6c, 0x6c, 0x5f, 0x35, 0x39, 0x2f, 0x73, 0x70, 0x6c, 0x69,
    0x74, 0x33, 0x00, 0x00, 0x02, 0x00, 0x00, 0x00, 0x01, 0x00, 0x00, 0x00,
    0x10, 0x00, 0x00, 0x00, 0xee, 0x3f, 0xfe, 0xff, 0x00, 0x00, 0x00, 0x01,
    0x18, 0x00, 0x00, 0x00, 0x20, 0x00, 0x00, 0x00, 0x40, 0x00, 0x00, 0x00,
    0x26, 0x02, 0x00, 0x00, 0x00, 0x00, 0x00, 0x09, 0x60, 0x00, 0x00, 0x00,
    0x02, 0x00, 0x00, 0x00, 0xff, 0xff, 0xff, 0xff, 0x40, 0x00, 0x00, 0x00,
    0xd4, 0x3f, 0xfe, 0xff, 0x08, 0x00, 0x00, 0x00, 0x14, 0x00, 0x00, 0x00,
    0x01, 0x00, 0x00, 0x00, 0xe9, 0xff, 0xff, 0xff, 0xff, 0xff, 0xff, 0xff,
    0x00, 0x00, 0x00, 0x00, 0x01, 0x00, 0x00, 0x00, 0xe4, 0x83, 0x98, 0x3c,
    0x26, 0x00, 0x00, 0x00, 0x73, 0x6f, 0x63, 0x5f, 0x6c, 0x73, 0x74, 0x6d,
    0x5f, 0x31, 0x2f, 0x6c, 0x73, 0x74, 0x6d, 0x5f, 0x31, 0x2f, 0x6c, 0x73,
    0x74, 0x6d, 0x5f, 0x63, 0x65, 0x6c, 0x6c, 0x5f, 0x35, 0x39, 0x2f, 0x42,
    0x69, 0x61, 0x73, 0x41, 0x64, 0x64, 0x00, 0x00, 0x02, 0x00, 0x00, 0x00,
    0x01, 0x00, 0x00, 0x00, 0x40, 0x00, 0x00, 0x00, 0x76, 0x40, 0xfe, 0xff,
    0x00, 0x00, 0x00, 0x01, 0x18, 0x00, 0x00, 0x00, 0x20, 0x00, 0x00, 0x00,
    0x3c, 0x00, 0x00, 0x00, 0x25, 0x02, 0x00, 0x00, 0x00, 0x00, 0x00, 0x09,
    0x58, 0x00, 0x00, 0x00, 0x02, 0x00, 0x00, 0x00, 0xff, 0xff, 0xff, 0xff,
    0x40, 0x00, 0x00, 0x00, 0x5c, 0x40, 0xfe, 0xff, 0x08, 0x00, 0x00, 0x00,
    0x10, 0x00, 0x00, 0x00, 0x01, 0x00, 0x00, 0x00, 0xe9, 0xff, 0xff, 0xff,
    0xff, 0xff, 0xff, 0xff, 0x01, 0x00, 0x00, 0x00, 0x7f, 0xc6, 0x98, 0x3c,
    0x22, 0x00, 0x00, 0x00, 0x73, 0x6f, 0x63, 0x5f, 0x6c, 0x73, 0x74, 0x6d,
    0x5f, 0x31, 0x2f, 0x6c, 0x73, 0x74, 0x6d, 0x5f, 0x31, 0x2f, 0x6c, 0x73,
    0x74, 0x6d, 0x5f, 0x63, 0x65, 0x6c, 0x6c, 0x5f, 0x35, 0x39, 0x2f, 0x41,
    0x64, 0x64, 0x00, 0x00, 0x02, 0x00, 0x00, 0x00, 0x01, 0x00, 0x00, 0x00,
    0x40, 0x00, 0x00, 0x00, 0xf6, 0x40, 0xfe, 0xff, 0x00, 0x00, 0x00, 0x01,
    0x18, 0x00, 0x00, 0x00, 0x20, 0x00, 0x00, 0x00, 0x40, 0x00, 0x00, 0x00,
    0x24, 0x02, 0x00, 0x00, 0x00, 0x00, 0x00, 0x09, 0x60, 0x00, 0x00, 0x00,
    0x02, 0x00, 0x00, 0x00, 0xff, 0xff, 0xff, 0xff, 0x40, 0x00, 0x00, 0x00,
    0xdc, 0x40, 0xfe, 0xff, 0x08, 0x00, 0x00, 0x00, 0x14, 0x00, 0x00, 0x00,
    0x01, 0x00, 0x00, 0x00, 0x00, 0x00, 0x00, 0x00, 0x00, 0x00, 0x00, 0x00,
    0x00, 0x00, 0x00, 0x00, 0x01, 0x00, 0x00, 0x00, 0x19, 0x81, 0x4c, 0x3c,
    0x27, 0x00, 0x00, 0x00, 0x73, 0x6f, 0x63, 0x5f, 0x6c, 0x73, 0x74, 0x6d,
    0x5f, 0x31, 0x2f, 0x6c, 0x73, 0x74, 0x6d, 0x5f, 0x31, 0x2f, 0x6c, 0x73,
    0x74, 0x6d, 0x5f, 0x63, 0x65, 0x6c, 0x6c, 0x5f, 0x35, 0x39, 0x2f, 0x4d,
    0x61, 0x74, 0x4d, 0x75, 0x6c, 0x5f, 0x31, 0x00, 0x02, 0x00, 0x00, 0x00,
    0x01, 0x00, 0x00, 0x00, 0x40, 0x00, 0x00, 0x00, 0x7e, 0x41, 0xfe, 0xff,
    0x00, 0x00, 0x00, 0x01, 0x18, 0x00, 0x00, 0x00, 0x20, 0x00, 0x00, 0x00,
    0x40, 0x00, 0x00, 0x00, 0x23, 0x02, 0x00, 0x00, 0x00, 0x00, 0x00, 0x09,
    0x60, 0x00, 0x00, 0x00, 0x02, 0x00, 0x00, 0x00, 0xff, 0xff, 0xff, 0xff,
    0x10, 0x00, 0x00, 0x00, 0x64, 0x41, 0xfe, 0xff, 0x08, 0x00, 0x00, 0x00,
    0x14, 0x00, 0x00, 0x00, 0x01, 0x00, 0x00, 0x00, 0xf4, 0xff, 0xff, 0xff,
    0xff, 0xff, 0xff, 0xff, 0x00, 0x00, 0x00, 0x00, 0x01, 0x00, 0x00, 0x00,
    0xfe, 0x5f, 0xcf, 0x3b, 0x24, 0x00, 0x00, 0x00, 0x73, 0x6f, 0x63, 0x5f,
    0x6c, 0x73, 0x74, 0x6d, 0x5f, 0x31, 0x2f, 0x6c, 0x73, 0x74, 0x6d, 0x5f,
    0x31, 0x2f, 0x6c, 0x73, 0x74, 0x6d, 0x5f, 0x63, 0x65, 0x6c, 0x6c, 0x5f,
    0x35, 0x37, 0x2f, 0x6d, 0x75, 0x6c, 0x5f, 0x32, 0x00, 0x00, 0x00, 0x00,
    0x02, 0x00, 0x00, 0x00, 0x01, 0x00, 0x00, 0x00, 0x10, 0x00, 0x00, 0x00,
    0x06, 0x42, 0xfe, 0xff, 0x00, 0x00, 0x00, 0x01, 0x18, 0x00, 0x00, 0x00,
    0x20, 0x00, 0x00, 0x00, 0x40, 0x00, 0x00, 0x00, 0x22, 0x02, 0x00, 0x00,
    0x00, 0x00, 0x00, 0x09, 0x60, 0x00, 0x00, 0x00, 0x02, 0x00, 0x00, 0x00,
    0xff, 0xff, 0xff, 0xff, 0x10, 0x00, 0x00, 0x00, 0xec, 0x41, 0xfe, 0xff,
    0x08, 0x00, 0x00, 0x00, 0x14, 0x00, 0x00, 0x00, 0x01, 0x00, 0x00, 0x00,
    0x00, 0x00, 0x00, 0x00, 0x00, 0x00, 0x00, 0x00, 0x00, 0x00, 0x00, 0x00,
    0x01, 0x00, 0x00, 0x00, 0x00, 0x00, 0x00, 0x3c, 0x25, 0x00, 0x00, 0x00,
    0x73, 0x6f, 0x63, 0x5f, 0x6c, 0x73, 0x74, 0x6d, 0x5f, 0x31, 0x2f, 0x6c,
    0x73, 0x74, 0x6d, 0x5f, 0x31, 0x2f, 0x6c, 0x73, 0x74, 0x6d, 0x5f, 0x63,
    0x65, 0x6c, 0x6c, 0x5f, 0x35, 0x37, 0x2f, 0x54, 0x61, 0x6e, 0x68, 0x5f,
    0x31, 0x00, 0x00, 0x00, 0x02, 0x00, 0x00, 0x00, 0x01, 0x00, 0x00, 0x00,
    0x10, 0x00, 0x00, 0x00, 0x8e, 0x42, 0xfe, 0xff, 0x00, 0x00, 0x00, 0x01,
    0x18, 0x00, 0x00, 0x00, 0x20, 0x00, 0x00, 0x00, 0x40, 0x00, 0x00, 0x00,
    0x21, 0x02, 0x00, 0x00, 0x00, 0x00, 0x00, 0x09, 0x60, 0x00, 0x00, 0x00,
    0x02, 0x00, 0x00, 0x00, 0xff, 0xff, 0xff, 0xff, 0x10, 0x00, 0x00, 0x00,
    0x74, 0x42, 0xfe, 0xff, 0x08, 0x00, 0x00, 0x00, 0x14, 0x00, 0x00, 0x00,
    0x01, 0x00, 0x00, 0x00, 0x06, 0x00, 0x00, 0x00, 0x00, 0x00, 0x00, 0x00,
    0x00, 0x00, 0x00, 0x00, 0x01, 0x00, 0x00, 0x00, 0x4d, 0x63, 0xa3, 0x3c,
    0x24, 0x00, 0x00, 0x00, 0x73, 0x6f, 0x63, 0x5f, 0x6c, 0x73, 0x74, 0x6d,
    0x5f, 0x31, 0x2f, 0x6c, 0x73, 0x74, 0x6d, 0x5f, 0x31, 0x2f, 0x6c, 0x73,
    0x74, 0x6d, 0x5f, 0x63, 0x65, 0x6c, 0x6c, 0x5f, 0x35, 0x37, 0x2f, 0x61,
    0x64, 0x64, 0x5f, 0x31, 0x00, 0x00, 0x00, 0x00, 0x02, 0x00, 0x00, 0x00,
    0x01, 0x00, 0x00, 0x00, 0x10, 0x00, 0x00, 0x00, 0x16, 0x43, 0xfe, 0xff,
    0x00, 0x00, 0x00, 0x01, 0x18, 0x00, 0x00, 0x00, 0x20, 0x00, 0x00, 0x00,
    0x40, 0x00, 0x00, 0x00, 0x20, 0x02, 0x00, 0x00, 0x00, 0x00, 0x00, 0x09,
    0x60, 0x00, 0x00, 0x00, 0x02, 0x00, 0x00, 0x00, 0xff, 0xff, 0xff, 0xff,
    0x10, 0x00, 0x00, 0x00, 0xfc, 0x42, 0xfe, 0xff, 0x08, 0x00, 0x00, 0x00,
    0x14, 0x00, 0x00, 0x00, 0x01, 0x00, 0x00, 0x00, 0xfe, 0xff, 0xff, 0xff,
    0xff, 0xff, 0xff, 0xff, 0x00, 0x00, 0x00, 0x00, 0x01, 0x00, 0x00, 0x00,
    0xfc, 0x2b, 0x8d, 0x3b, 0x24, 0x00, 0x00, 0x00, 0x73, 0x6f, 0x63, 0x5f,
    0x6c, 0x73, 0x74, 0x6d, 0x5f, 0x31, 0x2f, 0x6c, 0x73, 0x74, 0x6d, 0x5f,
    0x31, 0x2f, 0x6c, 0x73, 0x74, 0x6d, 0x5f, 0x63, 0x65, 0x6c, 0x6c, 0x5f,
    0x35, 0x37, 0x2f, 0x6d, 0x75, 0x6c, 0x5f, 0x31, 0x00, 0x00, 0x00, 0x00,
    0x02, 0x00, 0x00, 0x00, 0x01, 0x00, 0x00, 0x00, 0x10, 0x00, 0x00, 0x00,
    0x9e, 0x43, 0xfe, 0xff, 0x00, 0x00, 0x00, 0x01, 0x18, 0x00, 0x00, 0x00,
    0x20, 0x00, 0x00, 0x00, 0x3c, 0x00, 0x00, 0x00, 0x1f, 0x02, 0x00, 0x00,
    0x00, 0x00, 0x00, 0x09, 0x58, 0x00, 0x00, 0x00, 0x02, 0x00, 0x00, 0x00,
    0xff, 0xff, 0xff, 0xff, 0x10, 0x00, 0x00, 0x00, 0x84, 0x43, 0xfe, 0xff,
    0x08, 0x00, 0x00, 0x00, 0x10, 0x00, 0x00, 0x00, 0x01, 0x00, 0x00, 0x00,
    0x00, 0x00, 0x00, 0x00, 0x00, 0x00, 0x00, 0x00, 0x01, 0x00, 0x00, 0x00,
    0x00, 0x00, 0x00, 0x3c, 0x23, 0x00, 0x00, 0x00, 0x73, 0x6f, 0x63, 0x5f,
    0x6c, 0x73, 0x74, 0x6d, 0x5f, 0x31, 0x2f, 0x6c, 0x73, 0x74, 0x6d, 0x5f,
    0x31, 0x2f, 0x6c, 0x73, 0x74, 0x6d, 0x5f, 0x63, 0x65, 0x6c, 0x6c, 0x5f,
    0x35, 0x37, 0x2f, 0x54, 0x61, 0x6e, 0x68, 0x00, 0x02, 0x00, 0x00, 0x00,
    0x01, 0x00, 0x00, 0x00, 0x10, 0x00, 0x00, 0x00, 0x1e, 0x44, 0xfe, 0xff,
    0x00, 0x00, 0x00, 0x01, 0x18, 0x00, 0x00, 0x00, 0x20, 0x00, 0x00, 0x00,
    0x3c, 0x00, 0x00, 0x00, 0x1e, 0x02, 0x00, 0x00, 0x00, 0x00, 0x00, 0x09,
    0x60, 0x00, 0x00, 0x00, 0x02, 0x00, 0x00, 0x00, 0xff, 0xff, 0xff, 0xff,
    0x10, 0x00, 0x00, 0x00, 0x04, 0x44, 0xfe, 0xff, 0x08, 0x00, 0x00, 0x00,
    0x10, 0x00, 0x00, 0x00, 0x01, 0x00, 0x00, 0x00, 0x80, 0xff, 0xff, 0xff,
    0xff, 0xff, 0xff, 0xff, 0x01, 0x00, 0x00, 0x00, 0x00, 0x00, 0x80, 0x3b,
    0x28, 0x00, 0x00, 0x00, 0x73, 0x6f, 0x63, 0x5f, 0x6c, 0x73, 0x74, 0x6d,
    0x5f, 0x31, 0x2f, 0x6c, 0x73, 0x74, 0x6d, 0x5f, 0x31, 0x2f, 0x6c, 0x73,
    0x74, 0x6d, 0x5f, 0x63, 0x65, 0x6c, 0x6c, 0x5f, 0x35, 0x37, 0x2f, 0x53,
    0x69, 0x67, 0x6d, 0x6f, 0x69, 0x64, 0x5f, 0x32, 0x00, 0x00, 0x00, 0x00,
    0x02, 0x00, 0x00, 0x00, 0x01, 0x00, 0x00, 0x00, 0x10, 0x00, 0x00, 0x00,
    0xa6, 0x44, 0xfe, 0xff, 0x00, 0x00, 0x00, 0x01, 0x18, 0x00, 0x00, 0x00,
    0x20, 0x00, 0x00, 0x00, 0x3c, 0x00, 0x00, 0x00, 0x1d, 0x02, 0x00, 0x00,
    0x00, 0x00, 0x00, 0x09, 0x58, 0x00, 0x00, 0x00, 0x02, 0x00, 0x00, 0x00,
    0xff, 0xff, 0xff, 0xff, 0x10, 0x00, 0x00, 0x00, 0x8c, 0x44, 0xfe, 0xff,
    0x08, 0x00, 0x00, 0x00, 0x10, 0x00, 0x00, 0x00, 0x01, 0x00, 0x00, 0x00,
    0x06, 0x00, 0x00, 0x00, 0x00, 0x00, 0x00, 0x00, 0x01, 0x00, 0x00, 0x00,
    0x4d, 0x63, 0xa3, 0x3c, 0x22, 0x00, 0x00, 0x00, 0x73, 0x6f, 0x63, 0x5f,
    0x6c, 0x73, 0x74, 0x6d, 0x5f, 0x31, 0x2f, 0x6c, 0x73, 0x74, 0x6d, 0x5f,
    0x31, 0x2f, 0x6c, 0x73, 0x74, 0x6d, 0x5f, 0x63, 0x65, 0x6c, 0x6c, 0x5f,
    0x35, 0x37, 0x2f, 0x6d, 0x75, 0x6c, 0x00, 0x00, 0x02, 0x00, 0x00, 0x00,
    0x01, 0x00, 0x00, 0x00, 0x10, 0x00, 0x00, 0x00, 0x26, 0x45, 0xfe, 0xff,
    0x00, 0x00, 0x00, 0x01, 0x18, 0x00, 0x00, 0x00, 0x20, 0x00, 0x00, 0x00,
    0x3c, 0x00, 0x00, 0x00, 0x1c, 0x02, 0x00, 0x00, 0x00, 0x00, 0x00, 0x09,
    0x60, 0x00, 0x00, 0x00, 0x02, 0x00, 0x00, 0x00, 0xff, 0xff, 0xff, 0xff,
    0x10, 0x00, 0x00, 0x00, 0x0c, 0x45, 0xfe, 0xff, 0x08, 0x00, 0x00, 0x00,
    0x10, 0x00, 0x00, 0x00, 0x01, 0x00, 0x00, 0x00, 0x80, 0xff, 0xff, 0xff,
    0xff, 0xff, 0xff, 0xff, 0x01, 0x00, 0x00, 0x00, 0x00, 0x00, 0x80, 0x3b,
    0x28, 0x00, 0x00, 0x00, 0x73, 0x6f, 0x63, 0x5f, 0x6c, 0x73, 0x74, 0x6d,
    0x5f, 0x31, 0x2f, 0x6c, 0x73, 0x74, 0x6d, 0x5f, 0x31, 0x2f, 0x6c, 0x73,
    0x74, 0x6d, 0x5f, 0x63, 0x65, 0x6c, 0x6c, 0x5f, 0x35, 0x37, 0x2f, 0x53,
    0x69, 0x67, 0x6d, 0x6f, 0x69, 0x64, 0x5f, 0x31, 0x00, 0x00, 0x00, 0x00,
    0x02, 0x00, 0x00, 0x00, 0x01, 0x00, 0x00, 0x00, 0x10, 0x00, 0x00, 0x00,
    0xae, 0x45, 0xfe, 0xff, 0x00, 0x00, 0x00, 0x01, 0x18, 0x00, 0x00, 0x00,
    0x20, 0x00, 0x00, 0x00, 0x40, 0x00, 0x00, 0x00, 0x1b, 0x02, 0x00, 0x00,
    0x00, 0x00, 0x00, 0x09, 0x60, 0x00, 0x00, 0x00, 0x02, 0x00, 0x00, 0x00,
    0xff, 0xff, 0xff, 0xff, 0x10, 0x00, 0x00, 0x00, 0x94, 0x45, 0xfe, 0xff,
    0x08, 0x00, 0x00, 0x00, 0x14, 0x00, 0x00, 0x00, 0x01, 0x00, 0x00, 0x00,
    0x80, 0xff, 0xff, 0xff, 0xff, 0xff, 0xff, 0xff, 0x00, 0x00, 0x00, 0x00,
    0x01, 0x00, 0x00, 0x00, 0x00, 0x00, 0x80, 0x3b, 0x26, 0x00, 0x00, 0x00,
    0x73, 0x6f, 0x63, 0x5f, 0x6c, 0x73, 0x74, 0x6d, 0x5f, 0x31, 0x2f, 0x6c,
    0x73, 0x74, 0x6d, 0x5f, 0x31, 0x2f, 0x6c, 0x73, 0x74, 0x6d, 0x5f, 0x63,
    0x65, 0x6c, 0x6c, 0x5f, 0x35, 0x37, 0x2f, 0x53, 0x69, 0x67, 0x6d, 0x6f,
    0x69, 0x64, 0x00, 0x00, 0x02, 0x00, 0x00, 0x00, 0x01, 0x00, 0x00, 0x00,
    0x10, 0x00, 0x00, 0x00, 0x36, 0x46, 0xfe, 0xff, 0x00, 0x00, 0x00, 0x01,
    0x18, 0x00, 0x00, 0x00, 0x20, 0x00, 0x00, 0x00, 0x40, 0x00, 0x00, 0x00,
    0x1a, 0x02, 0x00, 0x00, 0x00, 0x00, 0x00, 0x09, 0xd0, 0x00, 0x00, 0x00,
    0x02, 0x00, 0x00, 0x00, 0xff, 0xff, 0xff, 0xff, 0x10, 0x00, 0x00, 0x00,
    0x1c, 0x46, 0xfe, 0xff, 0x08, 0x00, 0x00, 0x00, 0x14, 0x00, 0x00, 0x00,
    0x01, 0x00, 0x00, 0x00, 0xe6, 0xff, 0xff, 0xff, 0xff, 0xff, 0xff, 0xff,
    0x00, 0x00, 0x00, 0x00, 0x01, 0x00, 0x00, 0x00, 0x88, 0xd4, 0x95, 0x3c,
    0x97, 0x00, 0x00, 0x00, 0x73, 0x6f, 0x63, 0x5f, 0x6c, 0x73, 0x74, 0x6d,
    0x5f, 0x31, 0x2f, 0x6c, 0x73, 0x74, 0x6d, 0x5f, 0x31, 0x2f, 0x6c, 0x73,
    0x74, 0x6d, 0x5f, 0x63, 0x65, 0x6c, 0x6c, 0x5f, 0x35, 0x37, 0x2f, 0x73,
    0x70, 0x6c, 0x69, 0x74, 0x3b, 0x73, 0x6f, 0x63, 0x5f, 0x6c, 0x73, 0x74,
    0x6d, 0x5f, 0x31, 0x2f, 0x6c, 0x73, 0x74, 0x6d, 0x5f, 0x31, 0x2f, 0x6c,
    0x73, 0x74, 0x6d, 0x5f, 0x63, 0x65, 0x6c, 0x6c, 0x5f, 0x35, 0x37, 0x2f,
    0x73, 0x70, 0x6c, 0x69, 0x74, 0x31, 0x3b, 0x73, 0x6f, 0x63, 0x5f, 0x6c,
    0x73, 0x74, 0x6d, 0x5f, 0x31, 0x2f, 0x6c, 0x73, 0x74, 0x6d, 0x5f, 0x31,
    0x2f, 0x6c, 0x73, 0x74, 0x6d, 0x5f, 0x63, 0x65, 0x6c, 0x6c, 0x5f, 0x35,
    0x37, 0x2f, 0x73, 0x70, 0x6c, 0x69, 0x74, 0x32, 0x3b, 0x73, 0x6f, 0x63,
    0x5f, 0x6c, 0x73, 0x74, 0x6d, 0x5f, 0x31, 0x2f, 0x6c, 0x73, 0x74, 0x6d,
    0x5f, 0x31, 0x2f, 0x6c, 0x73, 0x74, 0x6d, 0x5f, 0x63, 0x65, 0x6c, 0x6c,
    0x5f, 0x35, 0x37, 0x2f, 0x73, 0x70, 0x6c, 0x69, 0x74, 0x33, 0x33, 0x00,
    0x02, 0x00, 0x00, 0x00, 0x01, 0x00, 0x00, 0x00, 0x10, 0x00, 0x00, 0x00,
    0x2e, 0x47, 0xfe, 0xff, 0x00, 0x00, 0x00, 0x01, 0x18, 0x00, 0x00, 0x00,
    0x20, 0x00, 0x00, 0x00, 0x40, 0x00, 0x00, 0x00, 0x19, 0x02, 0x00, 0x00,
    0x00, 0x00, 0x00, 0x09, 0xd0, 0x00, 0x00, 0x00, 0x02, 0x00, 0x00, 0x00,
    0xff, 0xff, 0xff, 0xff, 0x10, 0x00, 0x00, 0x00, 0x14, 0x47, 0xfe, 0xff,
    0x08, 0x00, 0x00, 0x00, 0x14, 0x00, 0x00, 0x00, 0x01, 0x00, 0x00, 0x00,
    0xe6, 0xff, 0xff, 0xff, 0xff, 0xff, 0xff, 0xff, 0x00, 0x00, 0x00, 0x00,
    0x01, 0x00, 0x00, 0x00, 0x88, 0xd4, 0x95, 0x3c, 0x97, 0x00, 0x00, 0x00,
    0x73, 0x6f, 0x63, 0x5f, 0x6c, 0x73, 0x74, 0x6d, 0x5f, 0x31, 0x2f, 0x6c,
    0x73, 0x74, 0x6d, 0x5f, 0x31, 0x2f, 0x6c, 0x73, 0x74, 0x6d, 0x5f, 0x63,
    0x65, 0x6c, 0x6c, 0x5f, 0x35, 0x37, 0x2f, 0x73, 0x70, 0x6c, 0x69, 0x74,
    0x3b, 0x73, 0x6f, 0x63, 0x5f, 0x6c, 0x73, 0x74, 0x6d, 0x5f, 0x31, 0x2f,
    0x6c, 0x73, 0x74, 0x6d, 0x5f, 0x31, 0x2f, 0x6c, 0x73, 0x74, 0x6d, 0x5f,
    0x63, 0x65, 0x6c, 0x6c, 0x5f, 0x35, 0x37, 0x2f, 0x73, 0x70, 0x6c, 0x69,
    0x74, 0x31, 0x3b, 0x73, 0x6f, 0x63, 0x5f, 0x6c, 0x73, 0x74, 0x6d, 0x5f,
    0x31, 0x2f, 0x6c, 0x73, 0x74, 0x6d, 0x5f, 0x31, 0x2f, 0x6c, 0x73, 0x74,
    0x6d, 0x5f, 0x63, 0x65, 0x6c, 0x6c, 0x5f, 0x35, 0x37, 0x2f, 0x73, 0x70,
    0x6c, 0x69, 0x74, 0x32, 0x3b, 0x73, 0x6f, 0x63, 0x5f, 0x6c, 0x73, 0x74,
    0x6d, 0x5f, 0x31, 0x2f, 0x6c, 0x73, 0x74, 0x6d, 0x5f, 0x31, 0x2f, 0x6c,
    0x73, 0x74, 0x6d, 0x5f, 0x63, 0x65, 0x6c, 0x6c, 0x5f, 0x35, 0x37, 0x2f,
    0x73, 0x70, 0x6c, 0x69, 0x74, 0x33, 0x32, 0x00, 0x02, 0x00, 0x00, 0x00,
    0x01, 0x00, 0x00, 0x00, 0x10, 0x00, 0x00, 0x00, 0x26, 0x48, 0xfe, 0xff,
    0x00, 0x00, 0x00, 0x01, 0x18, 0x00, 0x00, 0x00, 0x20, 0x00, 0x00, 0x00,
    0x40, 0x00, 0x00, 0x00, 0x18, 0x02, 0x00, 0x00, 0x00, 0x00, 0x00, 0x09,
    0xd0, 0x00, 0x00, 0x00, 0x02, 0x00, 0x00, 0x00, 0xff, 0xff, 0xff, 0xff,
    0x10, 0x00, 0x00, 0x00, 0x0c, 0x48, 0xfe, 0xff, 0x08, 0x00, 0x00, 0x00,
    0x14, 0x00, 0x00, 0x00, 0x01, 0x00, 0x00, 0x00, 0xe6, 0xff, 0xff, 0xff,
    0xff, 0xff, 0xff, 0xff, 0x00, 0x00, 0x00, 0x00, 0x01, 0x00, 0x00, 0x00,
    0x88, 0xd4, 0x95, 0x3c, 0x97, 0x00, 0x00, 0x00, 0x73, 0x6f, 0x63, 0x5f,
    0x6c, 0x73, 0x74, 0x6d, 0x5f, 0x31, 0x2f, 0x6c, 0x73, 0x74, 0x6d, 0x5f,
    0x31, 0x2f, 0x6c, 0x73, 0x74, 0x6d, 0x5f, 0x63, 0x65, 0x6c, 0x6c, 0x5f,
    0x35, 0x37, 0x2f, 0x73, 0x70, 0x6c, 0x69, 0x74, 0x3b, 0x73, 0x6f, 0x63,
    0x5f, 0x6c, 0x73, 0x74, 0x6d, 0x5f, 0x31, 0x2f, 0x6c, 0x73, 0x74, 0x6d,
    0x5f, 0x31, 0x2f, 0x6c, 0x73, 0x74, 0x6d, 0x5f, 0x63, 0x65, 0x6c, 0x6c,
    0x5f, 0x35, 0x37, 0x2f, 0x73, 0x70, 0x6c, 0x69, 0x74, 0x31, 0x3b, 0x73,
    0x6f, 0x63, 0x5f, 0x6c, 0x73, 0x74, 0x6d, 0x5f, 0x31, 0x2f, 0x6c, 0x73,
    0x74, 0x6d, 0x5f, 0x31, 0x2f, 0x6c, 0x73, 0x74, 0x6d, 0x5f, 0x63, 0x65,
    0x6c, 0x6c, 0x5f, 0x35, 0x37, 0x2f, 0x73, 0x70, 0x6c, 0x69, 0x74, 0x32,
    0x3b, 0x73, 0x6f, 0x63, 0x5f, 0x6c, 0x73, 0x74, 0x6d, 0x5f, 0x31, 0x2f,
    0x6c, 0x73, 0x74, 0x6d, 0x5f, 0x31, 0x2f, 0x6c, 0x73, 0x74, 0x6d, 0x5f,
    0x63, 0x65, 0x6c, 0x6c, 0x5f, 0x35, 0x37, 0x2f, 0x73, 0x70, 0x6c, 0x69,
    0x74, 0x33, 0x31, 0x00, 0x02, 0x00, 0x00, 0x00, 0x01, 0x00, 0x00, 0x00,
    0x10, 0x00, 0x00, 0x00, 0x1e, 0x49, 0xfe, 0xff, 0x00, 0x00, 0x00, 0x01,
    0x18, 0x00, 0x00, 0x00, 0x20, 0x00, 0x00, 0x00, 0x40, 0x00, 0x00, 0x00,
    0x17, 0x02, 0x00, 0x00, 0x00, 0x00, 0x00, 0x09, 0xd0, 0x00, 0x00, 0x00,
    0x02, 0x00, 0x00, 0x00, 0xff, 0xff, 0xff, 0xff, 0x10, 0x00, 0x00, 0x00,
    0x04, 0x49, 0xfe, 0xff, 0x08, 0x00, 0x00, 0x00, 0x14, 0x00, 0x00, 0x00,
    0x01, 0x00, 0x00, 0x00, 0xe6, 0xff, 0xff, 0xff, 0xff, 0xff, 0xff, 0xff,
    0x00, 0x00, 0x00, 0x00, 0x01, 0x00, 0x00, 0x00, 0x88, 0xd4, 0x95, 0x3c,
    0x96, 0x00, 0x00, 0x00, 0x73, 0x6f, 0x63, 0x5f, 0x6c, 0x73, 0x74, 0x6d,
    0x5f, 0x31, 0x2f, 0x6c, 0x73, 0x74, 0x6d, 0x5f, 0x31, 0x2f, 0x6c, 0x73,
    0x74, 0x6d, 0x5f, 0x63, 0x65, 0x6c, 0x6c, 0x5f, 0x35, 0x37, 0x2f, 0x73,
    0x70, 0x6c, 0x69, 0x74, 0x3b, 0x73, 0x6f, 0x63, 0x5f, 0x6c, 0x73, 0x74,
    0x6d, 0x5f, 0x31, 0x2f, 0x6c, 0x73, 0x74, 0x6d, 0x5f, 0x31, 0x2f, 0x6c,
    0x73, 0x74, 0x6d, 0x5f, 0x63, 0x65, 0x6c, 0x6c, 0x5f, 0x35, 0x37, 0x2f,
    0x73, 0x70, 0x6c, 0x69, 0x74, 0x31, 0x3b, 0x73, 0x6f, 0x63, 0x5f, 0x6c,
    0x73, 0x74, 0x6d, 0x5f, 0x31, 0x2f, 0x6c, 0x73, 0x74, 0x6d, 0x5f, 0x31,
    0x2f, 0x6c, 0x73, 0x74, 0x6d, 0x5f, 0x63, 0x65, 0x6c, 0x6c, 0x5f, 0x35,
    0x37, 0x2f, 0x73, 0x70, 0x6c, 0x69, 0x74, 0x32, 0x3b, 0x73, 0x6f, 0x63,
    0x5f, 0x6c, 0x73, 0x74, 0x6d, 0x5f, 0x31, 0x2f, 0x6c, 0x73, 0x74, 0x6d,
    0x5f, 0x31, 0x2f, 0x6c, 0x73, 0x74, 0x6d, 0x5f, 0x63, 0x65, 0x6c, 0x6c,
    0x5f, 0x35, 0x37, 0x2f, 0x73, 0x70, 0x6c, 0x69, 0x74, 0x33, 0x00, 0x00,
    0x02, 0x00, 0x00, 0x00, 0x01, 0x00, 0x00, 0x00, 0x10, 0x00, 0x00, 0x00,
    0x16, 0x4a, 0xfe, 0xff, 0x00, 0x00, 0x00, 0x01, 0x18, 0x00, 0x00, 0x00,
    0x20, 0x00, 0x00, 0x00, 0x40, 0x00, 0x00, 0x00, 0x16, 0x02, 0x00, 0x00,
    0x00, 0x00, 0x00, 0x09, 0x60, 0x00, 0x00, 0x00, 0x02, 0x00, 0x00, 0x00,
    0xff, 0xff, 0xff, 0xff, 0x40, 0x00, 0x00, 0x00, 0xfc, 0x49, 0xfe, 0xff,
    0x08, 0x00, 0x00, 0x00, 0x14, 0x00, 0x00, 0x00, 0x01, 0x00, 0x00, 0x00,
    0xe6, 0xff, 0xff, 0xff, 0xff, 0xff, 0xff, 0xff, 0x00, 0x00, 0x00, 0x00,
    0x01, 0x00, 0x00, 0x00, 0x88, 0xd4, 0x95, 0x3c, 0x26, 0x00, 0x00, 0x00,
    0x73, 0x6f, 0x63, 0x5f, 0x6c, 0x73, 0x74, 0x6d, 0x5f, 0x31, 0x2f, 0x6c,
    0x73, 0x74, 0x6d, 0x5f, 0x31, 0x2f, 0x6c, 0x73, 0x74, 0x6d, 0x5f, 0x63,
    0x65, 0x6c, 0x6c, 0x5f, 0x35, 0x37, 0x2f, 0x42, 0x69, 0x61, 0x73, 0x41,
    0x64, 0x64, 0x00, 0x00, 0x02, 0x00, 0x00, 0x00, 0x01, 0x00, 0x00, 0x00,
    0x40, 0x00, 0x00, 0x00, 0x9e, 0x4a, 0xfe, 0xff, 0x00, 0x00, 0x00, 0x01,
    0x18, 0x00, 0x00, 0x00, 0x20, 0x00, 0x00, 0x00, 0x3c, 0x00, 0x00, 0x00,
    0x15, 0x02, 0x00, 0x00, 0x00, 0x00, 0x00, 0x09, 0x58, 0x00, 0x00, 0x00,
    0x02, 0x00, 0x00, 0x00, 0xff, 0xff, 0xff, 0xff, 0x40, 0x00, 0x00, 0x00,
    0x84, 0x4a, 0xfe, 0xff, 0x08, 0x00, 0x00, 0x00, 0x10, 0x00, 0x00, 0x00,
    0x01, 0x00, 0x00, 0x00, 0xe6, 0xff, 0xff, 0xff, 0xff, 0xff, 0xff, 0xff,
    0x01, 0x00, 0x00, 0x00, 0x23, 0x17, 0x96, 0x3c, 0x22, 0x00, 0x00, 0x00,
    0x73, 0x6f, 0x63, 0x5f, 0x6c, 0x73, 0x74, 0x6d, 0x5f, 0x31, 0x2f, 0x6c,
    0x73, 0x74, 0x6d, 0x5f, 0x31, 0x2f, 0x6c, 0x73, 0x74, 0x6d, 0x5f, 0x63,
    0x65, 0x6c, 0x6c, 0x5f, 0x35, 0x37, 0x2f, 0x41, 0x64, 0x64, 0x00, 0x00,
    0x02, 0x00, 0x00, 0x00, 0x01, 0x00, 0x00, 0x00, 0x40, 0x00, 0x00, 0x00,
    0x1e, 0x4b, 0xfe, 0xff, 0x00, 0x00, 0x00, 0x01, 0x18, 0x00, 0x00, 0x00,
    0x20, 0x00, 0x00, 0x00, 0x40, 0x00, 0x00, 0x00, 0x14, 0x02, 0x00, 0x00,
    0x00, 0x00, 0x00, 0x09, 0x60, 0x00, 0x00, 0x00, 0x02, 0x00, 0x00, 0x00,
    0xff, 0xff, 0xff, 0xff, 0x40, 0x00, 0x00, 0x00, 0x04, 0x4b, 0xfe, 0xff,
    0x08, 0x00, 0x00, 0x00, 0x14, 0x00, 0x00, 0x00, 0x01, 0x00, 0x00, 0x00,
    0x00, 0x00, 0x00, 0x00, 0x00, 0x00, 0x00, 0x00, 0x00, 0x00, 0x00, 0x00,
    0x01, 0x00, 0x00, 0x00, 0x87, 0x4a, 0x43, 0x3c, 0x27, 0x00, 0x00, 0x00,
    0x73, 0x6f, 0x63, 0x5f, 0x6c, 0x73, 0x74, 0x6d, 0x5f, 0x31, 0x2f, 0x6c,
    0x73, 0x74, 0x6d, 0x5f, 0x31, 0x2f, 0x6c, 0x73, 0x74, 0x6d, 0x5f, 0x63,
    0x65, 0x6c, 0x6c, 0x5f, 0x35, 0x37, 0x2f, 0x4d, 0x61, 0x74, 0x4d, 0x75,
    0x6c, 0x5f, 0x31, 0x00, 0x02, 0x00, 0x00, 0x00, 0x01, 0x00, 0x00, 0x00,
    0x40, 0x00, 0x00, 0x00, 0xa6, 0x4b, 0xfe, 0xff, 0x00, 0x00, 0x00, 0x01,
    0x18, 0x00, 0x00, 0x00, 0x20, 0x00, 0x00, 0x00, 0x40, 0x00, 0x00, 0x00,
    0x13, 0x02, 0x00, 0x00, 0x00, 0x00, 0x00, 0x09, 0x60, 0x00, 0x00, 0x00,
    0x02, 0x00, 0x00, 0x00, 0xff, 0xff, 0xff, 0xff, 0x10, 0x00, 0x00, 0x00,
    0x8c, 0x4b, 0xfe, 0xff, 0x08, 0x00, 0x00, 0x00, 0x14, 0x00, 0x00, 0x00,
    0x01, 0x00, 0x00, 0x00, 0xf8, 0xff, 0xff, 0xff, 0xff, 0xff, 0xff, 0xff,
    0x00, 0x00, 0x00, 0x00, 0x01, 0x00, 0x00, 0x00, 0x52, 0xae, 0xc7, 0x3b,
    0x24, 0x00, 0x00, 0x00, 0x73, 0x6f, 0x63, 0x5f, 0x6c, 0x73, 0x74, 0x6d,
    0x5f, 0x31, 0x2f, 0x6c, 0x73, 0x74, 0x6d, 0x5f, 0x31, 0x2f, 0x6c, 0x73,
    0x74, 0x6d, 0x5f, 0x63, 0x65, 0x6c, 0x6c, 0x5f, 0x35, 0x35, 0x2f, 0x6d,
    0x75, 0x6c, 0x5f, 0x32, 0x00, 0x00, 0x00, 0x00, 0x02, 0x00, 0x00, 0x00,
    0x01, 0x00, 0x00, 0x00, 0x10, 0x00, 0x00, 0x00, 0x2e, 0x4c, 0xfe, 0xff,
    0x00, 0x00, 0x00, 0x01, 0x18, 0x00, 0x00, 0x00, 0x20, 0x00, 0x00, 0x00,
    0x40, 0x00, 0x00, 0x00, 0x12, 0x02, 0x00, 0x00, 0x00, 0x00, 0x00, 0x09,
    0x60, 0x00, 0x00, 0x00, 0x02, 0x00, 0x00, 0x00, 0xff, 0xff, 0xff, 0xff,
    0x10, 0x00, 0x00, 0x00, 0x14, 0x4c, 0xfe, 0xff, 0x08, 0x00, 0x00, 0x00,
    0x14, 0x00, 0x00, 0x00, 0x01, 0x00, 0x00, 0x00, 0x00, 0x00, 0x00, 0x00,
    0x00, 0x00, 0x00, 0x00, 0x00, 0x00, 0x00, 0x00, 0x01, 0x00, 0x00, 0x00,
    0x00, 0x00, 0x00, 0x3c, 0x25, 0x00, 0x00, 0x00, 0x73, 0x6f, 0x63, 0x5f,
    0x6c, 0x73, 0x74, 0x6d, 0x5f, 0x31, 0x2f, 0x6c, 0x73, 0x74, 0x6d, 0x5f,
    0x31, 0x2f, 0x6c, 0x73, 0x74, 0x6d, 0x5f, 0x63, 0x65, 0x6c, 0x6c, 0x5f,
    0x35, 0x35, 0x2f, 0x54, 0x61, 0x6e, 0x68, 0x5f, 0x31, 0x00, 0x00, 0x00,
    0x02, 0x00, 0x00, 0x00, 0x01, 0x00, 0x00, 0x00, 0x10, 0x00, 0x00, 0x00,
    0xb6, 0x4c, 0xfe, 0xff, 0x00, 0x00, 0x00, 0x01, 0x18, 0x00, 0x00, 0x00,
    0x20, 0x00, 0x00, 0x00, 0x40, 0x00, 0x00, 0x00, 0x11, 0x02, 0x00, 0x00,
    0x00, 0x00, 0x00, 0x09, 0x60, 0x00, 0x00, 0x00, 0x02, 0x00, 0x00, 0x00,
    0xff, 0xff, 0xff, 0xff, 0x10, 0x00, 0x00, 0x00, 0x9c, 0x4c, 0xfe, 0xff,
    0x08, 0x00, 0x00, 0x00, 0x14, 0x00, 0x00, 0x00, 0x01, 0x00, 0x00, 0x00,
    0x07, 0x00, 0x00, 0x00, 0x00, 0x00, 0x00, 0x00, 0x00, 0x00, 0x00, 0x00,
    0x01, 0x00, 0x00, 0x00, 0x04, 0x6a, 0x95, 0x3c, 0x24, 0x00, 0x00, 0x00,
    0x73, 0x6f, 0x63, 0x5f, 0x6c, 0x73, 0x74, 0x6d, 0x5f, 0x31, 0x2f, 0x6c,
    0x73, 0x74, 0x6d, 0x5f, 0x31, 0x2f, 0x6c, 0x73, 0x74, 0x6d, 0x5f, 0x63,
    0x65, 0x6c, 0x6c, 0x5f, 0x35, 0x35, 0x2f, 0x61, 0x64, 0x64, 0x5f, 0x31,
    0x00, 0x00, 0x00, 0x00, 0x02, 0x00, 0x00, 0x00, 0x01, 0x00, 0x00, 0x00,
    0x10, 0x00, 0x00, 0x00, 0x3e, 0x4d, 0xfe, 0xff, 0x00, 0x00, 0x00, 0x01,
    0x18, 0x00, 0x00, 0x00, 0x20, 0x00, 0x00, 0x00, 0x40, 0x00, 0x00, 0x00,
    0x10, 0x02, 0x00, 0x00, 0x00, 0x00, 0x00, 0x09, 0x60, 0x00, 0x00, 0x00,
    0x02, 0x00, 0x00, 0x00, 0xff, 0xff, 0xff, 0xff, 0x10, 0x00, 0x00, 0x00,
    0x24, 0x4d, 0xfe, 0xff, 0x08, 0x00, 0x00, 0x00, 0x14, 0x00, 0x00, 0x00,
    0x01, 0x00, 0x00, 0x00, 0xfc, 0xff, 0xff, 0xff, 0xff, 0xff, 0xff, 0xff,
    0x00, 0x00, 0x00, 0x00, 0x01, 0x00, 0x00, 0x00, 0xa6, 0x44, 0x82, 0x3b,
    0x24, 0x00, 0x00, 0x00, 0x73, 0x6f, 0x63, 0x5f, 0x6c, 0x73, 0x74, 0x6d,
    0x5f, 0x31, 0x2f, 0x6c, 0x73, 0x74, 0x6d, 0x5f, 0x31, 0x2f, 0x6c, 0x73,
    0x74, 0x6d, 0x5f, 0x63, 0x65, 0x6c, 0x6c, 0x5f, 0x35, 0x35, 0x2f, 0x6d,
    0x75, 0x6c, 0x5f, 0x31, 0x00, 0x00, 0x00, 0x00, 0x02, 0x00, 0x00, 0x00,
    0x01, 0x00, 0x00, 0x00, 0x10, 0x00, 0x00, 0x00, 0xc6, 0x4d, 0xfe, 0xff,
    0x00, 0x00, 0x00, 0x01, 0x18, 0x00, 0x00, 0x00, 0x20, 0x00, 0x00, 0x00,
    0x3c, 0x00, 0x00, 0x00, 0x0f, 0x02, 0x00, 0x00, 0x00, 0x00, 0x00, 0x09,
    0x58, 0x00, 0x00, 0x00, 0x02, 0x00, 0x00, 0x00, 0xff, 0xff, 0xff, 0xff,
    0x10, 0x00, 0x00, 0x00, 0xac, 0x4d, 0xfe, 0xff, 0x08, 0x00, 0x00, 0x00,
    0x10, 0x00, 0x00, 0x00, 0x01, 0x00, 0x00, 0x00, 0x00, 0x00, 0x00, 0x00,
    0x00, 0x00, 0x00, 0x00, 0x01, 0x00, 0x00, 0x00, 0x00, 0x00, 0x00, 0x3c,
    0x23, 0x00, 0x00, 0x00, 0x73, 0x6f, 0x63, 0x5f, 0x6c, 0x73, 0x74, 0x6d,
    0x5f, 0x31, 0x2f, 0x6c, 0x73, 0x74, 0x6d, 0x5f, 0x31, 0x2f, 0x6c, 0x73,
    0x74, 0x6d, 0x5f, 0x63, 0x65, 0x6c, 0x6c, 0x5f, 0x35, 0x35, 0x2f, 0x54,
    0x61, 0x6e, 0x68, 0x00, 0x02, 0x00, 0x00, 0x00, 0x01, 0x00, 0x00, 0x00,
    0x10, 0x00, 0x00, 0x00, 0x46, 0x4e, 0xfe, 0xff, 0x00, 0x00, 0x00, 0x01,
    0x18, 0x00, 0x00, 0x00, 0x20, 0x00, 0x00, 0x00, 0x3c, 0x00, 0x00, 0x00,
    0x0e, 0x02, 0x00, 0x00, 0x00, 0x00, 0x00, 0x09, 0x60, 0x00, 0x00, 0x00,
    0x02, 0x00, 0x00, 0x00, 0xff, 0xff, 0xff, 0xff, 0x10, 0x00, 0x00, 0x00,
    0x2c, 0x4e, 0xfe, 0xff, 0x08, 0x00, 0x00, 0x00, 0x10, 0x00, 0x00, 0x00,
    0x01, 0x00, 0x00, 0x00, 0x80, 0xff, 0xff, 0xff, 0xff, 0xff, 0xff, 0xff,
    0x01, 0x00, 0x00, 0x00, 0x00, 0x00, 0x80, 0x3b, 0x28, 0x00, 0x00, 0x00,
    0x73, 0x6f, 0x63, 0x5f, 0x6c, 0x73, 0x74, 0x6d, 0x5f, 0x31, 0x2f, 0x6c,
    0x73, 0x74, 0x6d, 0x5f, 0x31, 0x2f, 0x6c, 0x73, 0x74, 0x6d, 0x5f, 0x63,
    0x65, 0x6c, 0x6c, 0x5f, 0x35, 0x35, 0x2f, 0x53, 0x69, 0x67, 0x6d, 0x6f,
    0x69, 0x64, 0x5f, 0x32, 0x00, 0x00, 0x00, 0x00, 0x02, 0x00, 0x00, 0x00,
    0x01, 0x00, 0x00, 0x00, 0x10, 0x00, 0x00, 0x00, 0xce, 0x4e, 0xfe, 0xff,
    0x00, 0x00, 0x00, 0x01, 0x18, 0x00, 0x00, 0x00, 0x20, 0x00, 0x00, 0x00,
    0x3c, 0x00, 0x00, 0x00, 0x0d, 0x02, 0x00, 0x00, 0x00, 0x00, 0x00, 0x09,
    0x58, 0x00, 0x00, 0x00, 0x02, 0x00, 0x00, 0x00, 0xff, 0xff, 0xff, 0xff,
    0x10, 0x00, 0x00, 0x00, 0xb4, 0x4e, 0xfe, 0xff, 0x08, 0x00, 0x00, 0x00,
    0x10, 0x00, 0x00, 0x00, 0x01, 0x00, 0x00, 0x00, 0x07, 0x00, 0x00, 0x00,
    0x00, 0x00, 0x00, 0x00, 0x01, 0x00, 0x00, 0x00, 0x04, 0x6a, 0x95, 0x3c,
    0x22, 0x00, 0x00, 0x00, 0x73, 0x6f, 0x63, 0x5f, 0x6c, 0x73, 0x74, 0x6d,
    0x5f, 0x31, 0x2f, 0x6c, 0x73, 0x74, 0x6d, 0x5f, 0x31, 0x2f, 0x6c, 0x73,
    0x74, 0x6d, 0x5f, 0x63, 0x65, 0x6c, 0x6c, 0x5f, 0x35, 0x35, 0x2f, 0x6d,
    0x75, 0x6c, 0x00, 0x00, 0x02, 0x00, 0x00, 0x00, 0x01, 0x00, 0x00, 0x00,
    0x10, 0x00, 0x00, 0x00, 0x4e, 0x4f, 0xfe, 0xff, 0x00, 0x00, 0x00, 0x01,
    0x18, 0x00, 0x00, 0x00, 0x20, 0x00, 0x00, 0x00, 0x3c, 0x00, 0x00, 0x00,
    0x0c, 0x02, 0x00, 0x00, 0x00, 0x00, 0x00, 0x09, 0x60, 0x00, 0x00, 0x00,
    0x02, 0x00, 0x00, 0x00, 0xff, 0xff, 0xff, 0xff, 0x10, 0x00, 0x00, 0x00,
    0x34, 0x4f, 0xfe, 0xff, 0x08, 0x00, 0x00, 0x00, 0x10, 0x00, 0x00, 0x00,
    0x01, 0x00, 0x00, 0x00, 0x80, 0xff, 0xff, 0xff, 0xff, 0xff, 0xff, 0xff,
    0x01, 0x00, 0x00, 0x00, 0x00, 0x00, 0x80, 0x3b, 0x28, 0x00, 0x00, 0x00,
    0x73, 0x6f, 0x63, 0x5f, 0x6c, 0x73, 0x74, 0x6d, 0x5f, 0x31, 0x2f, 0x6c,
    0x73, 0x74, 0x6d, 0x5f, 0x31, 0x2f, 0x6c, 0x73, 0x74, 0x6d, 0x5f, 0x63,
    0x65, 0x6c, 0x6c, 0x5f, 0x35, 0x35, 0x2f, 0x53, 0x69, 0x67, 0x6d, 0x6f,
    0x69, 0x64, 0x5f, 0x31, 0x00, 0x00, 0x00, 0x00, 0x02, 0x00, 0x00, 0x00,
    0x01, 0x00, 0x00, 0x00, 0x10, 0x00, 0x00, 0x00, 0xd6, 0x4f, 0xfe, 0xff,
    0x00, 0x00, 0x00, 0x01, 0x18, 0x00, 0x00, 0x00, 0x20, 0x00, 0x00, 0x00,
    0x40, 0x00, 0x00, 0x00, 0x0b, 0x02, 0x00, 0x00, 0x00, 0x00, 0x00, 0x09,
    0x60, 0x00, 0x00, 0x00, 0x02, 0x00, 0x00, 0x00, 0xff, 0xff, 0xff, 0xff,
    0x10, 0x00, 0x00, 0x00, 0xbc, 0x4f, 0xfe, 0xff, 0x08, 0x00, 0x00, 0x00,
    0x14, 0x00, 0x00, 0x00, 0x01, 0x00, 0x00, 0x00, 0x80, 0xff, 0xff, 0xff,
    0xff, 0xff, 0xff, 0xff, 0x00, 0x00, 0x00, 0x00, 0x01, 0x00, 0x00, 0x00,
    0x00, 0x00, 0x80, 0x3b, 0x26, 0x00, 0x00, 0x00, 0x73, 0x6f, 0x63, 0x5f,
    0x6c, 0x73, 0x74, 0x6d, 0x5f, 0x31, 0x2f, 0x6c, 0x73, 0x74, 0x6d, 0x5f,
    0x31, 0x2f, 0x6c, 0x73, 0x74, 0x6d, 0x5f, 0x63, 0x65, 0x6c, 0x6c, 0x5f,
    0x35, 0x35, 0x2f, 0x53, 0x69, 0x67, 0x6d, 0x6f, 0x69, 0x64, 0x00, 0x00,
    0x02, 0x00, 0x00, 0x00, 0x01, 0x00, 0x00, 0x00, 0x10, 0x00, 0x00, 0x00,
    0x5e, 0x50, 0xfe, 0xff, 0x00, 0x00, 0x00, 0x01, 0x18, 0x00, 0x00, 0x00,
    0x20, 0x00, 0x00, 0x00, 0x40, 0x00, 0x00, 0x00, 0x0a, 0x02, 0x00, 0x00,
    0x00, 0x00, 0x00, 0x09, 0xd0, 0x00, 0x00, 0x00, 0x02, 0x00, 0x00, 0x00,
    0xff, 0xff, 0xff, 0xff, 0x10, 0x00, 0x00, 0x00, 0x44, 0x50, 0xfe, 0xff,
    0x08, 0x00, 0x00, 0x00, 0x14, 0x00, 0x00, 0x00, 0x01, 0x00, 0x00, 0x00,
    0xdd, 0xff, 0xff, 0xff, 0xff, 0xff, 0xff, 0xff, 0x00, 0x00, 0x00, 0x00,
    0x01, 0x00, 0x00, 0x00, 0x35, 0x64, 0x88, 0x3c, 0x97, 0x00, 0x00, 0x00,
    0x73, 0x6f, 0x63, 0x5f, 0x6c, 0x73, 0x74, 0x6d, 0x5f, 0x31, 0x2f, 0x6c,
    0x73, 0x74, 0x6d, 0x5f, 0x31, 0x2f, 0x6c, 0x73, 0x74, 0x6d, 0x5f, 0x63,
    0x65, 0x6c, 0x6c, 0x5f, 0x35, 0x35, 0x2f, 0x73, 0x70, 0x6c, 0x69, 0x74,
    0x3b, 0x73, 0x6f, 0x63, 0x5f, 0x6c, 0x73, 0x74, 0x6d, 0x5f, 0x31, 0x2f,
    0x6c, 0x73, 0x74, 0x6d, 0x5f, 0x31, 0x2f, 0x6c, 0x73, 0x74, 0x6d, 0x5f,
    0x63, 0x65, 0x6c, 0x6c, 0x5f, 0x35, 0x35, 0x2f, 0x73, 0x70, 0x6c, 0x69,
    0x74, 0x31, 0x3b, 0x73, 0x6f, 0x63, 0x5f, 0x6c, 0x73, 0x74, 0x6d, 0x5f,
    0x31, 0x2f, 0x6c, 0x73, 0x74, 0x6d, 0x5f, 0x31, 0x2f, 0x6c, 0x73, 0x74,
    0x6d, 0x5f, 0x63, 0x65, 0x6c, 0x6c, 0x5f, 0x35, 0x35, 0x2f, 0x73, 0x70,
    0x6c, 0x69, 0x74, 0x32, 0x3b, 0x73, 0x6f, 0x63, 0x5f, 0x6c, 0x73, 0x74,
    0x6d, 0x5f, 0x31, 0x2f, 0x6c, 0x73, 0x74, 0x6d, 0x5f, 0x31, 0x2f, 0x6c,
    0x73, 0x74, 0x6d, 0x5f, 0x63, 0x65, 0x6c, 0x6c, 0x5f, 0x35, 0x35, 0x2f,
    0x73, 0x70, 0x6c, 0x69, 0x74, 0x33, 0x33, 0x00, 0x02, 0x00, 0x00, 0x00,
    0x01, 0x00, 0x00, 0x00, 0x10, 0x00, 0x00, 0x00, 0x56, 0x51, 0xfe, 0xff,
    0x00, 0x00, 0x00, 0x01, 0x18, 0x00, 0x00, 0x00, 0x20, 0x00, 0x00, 0x00,
    0x40, 0x00, 0x00, 0x00, 0x09, 0x02, 0x00, 0x00, 0x00, 0x00, 0x00, 0x09,
    0xd0, 0x00, 0x00, 0x00, 0x02, 0x00, 0x00, 0x00, 0xff, 0xff, 0xff, 0xff,
    0x10, 0x00, 0x00, 0x00, 0x3c, 0x51, 0xfe, 0xff, 0x08, 0x00, 0x00, 0x00,
    0x14, 0x00, 0x00, 0x00, 0x01, 0x00, 0x00, 0x00, 0xdd, 0xff, 0xff, 0xff,
    0xff, 0xff, 0xff, 0xff, 0x00, 0x00, 0x00, 0x00, 0x01, 0x00, 0x00, 0x00,
    0x35, 0x64, 0x88, 0x3c, 0x97, 0x00, 0x00, 0x00, 0x73, 0x6f, 0x63, 0x5f,
    0x6c, 0x73, 0x74, 0x6d, 0x5f, 0x31, 0x2f, 0x6c, 0x73, 0x74, 0x6d, 0x5f,
    0x31, 0x2f, 0x6c, 0x73, 0x74, 0x6d, 0x5f, 0x63, 0x65, 0x6c, 0x6c, 0x5f,
    0x35, 0x35, 0x2f, 0x73, 0x70, 0x6c, 0x69, 0x74, 0x3b, 0x73, 0x6f, 0x63,
    0x5f, 0x6c, 0x73, 0x74, 0x6d, 0x5f, 0x31, 0x2f, 0x6c, 0x73, 0x74, 0x6d,
    0x5f, 0x31, 0x2f, 0x6c, 0x73, 0x74, 0x6d, 0x5f, 0x63, 0x65, 0x6c, 0x6c,
    0x5f, 0x35, 0x35, 0x2f, 0x73, 0x70, 0x6c, 0x69, 0x74, 0x31, 0x3b, 0x73,
    0x6f, 0x63, 0x5f, 0x6c, 0x73, 0x74, 0x6d, 0x5f, 0x31, 0x2f, 0x6c, 0x73,
    0x74, 0x6d, 0x5f, 0x31, 0x2f, 0x6c, 0x73, 0x74, 0x6d, 0x5f, 0x63, 0x65,
    0x6c, 0x6c, 0x5f, 0x35, 0x35, 0x2f, 0x73, 0x70, 0x6c, 0x69, 0x74, 0x32,
    0x3b, 0x73, 0x6f, 0x63, 0x5f, 0x6c, 0x73, 0x74, 0x6d, 0x5f, 0x31, 0x2f,
    0x6c, 0x73, 0x74, 0x6d, 0x5f, 0x31, 0x2f, 0x6c, 0x73, 0x74, 0x6d, 0x5f,
    0x63, 0x65, 0x6c, 0x6c, 0x5f, 0x35, 0x35, 0x2f, 0x73, 0x70, 0x6c, 0x69,
    0x74, 0x33, 0x32, 0x00, 0x02, 0x00, 0x00, 0x00, 0x01, 0x00, 0x00, 0x00,
    0x10, 0x00, 0x00, 0x00, 0x4e, 0x52, 0xfe, 0xff, 0x00, 0x00, 0x00, 0x01,
    0x18, 0x00, 0x00, 0x00, 0x20, 0x00, 0x00, 0x00, 0x40, 0x00, 0x00, 0x00,
    0x08, 0x02, 0x00, 0x00, 0x00, 0x00, 0x00, 0x09, 0xd0, 0x00, 0x00, 0x00,
    0x02, 0x00, 0x00, 0x00, 0xff, 0xff, 0xff, 0xff, 0x10, 0x00, 0x00, 0x00,
    0x34, 0x52, 0xfe, 0xff, 0x08, 0x00, 0x00, 0x00, 0x14, 0x00, 0x00, 0x00,
    0x01, 0x00, 0x00, 0x00, 0xdd, 0xff, 0xff, 0xff, 0xff, 0xff, 0xff, 0xff,
    0x00, 0x00, 0x00, 0x00, 0x01, 0x00, 0x00, 0x00, 0x35, 0x64, 0x88, 0x3c,
    0x97, 0x00, 0x00, 0x00, 0x73, 0x6f, 0x63, 0x5f, 0x6c, 0x73, 0x74, 0x6d,
    0x5f, 0x31, 0x2f, 0x6c, 0x73, 0x74, 0x6d, 0x5f, 0x31, 0x2f, 0x6c, 0x73,
    0x74, 0x6d, 0x5f, 0x63, 0x65, 0x6c, 0x6c, 0x5f, 0x35, 0x35, 0x2f, 0x73,
    0x70, 0x6c, 0x69, 0x74, 0x3b, 0x73, 0x6f, 0x63, 0x5f, 0x6c, 0x73, 0x74,
    0x6d, 0x5f, 0x31, 0x2f, 0x6c, 0x73, 0x74, 0x6d, 0x5f, 0x31, 0x2f, 0x6c,
    0x73, 0x74, 0x6d, 0x5f, 0x63, 0x65, 0x6c, 0x6c, 0x5f, 0x35, 0x35, 0x2f,
    0x73, 0x70, 0x6c, 0x69, 0x74, 0x31, 0x3b, 0x73, 0x6f, 0x63, 0x5f, 0x6c,
    0x73, 0x74, 0x6d, 0x5f, 0x31, 0x2f, 0x6c, 0x73, 0x74, 0x6d, 0x5f, 0x31,
    0x2f, 0x6c, 0x73, 0x74, 0x6d, 0x5f, 0x63, 0x65, 0x6c, 0x6c, 0x5f, 0x35,
    0x35, 0x2f, 0x73, 0x70, 0x6c, 0x69, 0x74, 0x32, 0x3b, 0x73, 0x6f, 0x63,
    0x5f, 0x6c, 0x73, 0x74, 0x6d, 0x5f, 0x31, 0x2f, 0x6c, 0x73, 0x74, 0x6d,
    0x5f, 0x31, 0x2f, 0x6c, 0x73, 0x74, 0x6d, 0x5f, 0x63, 0x65, 0x6c, 0x6c,
    0x5f, 0x35, 0x35, 0x2f, 0x73, 0x70, 0x6c, 0x69, 0x74, 0x33, 0x31, 0x00,
    0x02, 0x00, 0x00, 0x00, 0x01, 0x00, 0x00, 0x00, 0x10, 0x00, 0x00, 0x00,
    0x46, 0x53, 0xfe, 0xff, 0x00, 0x00, 0x00, 0x01, 0x18, 0x00, 0x00, 0x00,
    0x20, 0x00, 0x00, 0x00, 0x40, 0x00, 0x00, 0x00, 0x07, 0x02, 0x00, 0x00,
    0x00, 0x00, 0x00, 0x09, 0xd0, 0x00, 0x00, 0x00, 0x02, 0x00, 0x00, 0x00,
    0xff, 0xff, 0xff, 0xff, 0x10, 0x00, 0x00, 0x00, 0x2c, 0x53, 0xfe, 0xff,
    0x08, 0x00, 0x00, 0x00, 0x14, 0x00, 0x00, 0x00, 0x01, 0x00, 0x00, 0x00,
    0xdd, 0xff, 0xff, 0xff, 0xff, 0xff, 0xff, 0xff, 0x00, 0x00, 0x00, 0x00,
    0x01, 0x00, 0x00, 0x00, 0x35, 0x64, 0x88, 0x3c, 0x96, 0x00, 0x00, 0x00,
    0x73, 0x6f, 0x63, 0x5f, 0x6c, 0x73, 0x74, 0x6d, 0x5f, 0x31, 0x2f, 0x6c,
    0x73, 0x74, 0x6d, 0x5f, 0x31, 0x2f, 0x6c, 0x73, 0x74, 0x6d, 0x5f, 0x63,
    0x65, 0x6c, 0x6c, 0x5f, 0x35, 0x35, 0x2f, 0x73, 0x70, 0x6c, 0x69, 0x74,
    0x3b, 0x73, 0x6f, 0x63, 0x5f, 0x6c, 0x73, 0x74, 0x6d, 0x5f, 0x31, 0x2f,
    0x6c, 0x73, 0x74, 0x6d, 0x5f, 0x31, 0x2f, 0x6c, 0x73, 0x74, 0x6d, 0x5f,
    0x63, 0x65, 0x6c, 0x6c, 0x5f, 0x35, 0x35, 0x2f, 0x73, 0x70, 0x6c, 0x69,
    0x74, 0x31, 0x3b, 0x73, 0x6f, 0x63, 0x5f, 0x6c, 0x73, 0x74, 0x6d, 0x5f,
    0x31, 0x2f, 0x6c, 0x73, 0x74, 0x6d, 0x5f, 0x31, 0x2f, 0x6c, 0x73, 0x74,
    0x6d, 0x5f, 0x63, 0x65, 0x6c, 0x6c, 0x5f, 0x35, 0x35, 0x2f, 0x73, 0x70,
    0x6c, 0x69, 0x74, 0x32, 0x3b, 0x73, 0x6f, 0x63, 0x5f, 0x6c, 0x73, 0x74,
    0x6d, 0x5f, 0x31, 0x2f, 0x6c, 0x73, 0x74, 0x6d, 0x5f, 0x31, 0x2f, 0x6c,
    0x73, 0x74, 0x6d, 0x5f, 0x63, 0x65, 0x6c, 0x6c, 0x5f, 0x35, 0x35, 0x2f,
    0x73, 0x70, 0x6c, 0x69, 0x74, 0x33, 0x00, 0x00, 0x02, 0x00, 0x00, 0x00,
    0x01, 0x00, 0x00, 0x00, 0x10, 0x00, 0x00, 0x00, 0x3e, 0x54, 0xfe, 0xff,
    0x00, 0x00, 0x00, 0x01, 0x18, 0x00, 0x00, 0x00, 0x20, 0x00, 0x00, 0x00,
    0x40, 0x00, 0x00, 0x00, 0x06, 0x02, 0x00, 0x00, 0x00, 0x00, 0x00, 0x09,
    0x60, 0x00, 0x00, 0x00, 0x02, 0x00, 0x00, 0x00, 0xff, 0xff, 0xff, 0xff,
    0x40, 0x00, 0x00, 0x00, 0x24, 0x54, 0xfe, 0xff, 0x08, 0x00, 0x00, 0x00,
    0x14, 0x00, 0x00, 0x00, 0x01, 0x00, 0x00, 0x00, 0xdd, 0xff, 0xff, 0xff,
    0xff, 0xff, 0xff, 0xff, 0x00, 0x00, 0x00, 0x00, 0x01, 0x00, 0x00, 0x00,
    0x35, 0x64, 0x88, 0x3c, 0x26, 0x00, 0x00, 0x00, 0x73, 0x6f, 0x63, 0x5f,
    0x6c, 0x73, 0x74, 0x6d, 0x5f, 0x31, 0x2f, 0x6c, 0x73, 0x74, 0x6d, 0x5f,
    0x31, 0x2f, 0x6c, 0x73, 0x74, 0x6d, 0x5f, 0x63, 0x65, 0x6c, 0x6c, 0x5f,
    0x35, 0x35, 0x2f, 0x42, 0x69, 0x61, 0x73, 0x41, 0x64, 0x64, 0x00, 0x00,
    0x02, 0x00, 0x00, 0x00, 0x01, 0x00, 0x00, 0x00, 0x40, 0x00, 0x00, 0x00,
    0xc6, 0x54, 0xfe, 0xff, 0x00, 0x00, 0x00, 0x01, 0x18, 0x00, 0x00, 0x00,
    0x20, 0x00, 0x00, 0x00, 0x3c, 0x00, 0x00, 0x00, 0x05, 0x02, 0x00, 0x00,
    0x00, 0x00, 0x00, 0x09, 0x58, 0x00, 0x00, 0x00, 0x02, 0x00, 0x00, 0x00,
    0xff, 0xff, 0xff, 0xff, 0x40, 0x00, 0x00, 0x00, 0xac, 0x54, 0xfe, 0xff,
    0x08, 0x00, 0x00, 0x00, 0x10, 0x00, 0x00, 0x00, 0x01, 0x00, 0x00, 0x00,
    0xdd, 0xff, 0xff, 0xff, 0xff, 0xff, 0xff, 0xff, 0x01, 0x00, 0x00, 0x00,
    0xd1, 0xa6, 0x88, 0x3c, 0x22, 0x00, 0x00, 0x00, 0x73, 0x6f, 0x63, 0x5f,
    0x6c, 0x73, 0x74, 0x6d, 0x5f, 0x31, 0x2f, 0x6c, 0x73, 0x74, 0x6d, 0x5f,
    0x31, 0x2f, 0x6c, 0x73, 0x74, 0x6d, 0x5f, 0x63, 0x65, 0x6c, 0x6c, 0x5f,
    0x35, 0x35, 0x2f, 0x41, 0x64, 0x64, 0x00, 0x00, 0x02, 0x00, 0x00, 0x00,
    0x01, 0x00, 0x00, 0x00, 0x40, 0x00, 0x00, 0x00, 0x46, 0x55, 0xfe, 0xff,
    0x00, 0x00, 0x00, 0x01, 0x18, 0x00, 0x00, 0x00, 0x20, 0x00, 0x00, 0x00,
    0x40, 0x00, 0x00, 0x00, 0x04, 0x02, 0x00, 0x00, 0x00, 0x00, 0x00, 0x09,
    0x60, 0x00, 0x00, 0x00, 0x02, 0x00, 0x00, 0x00, 0xff, 0xff, 0xff, 0xff,
    0x40, 0x00, 0x00, 0x00, 0x2c, 0x55, 0xfe, 0xff, 0x08, 0x00, 0x00, 0x00,
    0x14, 0x00, 0x00, 0x00, 0x01, 0x00, 0x00, 0x00, 0x00, 0x00, 0x00, 0x00,
    0x00, 0x00, 0x00, 0x00, 0x00, 0x00, 0x00, 0x00, 0x01, 0x00, 0x00, 0x00,
    0x49, 0xfd, 0x3a, 0x3c, 0x27, 0x00, 0x00, 0x00, 0x73, 0x6f, 0x63, 0x5f,
    0x6c, 0x73, 0x74, 0x6d, 0x5f, 0x31, 0x2f, 0x6c, 0x73, 0x74, 0x6d, 0x5f,
    0x31, 0x2f, 0x6c, 0x73, 0x74, 0x6d, 0x5f, 0x63, 0x65, 0x6c, 0x6c, 0x5f,
    0x35, 0x35, 0x2f, 0x4d, 0x61, 0x74, 0x4d, 0x75, 0x6c, 0x5f, 0x31, 0x00,
    0x02, 0x00, 0x00, 0x00, 0x01, 0x00, 0x00, 0x00, 0x40, 0x00, 0x00, 0x00,
    0xce, 0x55, 0xfe, 0xff, 0x00, 0x00, 0x00, 0x01, 0x18, 0x00, 0x00, 0x00,
    0x20, 0x00, 0x00, 0x00, 0x40, 0x00, 0x00, 0x00, 0x03, 0x02, 0x00, 0x00,
    0x00, 0x00, 0x00, 0x09, 0x60, 0x00, 0x00, 0x00, 0x02, 0x00, 0x00, 0x00,
    0xff, 0xff, 0xff, 0xff, 0x10, 0x00, 0x00, 0x00, 0xb4, 0x55, 0xfe, 0xff,
    0x08, 0x00, 0x00, 0x00, 0x14, 0x00, 0x00, 0x00, 0x01, 0x00, 0x00, 0x00,
    0xfa, 0xff, 0xff, 0xff, 0xff, 0xff, 0xff, 0xff, 0x00, 0x00, 0x00, 0x00,
    0x01, 0x00, 0x00, 0x00, 0x27, 0xe0, 0xc1, 0x3b, 0x24, 0x00, 0x00, 0x00,
    0x73, 0x6f, 0x63, 0x5f, 0x6c, 0x73, 0x74, 0x6d, 0x5f, 0x31, 0x2f, 0x6c,
    0x73, 0x74, 0x6d, 0x5f, 0x31, 0x2f, 0x6c, 0x73, 0x74, 0x6d, 0x5f, 0x63,
    0x65, 0x6c, 0x6c, 0x5f, 0x35, 0x33, 0x2f, 0x6d, 0x75, 0x6c, 0x5f, 0x32,
    0x00, 0x00, 0x00, 0x00, 0x02, 0x00, 0x00, 0x00, 0x01, 0x00, 0x00, 0x00,
    0x10, 0x00, 0x00, 0x00, 0x56, 0x56, 0xfe, 0xff, 0x00, 0x00, 0x00, 0x01,
    0x18, 0x00, 0x00, 0x00, 0x20, 0x00, 0x00, 0x00, 0x40, 0x00, 0x00, 0x00,
    0x02, 0x02, 0x00, 0x00, 0x00, 0x00, 0x00, 0x09, 0x60, 0x00, 0x00, 0x00,
    0x02, 0x00, 0x00, 0x00, 0xff, 0xff, 0xff, 0xff, 0x10, 0x00, 0x00, 0x00,
    0x3c, 0x56, 0xfe, 0xff, 0x08, 0x00, 0x00, 0x00, 0x14, 0x00, 0x00, 0x00,
    0x01, 0x00, 0x00, 0x00, 0x00, 0x00, 0x00, 0x00, 0x00, 0x00, 0x00, 0x00,
    0x00, 0x00, 0x00, 0x00, 0x01, 0x00, 0x00, 0x00, 0x00, 0x00, 0x00, 0x3c,
    0x25, 0x00, 0x00, 0x00, 0x73, 0x6f, 0x63, 0x5f, 0x6c, 0x73, 0x74, 0x6d,
    0x5f, 0x31, 0x2f, 0x6c, 0x73, 0x74, 0x6d, 0x5f, 0x31, 0x2f, 0x6c, 0x73,
    0x74, 0x6d, 0x5f, 0x63, 0x65, 0x6c, 0x6c, 0x5f, 0x35, 0x33, 0x2f, 0x54,
    0x61, 0x6e, 0x68, 0x5f, 0x31, 0x00, 0x00, 0x00, 0x02, 0x00, 0x00, 0x00,
    0x01, 0x00, 0x00, 0x00, 0x10, 0x00, 0x00, 0x00, 0xde, 0x56, 0xfe, 0xff,
    0x00, 0x00, 0x00, 0x01, 0x18, 0x00, 0x00, 0x00, 0x20, 0x00, 0x00, 0x00,
    0x40, 0x00, 0x00, 0x00, 0x01, 0x02, 0x00, 0x00, 0x00, 0x00, 0x00, 0x09,
    0x60, 0x00, 0x00, 0x00, 0x02, 0x00, 0x00, 0x00, 0xff, 0xff, 0xff, 0xff,
    0x10, 0x00, 0x00, 0x00, 0xc4, 0x56, 0xfe, 0xff, 0x08, 0x00, 0x00, 0x00,
    0x14, 0x00, 0x00, 0x00, 0x01, 0x00, 0x00, 0x00, 0x06, 0x00, 0x00, 0x00,
    0x00, 0x00, 0x00, 0x00, 0x00, 0x00, 0x00, 0x00, 0x01, 0x00, 0x00, 0x00,
    0xcb, 0x60, 0x8b, 0x3c, 0x24, 0x00, 0x00, 0x00, 0x73, 0x6f, 0x63, 0x5f,
    0x6c, 0x73, 0x74, 0x6d, 0x5f, 0x31, 0x2f, 0x6c, 0x73, 0x74, 0x6d, 0x5f,
    0x31, 0x2f, 0x6c, 0x73, 0x74, 0x6d, 0x5f, 0x63, 0x65, 0x6c, 0x6c, 0x5f,
    0x35, 0x33, 0x2f, 0x61, 0x64, 0x64, 0x5f, 0x31, 0x00, 0x00, 0x00, 0x00,
    0x02, 0x00, 0x00, 0x00, 0x01, 0x00, 0x00, 0x00, 0x10, 0x00, 0x00, 0x00,
    0x66, 0x57, 0xfe, 0xff, 0x00, 0x00, 0x00, 0x01, 0x18, 0x00, 0x00, 0x00,
    0x20, 0x00, 0x00, 0x00, 0x40, 0x00, 0x00, 0x00, 0x00, 0x02, 0x00, 0x00,
    0x00, 0x00, 0x00, 0x09, 0x60, 0x00, 0x00, 0x00, 0x02, 0x00, 0x00, 0x00,
    0xff, 0xff, 0xff, 0xff, 0x10, 0x00, 0x00, 0x00, 0x4c, 0x57, 0xfe, 0xff,
    0x08, 0x00, 0x00, 0x00, 0x14, 0x00, 0x00, 0x00, 0x01, 0x00, 0x00, 0x00,
    0xfd, 0xff, 0xff, 0xff, 0xff, 0xff, 0xff, 0xff, 0x00, 0x00, 0x00, 0x00,
    0x01, 0x00, 0x00, 0x00, 0xe2, 0x28, 0x7c, 0x3b, 0x24, 0x00, 0x00, 0x00,
    0x73, 0x6f, 0x63, 0x5f, 0x6c, 0x73, 0x74, 0x6d, 0x5f, 0x31, 0x2f, 0x6c,
    0x73, 0x74, 0x6d, 0x5f, 0x31, 0x2f, 0x6c, 0x73, 0x74, 0x6d, 0x5f, 0x63,
    0x65, 0x6c, 0x6c, 0x5f, 0x35, 0x33, 0x2f, 0x6d, 0x75, 0x6c, 0x5f, 0x31,
    0x00, 0x00, 0x00, 0x00, 0x02, 0x00, 0x00, 0x00, 0x01, 0x00, 0x00, 0x00,
    0x10, 0x00, 0x00, 0x00, 0xee, 0x57, 0xfe, 0xff, 0x00, 0x00, 0x00, 0x01,
    0x18, 0x00, 0x00, 0x00, 0x20, 0x00, 0x00, 0x00, 0x3c, 0x00, 0x00, 0x00,
    0xff, 0x01, 0x00, 0x00, 0x00, 0x00, 0x00, 0x09, 0x58, 0x00, 0x00, 0x00,
    0x02, 0x00, 0x00, 0x00, 0xff, 0xff, 0xff, 0xff, 0x10, 0x00, 0x00, 0x00,
    0xd4, 0x57, 0xfe, 0xff, 0x08, 0x00, 0x00, 0x00, 0x10, 0x00, 0x00, 0x00,
    0x01, 0x00, 0x00, 0x00, 0x00, 0x00, 0x00, 0x00, 0x00, 0x00, 0x00, 0x00,
    0x01, 0x00, 0x00, 0x00, 0x00, 0x00, 0x00, 0x3c, 0x23, 0x00, 0x00, 0x00,
    0x73, 0x6f, 0x63, 0x5f, 0x6c, 0x73, 0x74, 0x6d, 0x5f, 0x31, 0x2f, 0x6c,
    0x73, 0x74, 0x6d, 0x5f, 0x31, 0x2f, 0x6c, 0x73, 0x74, 0x6d, 0x5f, 0x63,
    0x65, 0x6c, 0x6c, 0x5f, 0x35, 0x33, 0x2f, 0x54, 0x61, 0x6e, 0x68, 0x00,
    0x02, 0x00, 0x00, 0x00, 0x01, 0x00, 0x00, 0x00, 0x10, 0x00, 0x00, 0x00,
    0x6e, 0x58, 0xfe, 0xff, 0x00, 0x00, 0x00, 0x01, 0x18, 0x00, 0x00, 0x00,
    0x20, 0x00, 0x00, 0x00, 0x3c, 0x00, 0x00, 0x00, 0xfe, 0x01, 0x00, 0x00,
    0x00, 0x00, 0x00, 0x09, 0x60, 0x00, 0x00, 0x00, 0x02, 0x00, 0x00, 0x00,
    0xff, 0xff, 0xff, 0xff, 0x10, 0x00, 0x00, 0x00, 0x54, 0x58, 0xfe, 0xff,
    0x08, 0x00, 0x00, 0x00, 0x10, 0x00, 0x00, 0x00, 0x01, 0x00, 0x00, 0x00,
    0x80, 0xff, 0xff, 0xff, 0xff, 0xff, 0xff, 0xff, 0x01, 0x00, 0x00, 0x00,
    0x00, 0x00, 0x80, 0x3b, 0x28, 0x00, 0x00, 0x00, 0x73, 0x6f, 0x63, 0x5f,
    0x6c, 0x73, 0x74, 0x6d, 0x5f, 0x31, 0x2f, 0x6c, 0x73, 0x74, 0x6d, 0x5f,
    0x31, 0x2f, 0x6c, 0x73, 0x74, 0x6d, 0x5f, 0x63, 0x65, 0x6c, 0x6c, 0x5f,
    0x35, 0x33, 0x2f, 0x53, 0x69, 0x67, 0x6d, 0x6f, 0x69, 0x64, 0x5f, 0x32,
    0x00, 0x00, 0x00, 0x00, 0x02, 0x00, 0x00, 0x00, 0x01, 0x00, 0x00, 0x00,
    0x10, 0x00, 0x00, 0x00, 0xf6, 0x58, 0xfe, 0xff, 0x00, 0x00, 0x00, 0x01,
    0x18, 0x00, 0x00, 0x00, 0x20, 0x00, 0x00, 0x00, 0x3c, 0x00, 0x00, 0x00,
    0xfd, 0x01, 0x00, 0x00, 0x00, 0x00, 0x00, 0x09, 0x58, 0x00, 0x00, 0x00,
    0x02, 0x00, 0x00, 0x00, 0xff, 0xff, 0xff, 0xff, 0x10, 0x00, 0x00, 0x00,
    0xdc, 0x58, 0xfe, 0xff, 0x08, 0x00, 0x00, 0x00, 0x10, 0x00, 0x00, 0x00,
    0x01, 0x00, 0x00, 0x00, 0x06, 0x00, 0x00, 0x00, 0x00, 0x00, 0x00, 0x00,
    0x01, 0x00, 0x00, 0x00, 0xcb, 0x60, 0x8b, 0x3c, 0x22, 0x00, 0x00, 0x00,
    0x73, 0x6f, 0x63, 0x5f, 0x6c, 0x73, 0x74, 0x6d, 0x5f, 0x31, 0x2f, 0x6c,
    0x73, 0x74, 0x6d, 0x5f, 0x31, 0x2f, 0x6c, 0x73, 0x74, 0x6d, 0x5f, 0x63,
    0x65, 0x6c, 0x6c, 0x5f, 0x35, 0x33, 0x2f, 0x6d, 0x75, 0x6c, 0x00, 0x00,
    0x02, 0x00, 0x00, 0x00, 0x01, 0x00, 0x00, 0x00, 0x10, 0x00, 0x00, 0x00,
    0x76, 0x59, 0xfe, 0xff, 0x00, 0x00, 0x00, 0x01, 0x18, 0x00, 0x00, 0x00,
    0x20, 0x00, 0x00, 0x00, 0x3c, 0x00, 0x00, 0x00, 0xfc, 0x01, 0x00, 0x00,
    0x00, 0x00, 0x00, 0x09, 0x60, 0x00, 0x00, 0x00, 0x02, 0x00, 0x00, 0x00,
    0xff, 0xff, 0xff, 0xff, 0x10, 0x00, 0x00, 0x00, 0x5c, 0x59, 0xfe, 0xff,
    0x08, 0x00, 0x00, 0x00, 0x10, 0x00, 0x00, 0x00, 0x01, 0x00, 0x00, 0x00,
    0x80, 0xff, 0xff, 0xff, 0xff, 0xff, 0xff, 0xff, 0x01, 0x00, 0x00, 0x00,
    0x00, 0x00, 0x80, 0x3b, 0x28, 0x00, 0x00, 0x00, 0x73, 0x6f, 0x63, 0x5f,
    0x6c, 0x73, 0x74, 0x6d, 0x5f, 0x31, 0x2f, 0x6c, 0x73, 0x74, 0x6d, 0x5f,
    0x31, 0x2f, 0x6c, 0x73, 0x74, 0x6d, 0x5f, 0x63, 0x65, 0x6c, 0x6c, 0x5f,
    0x35, 0x33, 0x2f, 0x53, 0x69, 0x67, 0x6d, 0x6f, 0x69, 0x64, 0x5f, 0x31,
    0x00, 0x00, 0x00, 0x00, 0x02, 0x00, 0x00, 0x00, 0x01, 0x00, 0x00, 0x00,
    0x10, 0x00, 0x00, 0x00, 0xfe, 0x59, 0xfe, 0xff, 0x00, 0x00, 0x00, 0x01,
    0x18, 0x00, 0x00, 0x00, 0x20, 0x00, 0x00, 0x00, 0x40, 0x00, 0x00, 0x00,
    0xfb, 0x01, 0x00, 0x00, 0x00, 0x00, 0x00, 0x09, 0x60, 0x00, 0x00, 0x00,
    0x02, 0x00, 0x00, 0x00, 0xff, 0xff, 0xff, 0xff, 0x10, 0x00, 0x00, 0x00,
    0xe4, 0x59, 0xfe, 0xff, 0x08, 0x00, 0x00, 0x00, 0x14, 0x00, 0x00, 0x00,
    0x01, 0x00, 0x00, 0x00, 0x80, 0xff, 0xff, 0xff, 0xff, 0xff, 0xff, 0xff,
    0x00, 0x00, 0x00, 0x00, 0x01, 0x00, 0x00, 0x00, 0x00, 0x00, 0x80, 0x3b,
    0x26, 0x00, 0x00, 0x00, 0x73, 0x6f, 0x63, 0x5f, 0x6c, 0x73, 0x74, 0x6d,
    0x5f, 0x31, 0x2f, 0x6c, 0x73, 0x74, 0x6d, 0x5f, 0x31, 0x2f, 0x6c, 0x73,
    0x74, 0x6d, 0x5f, 0x63, 0x65, 0x6c, 0x6c, 0x5f, 0x35, 0x33, 0x2f, 0x53,
    0x69, 0x67, 0x6d, 0x6f, 0x69, 0x64, 0x00, 0x00, 0x02, 0x00, 0x00, 0x00,
    0x01, 0x00, 0x00, 0x00, 0x10, 0x00, 0x00, 0x00, 0x86, 0x5a, 0xfe, 0xff,
    0x00, 0x00, 0x00, 0x01, 0x18, 0x00, 0x00, 0x00, 0x20, 0x00, 0x00, 0x00,
    0x40, 0x00, 0x00, 0x00, 0xfa, 0x01, 0x00, 0x00, 0x00, 0x00, 0x00, 0x09,
    0xd0, 0x00, 0x00, 0x00, 0x02, 0x00, 0x00, 0x00, 0xff, 0xff, 0xff, 0xff,
    0x10, 0x00, 0x00, 0x00, 0x6c, 0x5a, 0xfe, 0xff, 0x08, 0x00, 0x00, 0x00,
    0x14, 0x00, 0x00, 0x00, 0x01, 0x00, 0x00, 0x00, 0xd8, 0xff, 0xff, 0xff,
    0xff, 0xff, 0xff, 0xff, 0x00, 0x00, 0x00, 0x00, 0x01, 0x00, 0x00, 0x00,
    0x04, 0x27, 0x80, 0x3c, 0x97, 0x00, 0x00, 0x00, 0x73, 0x6f, 0x63, 0x5f,
    0x6c, 0x73, 0x74, 0x6d, 0x5f, 0x31, 0x2f, 0x6c, 0x73, 0x74, 0x6d, 0x5f,
    0x31, 0x2f, 0x6c, 0x73, 0x74, 0x6d, 0x5f, 0x63, 0x65, 0x6c, 0x6c, 0x5f,
    0x35, 0x33, 0x2f, 0x73, 0x70, 0x6c, 0x69, 0x74, 0x3b, 0x73, 0x6f, 0x63,
    0x5f, 0x6c, 0x73, 0x74, 0x6d, 0x5f, 0x31, 0x2f, 0x6c, 0x73, 0x74, 0x6d,
    0x5f, 0x31, 0x2f, 0x6c, 0x73, 0x74, 0x6d, 0x5f, 0x63, 0x65, 0x6c, 0x6c,
    0x5f, 0x35, 0x33, 0x2f, 0x73, 0x70, 0x6c, 0x69, 0x74, 0x31, 0x3b, 0x73,
    0x6f, 0x63, 0x5f, 0x6c, 0x73, 0x74, 0x6d, 0x5f, 0x31, 0x2f, 0x6c, 0x73,
    0x74, 0x6d, 0x5f, 0x31, 0x2f, 0x6c, 0x73, 0x74, 0x6d, 0x5f, 0x63, 0x65,
    0x6c, 0x6c, 0x5f, 0x35, 0x33, 0x2f, 0x73, 0x70, 0x6c, 0x69, 0x74, 0x32,
    0x3b, 0x73, 0x6f, 0x63, 0x5f, 0x6c, 0x73, 0x74, 0x6d, 0x5f, 0x31, 0x2f,
    0x6c, 0x73, 0x74, 0x6d, 0x5f, 0x31, 0x2f, 0x6c, 0x73, 0x74, 0x6d, 0x5f,
    0x63, 0x65, 0x6c, 0x6c, 0x5f, 0x35, 0x33, 0x2f, 0x73, 0x70, 0x6c, 0x69,
    0x74, 0x33, 0x33, 0x00, 0x02, 0x00, 0x00, 0x00, 0x01, 0x00, 0x00, 0x00,
    0x10, 0x00, 0x00, 0x00, 0x7e, 0x5b, 0xfe, 0xff, 0x00, 0x00, 0x00, 0x01,
    0x18, 0x00, 0x00, 0x00, 0x20, 0x00, 0x00, 0x00, 0x40, 0x00, 0x00, 0x00,
    0xf9, 0x01, 0x00, 0x00, 0x00, 0x00, 0x00, 0x09, 0xd0, 0x00, 0x00, 0x00,
    0x02, 0x00, 0x00, 0x00, 0xff, 0xff, 0xff, 0xff, 0x10, 0x00, 0x00, 0x00,
    0x64, 0x5b, 0xfe, 0xff, 0x08, 0x00, 0x00, 0x00, 0x14, 0x00, 0x00, 0x00,
    0x01, 0x00, 0x00, 0x00, 0xd8, 0xff, 0xff, 0xff, 0xff, 0xff, 0xff, 0xff,
    0x00, 0x00, 0x00, 0x00, 0x01, 0x00, 0x00, 0x00, 0x04, 0x27, 0x80, 0x3c,
    0x97, 0x00, 0x00, 0x00, 0x73, 0x6f, 0x63, 0x5f, 0x6c, 0x73, 0x74, 0x6d,
    0x5f, 0x31, 0x2f, 0x6c, 0x73, 0x74, 0x6d, 0x5f, 0x31, 0x2f, 0x6c, 0x73,
    0x74, 0x6d, 0x5f, 0x63, 0x65, 0x6c, 0x6c, 0x5f, 0x35, 0x33, 0x2f, 0x73,
    0x70, 0x6c, 0x69, 0x74, 0x3b, 0x73, 0x6f, 0x63, 0x5f, 0x6c, 0x73, 0x74,
    0x6d, 0x5f, 0x31, 0x2f, 0x6c, 0x73, 0x74, 0x6d, 0x5f, 0x31, 0x2f, 0x6c,
    0x73, 0x74, 0x6d, 0x5f, 0x63, 0x65, 0x6c, 0x6c, 0x5f, 0x35, 0x33, 0x2f,
    0x73, 0x70, 0x6c, 0x69, 0x74, 0x31, 0x3b, 0x73, 0x6f, 0x63, 0x5f, 0x6c,
    0x73, 0x74, 0x6d, 0x5f, 0x31, 0x2f, 0x6c, 0x73, 0x74, 0x6d, 0x5f, 0x31,
    0x2f, 0x6c, 0x73, 0x74, 0x6d, 0x5f, 0x63, 0x65, 0x6c, 0x6c, 0x5f, 0x35,
    0x33, 0x2f, 0x73, 0x70, 0x6c, 0x69, 0x74, 0x32, 0x3b, 0x73, 0x6f, 0x63,
    0x5f, 0x6c, 0x73, 0x74, 0x6d, 0x5f, 0x31, 0x2f, 0x6c, 0x73, 0x74, 0x6d,
    0x5f, 0x31, 0x2f, 0x6c, 0x73, 0x74, 0x6d, 0x5f, 0x63, 0x65, 0x6c, 0x6c,
    0x5f, 0x35, 0x33, 0x2f, 0x73, 0x70, 0x6c, 0x69, 0x74, 0x33, 0x32, 0x00,
    0x02, 0x00, 0x00, 0x00, 0x01, 0x00, 0x00, 0x00, 0x10, 0x00, 0x00, 0x00,
    0x76, 0x5c, 0xfe, 0xff, 0x00, 0x00, 0x00, 0x01, 0x18, 0x00, 0x00, 0x00,
    0x20, 0x00, 0x00, 0x00, 0x40, 0x00, 0x00, 0x00, 0xf8, 0x01, 0x00, 0x00,
    0x00, 0x00, 0x00, 0x09, 0xd0, 0x00, 0x00, 0x00, 0x02, 0x00, 0x00, 0x00,
    0xff, 0xff, 0xff, 0xff, 0x10, 0x00, 0x00, 0x00, 0x5c, 0x5c, 0xfe, 0xff,
    0x08, 0x00, 0x00, 0x00, 0x14, 0x00, 0x00, 0x00, 0x01, 0x00, 0x00, 0x00,
    0xd8, 0xff, 0xff, 0xff, 0xff, 0xff, 0xff, 0xff, 0x00, 0x00, 0x00, 0x00,
    0x01, 0x00, 0x00, 0x00, 0x04, 0x27, 0x80, 0x3c, 0x97, 0x00, 0x00, 0x00,
    0x73, 0x6f, 0x63, 0x5f, 0x6c, 0x73, 0x74, 0x6d, 0x5f, 0x31, 0x2f, 0x6c,
    0x73, 0x74, 0x6d, 0x5f, 0x31, 0x2f, 0x6c, 0x73, 0x74, 0x6d, 0x5f, 0x63,
    0x65, 0x6c, 0x6c, 0x5f, 0x35, 0x33, 0x2f, 0x73, 0x70, 0x6c, 0x69, 0x74,
    0x3b, 0x73, 0x6f, 0x63, 0x5f, 0x6c, 0x73, 0x74, 0x6d, 0x5f, 0x31, 0x2f,
    0x6c, 0x73, 0x74, 0x6d, 0x5f, 0x31, 0x2f, 0x6c, 0x73, 0x74, 0x6d, 0x5f,
    0x63, 0x65, 0x6c, 0x6c, 0x5f, 0x35, 0x33, 0x2f, 0x73, 0x70, 0x6c, 0x69,
    0x74, 0x31, 0x3b, 0x73, 0x6f, 0x63, 0x5f, 0x6c, 0x73, 0x74, 0x6d, 0x5f,
    0x31, 0x2f, 0x6c, 0x73, 0x74, 0x6d, 0x5f, 0x31, 0x2f, 0x6c, 0x73, 0x74,
    0x6d, 0x5f, 0x63, 0x65, 0x6c, 0x6c, 0x5f, 0x35, 0x33, 0x2f, 0x73, 0x70,
    0x6c, 0x69, 0x74, 0x32, 0x3b, 0x73, 0x6f, 0x63, 0x5f, 0x6c, 0x73, 0x74,
    0x6d, 0x5f, 0x31, 0x2f, 0x6c, 0x73, 0x74, 0x6d, 0x5f, 0x31, 0x2f, 0x6c,
    0x73, 0x74, 0x6d, 0x5f, 0x63, 0x65, 0x6c, 0x6c, 0x5f, 0x35, 0x33, 0x2f,
    0x73, 0x70, 0x6c, 0x69, 0x74, 0x33, 0x31, 0x00, 0x02, 0x00, 0x00, 0x00,
    0x01, 0x00, 0x00, 0x00, 0x10, 0x00, 0x00, 0x00, 0x6e, 0x5d, 0xfe, 0xff,
    0x00, 0x00, 0x00, 0x01, 0x18, 0x00, 0x00, 0x00, 0x20, 0x00, 0x00, 0x00,
    0x40, 0x00, 0x00, 0x00, 0xf7, 0x01, 0x00, 0x00, 0x00, 0x00, 0x00, 0x09,
    0xd0, 0x00, 0x00, 0x00, 0x02, 0x00, 0x00, 0x00, 0xff, 0xff, 0xff, 0xff,
    0x10, 0x00, 0x00, 0x00, 0x54, 0x5d, 0xfe, 0xff, 0x08, 0x00, 0x00, 0x00,
    0x14, 0x00, 0x00, 0x00, 0x01, 0x00, 0x00, 0x00, 0xd8, 0xff, 0xff, 0xff,
    0xff, 0xff, 0xff, 0xff, 0x00, 0x00, 0x00, 0x00, 0x01, 0x00, 0x00, 0x00,
    0x04, 0x27, 0x80, 0x3c, 0x96, 0x00, 0x00, 0x00, 0x73, 0x6f, 0x63, 0x5f,
    0x6c, 0x73, 0x74, 0x6d, 0x5f, 0x31, 0x2f, 0x6c, 0x73, 0x74, 0x6d, 0x5f,
    0x31, 0x2f, 0x6c, 0x73, 0x74, 0x6d, 0x5f, 0x63, 0x65, 0x6c, 0x6c, 0x5f,
    0x35, 0x33, 0x2f, 0x73, 0x70, 0x6c, 0x69, 0x74, 0x3b, 0x73, 0x6f, 0x63,
    0x5f, 0x6c, 0x73, 0x74, 0x6d, 0x5f, 0x31, 0x2f, 0x6c, 0x73, 0x74, 0x6d,
    0x5f, 0x31, 0x2f, 0x6c, 0x73, 0x74, 0x6d, 0x5f, 0x63, 0x65, 0x6c, 0x6c,
    0x5f, 0x35, 0x33, 0x2f, 0x73, 0x70, 0x6c, 0x69, 0x74, 0x31, 0x3b, 0x73,
    0x6f, 0x63, 0x5f, 0x6c, 0x73, 0x74, 0x6d, 0x5f, 0x31, 0x2f, 0x6c, 0x73,
    0x74, 0x6d, 0x5f, 0x31, 0x2f, 0x6c, 0x73, 0x74, 0x6d, 0x5f, 0x63, 0x65,
    0x6c, 0x6c, 0x5f, 0x35, 0x33, 0x2f, 0x73, 0x70, 0x6c, 0x69, 0x74, 0x32,
    0x3b, 0x73, 0x6f, 0x63, 0x5f, 0x6c, 0x73, 0x74, 0x6d, 0x5f, 0x31, 0x2f,
    0x6c, 0x73, 0x74, 0x6d, 0x5f, 0x31, 0x2f, 0x6c, 0x73, 0x74, 0x6d, 0x5f,
    0x63, 0x65, 0x6c, 0x6c, 0x5f, 0x35, 0x33, 0x2f, 0x73, 0x70, 0x6c, 0x69,
    0x74, 0x33, 0x00, 0x00, 0x02, 0x00, 0x00, 0x00, 0x01, 0x00, 0x00, 0x00,
    0x10, 0x00, 0x00, 0x00, 0x66, 0x5e, 0xfe, 0xff, 0x00, 0x00, 0x00, 0x01,
    0x18, 0x00, 0x00, 0x00, 0x20, 0x00, 0x00, 0x00, 0x40, 0x00, 0x00, 0x00,
    0xf6, 0x01, 0x00, 0x00, 0x00, 0x00, 0x00, 0x09, 0x60, 0x00, 0x00, 0x00,
    0x02, 0x00, 0x00, 0x00, 0xff, 0xff, 0xff, 0xff, 0x40, 0x00, 0x00, 0x00,
    0x4c, 0x5e, 0xfe, 0xff, 0x08, 0x00, 0x00, 0x00, 0x14, 0x00, 0x00, 0x00,
    0x01, 0x00, 0x00, 0x00, 0xd8, 0xff, 0xff, 0xff, 0xff, 0xff, 0xff, 0xff,
    0x00, 0x00, 0x00, 0x00, 0x01, 0x00, 0x00, 0x00, 0x04, 0x27, 0x80, 0x3c,
    0x26, 0x00, 0x00, 0x00, 0x73, 0x6f, 0x63, 0x5f, 0x6c, 0x73, 0x74, 0x6d,
    0x5f, 0x31, 0x2f, 0x6c, 0x73, 0x74, 0x6d, 0x5f, 0x31, 0x2f, 0x6c, 0x73,
    0x74, 0x6d, 0x5f, 0x63, 0x65, 0x6c, 0x6c, 0x5f, 0x35, 0x33, 0x2f, 0x42,
    0x69, 0x61, 0x73, 0x41, 0x64, 0x64, 0x00, 0x00, 0x02, 0x00, 0x00, 0x00,
    0x01, 0x00, 0x00, 0x00, 0x40, 0x00, 0x00, 0x00, 0xee, 0x5e, 0xfe, 0xff,
    0x00, 0x00, 0x00, 0x01, 0x18, 0x00, 0x00, 0x00, 0x20, 0x00, 0x00, 0x00,
    0x3c, 0x00, 0x00, 0x00, 0xf5, 0x01, 0x00, 0x00, 0x00, 0x00, 0x00, 0x09,
    0x58, 0x00, 0x00, 0x00, 0x02, 0x00, 0x00, 0x00, 0xff, 0xff, 0xff, 0xff,
    0x40, 0x00, 0x00, 0x00, 0xd4, 0x5e, 0xfe, 0xff, 0x08, 0x00, 0x00, 0x00,
    0x10, 0x00, 0x00, 0x00, 0x01, 0x00, 0x00, 0x00, 0xd8, 0xff, 0xff, 0xff,
    0xff, 0xff, 0xff, 0xff, 0x01, 0x00, 0x00, 0x00, 0xa0, 0x69, 0x80, 0x3c,
    0x22, 0x00, 0x00, 0x00, 0x73, 0x6f, 0x63, 0x5f, 0x6c, 0x73, 0x74, 0x6d,
    0x5f, 0x31, 0x2f, 0x6c, 0x73, 0x74, 0x6d, 0x5f, 0x31, 0x2f, 0x6c, 0x73,
    0x74, 0x6d, 0x5f, 0x63, 0x65, 0x6c, 0x6c, 0x5f, 0x35, 0x33, 0x2f, 0x41,
    0x64, 0x64, 0x00, 0x00, 0x02, 0x00, 0x00, 0x00, 0x01, 0x00, 0x00, 0x00,
    0x40, 0x00, 0x00, 0x00, 0x6e, 0x5f, 0xfe, 0xff, 0x00, 0x00, 0x00, 0x01,
    0x18, 0x00, 0x00, 0x00, 0x20, 0x00, 0x00, 0x00, 0x40, 0x00, 0x00, 0x00,
    0xf4, 0x01, 0x00, 0x00, 0x00, 0x00, 0x00, 0x09, 0x60, 0x00, 0x00, 0x00,
    0x02, 0x00, 0x00, 0x00, 0xff, 0xff, 0xff, 0xff, 0x40, 0x00, 0x00, 0x00,
    0x54, 0x5f, 0xfe, 0xff, 0x08, 0x00, 0x00, 0x00, 0x14, 0x00, 0x00, 0x00,
    0x01, 0x00, 0x00, 0x00, 0x00, 0x00, 0x00, 0x00, 0x00, 0x00, 0x00, 0x00,
    0x00, 0x00, 0x00, 0x00, 0x01, 0x00, 0x00, 0x00, 0x02, 0x24, 0x32, 0x3c,
    0x27, 0x00, 0x00, 0x00, 0x73, 0x6f, 0x63, 0x5f, 0x6c, 0x73, 0x74, 0x6d,
    0x5f, 0x31, 0x2f, 0x6c, 0x73, 0x74, 0x6d, 0x5f, 0x31, 0x2f, 0x6c, 0x73,
    0x74, 0x6d, 0x5f, 0x63, 0x65, 0x6c, 0x6c, 0x5f, 0x35, 0x33, 0x2f, 0x4d,
    0x61, 0x74, 0x4d, 0x75, 0x6c, 0x5f, 0x31, 0x00, 0x02, 0x00, 0x00, 0x00,
    0x01, 0x00, 0x00, 0x00, 0x40, 0x00, 0x00, 0x00, 0xf6, 0x5f, 0xfe, 0xff,
    0x00, 0x00, 0x00, 0x01, 0x18, 0x00, 0x00, 0x00, 0x20, 0x00, 0x00, 0x00,
    0x40, 0x00, 0x00, 0x00, 0xf3, 0x01, 0x00, 0x00, 0x00, 0x00, 0x00, 0x09,
    0x60, 0x00, 0x00, 0x00, 0x02, 0x00, 0x00, 0x00, 0xff, 0xff, 0xff, 0xff,
    0x10, 0x00, 0x00, 0x00, 0xdc, 0x5f, 0xfe, 0xff, 0x08, 0x00, 0x00, 0x00,
    0x14, 0x00, 0x00, 0x00, 0x01, 0x00, 0x00, 0x00, 0xfc, 0xff, 0xff, 0xff,
    0xff, 0xff, 0xff, 0xff, 0x00, 0x00, 0x00, 0x00, 0x01, 0x00, 0x00, 0x00,
    0x20, 0x05, 0xbc, 0x3b, 0x24, 0x00, 0x00, 0x00, 0x73, 0x6f, 0x63, 0x5f,
    0x6c, 0x73, 0x74, 0x6d, 0x5f, 0x31, 0x2f, 0x6c, 0x73, 0x74, 0x6d, 0x5f,
    0x31, 0x2f, 0x6c, 0x73, 0x74, 0x6d, 0x5f, 0x63, 0x65, 0x6c, 0x6c, 0x5f,
    0x35, 0x31, 0x2f, 0x6d, 0x75, 0x6c, 0x5f, 0x32, 0x00, 0x00, 0x00, 0x00,
    0x02, 0x00, 0x00, 0x00, 0x01, 0x00, 0x00, 0x00, 0x10, 0x00, 0x00, 0x00,
    0x7e, 0x60, 0xfe, 0xff, 0x00, 0x00, 0x00, 0x01, 0x18, 0x00, 0x00, 0x00,
    0x20, 0x00, 0x00, 0x00, 0x40, 0x00, 0x00, 0x00, 0xf2, 0x01, 0x00, 0x00,
    0x00, 0x00, 0x00, 0x09, 0x60, 0x00, 0x00, 0x00, 0x02, 0x00, 0x00, 0x00,
    0xff, 0xff, 0xff, 0xff, 0x10, 0x00, 0x00, 0x00, 0x64, 0x60, 0xfe, 0xff,
    0x08, 0x00, 0x00, 0x00, 0x14, 0x00, 0x00, 0x00, 0x01, 0x00, 0x00, 0x00,
    0x00, 0x00, 0x00, 0x00, 0x00, 0x00, 0x00, 0x00, 0x00, 0x00, 0x00, 0x00,
    0x01, 0x00, 0x00, 0x00, 0x00, 0x00, 0x00, 0x3c, 0x25, 0x00, 0x00, 0x00,
    0x73, 0x6f, 0x63, 0x5f, 0x6c, 0x73, 0x74, 0x6d, 0x5f, 0x31, 0x2f, 0x6c,
    0x73, 0x74, 0x6d, 0x5f, 0x31, 0x2f, 0x6c, 0x73, 0x74, 0x6d, 0x5f, 0x63,
    0x65, 0x6c, 0x6c, 0x5f, 0x35, 0x31, 0x2f, 0x54, 0x61, 0x6e, 0x68, 0x5f,
    0x31, 0x00, 0x00, 0x00, 0x02, 0x00, 0x00, 0x00, 0x01, 0x00, 0x00, 0x00,
    0x10, 0x00, 0x00, 0x00, 0x06, 0x61, 0xfe, 0xff, 0x00, 0x00, 0x00, 0x01,
    0x18, 0x00, 0x00, 0x00, 0x20, 0x00, 0x00, 0x00, 0x40, 0x00, 0x00, 0x00,
    0xf1, 0x01, 0x00, 0x00, 0x00, 0x00, 0x00, 0x09, 0x60, 0x00, 0x00, 0x00,
    0x02, 0x00, 0x00, 0x00, 0xff, 0xff, 0xff, 0xff, 0x10, 0x00, 0x00, 0x00,
    0xec, 0x60, 0xfe, 0xff, 0x08, 0x00, 0x00, 0x00, 0x14, 0x00, 0x00, 0x00,
    0x01, 0x00, 0x00, 0x00, 0x06, 0x00, 0x00, 0x00, 0x00, 0x00, 0x00, 0x00,
    0x00, 0x00, 0x00, 0x00, 0x01, 0x00, 0x00, 0x00, 0x16, 0x8d, 0x81, 0x3c,
    0x24, 0x00, 0x00, 0x00, 0x73, 0x6f, 0x63, 0x5f, 0x6c, 0x73, 0x74, 0x6d,
    0x5f, 0x31, 0x2f, 0x6c, 0x73, 0x74, 0x6d, 0x5f, 0x31, 0x2f, 0x6c, 0x73,
    0x74, 0x6d, 0x5f, 0x63, 0x65, 0x6c, 0x6c, 0x5f, 0x35, 0x31, 0x2f, 0x61,
    0x64, 0x64, 0x5f, 0x31, 0x00, 0x00, 0x00, 0x00, 0x02, 0x00, 0x00, 0x00,
    0x01, 0x00, 0x00, 0x00, 0x10, 0x00, 0x00, 0x00, 0x8e, 0x61, 0xfe, 0xff,
    0x00, 0x00, 0x00, 0x01, 0x18, 0x00, 0x00, 0x00, 0x20, 0x00, 0x00, 0x00,
    0x40, 0x00, 0x00, 0x00, 0xf0, 0x01, 0x00, 0x00, 0x00, 0x00, 0x00, 0x09,
    0x60, 0x00, 0x00, 0x00, 0x02, 0x00, 0x00, 0x00, 0xff, 0xff, 0xff, 0xff,
    0x10, 0x00, 0x00, 0x00, 0x74, 0x61, 0xfe, 0xff, 0x08, 0x00, 0x00, 0x00,
    0x14, 0x00, 0x00, 0x00, 0x01, 0x00, 0x00, 0x00, 0xfe, 0xff, 0xff, 0xff,
    0xff, 0xff, 0xff, 0xff, 0x00, 0x00, 0x00, 0x00, 0x01, 0x00, 0x00, 0x00,
    0xe9, 0xcc, 0x73, 0x3b, 0x24, 0x00, 0x00, 0x00, 0x73, 0x6f, 0x63, 0x5f,
    0x6c, 0x73, 0x74, 0x6d, 0x5f, 0x31, 0x2f, 0x6c, 0x73, 0x74, 0x6d, 0x5f,
    0x31, 0x2f, 0x6c, 0x73, 0x74, 0x6d, 0x5f, 0x63, 0x65, 0x6c, 0x6c, 0x5f,
    0x35, 0x31, 0x2f, 0x6d, 0x75, 0x6c, 0x5f, 0x31, 0x00, 0x00, 0x00, 0x00,
    0x02, 0x00, 0x00, 0x00, 0x01, 0x00, 0x00, 0x00, 0x10, 0x00, 0x00, 0x00,
    0x16, 0x62, 0xfe, 0xff, 0x00, 0x00, 0x00, 0x01, 0x18, 0x00, 0x00, 0x00,
    0x20, 0x00, 0x00, 0x00, 0x3c, 0x00, 0x00, 0x00, 0xef, 0x01, 0x00, 0x00,
    0x00, 0x00, 0x00, 0x09, 0x58, 0x00, 0x00, 0x00, 0x02, 0x00, 0x00, 0x00,
    0xff, 0xff, 0xff, 0xff, 0x10, 0x00, 0x00, 0x00, 0xfc, 0x61, 0xfe, 0xff,
    0x08, 0x00, 0x00, 0x00, 0x10, 0x00, 0x00, 0x00, 0x01, 0x00, 0x00, 0x00,
    0x00, 0x00, 0x00, 0x00, 0x00, 0x00, 0x00, 0x00, 0x01, 0x00, 0x00, 0x00,
    0x00, 0x00, 0x00, 0x3c, 0x23, 0x00, 0x00, 0x00, 0x73, 0x6f, 0x63, 0x5f,
    0x6c, 0x73, 0x74, 0x6d, 0x5f, 0x31, 0x2f, 0x6c, 0x73, 0x74, 0x6d, 0x5f,
    0x31, 0x2f, 0x6c, 0x73, 0x74, 0x6d, 0x5f, 0x63, 0x65, 0x6c, 0x6c, 0x5f,
    0x35, 0x31, 0x2f, 0x54, 0x61, 0x6e, 0x68, 0x00, 0x02, 0x00, 0x00, 0x00,
    0x01, 0x00, 0x00, 0x00, 0x10, 0x00, 0x00, 0x00, 0x96, 0x62, 0xfe, 0xff,
    0x00, 0x00, 0x00, 0x01, 0x18, 0x00, 0x00, 0x00, 0x20, 0x00, 0x00, 0x00,
    0x3c, 0x00, 0x00, 0x00, 0xee, 0x01, 0x00, 0x00, 0x00, 0x00, 0x00, 0x09,
    0x60, 0x00, 0x00, 0x00, 0x02, 0x00, 0x00, 0x00, 0xff, 0xff, 0xff, 0xff,
    0x10, 0x00, 0x00, 0x00, 0x7c, 0x62, 0xfe, 0xff, 0x08, 0x00, 0x00, 0x00,
    0x10, 0x00, 0x00, 0x00, 0x01, 0x00, 0x00, 0x00, 0x80, 0xff, 0xff, 0xff,
    0xff, 0xff, 0xff, 0xff, 0x01, 0x00, 0x00, 0x00, 0x00, 0x00, 0x80, 0x3b,
    0x28, 0x00, 0x00, 0x00, 0x73, 0x6f, 0x63, 0x5f, 0x6c, 0x73, 0x74, 0x6d,
    0x5f, 0x31, 0x2f, 0x6c, 0x73, 0x74, 0x6d, 0x5f, 0x31, 0x2f, 0x6c, 0x73,
    0x74, 0x6d, 0x5f, 0x63, 0x65, 0x6c, 0x6c, 0x5f, 0x35, 0x31, 0x2f, 0x53,
    0x69, 0x67, 0x6d, 0x6f, 0x69, 0x64, 0x5f, 0x32, 0x00, 0x00, 0x00, 0x00,
    0x02, 0x00, 0x00, 0x00, 0x01, 0x00, 0x00, 0x00, 0x10, 0x00, 0x00, 0x00,
    0x1e, 0x63, 0xfe, 0xff, 0x00, 0x00, 0x00, 0x01, 0x18, 0x00, 0x00, 0x00,
    0x20, 0x00, 0x00, 0x00, 0x3c, 0x00, 0x00, 0x00, 0xed, 0x01, 0x00, 0x00,
    0x00, 0x00, 0x00, 0x09, 0x58, 0x00, 0x00, 0x00, 0x02, 0x00, 0x00, 0x00,
    0xff, 0xff, 0xff, 0xff, 0x10, 0x00, 0x00, 0x00, 0x04, 0x63, 0xfe, 0xff,
    0x08, 0x00, 0x00, 0x00, 0x10, 0x00, 0x00, 0x00, 0x01, 0x00, 0x00, 0x00,
    0x06, 0x00, 0x00, 0x00, 0x00, 0x00, 0x00, 0x00, 0x01, 0x00, 0x00, 0x00,
    0x16, 0x8d, 0x81, 0x3c, 0x22, 0x00, 0x00, 0x00, 0x73, 0x6f, 0x63, 0x5f,
    0x6c, 0x73, 0x74, 0x6d, 0x5f, 0x31, 0x2f, 0x6c, 0x73, 0x74, 0x6d, 0x5f,
    0x31, 0x2f, 0x6c, 0x73, 0x74, 0x6d, 0x5f, 0x63, 0x65, 0x6c, 0x6c, 0x5f,
    0x35, 0x31, 0x2f, 0x6d, 0x75, 0x6c, 0x00, 0x00, 0x02, 0x00, 0x00, 0x00,
    0x01, 0x00, 0x00, 0x00, 0x10, 0x00, 0x00, 0x00, 0x9e, 0x63, 0xfe, 0xff,
    0x00, 0x00, 0x00, 0x01, 0x18, 0x00, 0x00, 0x00, 0x20, 0x00, 0x00, 0x00,
    0x3c, 0x00, 0x00, 0x00, 0xec, 0x01, 0x00, 0x00, 0x00, 0x00, 0x00, 0x09,
    0x60, 0x00, 0x00, 0x00, 0x02, 0x00, 0x00, 0x00, 0xff, 0xff, 0xff, 0xff,
    0x10, 0x00, 0x00, 0x00, 0x84, 0x63, 0xfe, 0xff, 0x08, 0x00, 0x00, 0x00,
    0x10, 0x00, 0x00, 0x00, 0x01, 0x00, 0x00, 0x00, 0x80, 0xff, 0xff, 0xff,
    0xff, 0xff, 0xff, 0xff, 0x01, 0x00, 0x00, 0x00, 0x00, 0x00, 0x80, 0x3b,
    0x28, 0x00, 0x00, 0x00, 0x73, 0x6f, 0x63, 0x5f, 0x6c, 0x73, 0x74, 0x6d,
    0x5f, 0x31, 0x2f, 0x6c, 0x73, 0x74, 0x6d, 0x5f, 0x31, 0x2f, 0x6c, 0x73,
    0x74, 0x6d, 0x5f, 0x63, 0x65, 0x6c, 0x6c, 0x5f, 0x35, 0x31, 0x2f, 0x53,
    0x69, 0x67, 0x6d, 0x6f, 0x69, 0x64, 0x5f, 0x31, 0x00, 0x00, 0x00, 0x00,
    0x02, 0x00, 0x00, 0x00, 0x01, 0x00, 0x00, 0x00, 0x10, 0x00, 0x00, 0x00,
    0x26, 0x64, 0xfe, 0xff, 0x00, 0x00, 0x00, 0x01, 0x18, 0x00, 0x00, 0x00,
    0x20, 0x00, 0x00, 0x00, 0x40, 0x00, 0x00, 0x00, 0xeb, 0x01, 0x00, 0x00,
    0x00, 0x00, 0x00, 0x09, 0x60, 0x00, 0x00, 0x00, 0x02, 0x00, 0x00, 0x00,
    0xff, 0xff, 0xff, 0xff, 0x10, 0x00, 0x00, 0x00, 0x0c, 0x64, 0xfe, 0xff,
    0x08, 0x00, 0x00, 0x00, 0x14, 0x00, 0x00, 0x00, 0x01, 0x00, 0x00, 0x00,
    0x80, 0xff, 0xff, 0xff, 0xff, 0xff, 0xff, 0xff, 0x00, 0x00, 0x00, 0x00,
    0x01, 0x00, 0x00, 0x00, 0x00, 0x00, 0x80, 0x3b, 0x26, 0x00, 0x00, 0x00,
    0x73, 0x6f, 0x63, 0x5f, 0x6c, 0x73, 0x74, 0x6d, 0x5f, 0x31, 0x2f, 0x6c,
    0x73, 0x74, 0x6d, 0x5f, 0x31, 0x2f, 0x6c, 0x73, 0x74, 0x6d, 0x5f, 0x63,
    0x65, 0x6c, 0x6c, 0x5f, 0x35, 0x31, 0x2f, 0x53, 0x69, 0x67, 0x6d, 0x6f,
    0x69, 0x64, 0x00, 0x00, 0x02, 0x00, 0x00, 0x00, 0x01, 0x00, 0x00, 0x00,
    0x10, 0x00, 0x00, 0x00, 0xae, 0x64, 0xfe, 0xff, 0x00, 0x00, 0x00, 0x01,
    0x18, 0x00, 0x00, 0x00, 0x20, 0x00, 0x00, 0x00, 0x40, 0x00, 0x00, 0x00,
    0xea, 0x01, 0x00, 0x00, 0x00, 0x00, 0x00, 0x09, 0xd0, 0x00, 0x00, 0x00,
    0x02, 0x00, 0x00, 0x00, 0xff, 0xff, 0xff, 0xff, 0x10, 0x00, 0x00, 0x00,
    0x94, 0x64, 0xfe, 0xff, 0x08, 0x00, 0x00, 0x00, 0x14, 0x00, 0x00, 0x00,
    0x01, 0x00, 0x00, 0x00, 0xd5, 0xff, 0xff, 0xff, 0xff, 0xff, 0xff, 0xff,
    0x00, 0x00, 0x00, 0x00, 0x01, 0x00, 0x00, 0x00, 0x1b, 0x43, 0x72, 0x3c,
    0x97, 0x00, 0x00, 0x00, 0x73, 0x6f, 0x63, 0x5f, 0x6c, 0x73, 0x74, 0x6d,
    0x5f, 0x31, 0x2f, 0x6c, 0x73, 0x74, 0x6d, 0x5f, 0x31, 0x2f, 0x6c, 0x73,
    0x74, 0x6d, 0x5f, 0x63, 0x65, 0x6c, 0x6c, 0x5f, 0x35, 0x31, 0x2f, 0x73,
    0x70, 0x6c, 0x69, 0x74, 0x3b, 0x73, 0x6f, 0x63, 0x5f, 0x6c, 0x73, 0x74,
    0x6d, 0x5f, 0x31, 0x2f, 0x6c, 0x73, 0x74, 0x6d, 0x5f, 0x31, 0x2f, 0x6c,
    0x73, 0x74, 0x6d, 0x5f, 0x63, 0x65, 0x6c, 0x6c, 0x5f, 0x35, 0x31, 0x2f,
    0x73, 0x70, 0x6c, 0x69, 0x74, 0x31, 0x3b, 0x73, 0x6f, 0x63, 0x5f, 0x6c,
    0x73, 0x74, 0x6d, 0x5f, 0x31, 0x2f, 0x6c, 0x73, 0x74, 0x6d, 0x5f, 0x31,
    0x2f, 0x6c, 0x73, 0x74, 0x6d, 0x5f, 0x63, 0x65, 0x6c, 0x6c, 0x5f, 0x35,
    0x31, 0x2f, 0x73, 0x70, 0x6c, 0x69, 0x74, 0x32, 0x3b, 0x73, 0x6f, 0x63,
    0x5f, 0x6c, 0x73, 0x74, 0x6d, 0x5f, 0x31, 0x2f, 0x6c, 0x73, 0x74, 0x6d,
    0x5f, 0x31, 0x2f, 0x6c, 0x73, 0x74, 0x6d, 0x5f, 0x63, 0x65, 0x6c, 0x6c,
    0x5f, 0x35, 0x31, 0x2f, 0x73, 0x70, 0x6c, 0x69, 0x74, 0x33, 0x33, 0x00,
    0x02, 0x00, 0x00, 0x00, 0x01, 0x00, 0x00, 0x00, 0x10, 0x00, 0x00, 0x00,
    0xa6, 0x65, 0xfe, 0xff, 0x00, 0x00, 0x00, 0x01, 0x18, 0x00, 0x00, 0x00,
    0x20, 0x00, 0x00, 0x00, 0x40, 0x00, 0x00, 0x00, 0xe9, 0x01, 0x00, 0x00,
    0x00, 0x00, 0x00, 0x09, 0xd0, 0x00, 0x00, 0x00, 0x02, 0x00, 0x00, 0x00,
    0xff, 0xff, 0xff, 0xff, 0x10, 0x00, 0x00, 0x00, 0x8c, 0x65, 0xfe, 0xff,
    0x08, 0x00, 0x00, 0x00, 0x14, 0x00, 0x00, 0x00, 0x01, 0x00, 0x00, 0x00,
    0xd5, 0xff, 0xff, 0xff, 0xff, 0xff, 0xff, 0xff, 0x00, 0x00, 0x00, 0x00,
    0x01, 0x00, 0x00, 0x00, 0x1b, 0x43, 0x72, 0x3c, 0x97, 0x00, 0x00, 0x00,
    0x73, 0x6f, 0x63, 0x5f, 0x6c, 0x73, 0x74, 0x6d, 0x5f, 0x31, 0x2f, 0x6c,
    0x73, 0x74, 0x6d, 0x5f, 0x31, 0x2f, 0x6c, 0x73, 0x74, 0x6d, 0x5f, 0x63,
    0x65, 0x6c, 0x6c, 0x5f, 0x35, 0x31, 0x2f, 0x73, 0x70, 0x6c, 0x69, 0x74,
    0x3b, 0x73, 0x6f, 0x63, 0x5f, 0x6c, 0x73, 0x74, 0x6d, 0x5f, 0x31, 0x2f,
    0x6c, 0x73, 0x74, 0x6d, 0x5f, 0x31, 0x2f, 0x6c, 0x73, 0x74, 0x6d, 0x5f,
    0x63, 0x65, 0x6c, 0x6c, 0x5f, 0x35, 0x31, 0x2f, 0x73, 0x70, 0x6c, 0x69,
    0x74, 0x31, 0x3b, 0x73, 0x6f, 0x63, 0x5f, 0x6c, 0x73, 0x74, 0x6d, 0x5f,
    0x31, 0x2f, 0x6c, 0x73, 0x74, 0x6d, 0x5f, 0x31, 0x2f, 0x6c, 0x73, 0x74,
    0x6d, 0x5f, 0x63, 0x65, 0x6c, 0x6c, 0x5f, 0x35, 0x31, 0x2f, 0x73, 0x70,
    0x6c, 0x69, 0x74, 0x32, 0x3b, 0x73, 0x6f, 0x63, 0x5f, 0x6c, 0x73, 0x74,
    0x6d, 0x5f, 0x31, 0x2f, 0x6c, 0x73, 0x74, 0x6d, 0x5f, 0x31, 0x2f, 0x6c,
    0x73, 0x74, 0x6d, 0x5f, 0x63, 0x65, 0x6c, 0x6c, 0x5f, 0x35, 0x31, 0x2f,
    0x73, 0x70, 0x6c, 0x69, 0x74, 0x33, 0x32, 0x00, 0x02, 0x00, 0x00, 0x00,
    0x01, 0x00, 0x00, 0x00, 0x10, 0x00, 0x00, 0x00, 0x9e, 0x66, 0xfe, 0xff,
    0x00, 0x00, 0x00, 0x01, 0x18, 0x00, 0x00, 0x00, 0x20, 0x00, 0x00, 0x00,
    0x40, 0x00, 0x00, 0x00, 0xe8, 0x01, 0x00, 0x00, 0x00, 0x00, 0x00, 0x09,
    0xd0, 0x00, 0x00, 0x00, 0x02, 0x00, 0x00, 0x00, 0xff, 0xff, 0xff, 0xff,
    0x10, 0x00, 0x00, 0x00, 0x84, 0x66, 0xfe, 0xff, 0x08, 0x00, 0x00, 0x00,
    0x14, 0x00, 0x00, 0x00, 0x01, 0x00, 0x00, 0x00, 0xd5, 0xff, 0xff, 0xff,
    0xff, 0xff, 0xff, 0xff, 0x00, 0x00, 0x00, 0x00, 0x01, 0x00, 0x00, 0x00,
    0x1b, 0x43, 0x72, 0x3c, 0x97, 0x00, 0x00, 0x00, 0x73, 0x6f, 0x63, 0x5f,
    0x6c, 0x73, 0x74, 0x6d, 0x5f, 0x31, 0x2f, 0x6c, 0x73, 0x74, 0x6d, 0x5f,
    0x31, 0x2f, 0x6c, 0x73, 0x74, 0x6d, 0x5f, 0x63, 0x65, 0x6c, 0x6c, 0x5f,
    0x35, 0x31, 0x2f, 0x73, 0x70, 0x6c, 0x69, 0x74, 0x3b, 0x73, 0x6f, 0x63,
    0x5f, 0x6c, 0x73, 0x74, 0x6d, 0x5f, 0x31, 0x2f, 0x6c, 0x73, 0x74, 0x6d,
    0x5f, 0x31, 0x2f, 0x6c, 0x73, 0x74, 0x6d, 0x5f, 0x63, 0x65, 0x6c, 0x6c,
    0x5f, 0x35, 0x31, 0x2f, 0x73, 0x70, 0x6c, 0x69, 0x74, 0x31, 0x3b, 0x73,
    0x6f, 0x63, 0x5f, 0x6c, 0x73, 0x74, 0x6d, 0x5f, 0x31, 0x2f, 0x6c, 0x73,
    0x74, 0x6d, 0x5f, 0x31, 0x2f, 0x6c, 0x73, 0x74, 0x6d, 0x5f, 0x63, 0x65,
    0x6c, 0x6c, 0x5f, 0x35, 0x31, 0x2f, 0x73, 0x70, 0x6c, 0x69, 0x74, 0x32,
    0x3b, 0x73, 0x6f, 0x63, 0x5f, 0x6c, 0x73, 0x74, 0x6d, 0x5f, 0x31, 0x2f,
    0x6c, 0x73, 0x74, 0x6d, 0x5f, 0x31, 0x2f, 0x6c, 0x73, 0x74, 0x6d, 0x5f,
    0x63, 0x65, 0x6c, 0x6c, 0x5f, 0x35, 0x31, 0x2f, 0x73, 0x70, 0x6c, 0x69,
    0x74, 0x33, 0x31, 0x00, 0x02, 0x00, 0x00, 0x00, 0x01, 0x00, 0x00, 0x00,
    0x10, 0x00, 0x00, 0x00, 0x96, 0x67, 0xfe, 0xff, 0x00, 0x00, 0x00, 0x01,
    0x18, 0x00, 0x00, 0x00, 0x20, 0x00, 0x00, 0x00, 0x40, 0x00, 0x00, 0x00,
    0xe7, 0x01, 0x00, 0x00, 0x00, 0x00, 0x00, 0x09, 0xd0, 0x00, 0x00, 0x00,
    0x02, 0x00, 0x00, 0x00, 0xff, 0xff, 0xff, 0xff, 0x10, 0x00, 0x00, 0x00,
    0x7c, 0x67, 0xfe, 0xff, 0x08, 0x00, 0x00, 0x00, 0x14, 0x00, 0x00, 0x00,
    0x01, 0x00, 0x00, 0x00, 0xd5, 0xff, 0xff, 0xff, 0xff, 0xff, 0xff, 0xff,
    0x00, 0x00, 0x00, 0x00, 0x01, 0x00, 0x00, 0x00, 0x1b, 0x43, 0x72, 0x3c,
    0x96, 0x00, 0x00, 0x00, 0x73, 0x6f, 0x63, 0x5f, 0x6c, 0x73, 0x74, 0x6d,
    0x5f, 0x31, 0x2f, 0x6c, 0x73, 0x74, 0x6d, 0x5f, 0x31, 0x2f, 0x6c, 0x73,
    0x74, 0x6d, 0x5f, 0x63, 0x65, 0x6c, 0x6c, 0x5f, 0x35, 0x31, 0x2f, 0x73,
    0x70, 0x6c, 0x69, 0x74, 0x3b, 0x73, 0x6f, 0x63, 0x5f, 0x6c, 0x73, 0x74,
    0x6d, 0x5f, 0x31, 0x2f, 0x6c, 0x73, 0x74, 0x6d, 0x5f, 0x31, 0x2f, 0x6c,
    0x73, 0x74, 0x6d, 0x5f, 0x63, 0x65, 0x6c, 0x6c, 0x5f, 0x35, 0x31, 0x2f,
    0x73, 0x70, 0x6c, 0x69, 0x74, 0x31, 0x3b, 0x73, 0x6f, 0x63, 0x5f, 0x6c,
    0x73, 0x74, 0x6d, 0x5f, 0x31, 0x2f, 0x6c, 0x73, 0x74, 0x6d, 0x5f, 0x31,
    0x2f, 0x6c, 0x73, 0x74, 0x6d, 0x5f, 0x63, 0x65, 0x6c, 0x6c, 0x5f, 0x35,
    0x31, 0x2f, 0x73, 0x70, 0x6c, 0x69, 0x74, 0x32, 0x3b, 0x73, 0x6f, 0x63,
    0x5f, 0x6c, 0x73, 0x74, 0x6d, 0x5f, 0x31, 0x2f, 0x6c, 0x73, 0x74, 0x6d,
    0x5f, 0x31, 0x2f, 0x6c, 0x73, 0x74, 0x6d, 0x5f, 0x63, 0x65, 0x6c, 0x6c,
    0x5f, 0x35, 0x31, 0x2f, 0x73, 0x70, 0x6c, 0x69, 0x74, 0x33, 0x00, 0x00,
    0x02, 0x00, 0x00, 0x00, 0x01, 0x00, 0x00, 0x00, 0x10, 0x00, 0x00, 0x00,
    0x8e, 0x68, 0xfe, 0xff, 0x00, 0x00, 0x00, 0x01, 0x18, 0x00, 0x00, 0x00,
    0x20, 0x00, 0x00, 0x00, 0x40, 0x00, 0x00, 0x00, 0xe6, 0x01, 0x00, 0x00,
    0x00, 0x00, 0x00, 0x09, 0x60, 0x00, 0x00, 0x00, 0x02, 0x00, 0x00, 0x00,
    0xff, 0xff, 0xff, 0xff, 0x40, 0x00, 0x00, 0x00, 0x74, 0x68, 0xfe, 0xff,
    0x08, 0x00, 0x00, 0x00, 0x14, 0x00, 0x00, 0x00, 0x01, 0x00, 0x00, 0x00,
    0xd5, 0xff, 0xff, 0xff, 0xff, 0xff, 0xff, 0xff, 0x00, 0x00, 0x00, 0x00,
    0x01, 0x00, 0x00, 0x00, 0x1b, 0x43, 0x72, 0x3c, 0x26, 0x00, 0x00, 0x00,
    0x73, 0x6f, 0x63, 0x5f, 0x6c, 0x73, 0x74, 0x6d, 0x5f, 0x31, 0x2f, 0x6c,
    0x73, 0x74, 0x6d, 0x5f, 0x31, 0x2f, 0x6c, 0x73, 0x74, 0x6d, 0x5f, 0x63,
    0x65, 0x6c, 0x6c, 0x5f, 0x35, 0x31, 0x2f, 0x42, 0x69, 0x61, 0x73, 0x41,
    0x64, 0x64, 0x00, 0x00, 0x02, 0x00, 0x00, 0x00, 0x01, 0x00, 0x00, 0x00,
    0x40, 0x00, 0x00, 0x00, 0x16, 0x69, 0xfe, 0xff, 0x00, 0x00, 0x00, 0x01,
    0x18, 0x00, 0x00, 0x00, 0x20, 0x00, 0x00, 0x00, 0x3c, 0x00, 0x00, 0x00,
    0xe5, 0x01, 0x00, 0x00, 0x00, 0x00, 0x00, 0x09, 0x58, 0x00, 0x00, 0x00,
    0x02, 0x00, 0x00, 0x00, 0xff, 0xff, 0xff, 0xff, 0x40, 0x00, 0x00, 0x00,
    0xfc, 0x68, 0xfe, 0xff, 0x08, 0x00, 0x00, 0x00, 0x10, 0x00, 0x00, 0x00,
    0x01, 0x00, 0x00, 0x00, 0xd5, 0xff, 0xff, 0xff, 0xff, 0xff, 0xff, 0xff,
    0x01, 0x00, 0x00, 0x00, 0x52, 0xc8, 0x72, 0x3c, 0x22, 0x00, 0x00, 0x00,
    0x73, 0x6f, 0x63, 0x5f, 0x6c, 0x73, 0x74, 0x6d, 0x5f, 0x31, 0x2f, 0x6c,
    0x73, 0x74, 0x6d, 0x5f, 0x31, 0x2f, 0x6c, 0x73, 0x74, 0x6d, 0x5f, 0x63,
    0x65, 0x6c, 0x6c, 0x5f, 0x35, 0x31, 0x2f, 0x41, 0x64, 0x64, 0x00, 0x00,
    0x02, 0x00, 0x00, 0x00, 0x01, 0x00, 0x00, 0x00, 0x40, 0x00, 0x00, 0x00,
    0x96, 0x69, 0xfe, 0xff, 0x00, 0x00, 0x00, 0x01, 0x18, 0x00, 0x00, 0x00,
    0x20, 0x00, 0x00, 0x00, 0x40, 0x00, 0x00, 0x00, 0xe4, 0x01, 0x00, 0x00,
    0x00, 0x00, 0x00, 0x09, 0x60, 0x00, 0x00, 0x00, 0x02, 0x00, 0x00, 0x00,
    0xff, 0xff, 0xff, 0xff, 0x40, 0x00, 0x00, 0x00, 0x7c, 0x69, 0xfe, 0xff,
    0x08, 0x00, 0x00, 0x00, 0x14, 0x00, 0x00, 0x00, 0x01, 0x00, 0x00, 0x00,
    0x01, 0x00, 0x00, 0x00, 0x00, 0x00, 0x00, 0x00, 0x00, 0x00, 0x00, 0x00,
    0x01, 0x00, 0x00, 0x00, 0x6a, 0x42, 0x28, 0x3c, 0x27, 0x00, 0x00, 0x00,
    0x73, 0x6f, 0x63, 0x5f, 0x6c, 0x73, 0x74, 0x6d, 0x5f, 0x31, 0x2f, 0x6c,
    0x73, 0x74, 0x6d, 0x5f, 0x31, 0x2f, 0x6c, 0x73, 0x74, 0x6d, 0x5f, 0x63,
    0x65, 0x6c, 0x6c, 0x5f, 0x35, 0x31, 0x2f, 0x4d, 0x61, 0x74, 0x4d, 0x75,
    0x6c, 0x5f, 0x31, 0x00, 0x02, 0x00, 0x00, 0x00, 0x01, 0x00, 0x00, 0x00,
    0x40, 0x00, 0x00, 0x00, 0x1e, 0x6a, 0xfe, 0xff, 0x00, 0x00, 0x00, 0x01,
    0x18, 0x00, 0x00, 0x00, 0x20, 0x00, 0x00, 0x00, 0x40, 0x00, 0x00, 0x00,
    0xe3, 0x01, 0x00, 0x00, 0x00, 0x00, 0x00, 0x09, 0x60, 0x00, 0x00, 0x00,
    0x02, 0x00, 0x00, 0x00, 0xff, 0xff, 0xff, 0xff, 0x10, 0x00, 0x00, 0x00,
    0x04, 0x6a, 0xfe, 0xff, 0x08, 0x00, 0x00, 0x00, 0x14, 0x00, 0x00, 0x00,
    0x01, 0x00, 0x00, 0x00, 0xfd, 0xff, 0xff, 0xff, 0xff, 0xff, 0xff, 0xff,
    0x00, 0x00, 0x00, 0x00, 0x01, 0x00, 0x00, 0x00, 0x23, 0x66, 0xb5, 0x3b,
    0x24, 0x00, 0x00, 0x00, 0x73, 0x6f, 0x63, 0x5f, 0x6c, 0x73, 0x74, 0x6d,
    0x5f, 0x31, 0x2f, 0x6c, 0x73, 0x74, 0x6d, 0x5f, 0x31, 0x2f, 0x6c, 0x73,
    0x74, 0x6d, 0x5f, 0x63, 0x65, 0x6c, 0x6c, 0x5f, 0x34, 0x39, 0x2f, 0x6d,
    0x75, 0x6c, 0x5f, 0x32, 0x00, 0x00, 0x00, 0x00, 0x02, 0x00, 0x00, 0x00,
    0x01, 0x00, 0x00, 0x00, 0x10, 0x00, 0x00, 0x00, 0xa6, 0x6a, 0xfe, 0xff,
    0x00, 0x00, 0x00, 0x01, 0x18, 0x00, 0x00, 0x00, 0x20, 0x00, 0x00, 0x00,
    0x40, 0x00, 0x00, 0x00, 0xe2, 0x01, 0x00, 0x00, 0x00, 0x00, 0x00, 0x09,
    0x60, 0x00, 0x00, 0x00, 0x02, 0x00, 0x00, 0x00, 0xff, 0xff, 0xff, 0xff,
    0x10, 0x00, 0x00, 0x00, 0x8c, 0x6a, 0xfe, 0xff, 0x08, 0x00, 0x00, 0x00,
    0x14, 0x00, 0x00, 0x00, 0x01, 0x00, 0x00, 0x00, 0x00, 0x00, 0x00, 0x00,
    0x00, 0x00, 0x00, 0x00, 0x00, 0x00, 0x00, 0x00, 0x01, 0x00, 0x00, 0x00,
    0x00, 0x00, 0x00, 0x3c, 0x25, 0x00, 0x00, 0x00, 0x73, 0x6f, 0x63, 0x5f,
    0x6c, 0x73, 0x74, 0x6d, 0x5f, 0x31, 0x2f, 0x6c, 0x73, 0x74, 0x6d, 0x5f,
    0x31, 0x2f, 0x6c, 0x73, 0x74, 0x6d, 0x5f, 0x63, 0x65, 0x6c, 0x6c, 0x5f,
    0x34, 0x39, 0x2f, 0x54, 0x61, 0x6e, 0x68, 0x5f, 0x31, 0x00, 0x00, 0x00,
    0x02, 0x00, 0x00, 0x00, 0x01, 0x00, 0x00, 0x00, 0x10, 0x00, 0x00, 0x00,
    0x2e, 0x6b, 0xfe, 0xff, 0x00, 0x00, 0x00, 0x01, 0x18, 0x00, 0x00, 0x00,
    0x20, 0x00, 0x00, 0x00, 0x40, 0x00, 0x00, 0x00, 0xe1, 0x01, 0x00, 0x00,
    0x00, 0x00, 0x00, 0x09, 0x60, 0x00, 0x00, 0x00, 0x02, 0x00, 0x00, 0x00,
    0xff, 0xff, 0xff, 0xff, 0x10, 0x00, 0x00, 0x00, 0x14, 0x6b, 0xfe, 0xff,
    0x08, 0x00, 0x00, 0x00, 0x14, 0x00, 0x00, 0x00, 0x01, 0x00, 0x00, 0x00,
    0x06, 0x00, 0x00, 0x00, 0x00, 0x00, 0x00, 0x00, 0x00, 0x00, 0x00, 0x00,
    0x01, 0x00, 0x00, 0x00, 0xbd, 0x7e, 0x6f, 0x3c, 0x24, 0x00, 0x00, 0x00,
    0x73, 0x6f, 0x63, 0x5f, 0x6c, 0x73, 0x74, 0x6d, 0x5f, 0x31, 0x2f, 0x6c,
    0x73, 0x74, 0x6d, 0x5f, 0x31, 0x2f, 0x6c, 0x73, 0x74, 0x6d, 0x5f, 0x63,
    0x65, 0x6c, 0x6c, 0x5f, 0x34, 0x39, 0x2f, 0x61, 0x64, 0x64, 0x5f, 0x31,
    0x00, 0x00, 0x00, 0x00, 0x02, 0x00, 0x00, 0x00, 0x01, 0x00, 0x00, 0x00,
    0x10, 0x00, 0x00, 0x00, 0xb6, 0x6b, 0xfe, 0xff, 0x00, 0x00, 0x00, 0x01,
    0x18, 0x00, 0x00, 0x00, 0x20, 0x00, 0x00, 0x00, 0x40, 0x00, 0x00, 0x00,
    0xe0, 0x01, 0x00, 0x00, 0x00, 0x00, 0x00, 0x09, 0x60, 0x00, 0x00, 0x00,
    0x02, 0x00, 0x00, 0x00, 0xff, 0xff, 0xff, 0xff, 0x10, 0x00, 0x00, 0x00,
    0x9c, 0x6b, 0xfe, 0xff, 0x08, 0x00, 0x00, 0x00, 0x14, 0x00, 0x00, 0x00,
    0x01, 0x00, 0x00, 0x00, 0xff, 0xff, 0xff, 0xff, 0xff, 0xff, 0xff, 0xff,
    0x00, 0x00, 0x00, 0x00, 0x01, 0x00, 0x00, 0x00, 0xd9, 0xca, 0x6a, 0x3b,
    0x24, 0x00, 0x00, 0x00, 0x73, 0x6f, 0x63, 0x5f, 0x6c, 0x73, 0x74, 0x6d,
    0x5f, 0x31, 0x2f, 0x6c, 0x73, 0x74, 0x6d, 0x5f, 0x31, 0x2f, 0x6c, 0x73,
    0x74, 0x6d, 0x5f, 0x63, 0x65, 0x6c, 0x6c, 0x5f, 0x34, 0x39, 0x2f, 0x6d,
    0x75, 0x6c, 0x5f, 0x31, 0x00, 0x00, 0x00, 0x00, 0x02, 0x00, 0x00, 0x00,
    0x01, 0x00, 0x00, 0x00, 0x10, 0x00, 0x00, 0x00, 0x3e, 0x6c, 0xfe, 0xff,
    0x00, 0x00, 0x00, 0x01, 0x18, 0x00, 0x00, 0x00, 0x20, 0x00, 0x00, 0x00,
    0x3c, 0x00, 0x00, 0x00, 0xdf, 0x01, 0x00, 0x00, 0x00, 0x00, 0x00, 0x09,
    0x58, 0x00, 0x00, 0x00, 0x02, 0x00, 0x00, 0x00, 0xff, 0xff, 0xff, 0xff,
    0x10, 0x00, 0x00, 0x00, 0x24, 0x6c, 0xfe, 0xff, 0x08, 0x00, 0x00, 0x00,
    0x10, 0x00, 0x00, 0x00, 0x01, 0x00, 0x00, 0x00, 0x00, 0x00, 0x00, 0x00,
    0x00, 0x00, 0x00, 0x00, 0x01, 0x00, 0x00, 0x00, 0x00, 0x00, 0x00, 0x3c,
    0x23, 0x00, 0x00, 0x00, 0x73, 0x6f, 0x63, 0x5f, 0x6c, 0x73, 0x74, 0x6d,
    0x5f, 0x31, 0x2f, 0x6c, 0x73, 0x74, 0x6d, 0x5f, 0x31, 0x2f, 0x6c, 0x73,
    0x74, 0x6d, 0x5f, 0x63, 0x65, 0x6c, 0x6c, 0x5f, 0x34, 0x39, 0x2f, 0x54,
    0x61, 0x6e, 0x68, 0x00, 0x02, 0x00, 0x00, 0x00, 0x01, 0x00, 0x00, 0x00,
    0x10, 0x00, 0x00, 0x00, 0xbe, 0x6c, 0xfe, 0xff, 0x00, 0x00, 0x00, 0x01,
    0x18, 0x00, 0x00, 0x00, 0x20, 0x00, 0x00, 0x00, 0x3c, 0x00, 0x00, 0x00,
    0xde, 0x01, 0x00, 0x00, 0x00, 0x00, 0x00, 0x09, 0x60, 0x00, 0x00, 0x00,
    0x02, 0x00, 0x00, 0x00, 0xff, 0xff, 0xff, 0xff, 0x10, 0x00, 0x00, 0x00,
    0xa4, 0x6c, 0xfe, 0xff, 0x08, 0x00, 0x00, 0x00, 0x10, 0x00, 0x00, 0x00,
    0x01, 0x00, 0x00, 0x00, 0x80, 0xff, 0xff, 0xff, 0xff, 0xff, 0xff, 0xff,
    0x01, 0x00, 0x00, 0x00, 0x00, 0x00, 0x80, 0x3b, 0x28, 0x00, 0x00, 0x00,
    0x73, 0x6f, 0x63, 0x5f, 0x6c, 0x73, 0x74, 0x6d, 0x5f, 0x31, 0x2f, 0x6c,
    0x73, 0x74, 0x6d, 0x5f, 0x31, 0x2f, 0x6c, 0x73, 0x74, 0x6d, 0x5f, 0x63,
    0x65, 0x6c, 0x6c, 0x5f, 0x34, 0x39, 0x2f, 0x53, 0x69, 0x67, 0x6d, 0x6f,
    0x69, 0x64, 0x5f, 0x32, 0x00, 0x00, 0x00, 0x00, 0x02, 0x00, 0x00, 0x00,
    0x01, 0x00, 0x00, 0x00, 0x10, 0x00, 0x00, 0x00, 0x46, 0x6d, 0xfe, 0xff,
    0x00, 0x00, 0x00, 0x01, 0x18, 0x00, 0x00, 0x00, 0x20, 0x00, 0x00, 0x00,
    0x3c, 0x00, 0x00, 0x00, 0xdd, 0x01, 0x00, 0x00, 0x00, 0x00, 0x00, 0x09,
    0x58, 0x00, 0x00, 0x00, 0x02, 0x00, 0x00, 0x00, 0xff, 0xff, 0xff, 0xff,
    0x10, 0x00, 0x00, 0x00, 0x2c, 0x6d, 0xfe, 0xff, 0x08, 0x00, 0x00, 0x00,
    0x10, 0x00, 0x00, 0x00, 0x01, 0x00, 0x00, 0x00, 0x06, 0x00, 0x00, 0x00,
    0x00, 0x00, 0x00, 0x00, 0x01, 0x00, 0x00, 0x00, 0xbd, 0x7e, 0x6f, 0x3c,
    0x22, 0x00, 0x00, 0x00, 0x73, 0x6f, 0x63, 0x5f, 0x6c, 0x73, 0x74, 0x6d,
    0x5f, 0x31, 0x2f, 0x6c, 0x73, 0x74, 0x6d, 0x5f, 0x31, 0x2f, 0x6c, 0x73,
    0x74, 0x6d, 0x5f, 0x63, 0x65, 0x6c, 0x6c, 0x5f, 0x34, 0x39, 0x2f, 0x6d,
    0x75, 0x6c, 0x00, 0x00, 0x02, 0x00, 0x00, 0x00, 0x01, 0x00, 0x00, 0x00,
    0x10, 0x00, 0x00, 0x00, 0xc6, 0x6d, 0xfe, 0xff, 0x00, 0x00, 0x00, 0x01,
    0x18, 0x00, 0x00, 0x00, 0x20, 0x00, 0x00, 0x00, 0x3c, 0x00, 0x00, 0x00,
    0xdc, 0x01, 0x00, 0x00, 0x00, 0x00, 0x00, 0x09, 0x60, 0x00, 0x00, 0x00,
    0x02, 0x00, 0x00, 0x00, 0xff, 0xff, 0xff, 0xff, 0x10, 0x00, 0x00, 0x00,
    0xac, 0x6d, 0xfe, 0xff, 0x08, 0x00, 0x00, 0x00, 0x10, 0x00, 0x00, 0x00,
    0x01, 0x00, 0x00, 0x00, 0x80, 0xff, 0xff, 0xff, 0xff, 0xff, 0xff, 0xff,
    0x01, 0x00, 0x00, 0x00, 0x00, 0x00, 0x80, 0x3b, 0x28, 0x00, 0x00, 0x00,
    0x73, 0x6f, 0x63, 0x5f, 0x6c, 0x73, 0x74, 0x6d, 0x5f, 0x31, 0x2f, 0x6c,
    0x73, 0x74, 0x6d, 0x5f, 0x31, 0x2f, 0x6c, 0x73, 0x74, 0x6d, 0x5f, 0x63,
    0x65, 0x6c, 0x6c, 0x5f, 0x34, 0x39, 0x2f, 0x53, 0x69, 0x67, 0x6d, 0x6f,
    0x69, 0x64, 0x5f, 0x31, 0x00, 0x00, 0x00, 0x00, 0x02, 0x00, 0x00, 0x00,
    0x01, 0x00, 0x00, 0x00, 0x10, 0x00, 0x00, 0x00, 0x4e, 0x6e, 0xfe, 0xff,
    0x00, 0x00, 0x00, 0x01, 0x18, 0x00, 0x00, 0x00, 0x20, 0x00, 0x00, 0x00,
    0x40, 0x00, 0x00, 0x00, 0xdb, 0x01, 0x00, 0x00, 0x00, 0x00, 0x00, 0x09,
    0x60, 0x00, 0x00, 0x00, 0x02, 0x00, 0x00, 0x00, 0xff, 0xff, 0xff, 0xff,
    0x10, 0x00, 0x00, 0x00, 0x34, 0x6e, 0xfe, 0xff, 0x08, 0x00, 0x00, 0x00,
    0x14, 0x00, 0x00, 0x00, 0x01, 0x00, 0x00, 0x00, 0x80, 0xff, 0xff, 0xff,
    0xff, 0xff, 0xff, 0xff, 0x00, 0x00, 0x00, 0x00, 0x01, 0x00, 0x00, 0x00,
    0x00, 0x00, 0x80, 0x3b, 0x26, 0x00, 0x00, 0x00, 0x73, 0x6f, 0x63, 0x5f,
    0x6c, 0x73, 0x74, 0x6d, 0x5f, 0x31, 0x2f, 0x6c, 0x73, 0x74, 0x6d, 0x5f,
    0x31, 0x2f, 0x6c, 0x73, 0x74, 0x6d, 0x5f, 0x63, 0x65, 0x6c, 0x6c, 0x5f,
    0x34, 0x39, 0x2f, 0x53, 0x69, 0x67, 0x6d, 0x6f, 0x69, 0x64, 0x00, 0x00,
    0x02, 0x00, 0x00, 0x00, 0x01, 0x00, 0x00, 0x00, 0x10, 0x00, 0x00, 0x00,
    0xd6, 0x6e, 0xfe, 0xff, 0x00, 0x00, 0x00, 0x01, 0x18, 0x00, 0x00, 0x00,
    0x20, 0x00, 0x00, 0x00, 0x40, 0x00, 0x00, 0x00, 0xda, 0x01, 0x00, 0x00,
    0x00, 0x00, 0x00, 0x09, 0xd0, 0x00, 0x00, 0x00, 0x02, 0x00, 0x00, 0x00,
    0xff, 0xff, 0xff, 0xff, 0x10, 0x00, 0x00, 0x00, 0xbc, 0x6e, 0xfe, 0xff,
    0x08, 0x00, 0x00, 0x00, 0x14, 0x00, 0x00, 0x00, 0x01, 0x00, 0x00, 0x00,
    0xd1, 0xff, 0xff, 0xff, 0xff, 0xff, 0xff, 0xff, 0x00, 0x00, 0x00, 0x00,
    0x01, 0x00, 0x00, 0x00, 0xf4, 0x97, 0x64, 0x3c, 0x97, 0x00, 0x00, 0x00,
    0x73, 0x6f, 0x63, 0x5f, 0x6c, 0x73, 0x74, 0x6d, 0x5f, 0x31, 0x2f, 0x6c,
    0x73, 0x74, 0x6d, 0x5f, 0x31, 0x2f, 0x6c, 0x73, 0x74, 0x6d, 0x5f, 0x63,
    0x65, 0x6c, 0x6c, 0x5f, 0x34, 0x39, 0x2f, 0x73, 0x70, 0x6c, 0x69, 0x74,
    0x3b, 0x73, 0x6f, 0x63, 0x5f, 0x6c, 0x73, 0x74, 0x6d, 0x5f, 0x31, 0x2f,
    0x6c, 0x73, 0x74, 0x6d, 0x5f, 0x31, 0x2f, 0x6c, 0x73, 0x74, 0x6d, 0x5f,
    0x63, 0x65, 0x6c, 0x6c, 0x5f, 0x34, 0x39, 0x2f, 0x73, 0x70, 0x6c, 0x69,
    0x74, 0x31, 0x3b, 0x73, 0x6f, 0x63, 0x5f, 0x6c, 0x73, 0x74, 0x6d, 0x5f,
    0x31, 0x2f, 0x6c, 0x73, 0x74, 0x6d, 0x5f, 0x31, 0x2f, 0x6c, 0x73, 0x74,
    0x6d, 0x5f, 0x63, 0x65, 0x6c, 0x6c, 0x5f, 0x34, 0x39, 0x2f, 0x73, 0x70,
    0x6c, 0x69, 0x74, 0x32, 0x3b, 0x73, 0x6f, 0x63, 0x5f, 0x6c, 0x73, 0x74,
    0x6d, 0x5f, 0x31, 0x2f, 0x6c, 0x73, 0x74, 0x6d, 0x5f, 0x31, 0x2f, 0x6c,
    0x73, 0x74, 0x6d, 0x5f, 0x63, 0x65, 0x6c, 0x6c, 0x5f, 0x34, 0x39, 0x2f,
    0x73, 0x70, 0x6c, 0x69, 0x74, 0x33, 0x33, 0x00, 0x02, 0x00, 0x00, 0x00,
    0x01, 0x00, 0x00, 0x00, 0x10, 0x00, 0x00, 0x00, 0xce, 0x6f, 0xfe, 0xff,
    0x00, 0x00, 0x00, 0x01, 0x18, 0x00, 0x00, 0x00, 0x20, 0x00, 0x00, 0x00,
    0x40, 0x00, 0x00, 0x00, 0xd9, 0x01, 0x00, 0x00, 0x00, 0x00, 0x00, 0x09,
    0xd0, 0x00, 0x00, 0x00, 0x02, 0x00, 0x00, 0x00, 0xff, 0xff, 0xff, 0xff,
    0x10, 0x00, 0x00, 0x00, 0xb4, 0x6f, 0xfe, 0xff, 0x08, 0x00, 0x00, 0x00,
    0x14, 0x00, 0x00, 0x00, 0x01, 0x00, 0x00, 0x00, 0xd1, 0xff, 0xff, 0xff,
    0xff, 0xff, 0xff, 0xff, 0x00, 0x00, 0x00, 0x00, 0x01, 0x00, 0x00, 0x00,
    0xf4, 0x97, 0x64, 0x3c, 0x97, 0x00, 0x00, 0x00, 0x73, 0x6f, 0x63, 0x5f,
    0x6c, 0x73, 0x74, 0x6d, 0x5f, 0x31, 0x2f, 0x6c, 0x73, 0x74, 0x6d, 0x5f,
    0x31, 0x2f, 0x6c, 0x73, 0x74, 0x6d, 0x5f, 0x63, 0x65, 0x6c, 0x6c, 0x5f,
    0x34, 0x39, 0x2f, 0x73, 0x70, 0x6c, 0x69, 0x74, 0x3b, 0x73, 0x6f, 0x63,
    0x5f, 0x6c, 0x73, 0x74, 0x6d, 0x5f, 0x31, 0x2f, 0x6c, 0x73, 0x74, 0x6d,
    0x5f, 0x31, 0x2f, 0x6c, 0x73, 0x74, 0x6d, 0x5f, 0x63, 0x65, 0x6c, 0x6c,
    0x5f, 0x34, 0x39, 0x2f, 0x73, 0x70, 0x6c, 0x69, 0x74, 0x31, 0x3b, 0x73,
    0x6f, 0x63, 0x5f, 0x6c, 0x73, 0x74, 0x6d, 0x5f, 0x31, 0x2f, 0x6c, 0x73,
    0x74, 0x6d, 0x5f, 0x31, 0x2f, 0x6c, 0x73, 0x74, 0x6d, 0x5f, 0x63, 0x65,
    0x6c, 0x6c, 0x5f, 0x34, 0x39, 0x2f, 0x73, 0x70, 0x6c, 0x69, 0x74, 0x32,
    0x3b, 0x73, 0x6f, 0x63, 0x5f, 0x6c, 0x73, 0x74, 0x6d, 0x5f, 0x31, 0x2f,
    0x6c, 0x73, 0x74, 0x6d, 0x5f, 0x31, 0x2f, 0x6c, 0x73, 0x74, 0x6d, 0x5f,
    0x63, 0x65, 0x6c, 0x6c, 0x5f, 0x34, 0x39, 0x2f, 0x73, 0x70, 0x6c, 0x69,
    0x74, 0x33, 0x32, 0x00, 0x02, 0x00, 0x00, 0x00, 0x01, 0x00, 0x00, 0x00,
    0x10, 0x00, 0x00, 0x00, 0xc6, 0x70, 0xfe, 0xff, 0x00, 0x00, 0x00, 0x01,
    0x18, 0x00, 0x00, 0x00, 0x20, 0x00, 0x00, 0x00, 0x40, 0x00, 0x00, 0x00,
    0xd8, 0x01, 0x00, 0x00, 0x00, 0x00, 0x00, 0x09, 0xd0, 0x00, 0x00, 0x00,
    0x02, 0x00, 0x00, 0x00, 0xff, 0xff, 0xff, 0xff, 0x10, 0x00, 0x00, 0x00,
    0xac, 0x70, 0xfe, 0xff, 0x08, 0x00, 0x00, 0x00, 0x14, 0x00, 0x00, 0x00,
    0x01, 0x00, 0x00, 0x00, 0xd1, 0xff, 0xff, 0xff, 0xff, 0xff, 0xff, 0xff,
    0x00, 0x00, 0x00, 0x00, 0x01, 0x00, 0x00, 0x00, 0xf4, 0x97, 0x64, 0x3c,
    0x97, 0x00, 0x00, 0x00, 0x73, 0x6f, 0x63, 0x5f, 0x6c, 0x73, 0x74, 0x6d,
    0x5f, 0x31, 0x2f, 0x6c, 0x73, 0x74, 0x6d, 0x5f, 0x31, 0x2f, 0x6c, 0x73,
    0x74, 0x6d, 0x5f, 0x63, 0x65, 0x6c, 0x6c, 0x5f, 0x34, 0x39, 0x2f, 0x73,
    0x70, 0x6c, 0x69, 0x74, 0x3b, 0x73, 0x6f, 0x63, 0x5f, 0x6c, 0x73, 0x74,
    0x6d, 0x5f, 0x31, 0x2f, 0x6c, 0x73, 0x74, 0x6d, 0x5f, 0x31, 0x2f, 0x6c,
    0x73, 0x74, 0x6d, 0x5f, 0x63, 0x65, 0x6c, 0x6c, 0x5f, 0x34, 0x39, 0x2f,
    0x73, 0x70, 0x6c, 0x69, 0x74, 0x31, 0x3b, 0x73, 0x6f, 0x63, 0x5f, 0x6c,
    0x73, 0x74, 0x6d, 0x5f, 0x31, 0x2f, 0x6c, 0x73, 0x74, 0x6d, 0x5f, 0x31,
    0x2f, 0x6c, 0x73, 0x74, 0x6d, 0x5f, 0x63, 0x65, 0x6c, 0x6c, 0x5f, 0x34,
    0x39, 0x2f, 0x73, 0x70, 0x6c, 0x69, 0x74, 0x32, 0x3b, 0x73, 0x6f, 0x63,
    0x5f, 0x6c, 0x73, 0x74, 0x6d, 0x5f, 0x31, 0x2f, 0x6c, 0x73, 0x74, 0x6d,
    0x5f, 0x31, 0x2f, 0x6c, 0x73, 0x74, 0x6d, 0x5f, 0x63, 0x65, 0x6c, 0x6c,
    0x5f, 0x34, 0x39, 0x2f, 0x73, 0x70, 0x6c, 0x69, 0x74, 0x33, 0x31, 0x00,
    0x02, 0x00, 0x00, 0x00, 0x01, 0x00, 0x00, 0x00, 0x10, 0x00, 0x00, 0x00,
    0xbe, 0x71, 0xfe, 0xff, 0x00, 0x00, 0x00, 0x01, 0x18, 0x00, 0x00, 0x00,
    0x20, 0x00, 0x00, 0x00, 0x40, 0x00, 0x00, 0x00, 0xd7, 0x01, 0x00, 0x00,
    0x00, 0x00, 0x00, 0x09, 0xd0, 0x00, 0x00, 0x00, 0x02, 0x00, 0x00, 0x00,
    0xff, 0xff, 0xff, 0xff, 0x10, 0x00, 0x00, 0x00, 0xa4, 0x71, 0xfe, 0xff,
    0x08, 0x00, 0x00, 0x00, 0x14, 0x00, 0x00, 0x00, 0x01, 0x00, 0x00, 0x00,
    0xd1, 0xff, 0xff, 0xff, 0xff, 0xff, 0xff, 0xff, 0x00, 0x00, 0x00, 0x00,
    0x01, 0x00, 0x00, 0x00, 0xf4, 0x97, 0x64, 0x3c, 0x96, 0x00, 0x00, 0x00,
    0x73, 0x6f, 0x63, 0x5f, 0x6c, 0x73, 0x74, 0x6d, 0x5f, 0x31, 0x2f, 0x6c,
    0x73, 0x74, 0x6d, 0x5f, 0x31, 0x2f, 0x6c, 0x73, 0x74, 0x6d, 0x5f, 0x63,
    0x65, 0x6c, 0x6c, 0x5f, 0x34, 0x39, 0x2f, 0x73, 0x70, 0x6c, 0x69, 0x74,
    0x3b, 0x73, 0x6f, 0x63, 0x5f, 0x6c, 0x73, 0x74, 0x6d, 0x5f, 0x31, 0x2f,
    0x6c, 0x73, 0x74, 0x6d, 0x5f, 0x31, 0x2f, 0x6c, 0x73, 0x74, 0x6d, 0x5f,
    0x63, 0x65, 0x6c, 0x6c, 0x5f, 0x34, 0x39, 0x2f, 0x73, 0x70, 0x6c, 0x69,
    0x74, 0x31, 0x3b, 0x73, 0x6f, 0x63, 0x5f, 0x6c, 0x73, 0x74, 0x6d, 0x5f,
    0x31, 0x2f, 0x6c, 0x73, 0x74, 0x6d, 0x5f, 0x31, 0x2f, 0x6c, 0x73, 0x74,
    0x6d, 0x5f, 0x63, 0x65, 0x6c, 0x6c, 0x5f, 0x34, 0x39, 0x2f, 0x73, 0x70,
    0x6c, 0x69, 0x74, 0x32, 0x3b, 0x73, 0x6f, 0x63, 0x5f, 0x6c, 0x73, 0x74,
    0x6d, 0x5f, 0x31, 0x2f, 0x6c, 0x73, 0x74, 0x6d, 0x5f, 0x31, 0x2f, 0x6c,
    0x73, 0x74, 0x6d, 0x5f, 0x63, 0x65, 0x6c, 0x6c, 0x5f, 0x34, 0x39, 0x2f,
    0x73, 0x70, 0x6c, 0x69, 0x74, 0x33, 0x00, 0x00, 0x02, 0x00, 0x00, 0x00,
    0x01, 0x00, 0x00, 0x00, 0x10, 0x00, 0x00, 0x00, 0xb6, 0x72, 0xfe, 0xff,
    0x00, 0x00, 0x00, 0x01, 0x18, 0x00, 0x00, 0x00, 0x20, 0x00, 0x00, 0x00,
    0x40, 0x00, 0x00, 0x00, 0xd6, 0x01, 0x00, 0x00, 0x00, 0x00, 0x00, 0x09,
    0x60, 0x00, 0x00, 0x00, 0x02, 0x00, 0x00, 0x00, 0xff, 0xff, 0xff, 0xff,
    0x40, 0x00, 0x00, 0x00, 0x9c, 0x72, 0xfe, 0xff, 0x08, 0x00, 0x00, 0x00,
    0x14, 0x00, 0x00, 0x00, 0x01, 0x00, 0x00, 0x00, 0xd1, 0xff, 0xff, 0xff,
    0xff, 0xff, 0xff, 0xff, 0x00, 0x00, 0x00, 0x00, 0x01, 0x00, 0x00, 0x00,
    0xf4, 0x97, 0x64, 0x3c, 0x26, 0x00, 0x00, 0x00, 0x73, 0x6f, 0x63, 0x5f,
    0x6c, 0x73, 0x74, 0x6d, 0x5f, 0x31, 0x2f, 0x6c, 0x73, 0x74, 0x6d, 0x5f,
    0x31, 0x2f, 0x6c, 0x73, 0x74, 0x6d, 0x5f, 0x63, 0x65, 0x6c, 0x6c, 0x5f,
    0x34, 0x39, 0x2f, 0x42, 0x69, 0x61, 0x73, 0x41, 0x64, 0x64, 0x00, 0x00,
    0x02, 0x00, 0x00, 0x00, 0x01, 0x00, 0x00, 0x00, 0x40, 0x00, 0x00, 0x00,
    0x3e, 0x73, 0xfe, 0xff, 0x00, 0x00, 0x00, 0x01, 0x18, 0x00, 0x00, 0x00,
    0x20, 0x00, 0x00, 0x00, 0x3c, 0x00, 0x00, 0x00, 0xd5, 0x01, 0x00, 0x00,
    0x00, 0x00, 0x00, 0x09, 0x58, 0x00, 0x00, 0x00, 0x02, 0x00, 0x00, 0x00,
    0xff, 0xff, 0xff, 0xff, 0x40, 0x00, 0x00, 0x00, 0x24, 0x73, 0xfe, 0xff,
    0x08, 0x00, 0x00, 0x00, 0x10, 0x00, 0x00, 0x00, 0x01, 0x00, 0x00, 0x00,
    0xd2, 0xff, 0xff, 0xff, 0xff, 0xff, 0xff, 0xff, 0x01, 0x00, 0x00, 0x00,
    0x2c, 0x1d, 0x65, 0x3c, 0x22, 0x00, 0x00, 0x00, 0x73, 0x6f, 0x63, 0x5f,
    0x6c, 0x73, 0x74, 0x6d, 0x5f, 0x31, 0x2f, 0x6c, 0x73, 0x74, 0x6d, 0x5f,
    0x31, 0x2f, 0x6c, 0x73, 0x74, 0x6d, 0x5f, 0x63, 0x65, 0x6c, 0x6c, 0x5f,
    0x34, 0x39, 0x2f, 0x41, 0x64, 0x64, 0x00, 0x00, 0x02, 0x00, 0x00, 0x00,
    0x01, 0x00, 0x00, 0x00, 0x40, 0x00, 0x00, 0x00, 0xbe, 0x73, 0xfe, 0xff,
    0x00, 0x00, 0x00, 0x01, 0x18, 0x00, 0x00, 0x00, 0x20, 0x00, 0x00, 0x00,
    0x40, 0x00, 0x00, 0x00, 0xd4, 0x01, 0x00, 0x00, 0x00, 0x00, 0x00, 0x09,
    0x60, 0x00, 0x00, 0x00, 0x02, 0x00, 0x00, 0x00, 0xff, 0xff, 0xff, 0xff,
    0x40, 0x00, 0x00, 0x00, 0xa4, 0x73, 0xfe, 0xff, 0x08, 0x00, 0x00, 0x00,
    0x14, 0x00, 0x00, 0x00, 0x01, 0x00, 0x00, 0x00, 0x02, 0x00, 0x00, 0x00,
    0x00, 0x00, 0x00, 0x00, 0x00, 0x00, 0x00, 0x00, 0x01, 0x00, 0x00, 0x00,
    0x88, 0x52, 0x1d, 0x3c, 0x27, 0x00, 0x00, 0x00, 0x73, 0x6f, 0x63, 0x5f,
    0x6c, 0x73, 0x74, 0x6d, 0x5f, 0x31, 0x2f, 0x6c, 0x73, 0x74, 0x6d, 0x5f,
    0x31, 0x2f, 0x6c, 0x73, 0x74, 0x6d, 0x5f, 0x63, 0x65, 0x6c, 0x6c, 0x5f,
    0x34, 0x39, 0x2f, 0x4d, 0x61, 0x74, 0x4d, 0x75, 0x6c, 0x5f, 0x31, 0x00,
    0x02, 0x00, 0x00, 0x00, 0x01, 0x00, 0x00, 0x00, 0x40, 0x00, 0x00, 0x00,
    0x46, 0x74, 0xfe, 0xff, 0x00, 0x00, 0x00, 0x01, 0x18, 0x00, 0x00, 0x00,
    0x20, 0x00, 0x00, 0x00, 0x40, 0x00, 0x00, 0x00, 0xd3, 0x01, 0x00, 0x00,
    0x00, 0x00, 0x00, 0x09, 0x60, 0x00, 0x00, 0x00, 0x02, 0x00, 0x00, 0x00,
    0xff, 0xff, 0xff, 0xff, 0x10, 0x00, 0x00, 0x00, 0x2c, 0x74, 0xfe, 0xff,
    0x08, 0x00, 0x00, 0x00, 0x14, 0x00, 0x00, 0x00, 0x01, 0x00, 0x00, 0x00,
    0x00, 0x00, 0x00, 0x00, 0x00, 0x00, 0x00, 0x00, 0x00, 0x00, 0x00, 0x00,
    0x01, 0x00, 0x00, 0x00, 0x4a, 0xc0, 0xad, 0x3b, 0x24, 0x00, 0x00, 0x00,
    0x73, 0x6f, 0x63, 0x5f, 0x6c, 0x73, 0x74, 0x6d, 0x5f, 0x31, 0x2f, 0x6c,
    0x73, 0x74, 0x6d, 0x5f, 0x31, 0x2f, 0x6c, 0x73, 0x74, 0x6d, 0x5f, 0x63,
    0x65, 0x6c, 0x6c, 0x5f, 0x34, 0x37, 0x2f, 0x6d, 0x75, 0x6c, 0x5f, 0x32,
    0x00, 0x00, 0x00, 0x00, 0x02, 0x00, 0x00, 0x00, 0x01, 0x00, 0x00, 0x00,
    0x10, 0x00, 0x00, 0x00, 0xce, 0x74, 0xfe, 0xff, 0x00, 0x00, 0x00, 0x01,
    0x18, 0x00, 0x00, 0x00, 0x20, 0x00, 0x00, 0x00, 0x40, 0x00, 0x00, 0x00,
    0xd2, 0x01, 0x00, 0x00, 0x00, 0x00, 0x00, 0x09, 0x60, 0x00, 0x00, 0x00,
    0x02, 0x00, 0x00, 0x00, 0xff, 0xff, 0xff, 0xff, 0x10, 0x00, 0x00, 0x00,
    0xb4, 0x74, 0xfe, 0xff, 0x08, 0x00, 0x00, 0x00, 0x14, 0x00, 0x00, 0x00,
    0x01, 0x00, 0x00, 0x00, 0x00, 0x00, 0x00, 0x00, 0x00, 0x00, 0x00, 0x00,
    0x00, 0x00, 0x00, 0x00, 0x01, 0x00, 0x00, 0x00, 0x00, 0x00, 0x00, 0x3c,
    0x25, 0x00, 0x00, 0x00, 0x73, 0x6f, 0x63, 0x5f, 0x6c, 0x73, 0x74, 0x6d,
    0x5f, 0x31, 0x2f, 0x6c, 0x73, 0x74, 0x6d, 0x5f, 0x31, 0x2f, 0x6c, 0x73,
    0x74, 0x6d, 0x5f, 0x63, 0x65, 0x6c, 0x6c, 0x5f, 0x34, 0x37, 0x2f, 0x54,
    0x61, 0x6e, 0x68, 0x5f, 0x31, 0x00, 0x00, 0x00, 0x02, 0x00, 0x00, 0x00,
    0x01, 0x00, 0x00, 0x00, 0x10, 0x00, 0x00, 0x00, 0x56, 0x75, 0xfe, 0xff,
    0x00, 0x00, 0x00, 0x01, 0x18, 0x00, 0x00, 0x00, 0x20, 0x00, 0x00, 0x00,
    0x40, 0x00, 0x00, 0x00, 0xd1, 0x01, 0x00, 0x00, 0x00, 0x00, 0x00, 0x09,
    0x60, 0x00, 0x00, 0x00, 0x02, 0x00, 0x00, 0x00, 0xff, 0xff, 0xff, 0xff,
    0x10, 0x00, 0x00, 0x00, 0x3c, 0x75, 0xfe, 0xff, 0x08, 0x00, 0x00, 0x00,
    0x14, 0x00, 0x00, 0x00, 0x01, 0x00, 0x00, 0x00, 0x06, 0x00, 0x00, 0x00,
    0x00, 0x00, 0x00, 0x00, 0x00, 0x00, 0x00, 0x00, 0x01, 0x00, 0x00, 0x00,
    0x28, 0x02, 0x5c, 0x3c, 0x24, 0x00, 0x00, 0x00, 0x73, 0x6f, 0x63, 0x5f,
    0x6c, 0x73, 0x74, 0x6d, 0x5f, 0x31, 0x2f, 0x6c, 0x73, 0x74, 0x6d, 0x5f,
    0x31, 0x2f, 0x6c, 0x73, 0x74, 0x6d, 0x5f, 0x63, 0x65, 0x6c, 0x6c, 0x5f,
    0x34, 0x37, 0x2f, 0x61, 0x64, 0x64, 0x5f, 0x31, 0x00, 0x00, 0x00, 0x00,
    0x02, 0x00, 0x00, 0x00, 0x01, 0x00, 0x00, 0x00, 0x10, 0x00, 0x00, 0x00,
    0xde, 0x75, 0xfe, 0xff, 0x00, 0x00, 0x00, 0x01, 0x18, 0x00, 0x00, 0x00,
    0x20, 0x00, 0x00, 0x00, 0x40, 0x00, 0x00, 0x00, 0xd0, 0x01, 0x00, 0x00,
    0x00, 0x00, 0x00, 0x09, 0x60, 0x00, 0x00, 0x00, 0x02, 0x00, 0x00, 0x00,
    0xff, 0xff, 0xff, 0xff, 0x10, 0x00, 0x00, 0x00, 0xc4, 0x75, 0xfe, 0xff,
    0x08, 0x00, 0x00, 0x00, 0x14, 0x00, 0x00, 0x00, 0x01, 0x00, 0x00, 0x00,
    0x01, 0x00, 0x00, 0x00, 0x00, 0x00, 0x00, 0x00, 0x00, 0x00, 0x00, 0x00,
    0x01, 0x00, 0x00, 0x00, 0x40, 0xef, 0x60, 0x3b, 0x24, 0x00, 0x00, 0x00,
    0x73, 0x6f, 0x63, 0x5f, 0x6c, 0x73, 0x74, 0x6d, 0x5f, 0x31, 0x2f, 0x6c,
    0x73, 0x74, 0x6d, 0x5f, 0x31, 0x2f, 0x6c, 0x73, 0x74, 0x6d, 0x5f, 0x63,
    0x65, 0x6c, 0x6c, 0x5f, 0x34, 0x37, 0x2f, 0x6d, 0x75, 0x6c, 0x5f, 0x31,
    0x00, 0x00, 0x00, 0x00, 0x02, 0x00, 0x00, 0x00, 0x01, 0x00, 0x00, 0x00,
    0x10, 0x00, 0x00, 0x00, 0x66, 0x76, 0xfe, 0xff, 0x00, 0x00, 0x00, 0x01,
    0x18, 0x00, 0x00, 0x00, 0x20, 0x00, 0x00, 0x00, 0x3c, 0x00, 0x00, 0x00,
    0xcf, 0x01, 0x00, 0x00, 0x00, 0x00, 0x00, 0x09, 0x58, 0x00, 0x00, 0x00,
    0x02, 0x00, 0x00, 0x00, 0xff, 0xff, 0xff, 0xff, 0x10, 0x00, 0x00, 0x00,
    0x4c, 0x76, 0xfe, 0xff, 0x08, 0x00, 0x00, 0x00, 0x10, 0x00, 0x00, 0x00,
    0x01, 0x00, 0x00, 0x00, 0x00, 0x00, 0x00, 0x00, 0x00, 0x00, 0x00, 0x00,
    0x01, 0x00, 0x00, 0x00, 0x00, 0x00, 0x00, 0x3c, 0x23, 0x00, 0x00, 0x00,
    0x73, 0x6f, 0x63, 0x5f, 0x6c, 0x73, 0x74, 0x6d, 0x5f, 0x31, 0x2f, 0x6c,
    0x73, 0x74, 0x6d, 0x5f, 0x31, 0x2f, 0x6c, 0x73, 0x74, 0x6d, 0x5f, 0x63,
    0x65, 0x6c, 0x6c, 0x5f, 0x34, 0x37, 0x2f, 0x54, 0x61, 0x6e, 0x68, 0x00,
    0x02, 0x00, 0x00, 0x00, 0x01, 0x00, 0x00, 0x00, 0x10, 0x00, 0x00, 0x00,
    0xe6, 0x76, 0xfe, 0xff, 0x00, 0x00, 0x00, 0x01, 0x18, 0x00, 0x00, 0x00,
    0x20, 0x00, 0x00, 0x00, 0x3c, 0x00, 0x00, 0x00, 0xce, 0x01, 0x00, 0x00,
    0x00, 0x00, 0x00, 0x09, 0x60, 0x00, 0x00, 0x00, 0x02, 0x00, 0x00, 0x00,
    0xff, 0xff, 0xff, 0xff, 0x10, 0x00, 0x00, 0x00, 0xcc, 0x76, 0xfe, 0xff,
    0x08, 0x00, 0x00, 0x00, 0x10, 0x00, 0x00, 0x00, 0x01, 0x00, 0x00, 0x00,
    0x80, 0xff, 0xff, 0xff, 0xff, 0xff, 0xff, 0xff, 0x01, 0x00, 0x00, 0x00,
    0x00, 0x00, 0x80, 0x3b, 0x28, 0x00, 0x00, 0x00, 0x73, 0x6f, 0x63, 0x5f,
    0x6c, 0x73, 0x74, 0x6d, 0x5f, 0x31, 0x2f, 0x6c, 0x73, 0x74, 0x6d, 0x5f,
    0x31, 0x2f, 0x6c, 0x73, 0x74, 0x6d, 0x5f, 0x63, 0x65, 0x6c, 0x6c, 0x5f,
    0x34, 0x37, 0x2f, 0x53, 0x69, 0x67, 0x6d, 0x6f, 0x69, 0x64, 0x5f, 0x32,
    0x00, 0x00, 0x00, 0x00, 0x02, 0x00, 0x00, 0x00, 0x01, 0x00, 0x00, 0x00,
    0x10, 0x00, 0x00, 0x00, 0x6e, 0x77, 0xfe, 0xff, 0x00, 0x00, 0x00, 0x01,
    0x18, 0x00, 0x00, 0x00, 0x20, 0x00, 0x00, 0x00, 0x3c, 0x00, 0x00, 0x00,
    0xcd, 0x01, 0x00, 0x00, 0x00, 0x00, 0x00, 0x09, 0x58, 0x00, 0x00, 0x00,
    0x02, 0x00, 0x00, 0x00, 0xff, 0xff, 0xff, 0xff, 0x10, 0x00, 0x00, 0x00,
    0x54, 0x77, 0xfe, 0xff, 0x08, 0x00, 0x00, 0x00, 0x10, 0x00, 0x00, 0x00,
    0x01, 0x00, 0x00, 0x00, 0x06, 0x00, 0x00, 0x00, 0x00, 0x00, 0x00, 0x00,
    0x01, 0x00, 0x00, 0x00, 0x28, 0x02, 0x5c, 0x3c, 0x22, 0x00, 0x00, 0x00,
    0x73, 0x6f, 0x63, 0x5f, 0x6c, 0x73, 0x74, 0x6d, 0x5f, 0x31, 0x2f, 0x6c,
    0x73, 0x74, 0x6d, 0x5f, 0x31, 0x2f, 0x6c, 0x73, 0x74, 0x6d, 0x5f, 0x63,
    0x65, 0x6c, 0x6c, 0x5f, 0x34, 0x37, 0x2f, 0x6d, 0x75, 0x6c, 0x00, 0x00,
    0x02, 0x00, 0x00, 0x00, 0x01, 0x00, 0x00, 0x00, 0x10, 0x00, 0x00, 0x00,
    0xee, 0x77, 0xfe, 0xff, 0x00, 0x00, 0x00, 0x01, 0x18, 0x00, 0x00, 0x00,
    0x20, 0x00, 0x00, 0x00, 0x3c, 0x00, 0x00, 0x00, 0xcc, 0x01, 0x00, 0x00,
    0x00, 0x00, 0x00, 0x09, 0x60, 0x00, 0x00, 0x00, 0x02, 0x00, 0x00, 0x00,
    0xff, 0xff, 0xff, 0xff, 0x10, 0x00, 0x00, 0x00, 0xd4, 0x77, 0xfe, 0xff,
    0x08, 0x00, 0x00, 0x00, 0x10, 0x00, 0x00, 0x00, 0x01, 0x00, 0x00, 0x00,
    0x80, 0xff, 0xff, 0xff, 0xff, 0xff, 0xff, 0xff, 0x01, 0x00, 0x00, 0x00,
    0x00, 0x00, 0x80, 0x3b, 0x28, 0x00, 0x00, 0x00, 0x73, 0x6f, 0x63, 0x5f,
    0x6c, 0x73, 0x74, 0x6d, 0x5f, 0x31, 0x2f, 0x6c, 0x73, 0x74, 0x6d, 0x5f,
    0x31, 0x2f, 0x6c, 0x73, 0x74, 0x6d, 0x5f, 0x63, 0x65, 0x6c, 0x6c, 0x5f,
    0x34, 0x37, 0x2f, 0x53, 0x69, 0x67, 0x6d, 0x6f, 0x69, 0x64, 0x5f, 0x31,
    0x00, 0x00, 0x00, 0x00, 0x02, 0x00, 0x00, 0x00, 0x01, 0x00, 0x00, 0x00,
    0x10, 0x00, 0x00, 0x00, 0x76, 0x78, 0xfe, 0xff, 0x00, 0x00, 0x00, 0x01,
    0x18, 0x00, 0x00, 0x00, 0x20, 0x00, 0x00, 0x00, 0x40, 0x00, 0x00, 0x00,
    0xcb, 0x01, 0x00, 0x00, 0x00, 0x00, 0x00, 0x09, 0x60, 0x00, 0x00, 0x00,
    0x02, 0x00, 0x00, 0x00, 0xff, 0xff, 0xff, 0xff, 0x10, 0x00, 0x00, 0x00,
    0x5c, 0x78, 0xfe, 0xff, 0x08, 0x00, 0x00, 0x00, 0x14, 0x00, 0x00, 0x00,
    0x01, 0x00, 0x00, 0x00, 0x80, 0xff, 0xff, 0xff, 0xff, 0xff, 0xff, 0xff,
    0x00, 0x00, 0x00, 0x00, 0x01, 0x00, 0x00, 0x00, 0x00, 0x00, 0x80, 0x3b,
    0x26, 0x00, 0x00, 0x00, 0x73, 0x6f, 0x63, 0x5f, 0x6c, 0x73, 0x74, 0x6d,
    0x5f, 0x31, 0x2f, 0x6c, 0x73, 0x74, 0x6d, 0x5f, 0x31, 0x2f, 0x6c, 0x73,
    0x74, 0x6d, 0x5f, 0x63, 0x65, 0x6c, 0x6c, 0x5f, 0x34, 0x37, 0x2f, 0x53,
    0x69, 0x67, 0x6d, 0x6f, 0x69, 0x64, 0x00, 0x00, 0x02, 0x00, 0x00, 0x00,
    0x01, 0x00, 0x00, 0x00, 0x10, 0x00, 0x00, 0x00, 0xfe, 0x78, 0xfe, 0xff,
    0x00, 0x00, 0x00, 0x01, 0x18, 0x00, 0x00, 0x00, 0x20, 0x00, 0x00, 0x00,
    0x40, 0x00, 0x00, 0x00, 0xca, 0x01, 0x00, 0x00, 0x00, 0x00, 0x00, 0x09,
    0xd0, 0x00, 0x00, 0x00, 0x02, 0x00, 0x00, 0x00, 0xff, 0xff, 0xff, 0xff,
    0x10, 0x00, 0x00, 0x00, 0xe4, 0x78, 0xfe, 0xff, 0x08, 0x00, 0x00, 0x00,
    0x14, 0x00, 0x00, 0x00, 0x01, 0x00, 0x00, 0x00, 0xcf, 0xff, 0xff, 0xff,
    0xff, 0xff, 0xff, 0xff, 0x00, 0x00, 0x00, 0x00, 0x01, 0x00, 0x00, 0x00,
    0x91, 0xc2, 0x57, 0x3c, 0x97, 0x00, 0x00, 0x00, 0x73, 0x6f, 0x63, 0x5f,
    0x6c, 0x73, 0x74, 0x6d, 0x5f, 0x31, 0x2f, 0x6c, 0x73, 0x74, 0x6d, 0x5f,
    0x31, 0x2f, 0x6c, 0x73, 0x74, 0x6d, 0x5f, 0x63, 0x65, 0x6c, 0x6c, 0x5f,
    0x34, 0x37, 0x2f, 0x73, 0x70, 0x6c, 0x69, 0x74, 0x3b, 0x73, 0x6f, 0x63,
    0x5f, 0x6c, 0x73, 0x74, 0x6d, 0x5f, 0x31, 0x2f, 0x6c, 0x73, 0x74, 0x6d,
    0x5f, 0x31, 0x2f, 0x6c, 0x73, 0x74, 0x6d, 0x5f, 0x63, 0x65, 0x6c, 0x6c,
    0x5f, 0x34, 0x37, 0x2f, 0x73, 0x70, 0x6c, 0x69, 0x74, 0x31, 0x3b, 0x73,
    0x6f, 0x63, 0x5f, 0x6c, 0x73, 0x74, 0x6d, 0x5f, 0x31, 0x2f, 0x6c, 0x73,
    0x74, 0x6d, 0x5f, 0x31, 0x2f, 0x6c, 0x73, 0x74, 0x6d, 0x5f, 0x63, 0x65,
    0x6c, 0x6c, 0x5f, 0x34, 0x37, 0x2f, 0x73, 0x70, 0x6c, 0x69, 0x74, 0x32,
    0x3b, 0x73, 0x6f, 0x63, 0x5f, 0x6c, 0x73, 0x74, 0x6d, 0x5f, 0x31, 0x2f,
    0x6c, 0x73, 0x74, 0x6d, 0x5f, 0x31, 0x2f, 0x6c, 0x73, 0x74, 0x6d, 0x5f,
    0x63, 0x65, 0x6c, 0x6c, 0x5f, 0x34, 0x37, 0x2f, 0x73, 0x70, 0x6c, 0x69,
    0x74, 0x33, 0x33, 0x00, 0x02, 0x00, 0x00, 0x00, 0x01, 0x00, 0x00, 0x00,
    0x10, 0x00, 0x00, 0x00, 0xf6, 0x79, 0xfe, 0xff, 0x00, 0x00, 0x00, 0x01,
    0x18, 0x00, 0x00, 0x00, 0x20, 0x00, 0x00, 0x00, 0x40, 0x00, 0x00, 0x00,
    0xc9, 0x01, 0x00, 0x00, 0x00, 0x00, 0x00, 0x09, 0xd0, 0x00, 0x00, 0x00,
    0x02, 0x00, 0x00, 0x00, 0xff, 0xff, 0xff, 0xff, 0x10, 0x00, 0x00, 0x00,
    0xdc, 0x79, 0xfe, 0xff, 0x08, 0x00, 0x00, 0x00, 0x14, 0x00, 0x00, 0x00,
    0x01, 0x00, 0x00, 0x00, 0xcf, 0xff, 0xff, 0xff, 0xff, 0xff, 0xff, 0xff,
    0x00, 0x00, 0x00, 0x00, 0x01, 0x00, 0x00, 0x00, 0x91, 0xc2, 0x57, 0x3c,
    0x97, 0x00, 0x00, 0x00, 0x73, 0x6f, 0x63, 0x5f, 0x6c, 0x73, 0x74, 0x6d,
    0x5f, 0x31, 0x2f, 0x6c, 0x73, 0x74, 0x6d, 0x5f, 0x31, 0x2f, 0x6c, 0x73,
    0x74, 0x6d, 0x5f, 0x63, 0x65, 0x6c, 0x6c, 0x5f, 0x34, 0x37, 0x2f, 0x73,
    0x70, 0x6c, 0x69, 0x74, 0x3b, 0x73, 0x6f, 0x63, 0x5f, 0x6c, 0x73, 0x74,
    0x6d, 0x5f, 0x31, 0x2f, 0x6c, 0x73, 0x74, 0x6d, 0x5f, 0x31, 0x2f, 0x6c,
    0x73, 0x74, 0x6d, 0x5f, 0x63, 0x65, 0x6c, 0x6c, 0x5f, 0x34, 0x37, 0x2f,
    0x73, 0x70, 0x6c, 0x69, 0x74, 0x31, 0x3b, 0x73, 0x6f, 0x63, 0x5f, 0x6c,
    0x73, 0x74, 0x6d, 0x5f, 0x31, 0x2f, 0x6c, 0x73, 0x74, 0x6d, 0x5f, 0x31,
    0x2f, 0x6c, 0x73, 0x74, 0x6d, 0x5f, 0x63, 0x65, 0x6c, 0x6c, 0x5f, 0x34,
    0x37, 0x2f, 0x73, 0x70, 0x6c, 0x69, 0x74, 0x32, 0x3b, 0x73, 0x6f, 0x63,
    0x5f, 0x6c, 0x73, 0x74, 0x6d, 0x5f, 0x31, 0x2f, 0x6c, 0x73, 0x74, 0x6d,
    0x5f, 0x31, 0x2f, 0x6c, 0x73, 0x74, 0x6d, 0x5f, 0x63, 0x65, 0x6c, 0x6c,
    0x5f, 0x34, 0x37, 0x2f, 0x73, 0x70, 0x6c, 0x69, 0x74, 0x33, 0x32, 0x00,
    0x02, 0x00, 0x00, 0x00, 0x01, 0x00, 0x00, 0x00, 0x10, 0x00, 0x00, 0x00,
    0xee, 0x7a, 0xfe, 0xff, 0x00, 0x00, 0x00, 0x01, 0x18, 0x00, 0x00, 0x00,
    0x20, 0x00, 0x00, 0x00, 0x40, 0x00, 0x00, 0x00, 0xc8, 0x01, 0x00, 0x00,
    0x00, 0x00, 0x00, 0x09, 0xd0, 0x00, 0x00, 0x00, 0x02, 0x00, 0x00, 0x00,
    0xff, 0xff, 0xff, 0xff, 0x10, 0x00, 0x00, 0x00, 0xd4, 0x7a, 0xfe, 0xff,
    0x08, 0x00, 0x00, 0x00, 0x14, 0x00, 0x00, 0x00, 0x01, 0x00, 0x00, 0x00,
    0xcf, 0xff, 0xff, 0xff, 0xff, 0xff, 0xff, 0xff, 0x00, 0x00, 0x00, 0x00,
    0x01, 0x00, 0x00, 0x00, 0x91, 0xc2, 0x57, 0x3c, 0x97, 0x00, 0x00, 0x00,
    0x73, 0x6f, 0x63, 0x5f, 0x6c, 0x73, 0x74, 0x6d, 0x5f, 0x31, 0x2f, 0x6c,
    0x73, 0x74, 0x6d, 0x5f, 0x31, 0x2f, 0x6c, 0x73, 0x74, 0x6d, 0x5f, 0x63,
    0x65, 0x6c, 0x6c, 0x5f, 0x34, 0x37, 0x2f, 0x73, 0x70, 0x6c, 0x69, 0x74,
    0x3b, 0x73, 0x6f, 0x63, 0x5f, 0x6c, 0x73, 0x74, 0x6d, 0x5f, 0x31, 0x2f,
    0x6c, 0x73, 0x74, 0x6d, 0x5f, 0x31, 0x2f, 0x6c, 0x73, 0x74, 0x6d, 0x5f,
    0x63, 0x65, 0x6c, 0x6c, 0x5f, 0x34, 0x37, 0x2f, 0x73, 0x70, 0x6c, 0x69,
    0x74, 0x31, 0x3b, 0x73, 0x6f, 0x63, 0x5f, 0x6c, 0x73, 0x74, 0x6d, 0x5f,
    0x31, 0x2f, 0x6c, 0x73, 0x74, 0x6d, 0x5f, 0x31, 0x2f, 0x6c, 0x73, 0x74,
    0x6d, 0x5f, 0x63, 0x65, 0x6c, 0x6c, 0x5f, 0x34, 0x37, 0x2f, 0x73, 0x70,
    0x6c, 0x69, 0x74, 0x32, 0x3b, 0x73, 0x6f, 0x63, 0x5f, 0x6c, 0x73, 0x74,
    0x6d, 0x5f, 0x31, 0x2f, 0x6c, 0x73, 0x74, 0x6d, 0x5f, 0x31, 0x2f, 0x6c,
    0x73, 0x74, 0x6d, 0x5f, 0x63, 0x65, 0x6c, 0x6c, 0x5f, 0x34, 0x37, 0x2f,
    0x73, 0x70, 0x6c, 0x69, 0x74, 0x33, 0x31, 0x00, 0x02, 0x00, 0x00, 0x00,
    0x01, 0x00, 0x00, 0x00, 0x10, 0x00, 0x00, 0x00, 0xe6, 0x7b, 0xfe, 0xff,
    0x00, 0x00, 0x00, 0x01, 0x18, 0x00, 0x00, 0x00, 0x20, 0x00, 0x00, 0x00,
    0x40, 0x00, 0x00, 0x00, 0xc7, 0x01, 0x00, 0x00, 0x00, 0x00, 0x00, 0x09,
    0xd0, 0x00, 0x00, 0x00, 0x02, 0x00, 0x00, 0x00, 0xff, 0xff, 0xff, 0xff,
    0x10, 0x00, 0x00, 0x00, 0xcc, 0x7b, 0xfe, 0xff, 0x08, 0x00, 0x00, 0x00,
    0x14, 0x00, 0x00, 0x00, 0x01, 0x00, 0x00, 0x00, 0xcf, 0xff, 0xff, 0xff,
    0xff, 0xff, 0xff, 0xff, 0x00, 0x00, 0x00, 0x00, 0x01, 0x00, 0x00, 0x00,
    0x91, 0xc2, 0x57, 0x3c, 0x96, 0x00, 0x00, 0x00, 0x73, 0x6f, 0x63, 0x5f,
    0x6c, 0x73, 0x74, 0x6d, 0x5f, 0x31, 0x2f, 0x6c, 0x73, 0x74, 0x6d, 0x5f,
    0x31, 0x2f, 0x6c, 0x73, 0x74, 0x6d, 0x5f, 0x63, 0x65, 0x6c, 0x6c, 0x5f,
    0x34, 0x37, 0x2f, 0x73, 0x70, 0x6c, 0x69, 0x74, 0x3b, 0x73, 0x6f, 0x63,
    0x5f, 0x6c, 0x73, 0x74, 0x6d, 0x5f, 0x31, 0x2f, 0x6c, 0x73, 0x74, 0x6d,
    0x5f, 0x31, 0x2f, 0x6c, 0x73, 0x74, 0x6d, 0x5f, 0x63, 0x65, 0x6c, 0x6c,
    0x5f, 0x34, 0x37, 0x2f, 0x73, 0x70, 0x6c, 0x69, 0x74, 0x31, 0x3b, 0x73,
    0x6f, 0x63, 0x5f, 0x6c, 0x73, 0x74, 0x6d, 0x5f, 0x31, 0x2f, 0x6c, 0x73,
    0x74, 0x6d, 0x5f, 0x31, 0x2f, 0x6c, 0x73, 0x74, 0x6d, 0x5f, 0x63, 0x65,
    0x6c, 0x6c, 0x5f, 0x34, 0x37, 0x2f, 0x73, 0x70, 0x6c, 0x69, 0x74, 0x32,
    0x3b, 0x73, 0x6f, 0x63, 0x5f, 0x6c, 0x73, 0x74, 0x6d, 0x5f, 0x31, 0x2f,
    0x6c, 0x73, 0x74, 0x6d, 0x5f, 0x31, 0x2f, 0x6c, 0x73, 0x74, 0x6d, 0x5f,
    0x63, 0x65, 0x6c, 0x6c, 0x5f, 0x34, 0x37, 0x2f, 0x73, 0x70, 0x6c, 0x69,
    0x74, 0x33, 0x00, 0x00, 0x02, 0x00, 0x00, 0x00, 0x01, 0x00, 0x00, 0x00,
    0x10, 0x00, 0x00, 0x00, 0xde, 0x7c, 0xfe, 0xff, 0x00, 0x00, 0x00, 0x01,
    0x18, 0x00, 0x00, 0x00, 0x20, 0x00, 0x00, 0x00, 0x40, 0x00, 0x00, 0x00,
    0xc6, 0x01, 0x00, 0x00, 0x00, 0x00, 0x00, 0x09, 0x60, 0x00, 0x00, 0x00,
    0x02, 0x00, 0x00, 0x00, 0xff, 0xff, 0xff, 0xff, 0x40, 0x00, 0x00, 0x00,
    0xc4, 0x7c, 0xfe, 0xff, 0x08, 0x00, 0x00, 0x00, 0x14, 0x00, 0x00, 0x00,
    0x01, 0x00, 0x00, 0x00, 0xcf, 0xff, 0xff, 0xff, 0xff, 0xff, 0xff, 0xff,
    0x00, 0x00, 0x00, 0x00, 0x01, 0x00, 0x00, 0x00, 0x91, 0xc2, 0x57, 0x3c,
    0x26, 0x00, 0x00, 0x00, 0x73, 0x6f, 0x63, 0x5f, 0x6c, 0x73, 0x74, 0x6d,
    0x5f, 0x31, 0x2f, 0x6c, 0x73, 0x74, 0x6d, 0x5f, 0x31, 0x2f, 0x6c, 0x73,
    0x74, 0x6d, 0x5f, 0x63, 0x65, 0x6c, 0x6c, 0x5f, 0x34, 0x37, 0x2f, 0x42,
    0x69, 0x61, 0x73, 0x41, 0x64, 0x64, 0x00, 0x00, 0x02, 0x00, 0x00, 0x00,
    0x01, 0x00, 0x00, 0x00, 0x40, 0x00, 0x00, 0x00, 0x66, 0x7d, 0xfe, 0xff,
    0x00, 0x00, 0x00, 0x01, 0x18, 0x00, 0x00, 0x00, 0x20, 0x00, 0x00, 0x00,
    0x3c, 0x00, 0x00, 0x00, 0xc5, 0x01, 0x00, 0x00, 0x00, 0x00, 0x00, 0x09,
    0x58, 0x00, 0x00, 0x00, 0x02, 0x00, 0x00, 0x00, 0xff, 0xff, 0xff, 0xff,
    0x40, 0x00, 0x00, 0x00, 0x4c, 0x7d, 0xfe, 0xff, 0x08, 0x00, 0x00, 0x00,
    0x10, 0x00, 0x00, 0x00, 0x01, 0x00, 0x00, 0x00, 0xd2, 0xff, 0xff, 0xff,
    0xff, 0xff, 0xff, 0xff, 0x01, 0x00, 0x00, 0x00, 0x8c, 0x13, 0x5c, 0x3c,
    0x22, 0x00, 0x00, 0x00, 0x73, 0x6f, 0x63, 0x5f, 0x6c, 0x73, 0x74, 0x6d,
    0x5f, 0x31, 0x2f, 0x6c, 0x73, 0x74, 0x6d, 0x5f, 0x31, 0x2f, 0x6c, 0x73,
    0x74, 0x6d, 0x5f, 0x63, 0x65, 0x6c, 0x6c, 0x5f, 0x34, 0x37, 0x2f, 0x41,
    0x64, 0x64, 0x00, 0x00, 0x02, 0x00, 0x00, 0x00, 0x01, 0x00, 0x00, 0x00,
    0x40, 0x00, 0x00, 0x00, 0xe6, 0x7d, 0xfe, 0xff, 0x00, 0x00, 0x00, 0x01,
    0x18, 0x00, 0x00, 0x00, 0x20, 0x00, 0x00, 0x00, 0x40, 0x00, 0x00, 0x00,
    0xc4, 0x01, 0x00, 0x00, 0x00, 0x00, 0x00, 0x09, 0x60, 0x00, 0x00, 0x00,
    0x02, 0x00, 0x00, 0x00, 0xff, 0xff, 0xff, 0xff, 0x40, 0x00, 0x00, 0x00,
    0xcc, 0x7d, 0xfe, 0xff, 0x08, 0x00, 0x00, 0x00, 0x14, 0x00, 0x00, 0x00,
    0x01, 0x00, 0x00, 0x00, 0x03, 0x00, 0x00, 0x00, 0x00, 0x00, 0x00, 0x00,
    0x00, 0x00, 0x00, 0x00, 0x01, 0x00, 0x00, 0x00, 0x0d, 0xa8, 0x11, 0x3c,
    0x27, 0x00, 0x00, 0x00, 0x73, 0x6f, 0x63, 0x5f, 0x6c, 0x73, 0x74, 0x6d,
    0x5f, 0x31, 0x2f, 0x6c, 0x73, 0x74, 0x6d, 0x5f, 0x31, 0x2f, 0x6c, 0x73,
    0x74, 0x6d, 0x5f, 0x63, 0x65, 0x6c, 0x6c, 0x5f, 0x34, 0x37, 0x2f, 0x4d,
    0x61, 0x74, 0x4d, 0x75, 0x6c, 0x5f, 0x31, 0x00, 0x02, 0x00, 0x00, 0x00,
    0x01, 0x00, 0x00, 0x00, 0x40, 0x00, 0x00, 0x00, 0x6e, 0x7e, 0xfe, 0xff,
    0x00, 0x00, 0x00, 0x01, 0x18, 0x00, 0x00, 0x00, 0x20, 0x00, 0x00, 0x00,
    0x40, 0x00, 0x00, 0x00, 0xc3, 0x01, 0x00, 0x00, 0x00, 0x00, 0x00, 0x09,
    0x60, 0x00, 0x00, 0x00, 0x02, 0x00, 0x00, 0x00, 0xff, 0xff, 0xff, 0xff,
    0x10, 0x00, 0x00, 0x00, 0x54, 0x7e, 0xfe, 0xff, 0x08, 0x00, 0x00, 0x00,
    0x14, 0x00, 0x00, 0x00, 0x01, 0x00, 0x00, 0x00, 0x02, 0x00, 0x00, 0x00,
    0x00, 0x00, 0x00, 0x00, 0x00, 0x00, 0x00, 0x00, 0x01, 0x00, 0x00, 0x00,
    0xc1, 0x12, 0xa5, 0x3b, 0x24, 0x00, 0x00, 0x00, 0x73, 0x6f, 0x63, 0x5f,
    0x6c, 0x73, 0x74, 0x6d, 0x5f, 0x31, 0x2f, 0x6c, 0x73, 0x74, 0x6d, 0x5f,
    0x31, 0x2f, 0x6c, 0x73, 0x74, 0x6d, 0x5f, 0x63, 0x65, 0x6c, 0x6c, 0x5f,
    0x34, 0x35, 0x2f, 0x6d, 0x75, 0x6c, 0x5f, 0x32, 0x00, 0x00, 0x00, 0x00,
    0x02, 0x00, 0x00, 0x00, 0x01, 0x00, 0x00, 0x00, 0x10, 0x00, 0x00, 0x00,
    0xf6, 0x7e, 0xfe, 0xff, 0x00, 0x00, 0x00, 0x01, 0x18, 0x00, 0x00, 0x00,
    0x20, 0x00, 0x00, 0x00, 0x40, 0x00, 0x00, 0x00, 0xc2, 0x01, 0x00, 0x00,
    0x00, 0x00, 0x00, 0x09, 0x60, 0x00, 0x00, 0x00, 0x02, 0x00, 0x00, 0x00,
    0xff, 0xff, 0xff, 0xff, 0x10, 0x00, 0x00, 0x00, 0xdc, 0x7e, 0xfe, 0xff,
    0x08, 0x00, 0x00, 0x00, 0x14, 0x00, 0x00, 0x00, 0x01, 0x00, 0x00, 0x00,
    0x00, 0x00, 0x00, 0x00, 0x00, 0x00, 0x00, 0x00, 0x00, 0x00, 0x00, 0x00,
    0x01, 0x00, 0x00, 0x00, 0x00, 0x00, 0x00, 0x3c, 0x25, 0x00, 0x00, 0x00,
    0x73, 0x6f, 0x63, 0x5f, 0x6c, 0x73, 0x74, 0x6d, 0x5f, 0x31, 0x2f, 0x6c,
    0x73, 0x74, 0x6d, 0x5f, 0x31, 0x2f, 0x6c, 0x73, 0x74, 0x6d, 0x5f, 0x63,
    0x65, 0x6c, 0x6c, 0x5f, 0x34, 0x35, 0x2f, 0x54, 0x61, 0x6e, 0x68, 0x5f,
    0x31, 0x00, 0x00, 0x00, 0x02, 0x00, 0x00, 0x00, 0x01, 0x00, 0x00, 0x00,
    0x10, 0x00, 0x00, 0x00, 0x7e, 0x7f, 0xfe, 0xff, 0x00, 0x00, 0x00, 0x01,
    0x18, 0x00, 0x00, 0x00, 0x20, 0x00, 0x00, 0x00, 0x40, 0x00, 0x00, 0x00,
    0xc1, 0x01, 0x00, 0x00, 0x00, 0x00, 0x00, 0x09, 0x60, 0x00, 0x00, 0x00,
    0x02, 0x00, 0x00, 0x00, 0xff, 0xff, 0xff, 0xff, 0x10, 0x00, 0x00, 0x00,
    0x64, 0x7f, 0xfe, 0xff, 0x08, 0x00, 0x00, 0x00, 0x14, 0x00, 0x00, 0x00,
    0x01, 0x00, 0x00, 0x00, 0x09, 0x00, 0x00, 0x00, 0x00, 0x00, 0x00, 0x00,
    0x00, 0x00, 0x00, 0x00, 0x01, 0x00, 0x00, 0x00, 0x4e, 0x92, 0x4d, 0x3c,
    0x24, 0x00, 0x00, 0x00, 0x73, 0x6f, 0x63, 0x5f, 0x6c, 0x73, 0x74, 0x6d,
    0x5f, 0x31, 0x2f, 0x6c, 0x73, 0x74, 0x6d, 0x5f, 0x31, 0x2f, 0x6c, 0x73,
    0x74, 0x6d, 0x5f, 0x63, 0x65, 0x6c, 0x6c, 0x5f, 0x34, 0x35, 0x2f, 0x61,
    0x64, 0x64, 0x5f, 0x31, 0x00, 0x00, 0x00, 0x00, 0x02, 0x00, 0x00, 0x00,
    0x01, 0x00, 0x00, 0x00, 0x10, 0x00, 0x00, 0x00, 0x06, 0x80, 0xfe, 0xff,
    0x00, 0x00, 0x00, 0x01, 0x18, 0x00, 0x00, 0x00, 0x20, 0x00, 0x00, 0x00,
    0x40, 0x00, 0x00, 0x00, 0xc0, 0x01, 0x00, 0x00, 0x00, 0x00, 0x00, 0x09,
    0x60, 0x00, 0x00, 0x00, 0x02, 0x00, 0x00, 0x00, 0xff, 0xff, 0xff, 0xff,
    0x10, 0x00, 0x00, 0x00, 0xec, 0x7f, 0xfe, 0xff, 0x08, 0x00, 0x00, 0x00,
    0x14, 0x00, 0x00, 0x00, 0x01, 0x00, 0x00, 0x00, 0x02, 0x00, 0x00, 0x00,
    0x00, 0x00, 0x00, 0x00, 0x00, 0x00, 0x00, 0x00, 0x01, 0x00, 0x00, 0x00,
    0xe1, 0x99, 0x56, 0x3b, 0x24, 0x00, 0x00, 0x00, 0x73, 0x6f, 0x63, 0x5f,
    0x6c, 0x73, 0x74, 0x6d, 0x5f, 0x31, 0x2f, 0x6c, 0x73, 0x74, 0x6d, 0x5f,
    0x31, 0x2f, 0x6c, 0x73, 0x74, 0x6d, 0x5f, 0x63, 0x65, 0x6c, 0x6c, 0x5f,
    0x34, 0x35, 0x2f, 0x6d, 0x75, 0x6c, 0x5f, 0x31, 0x00, 0x00, 0x00, 0x00,
    0x02, 0x00, 0x00, 0x00, 0x01, 0x00, 0x00, 0x00, 0x10, 0x00, 0x00, 0x00,
    0x8e, 0x80, 0xfe, 0xff, 0x00, 0x00, 0x00, 0x01, 0x18, 0x00, 0x00, 0x00,
    0x20, 0x00, 0x00, 0x00, 0x3c, 0x00, 0x00, 0x00, 0xbf, 0x01, 0x00, 0x00,
    0x00, 0x00, 0x00, 0x09, 0x58, 0x00, 0x00, 0x00, 0x02, 0x00, 0x00, 0x00,
    0xff, 0xff, 0xff, 0xff, 0x10, 0x00, 0x00, 0x00, 0x74, 0x80, 0xfe, 0xff,
    0x08, 0x00, 0x00, 0x00, 0x10, 0x00, 0x00, 0x00, 0x01, 0x00, 0x00, 0x00,
    0x00, 0x00, 0x00, 0x00, 0x00, 0x00, 0x00, 0x00, 0x01, 0x00, 0x00, 0x00,
    0x00, 0x00, 0x00, 0x3c, 0x23, 0x00, 0x00, 0x00, 0x73, 0x6f, 0x63, 0x5f,
    0x6c, 0x73, 0x74, 0x6d, 0x5f, 0x31, 0x2f, 0x6c, 0x73, 0x74, 0x6d, 0x5f,
    0x31, 0x2f, 0x6c, 0x73, 0x74, 0x6d, 0x5f, 0x63, 0x65, 0x6c, 0x6c, 0x5f,
    0x34, 0x35, 0x2f, 0x54, 0x61, 0x6e, 0x68, 0x00, 0x02, 0x00, 0x00, 0x00,
    0x01, 0x00, 0x00, 0x00, 0x10, 0x00, 0x00, 0x00, 0x0e, 0x81, 0xfe, 0xff,
    0x00, 0x00, 0x00, 0x01, 0x18, 0x00, 0x00, 0x00, 0x20, 0x00, 0x00, 0x00,
    0x3c, 0x00, 0x00, 0x00, 0xbe, 0x01, 0x00, 0x00, 0x00, 0x00, 0x00, 0x09,
    0x60, 0x00, 0x00, 0x00, 0x02, 0x00, 0x00, 0x00, 0xff, 0xff, 0xff, 0xff,
    0x10, 0x00, 0x00, 0x00, 0xf4, 0x80, 0xfe, 0xff, 0x08, 0x00, 0x00, 0x00,
    0x10, 0x00, 0x00, 0x00, 0x01, 0x00, 0x00, 0x00, 0x80, 0xff, 0xff, 0xff,
    0xff, 0xff, 0xff, 0xff, 0x01, 0x00, 0x00, 0x00, 0x00, 0x00, 0x80, 0x3b,
    0x28, 0x00, 0x00, 0x00, 0x73, 0x6f, 0x63, 0x5f, 0x6c, 0x73, 0x74, 0x6d,
    0x5f, 0x31, 0x2f, 0x6c, 0x73, 0x74, 0x6d, 0x5f, 0x31, 0x2f, 0x6c, 0x73,
    0x74, 0x6d, 0x5f, 0x63, 0x65, 0x6c, 0x6c, 0x5f, 0x34, 0x35, 0x2f, 0x53,
    0x69, 0x67, 0x6d, 0x6f, 0x69, 0x64, 0x5f, 0x32, 0x00, 0x00, 0x00, 0x00,
    0x02, 0x00, 0x00, 0x00, 0x01, 0x00, 0x00, 0x00, 0x10, 0x00, 0x00, 0x00,
    0x96, 0x81, 0xfe, 0xff, 0x00, 0x00, 0x00, 0x01, 0x18, 0x00, 0x00, 0x00,
    0x20, 0x00, 0x00, 0x00, 0x3c, 0x00, 0x00, 0x00, 0xbd, 0x01, 0x00, 0x00,
    0x00, 0x00, 0x00, 0x09, 0x58, 0x00, 0x00, 0x00, 0x02, 0x00, 0x00, 0x00,
    0xff, 0xff, 0xff, 0xff, 0x10, 0x00, 0x00, 0x00, 0x7c, 0x81, 0xfe, 0xff,
    0x08, 0x00, 0x00, 0x00, 0x10, 0x00, 0x00, 0x00, 0x01, 0x00, 0x00, 0x00,
    0x09, 0x00, 0x00, 0x00, 0x00, 0x00, 0x00, 0x00, 0x01, 0x00, 0x00, 0x00,
    0x4e, 0x92, 0x4d, 0x3c, 0x22, 0x00, 0x00, 0x00, 0x73, 0x6f, 0x63, 0x5f,
    0x6c, 0x73, 0x74, 0x6d, 0x5f, 0x31, 0x2f, 0x6c, 0x73, 0x74, 0x6d, 0x5f,
    0x31, 0x2f, 0x6c, 0x73, 0x74, 0x6d, 0x5f, 0x63, 0x65, 0x6c, 0x6c, 0x5f,
    0x34, 0x35, 0x2f, 0x6d, 0x75, 0x6c, 0x00, 0x00, 0x02, 0x00, 0x00, 0x00,
    0x01, 0x00, 0x00, 0x00, 0x10, 0x00, 0x00, 0x00, 0x16, 0x82, 0xfe, 0xff,
    0x00, 0x00, 0x00, 0x01, 0x18, 0x00, 0x00, 0x00, 0x20, 0x00, 0x00, 0x00,
    0x3c, 0x00, 0x00, 0x00, 0xbc, 0x01, 0x00, 0x00, 0x00, 0x00, 0x00, 0x09,
    0x60, 0x00, 0x00, 0x00, 0x02, 0x00, 0x00, 0x00, 0xff, 0xff, 0xff, 0xff,
    0x10, 0x00, 0x00, 0x00, 0xfc, 0x81, 0xfe, 0xff, 0x08, 0x00, 0x00, 0x00,
    0x10, 0x00, 0x00, 0x00, 0x01, 0x00, 0x00, 0x00, 0x80, 0xff, 0xff, 0xff,
    0xff, 0xff, 0xff, 0xff, 0x01, 0x00, 0x00, 0x00, 0x00, 0x00, 0x80, 0x3b,
    0x28, 0x00, 0x00, 0x00, 0x73, 0x6f, 0x63, 0x5f, 0x6c, 0x73, 0x74, 0x6d,
    0x5f, 0x31, 0x2f, 0x6c, 0x73, 0x74, 0x6d, 0x5f, 0x31, 0x2f, 0x6c, 0x73,
    0x74, 0x6d, 0x5f, 0x63, 0x65, 0x6c, 0x6c, 0x5f, 0x34, 0x35, 0x2f, 0x53,
    0x69, 0x67, 0x6d, 0x6f, 0x69, 0x64, 0x5f, 0x31, 0x00, 0x00, 0x00, 0x00,
    0x02, 0x00, 0x00, 0x00, 0x01, 0x00, 0x00, 0x00, 0x10, 0x00, 0x00, 0x00,
    0x9e, 0x82, 0xfe, 0xff, 0x00, 0x00, 0x00, 0x01, 0x18, 0x00, 0x00, 0x00,
    0x20, 0x00, 0x00, 0x00, 0x40, 0x00, 0x00, 0x00, 0xbb, 0x01, 0x00, 0x00,
    0x00, 0x00, 0x00, 0x09, 0x60, 0x00, 0x00, 0x00, 0x02, 0x00, 0x00, 0x00,
    0xff, 0xff, 0xff, 0xff, 0x10, 0x00, 0x00, 0x00, 0x84, 0x82, 0xfe, 0xff,
    0x08, 0x00, 0x00, 0x00, 0x14, 0x00, 0x00, 0x00, 0x01, 0x00, 0x00, 0x00,
    0x80, 0xff, 0xff, 0xff, 0xff, 0xff, 0xff, 0xff, 0x00, 0x00, 0x00, 0x00,
    0x01, 0x00, 0x00, 0x00, 0x00, 0x00, 0x80, 0x3b, 0x26, 0x00, 0x00, 0x00,
    0x73, 0x6f, 0x63, 0x5f, 0x6c, 0x73, 0x74, 0x6d, 0x5f, 0x31, 0x2f, 0x6c,
    0x73, 0x74, 0x6d, 0x5f, 0x31, 0x2f, 0x6c, 0x73, 0x74, 0x6d, 0x5f, 0x63,
    0x65, 0x6c, 0x6c, 0x5f, 0x34, 0x35, 0x2f, 0x53, 0x69, 0x67, 0x6d, 0x6f,
    0x69, 0x64, 0x00, 0x00, 0x02, 0x00, 0x00, 0x00, 0x01, 0x00, 0x00, 0x00,
    0x10, 0x00, 0x00, 0x00, 0x26, 0x83, 0xfe, 0xff, 0x00, 0x00, 0x00, 0x01,
    0x18, 0x00, 0x00, 0x00, 0x20, 0x00, 0x00, 0x00, 0x40, 0x00, 0x00, 0x00,
    0xba, 0x01, 0x00, 0x00, 0x00, 0x00, 0x00, 0x09, 0xd0, 0x00, 0x00, 0x00,
    0x02, 0x00, 0x00, 0x00, 0xff, 0xff, 0xff, 0xff, 0x10, 0x00, 0x00, 0x00,
    0x0c, 0x83, 0xfe, 0xff, 0x08, 0x00, 0x00, 0x00, 0x14, 0x00, 0x00, 0x00,
    0x01, 0x00, 0x00, 0x00, 0xd1, 0xff, 0xff, 0xff, 0xff, 0xff, 0xff, 0xff,
    0x00, 0x00, 0x00, 0x00, 0x01, 0x00, 0x00, 0x00, 0xbc, 0x53, 0x51, 0x3c,
    0x97, 0x00, 0x00, 0x00, 0x73, 0x6f, 0x63, 0x5f, 0x6c, 0x73, 0x74, 0x6d,
    0x5f, 0x31, 0x2f, 0x6c, 0x73, 0x74, 0x6d, 0x5f, 0x31, 0x2f, 0x6c, 0x73,
    0x74, 0x6d, 0x5f, 0x63, 0x65, 0x6c, 0x6c, 0x5f, 0x34, 0x35, 0x2f, 0x73,
    0x70, 0x6c, 0x69, 0x74, 0x3b, 0x73, 0x6f, 0x63, 0x5f, 0x6c, 0x73, 0x74,
    0x6d, 0x5f, 0x31, 0x2f, 0x6c, 0x73, 0x74, 0x6d, 0x5f, 0x31, 0x2f, 0x6c,
    0x73, 0x74, 0x6d, 0x5f, 0x63, 0x65, 0x6c, 0x6c, 0x5f, 0x34, 0x35, 0x2f,
    0x73, 0x70, 0x6c, 0x69, 0x74, 0x31, 0x3b, 0x73, 0x6f, 0x63, 0x5f, 0x6c,
    0x73, 0x74, 0x6d, 0x5f, 0x31, 0x2f, 0x6c, 0x73, 0x74, 0x6d, 0x5f, 0x31,
    0x2f, 0x6c, 0x73, 0x74, 0x6d, 0x5f, 0x63, 0x65, 0x6c, 0x6c, 0x5f, 0x34,
    0x35, 0x2f, 0x73, 0x70, 0x6c, 0x69, 0x74, 0x32, 0x3b, 0x73, 0x6f, 0x63,
    0x5f, 0x6c, 0x73, 0x74, 0x6d, 0x5f, 0x31, 0x2f, 0x6c, 0x73, 0x74, 0x6d,
    0x5f, 0x31, 0x2f, 0x6c, 0x73, 0x74, 0x6d, 0x5f, 0x63, 0x65, 0x6c, 0x6c,
    0x5f, 0x34, 0x35, 0x2f, 0x73, 0x70, 0x6c, 0x69, 0x74, 0x33, 0x33, 0x00,
    0x02, 0x00, 0x00, 0x00, 0x01, 0x00, 0x00, 0x00, 0x10, 0x00, 0x00, 0x00,
    0x1e, 0x84, 0xfe, 0xff, 0x00, 0x00, 0x00, 0x01, 0x18, 0x00, 0x00, 0x00,
    0x20, 0x00, 0x00, 0x00, 0x40, 0x00, 0x00, 0x00, 0xb9, 0x01, 0x00, 0x00,
    0x00, 0x00, 0x00, 0x09, 0xd0, 0x00, 0x00, 0x00, 0x02, 0x00, 0x00, 0x00,
    0xff, 0xff, 0xff, 0xff, 0x10, 0x00, 0x00, 0x00, 0x04, 0x84, 0xfe, 0xff,
    0x08, 0x00, 0x00, 0x00, 0x14, 0x00, 0x00, 0x00, 0x01, 0x00, 0x00, 0x00,
    0xd1, 0xff, 0xff, 0xff, 0xff, 0xff, 0xff, 0xff, 0x00, 0x00, 0x00, 0x00,
    0x01, 0x00, 0x00, 0x00, 0xbc, 0x53, 0x51, 0x3c, 0x97, 0x00, 0x00, 0x00,
    0x73, 0x6f, 0x63, 0x5f, 0x6c, 0x73, 0x74, 0x6d, 0x5f, 0x31, 0x2f, 0x6c,
    0x73, 0x74, 0x6d, 0x5f, 0x31, 0x2f, 0x6c, 0x73, 0x74, 0x6d, 0x5f, 0x63,
    0x65, 0x6c, 0x6c, 0x5f, 0x34, 0x35, 0x2f, 0x73, 0x70, 0x6c, 0x69, 0x74,
    0x3b, 0x73, 0x6f, 0x63, 0x5f, 0x6c, 0x73, 0x74, 0x6d, 0x5f, 0x31, 0x2f,
    0x6c, 0x73, 0x74, 0x6d, 0x5f, 0x31, 0x2f, 0x6c, 0x73, 0x74, 0x6d, 0x5f,
    0x63, 0x65, 0x6c, 0x6c, 0x5f, 0x34, 0x35, 0x2f, 0x73, 0x70, 0x6c, 0x69,
    0x74, 0x31, 0x3b, 0x73, 0x6f, 0x63, 0x5f, 0x6c, 0x73, 0x74, 0x6d, 0x5f,
    0x31, 0x2f, 0x6c, 0x73, 0x74, 0x6d, 0x5f, 0x31, 0x2f, 0x6c, 0x73, 0x74,
    0x6d, 0x5f, 0x63, 0x65, 0x6c, 0x6c, 0x5f, 0x34, 0x35, 0x2f, 0x73, 0x70,
    0x6c, 0x69, 0x74, 0x32, 0x3b, 0x73, 0x6f, 0x63, 0x5f, 0x6c, 0x73, 0x74,
    0x6d, 0x5f, 0x31, 0x2f, 0x6c, 0x73, 0x74, 0x6d, 0x5f, 0x31, 0x2f, 0x6c,
    0x73, 0x74, 0x6d, 0x5f, 0x63, 0x65, 0x6c, 0x6c, 0x5f, 0x34, 0x35, 0x2f,
    0x73, 0x70, 0x6c, 0x69, 0x74, 0x33, 0x32, 0x00, 0x02, 0x00, 0x00, 0x00,
    0x01, 0x00, 0x00, 0x00, 0x10, 0x00, 0x00, 0x00, 0x16, 0x85, 0xfe, 0xff,
    0x00, 0x00, 0x00, 0x01, 0x18, 0x00, 0x00, 0x00, 0x20, 0x00, 0x00, 0x00,
    0x40, 0x00, 0x00, 0x00, 0xb8, 0x01, 0x00, 0x00, 0x00, 0x00, 0x00, 0x09,
    0xd0, 0x00, 0x00, 0x00, 0x02, 0x00, 0x00, 0x00, 0xff, 0xff, 0xff, 0xff,
    0x10, 0x00, 0x00, 0x00, 0xfc, 0x84, 0xfe, 0xff, 0x08, 0x00, 0x00, 0x00,
    0x14, 0x00, 0x00, 0x00, 0x01, 0x00, 0x00, 0x00, 0xd1, 0xff, 0xff, 0xff,
    0xff, 0xff, 0xff, 0xff, 0x00, 0x00, 0x00, 0x00, 0x01, 0x00, 0x00, 0x00,
    0xbc, 0x53, 0x51, 0x3c, 0x97, 0x00, 0x00, 0x00, 0x73, 0x6f, 0x63, 0x5f,
    0x6c, 0x73, 0x74, 0x6d, 0x5f, 0x31, 0x2f, 0x6c, 0x73, 0x74, 0x6d, 0x5f,
    0x31, 0x2f, 0x6c, 0x73, 0x74, 0x6d, 0x5f, 0x63, 0x65, 0x6c, 0x6c, 0x5f,
    0x34, 0x35, 0x2f, 0x73, 0x70, 0x6c, 0x69, 0x74, 0x3b, 0x73, 0x6f, 0x63,
    0x5f, 0x6c, 0x73, 0x74, 0x6d, 0x5f, 0x31, 0x2f, 0x6c, 0x73, 0x74, 0x6d,
    0x5f, 0x31, 0x2f, 0x6c, 0x73, 0x74, 0x6d, 0x5f, 0x63, 0x65, 0x6c, 0x6c,
    0x5f, 0x34, 0x35, 0x2f, 0x73, 0x70, 0x6c, 0x69, 0x74, 0x31, 0x3b, 0x73,
    0x6f, 0x63, 0x5f, 0x6c, 0x73, 0x74, 0x6d, 0x5f, 0x31, 0x2f, 0x6c, 0x73,
    0x74, 0x6d, 0x5f, 0x31, 0x2f, 0x6c, 0x73, 0x74, 0x6d, 0x5f, 0x63, 0x65,
    0x6c, 0x6c, 0x5f, 0x34, 0x35, 0x2f, 0x73, 0x70, 0x6c, 0x69, 0x74, 0x32,
    0x3b, 0x73, 0x6f, 0x63, 0x5f, 0x6c, 0x73, 0x74, 0x6d, 0x5f, 0x31, 0x2f,
    0x6c, 0x73, 0x74, 0x6d, 0x5f, 0x31, 0x2f, 0x6c, 0x73, 0x74, 0x6d, 0x5f,
    0x63, 0x65, 0x6c, 0x6c, 0x5f, 0x34, 0x35, 0x2f, 0x73, 0x70, 0x6c, 0x69,
    0x74, 0x33, 0x31, 0x00, 0x02, 0x00, 0x00, 0x00, 0x01, 0x00, 0x00, 0x00,
    0x10, 0x00, 0x00, 0x00, 0x0e, 0x86, 0xfe, 0xff, 0x00, 0x00, 0x00, 0x01,
    0x18, 0x00, 0x00, 0x00, 0x20, 0x00, 0x00, 0x00, 0x40, 0x00, 0x00, 0x00,
    0xb7, 0x01, 0x00, 0x00, 0x00, 0x00, 0x00, 0x09, 0xd0, 0x00, 0x00, 0x00,
    0x02, 0x00, 0x00, 0x00, 0xff, 0xff, 0xff, 0xff, 0x10, 0x00, 0x00, 0x00,
    0xf4, 0x85, 0xfe, 0xff, 0x08, 0x00, 0x00, 0x00, 0x14, 0x00, 0x00, 0x00,
    0x01, 0x00, 0x00, 0x00, 0xd1, 0xff, 0xff, 0xff, 0xff, 0xff, 0xff, 0xff,
    0x00, 0x00, 0x00, 0x00, 0x01, 0x00, 0x00, 0x00, 0xbc, 0x53, 0x51, 0x3c,
    0x96, 0x00, 0x00, 0x00, 0x73, 0x6f, 0x63, 0x5f, 0x6c, 0x73, 0x74, 0x6d,
    0x5f, 0x31, 0x2f, 0x6c, 0x73, 0x74, 0x6d, 0x5f, 0x31, 0x2f, 0x6c, 0x73,
    0x74, 0x6d, 0x5f, 0x63, 0x65, 0x6c, 0x6c, 0x5f, 0x34, 0x35, 0x2f, 0x73,
    0x70, 0x6c, 0x69, 0x74, 0x3b, 0x73, 0x6f, 0x63, 0x5f, 0x6c, 0x73, 0x74,
    0x6d, 0x5f, 0x31, 0x2f, 0x6c, 0x73, 0x74, 0x6d, 0x5f, 0x31, 0x2f, 0x6c,
    0x73, 0x74, 0x6d, 0x5f, 0x63, 0x65, 0x6c, 0x6c, 0x5f, 0x34, 0x35, 0x2f,
    0x73, 0x70, 0x6c, 0x69, 0x74, 0x31, 0x3b, 0x73, 0x6f, 0x63, 0x5f, 0x6c,
    0x73, 0x74, 0x6d, 0x5f, 0x31, 0x2f, 0x6c, 0x73, 0x74, 0x6d, 0x5f, 0x31,
    0x2f, 0x6c, 0x73, 0x74, 0x6d, 0x5f, 0x63, 0x65, 0x6c, 0x6c, 0x5f, 0x34,
    0x35, 0x2f, 0x73, 0x70, 0x6c, 0x69, 0x74, 0x32, 0x3b, 0x73, 0x6f, 0x63,
    0x5f, 0x6c, 0x73, 0x74, 0x6d, 0x5f, 0x31, 0x2f, 0x6c, 0x73, 0x74, 0x6d,
    0x5f, 0x31, 0x2f, 0x6c, 0x73, 0x74, 0x6d, 0x5f, 0x63, 0x65, 0x6c, 0x6c,
    0x5f, 0x34, 0x35, 0x2f, 0x73, 0x70, 0x6c, 0x69, 0x74, 0x33, 0x00, 0x00,
    0x02, 0x00, 0x00, 0x00, 0x01, 0x00, 0x00, 0x00, 0x10, 0x00, 0x00, 0x00,
    0x06, 0x87, 0xfe, 0xff, 0x00, 0x00, 0x00, 0x01, 0x18, 0x00, 0x00, 0x00,
    0x20, 0x00, 0x00, 0x00, 0x40, 0x00, 0x00, 0x00, 0xb6, 0x01, 0x00, 0x00,
    0x00, 0x00, 0x00, 0x09, 0x60, 0x00, 0x00, 0x00, 0x02, 0x00, 0x00, 0x00,
    0xff, 0xff, 0xff, 0xff, 0x40, 0x00, 0x00, 0x00, 0xec, 0x86, 0xfe, 0xff,
    0x08, 0x00, 0x00, 0x00, 0x14, 0x00, 0x00, 0x00, 0x01, 0x00, 0x00, 0x00,
    0xd1, 0xff, 0xff, 0xff, 0xff, 0xff, 0xff, 0xff, 0x00, 0x00, 0x00, 0x00,
    0x01, 0x00, 0x00, 0x00, 0xbc, 0x53, 0x51, 0x3c, 0x26, 0x00, 0x00, 0x00,
    0x73, 0x6f, 0x63, 0x5f, 0x6c, 0x73, 0x74, 0x6d, 0x5f, 0x31, 0x2f, 0x6c,
    0x73, 0x74, 0x6d, 0x5f, 0x31, 0x2f, 0x6c, 0x73, 0x74, 0x6d, 0x5f, 0x63,
    0x65, 0x6c, 0x6c, 0x5f, 0x34, 0x35, 0x2f, 0x42, 0x69, 0x61, 0x73, 0x41,
    0x64, 0x64, 0x00, 0x00, 0x02, 0x00, 0x00, 0x00, 0x01, 0x00, 0x00, 0x00,
    0x40, 0x00, 0x00, 0x00, 0x8e, 0x87, 0xfe, 0xff, 0x00, 0x00, 0x00, 0x01,
    0x18, 0x00, 0x00, 0x00, 0x20, 0x00, 0x00, 0x00, 0x3c, 0x00, 0x00, 0x00,
    0xb5, 0x01, 0x00, 0x00, 0x00, 0x00, 0x00, 0x09, 0x58, 0x00, 0x00, 0x00,
    0x02, 0x00, 0x00, 0x00, 0xff, 0xff, 0xff, 0xff, 0x40, 0x00, 0x00, 0x00,
    0x74, 0x87, 0xfe, 0xff, 0x08, 0x00, 0x00, 0x00, 0x10, 0x00, 0x00, 0x00,
    0x01, 0x00, 0x00, 0x00, 0xd5, 0xff, 0xff, 0xff, 0xff, 0xff, 0xff, 0xff,
    0x01, 0x00, 0x00, 0x00, 0xb5, 0xa4, 0x55, 0x3c, 0x22, 0x00, 0x00, 0x00,
    0x73, 0x6f, 0x63, 0x5f, 0x6c, 0x73, 0x74, 0x6d, 0x5f, 0x31, 0x2f, 0x6c,
    0x73, 0x74, 0x6d, 0x5f, 0x31, 0x2f, 0x6c, 0x73, 0x74, 0x6d, 0x5f, 0x63,
    0x65, 0x6c, 0x6c, 0x5f, 0x34, 0x35, 0x2f, 0x41, 0x64, 0x64, 0x00, 0x00,
    0x02, 0x00, 0x00, 0x00, 0x01, 0x00, 0x00, 0x00, 0x40, 0x00, 0x00, 0x00,
    0x0e, 0x88, 0xfe, 0xff, 0x00, 0x00, 0x00, 0x01, 0x18, 0x00, 0x00, 0x00,
    0x20, 0x00, 0x00, 0x00, 0x40, 0x00, 0x00, 0x00, 0xb4, 0x01, 0x00, 0x00,
    0x00, 0x00, 0x00, 0x09, 0x60, 0x00, 0x00, 0x00, 0x02, 0x00, 0x00, 0x00,
    0xff, 0xff, 0xff, 0xff, 0x40, 0x00, 0x00, 0x00, 0xf4, 0x87, 0xfe, 0xff,
    0x08, 0x00, 0x00, 0x00, 0x14, 0x00, 0x00, 0x00, 0x01, 0x00, 0x00, 0x00,
    0x03, 0x00, 0x00, 0x00, 0x00, 0x00, 0x00, 0x00, 0x00, 0x00, 0x00, 0x00,
    0x01, 0x00, 0x00, 0x00, 0xfd, 0xaa, 0x05, 0x3c, 0x27, 0x00, 0x00, 0x00,
    0x73, 0x6f, 0x63, 0x5f, 0x6c, 0x73, 0x74, 0x6d, 0x5f, 0x31, 0x2f, 0x6c,
    0x73, 0x74, 0x6d, 0x5f, 0x31, 0x2f, 0x6c, 0x73, 0x74, 0x6d, 0x5f, 0x63,
    0x65, 0x6c, 0x6c, 0x5f, 0x34, 0x35, 0x2f, 0x4d, 0x61, 0x74, 0x4d, 0x75,
    0x6c, 0x5f, 0x31, 0x00, 0x02, 0x00, 0x00, 0x00, 0x01, 0x00, 0x00, 0x00,
    0x40, 0x00, 0x00, 0x00, 0x96, 0x88, 0xfe, 0xff, 0x00, 0x00, 0x00, 0x01,
    0x18, 0x00, 0x00, 0x00, 0x20, 0x00, 0x00, 0x00, 0x40, 0x00, 0x00, 0x00,
    0xb3, 0x01, 0x00, 0x00, 0x00, 0x00, 0x00, 0x09, 0x60, 0x00, 0x00, 0x00,
    0x02, 0x00, 0x00, 0x00, 0xff, 0xff, 0xff, 0xff, 0x10, 0x00, 0x00, 0x00,
    0x7c, 0x88, 0xfe, 0xff, 0x08, 0x00, 0x00, 0x00, 0x14, 0x00, 0x00, 0x00,
    0x01, 0x00, 0x00, 0x00, 0x05, 0x00, 0x00, 0x00, 0x00, 0x00, 0x00, 0x00,
    0x00, 0x00, 0x00, 0x00, 0x01, 0x00, 0x00, 0x00, 0xc9, 0x9a, 0x9b, 0x3b,
    0x24, 0x00, 0x00, 0x00, 0x73, 0x6f, 0x63, 0x5f, 0x6c, 0x73, 0x74, 0x6d,
    0x5f, 0x31, 0x2f, 0x6c, 0x73, 0x74, 0x6d, 0x5f, 0x31, 0x2f, 0x6c, 0x73,
    0x74, 0x6d, 0x5f, 0x63, 0x65, 0x6c, 0x6c, 0x5f, 0x34, 0x33, 0x2f, 0x6d,
    0x75, 0x6c, 0x5f, 0x32, 0x00, 0x00, 0x00, 0x00, 0x02, 0x00, 0x00, 0x00,
    0x01, 0x00, 0x00, 0x00, 0x10, 0x00, 0x00, 0x00, 0x1e, 0x89, 0xfe, 0xff,
    0x00, 0x00, 0x00, 0x01, 0x18, 0x00, 0x00, 0x00, 0x20, 0x00, 0x00, 0x00,
    0x40, 0x00, 0x00, 0x00, 0xb2, 0x01, 0x00, 0x00, 0x00, 0x00, 0x00, 0x09,
    0x60, 0x00, 0x00, 0x00, 0x02, 0x00, 0x00, 0x00, 0xff, 0xff, 0xff, 0xff,
    0x10, 0x00, 0x00, 0x00, 0x04, 0x89, 0xfe, 0xff, 0x08, 0x00, 0x00, 0x00,
    0x14, 0x00, 0x00, 0x00, 0x01, 0x00, 0x00, 0x00, 0x00, 0x00, 0x00, 0x00,
    0x00, 0x00, 0x00, 0x00, 0x00, 0x00, 0x00, 0x00, 0x01, 0x00, 0x00, 0x00,
    0x00, 0x00, 0x00, 0x3c, 0x25, 0x00, 0x00, 0x00, 0x73, 0x6f, 0x63, 0x5f,
    0x6c, 0x73, 0x74, 0x6d, 0x5f, 0x31, 0x2f, 0x6c, 0x73, 0x74, 0x6d, 0x5f,
    0x31, 0x2f, 0x6c, 0x73, 0x74, 0x6d, 0x5f, 0x63, 0x65, 0x6c, 0x6c, 0x5f,
    0x34, 0x33, 0x2f, 0x54, 0x61, 0x6e, 0x68, 0x5f, 0x31, 0x00, 0x00, 0x00,
    0x02, 0x00, 0x00, 0x00, 0x01, 0x00, 0x00, 0x00, 0x10, 0x00, 0x00, 0x00,
    0xa6, 0x89, 0xfe, 0xff, 0x00, 0x00, 0x00, 0x01, 0x18, 0x00, 0x00, 0x00,
    0x20, 0x00, 0x00, 0x00, 0x40, 0x00, 0x00, 0x00, 0xb1, 0x01, 0x00, 0x00,
    0x00, 0x00, 0x00, 0x09, 0x60, 0x00, 0x00, 0x00, 0x02, 0x00, 0x00, 0x00,
    0xff, 0xff, 0xff, 0xff, 0x10, 0x00, 0x00, 0x00, 0x8c, 0x89, 0xfe, 0xff,
    0x08, 0x00, 0x00, 0x00, 0x14, 0x00, 0x00, 0x00, 0x01, 0x00, 0x00, 0x00,
    0x0f, 0x00, 0x00, 0x00, 0x00, 0x00, 0x00, 0x00, 0x00, 0x00, 0x00, 0x00,
    0x01, 0x00, 0x00, 0x00, 0xd7, 0x58, 0x44, 0x3c, 0x24, 0x00, 0x00, 0x00,
    0x73, 0x6f, 0x63, 0x5f, 0x6c, 0x73, 0x74, 0x6d, 0x5f, 0x31, 0x2f, 0x6c,
    0x73, 0x74, 0x6d, 0x5f, 0x31, 0x2f, 0x6c, 0x73, 0x74, 0x6d, 0x5f, 0x63,
    0x65, 0x6c, 0x6c, 0x5f, 0x34, 0x33, 0x2f, 0x61, 0x64, 0x64, 0x5f, 0x31,
    0x00, 0x00, 0x00, 0x00, 0x02, 0x00, 0x00, 0x00, 0x01, 0x00, 0x00, 0x00,
    0x10, 0x00, 0x00, 0x00, 0x2e, 0x8a, 0xfe, 0xff, 0x00, 0x00, 0x00, 0x01,
    0x18, 0x00, 0x00, 0x00, 0x20, 0x00, 0x00, 0x00, 0x40, 0x00, 0x00, 0x00,
    0xb0, 0x01, 0x00, 0x00, 0x00, 0x00, 0x00, 0x09, 0x60, 0x00, 0x00, 0x00,
    0x02, 0x00, 0x00, 0x00, 0xff, 0xff, 0xff, 0xff, 0x10, 0x00, 0x00, 0x00,
    0x14, 0x8a, 0xfe, 0xff, 0x08, 0x00, 0x00, 0x00, 0x14, 0x00, 0x00, 0x00,
    0x01, 0x00, 0x00, 0x00, 0x06, 0x00, 0x00, 0x00, 0x00, 0x00, 0x00, 0x00,
    0x00, 0x00, 0x00, 0x00, 0x01, 0x00, 0x00, 0x00, 0x8c, 0xfb, 0x4f, 0x3b,
    0x24, 0x00, 0x00, 0x00, 0x73, 0x6f, 0x63, 0x5f, 0x6c, 0x73, 0x74, 0x6d,
    0x5f, 0x31, 0x2f, 0x6c, 0x73, 0x74, 0x6d, 0x5f, 0x31, 0x2f, 0x6c, 0x73,
    0x74, 0x6d, 0x5f, 0x63, 0x65, 0x6c, 0x6c, 0x5f, 0x34, 0x33, 0x2f, 0x6d,
    0x75, 0x6c, 0x5f, 0x31, 0x00, 0x00, 0x00, 0x00, 0x02, 0x00, 0x00, 0x00,
    0x01, 0x00, 0x00, 0x00, 0x10, 0x00, 0x00, 0x00, 0xb6, 0x8a, 0xfe, 0xff,
    0x00, 0x00, 0x00, 0x01, 0x18, 0x00, 0x00, 0x00, 0x20, 0x00, 0x00, 0x00,
    0x3c, 0x00, 0x00, 0x00, 0xaf, 0x01, 0x00, 0x00, 0x00, 0x00, 0x00, 0x09,
    0x58, 0x00, 0x00, 0x00, 0x02, 0x00, 0x00, 0x00, 0xff, 0xff, 0xff, 0xff,
    0x10, 0x00, 0x00, 0x00, 0x9c, 0x8a, 0xfe, 0xff, 0x08, 0x00, 0x00, 0x00,
    0x10, 0x00, 0x00, 0x00, 0x01, 0x00, 0x00, 0x00, 0x00, 0x00, 0x00, 0x00,
    0x00, 0x00, 0x00, 0x00, 0x01, 0x00, 0x00, 0x00, 0x00, 0x00, 0x00, 0x3c,
    0x23, 0x00, 0x00, 0x00, 0x73, 0x6f, 0x63, 0x5f, 0x6c, 0x73, 0x74, 0x6d,
    0x5f, 0x31, 0x2f, 0x6c, 0x73, 0x74, 0x6d, 0x5f, 0x31, 0x2f, 0x6c, 0x73,
    0x74, 0x6d, 0x5f, 0x63, 0x65, 0x6c, 0x6c, 0x5f, 0x34, 0x33, 0x2f, 0x54,
    0x61, 0x6e, 0x68, 0x00, 0x02, 0x00, 0x00, 0x00, 0x01, 0x00, 0x00, 0x00,
    0x10, 0x00, 0x00, 0x00, 0x36, 0x8b, 0xfe, 0xff, 0x00, 0x00, 0x00, 0x01,
    0x18, 0x00, 0x00, 0x00, 0x20, 0x00, 0x00, 0x00, 0x3c, 0x00, 0x00, 0x00,
    0xae, 0x01, 0x00, 0x00, 0x00, 0x00, 0x00, 0x09, 0x60, 0x00, 0x00, 0x00,
    0x02, 0x00, 0x00, 0x00, 0xff, 0xff, 0xff, 0xff, 0x10, 0x00, 0x00, 0x00,
    0x1c, 0x8b, 0xfe, 0xff, 0x08, 0x00, 0x00, 0x00, 0x10, 0x00, 0x00, 0x00,
    0x01, 0x00, 0x00, 0x00, 0x80, 0xff, 0xff, 0xff, 0xff, 0xff, 0xff, 0xff,
    0x01, 0x00, 0x00, 0x00, 0x00, 0x00, 0x80, 0x3b, 0x28, 0x00, 0x00, 0x00,
    0x73, 0x6f, 0x63, 0x5f, 0x6c, 0x73, 0x74, 0x6d, 0x5f, 0x31, 0x2f, 0x6c,
    0x73, 0x74, 0x6d, 0x5f, 0x31, 0x2f, 0x6c, 0x73, 0x74, 0x6d, 0x5f, 0x63,
    0x65, 0x6c, 0x6c, 0x5f, 0x34, 0x33, 0x2f, 0x53, 0x69, 0x67, 0x6d, 0x6f,
    0x69, 0x64, 0x5f, 0x32, 0x00, 0x00, 0x00, 0x00, 0x02, 0x00, 0x00, 0x00,
    0x01, 0x00, 0x00, 0x00, 0x10, 0x00, 0x00, 0x00, 0xbe, 0x8b, 0xfe, 0xff,
    0x00, 0x00, 0x00, 0x01, 0x18, 0x00, 0x00, 0x00, 0x20, 0x00, 0x00, 0x00,
    0x3c, 0x00, 0x00, 0x00, 0xad, 0x01, 0x00, 0x00, 0x00, 0x00, 0x00, 0x09,
    0x58, 0x00, 0x00, 0x00, 0x02, 0x00, 0x00, 0x00, 0xff, 0xff, 0xff, 0xff,
    0x10, 0x00, 0x00, 0x00, 0xa4, 0x8b, 0xfe, 0xff, 0x08, 0x00, 0x00, 0x00,
    0x10, 0x00, 0x00, 0x00, 0x01, 0x00, 0x00, 0x00, 0x0f, 0x00, 0x00, 0x00,
    0x00, 0x00, 0x00, 0x00, 0x01, 0x00, 0x00, 0x00, 0xd7, 0x58, 0x44, 0x3c,
    0x22, 0x00, 0x00, 0x00, 0x73, 0x6f, 0x63, 0x5f, 0x6c, 0x73, 0x74, 0x6d,
    0x5f, 0x31, 0x2f, 0x6c, 0x73, 0x74, 0x6d, 0x5f, 0x31, 0x2f, 0x6c, 0x73,
    0x74, 0x6d, 0x5f, 0x63, 0x65, 0x6c, 0x6c, 0x5f, 0x34, 0x33, 0x2f, 0x6d,
    0x75, 0x6c, 0x00, 0x00, 0x02, 0x00, 0x00, 0x00, 0x01, 0x00, 0x00, 0x00,
    0x10, 0x00, 0x00, 0x00, 0x3e, 0x8c, 0xfe, 0xff, 0x00, 0x00, 0x00, 0x01,
    0x18, 0x00, 0x00, 0x00, 0x20, 0x00, 0x00, 0x00, 0x3c, 0x00, 0x00, 0x00,
    0xac, 0x01, 0x00, 0x00, 0x00, 0x00, 0x00, 0x09, 0x60, 0x00, 0x00, 0x00,
    0x02, 0x00, 0x00, 0x00, 0xff, 0xff, 0xff, 0xff, 0x10, 0x00, 0x00, 0x00,
    0x24, 0x8c, 0xfe, 0xff, 0x08, 0x00, 0x00, 0x00, 0x10, 0x00, 0x00, 0x00,
    0x01, 0x00, 0x00, 0x00, 0x80, 0xff, 0xff, 0xff, 0xff, 0xff, 0xff, 0xff,
    0x01, 0x00, 0x00, 0x00, 0x00, 0x00, 0x80, 0x3b, 0x28, 0x00, 0x00, 0x00,
    0x73, 0x6f, 0x63, 0x5f, 0x6c, 0x73, 0x74, 0x6d, 0x5f, 0x31, 0x2f, 0x6c,
    0x73, 0x74, 0x6d, 0x5f, 0x31, 0x2f, 0x6c, 0x73, 0x74, 0x6d, 0x5f, 0x63,
    0x65, 0x6c, 0x6c, 0x5f, 0x34, 0x33, 0x2f, 0x53, 0x69, 0x67, 0x6d, 0x6f,
    0x69, 0x64, 0x5f, 0x31, 0x00, 0x00, 0x00, 0x00, 0x02, 0x00, 0x00, 0x00,
    0x01, 0x00, 0x00, 0x00, 0x10, 0x00, 0x00, 0x00, 0xc6, 0x8c, 0xfe, 0xff,
    0x00, 0x00, 0x00, 0x01, 0x18, 0x00, 0x00, 0x00, 0x20, 0x00, 0x00, 0x00,
    0x40, 0x00, 0x00, 0x00, 0xab, 0x01, 0x00, 0x00, 0x00, 0x00, 0x00, 0x09,
    0x60, 0x00, 0x00, 0x00, 0x02, 0x00, 0x00, 0x00, 0xff, 0xff, 0xff, 0xff,
    0x10, 0x00, 0x00, 0x00, 0xac, 0x8c, 0xfe, 0xff, 0x08, 0x00, 0x00, 0x00,
    0x14, 0x00, 0x00, 0x00, 0x01, 0x00, 0x00, 0x00, 0x80, 0xff, 0xff, 0xff,
    0xff, 0xff, 0xff, 0xff, 0x00, 0x00, 0x00, 0x00, 0x01, 0x00, 0x00, 0x00,
    0x00, 0x00, 0x80, 0x3b, 0x26, 0x00, 0x00, 0x00, 0x73, 0x6f, 0x63, 0x5f,
    0x6c, 0x73, 0x74, 0x6d, 0x5f, 0x31, 0x2f, 0x6c, 0x73, 0x74, 0x6d, 0x5f,
    0x31, 0x2f, 0x6c, 0x73, 0x74, 0x6d, 0x5f, 0x63, 0x65, 0x6c, 0x6c, 0x5f,
    0x34, 0x33, 0x2f, 0x53, 0x69, 0x67, 0x6d, 0x6f, 0x69, 0x64, 0x00, 0x00,
    0x02, 0x00, 0x00, 0x00, 0x01, 0x00, 0x00, 0x00, 0x10, 0x00, 0x00, 0x00,
    0x4e, 0x8d, 0xfe, 0xff, 0x00, 0x00, 0x00, 0x01, 0x18, 0x00, 0x00, 0x00,
    0x20, 0x00, 0x00, 0x00, 0x40, 0x00, 0x00, 0x00, 0xaa, 0x01, 0x00, 0x00,
    0x00, 0x00, 0x00, 0x09, 0xd0, 0x00, 0x00, 0x00, 0x02, 0x00, 0x00, 0x00,
    0xff, 0xff, 0xff, 0xff, 0x10, 0x00, 0x00, 0x00, 0x34, 0x8d, 0xfe, 0xff,
    0x08, 0x00, 0x00, 0x00, 0x14, 0x00, 0x00, 0x00, 0x01, 0x00, 0x00, 0x00,
    0xd4, 0xff, 0xff, 0xff, 0xff, 0xff, 0xff, 0xff, 0x00, 0x00, 0x00, 0x00,
    0x01, 0x00, 0x00, 0x00, 0x28, 0x1e, 0x4b, 0x3c, 0x97, 0x00, 0x00, 0x00,
    0x73, 0x6f, 0x63, 0x5f, 0x6c, 0x73, 0x74, 0x6d, 0x5f, 0x31, 0x2f, 0x6c,
    0x73, 0x74, 0x6d, 0x5f, 0x31, 0x2f, 0x6c, 0x73, 0x74, 0x6d, 0x5f, 0x63,
    0x65, 0x6c, 0x6c, 0x5f, 0x34, 0x33, 0x2f, 0x73, 0x70, 0x6c, 0x69, 0x74,
    0x3b, 0x73, 0x6f, 0x63, 0x5f, 0x6c, 0x73, 0x74, 0x6d, 0x5f, 0x31, 0x2f,
    0x6c, 0x73, 0x74, 0x6d, 0x5f, 0x31, 0x2f, 0x6c, 0x73, 0x74, 0x6d, 0x5f,
    0x63, 0x65, 0x6c, 0x6c, 0x5f, 0x34, 0x33, 0x2f, 0x73, 0x70, 0x6c, 0x69,
    0x74, 0x31, 0x3b, 0x73, 0x6f, 0x63, 0x5f, 0x6c, 0x73, 0x74, 0x6d, 0x5f,
    0x31, 0x2f, 0x6c, 0x73, 0x74, 0x6d, 0x5f, 0x31, 0x2f, 0x6c, 0x73, 0x74,
    0x6d, 0x5f, 0x63, 0x65, 0x6c, 0x6c, 0x5f, 0x34, 0x33, 0x2f, 0x73, 0x70,
    0x6c, 0x69, 0x74, 0x32, 0x3b, 0x73, 0x6f, 0x63, 0x5f, 0x6c, 0x73, 0x74,
    0x6d, 0x5f, 0x31, 0x2f, 0x6c, 0x73, 0x74, 0x6d, 0x5f, 0x31, 0x2f, 0x6c,
    0x73, 0x74, 0x6d, 0x5f, 0x63, 0x65, 0x6c, 0x6c, 0x5f, 0x34, 0x33, 0x2f,
    0x73, 0x70, 0x6c, 0x69, 0x74, 0x33, 0x33, 0x00, 0x02, 0x00, 0x00, 0x00,
    0x01, 0x00, 0x00, 0x00, 0x10, 0x00, 0x00, 0x00, 0x46, 0x8e, 0xfe, 0xff,
    0x00, 0x00, 0x00, 0x01, 0x18, 0x00, 0x00, 0x00, 0x20, 0x00, 0x00, 0x00,
    0x40, 0x00, 0x00, 0x00, 0xa9, 0x01, 0x00, 0x00, 0x00, 0x00, 0x00, 0x09,
    0xd0, 0x00, 0x00, 0x00, 0x02, 0x00, 0x00, 0x00, 0xff, 0xff, 0xff, 0xff,
    0x10, 0x00, 0x00, 0x00, 0x2c, 0x8e, 0xfe, 0xff, 0x08, 0x00, 0x00, 0x00,
    0x14, 0x00, 0x00, 0x00, 0x01, 0x00, 0x00, 0x00, 0xd4, 0xff, 0xff, 0xff,
    0xff, 0xff, 0xff, 0xff, 0x00, 0x00, 0x00, 0x00, 0x01, 0x00, 0x00, 0x00,
    0x28, 0x1e, 0x4b, 0x3c, 0x97, 0x00, 0x00, 0x00, 0x73, 0x6f, 0x63, 0x5f,
    0x6c, 0x73, 0x74, 0x6d, 0x5f, 0x31, 0x2f, 0x6c, 0x73, 0x74, 0x6d, 0x5f,
    0x31, 0x2f, 0x6c, 0x73, 0x74, 0x6d, 0x5f, 0x63, 0x65, 0x6c, 0x6c, 0x5f,
    0x34, 0x33, 0x2f, 0x73, 0x70, 0x6c, 0x69, 0x74, 0x3b, 0x73, 0x6f, 0x63,
    0x5f, 0x6c, 0x73, 0x74, 0x6d, 0x5f, 0x31, 0x2f, 0x6c, 0x73, 0x74, 0x6d,
    0x5f, 0x31, 0x2f, 0x6c, 0x73, 0x74, 0x6d, 0x5f, 0x63, 0x65, 0x6c, 0x6c,
    0x5f, 0x34, 0x33, 0x2f, 0x73, 0x70, 0x6c, 0x69, 0x74, 0x31, 0x3b, 0x73,
    0x6f, 0x63, 0x5f, 0x6c, 0x73, 0x74, 0x6d, 0x5f, 0x31, 0x2f, 0x6c, 0x73,
    0x74, 0x6d, 0x5f, 0x31, 0x2f, 0x6c, 0x73, 0x74, 0x6d, 0x5f, 0x63, 0x65,
    0x6c, 0x6c, 0x5f, 0x34, 0x33, 0x2f, 0x73, 0x70, 0x6c, 0x69, 0x74, 0x32,
    0x3b, 0x73, 0x6f, 0x63, 0x5f, 0x6c, 0x73, 0x74, 0x6d, 0x5f, 0x31, 0x2f,
    0x6c, 0x73, 0x74, 0x6d, 0x5f, 0x31, 0x2f, 0x6c, 0x73, 0x74, 0x6d, 0x5f,
    0x63, 0x65, 0x6c, 0x6c, 0x5f, 0x34, 0x33, 0x2f, 0x73, 0x70, 0x6c, 0x69,
    0x74, 0x33, 0x32, 0x00, 0x02, 0x00, 0x00, 0x00, 0x01, 0x00, 0x00, 0x00,
    0x10, 0x00, 0x00, 0x00, 0x3e, 0x8f, 0xfe, 0xff, 0x00, 0x00, 0x00, 0x01,
    0x18, 0x00, 0x00, 0x00, 0x20, 0x00, 0x00, 0x00, 0x40, 0x00, 0x00, 0x00,
    0xa8, 0x01, 0x00, 0x00, 0x00, 0x00, 0x00, 0x09, 0xd0, 0x00, 0x00, 0x00,
    0x02, 0x00, 0x00, 0x00, 0xff, 0xff, 0xff, 0xff, 0x10, 0x00, 0x00, 0x00,
    0x24, 0x8f, 0xfe, 0xff, 0x08, 0x00, 0x00, 0x00, 0x14, 0x00, 0x00, 0x00,
    0x01, 0x00, 0x00, 0x00, 0xd4, 0xff, 0xff, 0xff, 0xff, 0xff, 0xff, 0xff,
    0x00, 0x00, 0x00, 0x00, 0x01, 0x00, 0x00, 0x00, 0x28, 0x1e, 0x4b, 0x3c,
    0x97, 0x00, 0x00, 0x00, 0x73, 0x6f, 0x63, 0x5f, 0x6c, 0x73, 0x74, 0x6d,
    0x5f, 0x31, 0x2f, 0x6c, 0x73, 0x74, 0x6d, 0x5f, 0x31, 0x2f, 0x6c, 0x73,
    0x74, 0x6d, 0x5f, 0x63, 0x65, 0x6c, 0x6c, 0x5f, 0x34, 0x33, 0x2f, 0x73,
    0x70, 0x6c, 0x69, 0x74, 0x3b, 0x73, 0x6f, 0x63, 0x5f, 0x6c, 0x73, 0x74,
    0x6d, 0x5f, 0x31, 0x2f, 0x6c, 0x73, 0x74, 0x6d, 0x5f, 0x31, 0x2f, 0x6c,
    0x73, 0x74, 0x6d, 0x5f, 0x63, 0x65, 0x6c, 0x6c, 0x5f, 0x34, 0x33, 0x2f,
    0x73, 0x70, 0x6c, 0x69, 0x74, 0x31, 0x3b, 0x73, 0x6f, 0x63, 0x5f, 0x6c,
    0x73, 0x74, 0x6d, 0x5f, 0x31, 0x2f, 0x6c, 0x73, 0x74, 0x6d, 0x5f, 0x31,
    0x2f, 0x6c, 0x73, 0x74, 0x6d, 0x5f, 0x63, 0x65, 0x6c, 0x6c, 0x5f, 0x34,
    0x33, 0x2f, 0x73, 0x70, 0x6c, 0x69, 0x74, 0x32, 0x3b, 0x73, 0x6f, 0x63,
    0x5f, 0x6c, 0x73, 0x74, 0x6d, 0x5f, 0x31, 0x2f, 0x6c, 0x73, 0x74, 0x6d,
    0x5f, 0x31, 0x2f, 0x6c, 0x73, 0x74, 0x6d, 0x5f, 0x63, 0x65, 0x6c, 0x6c,
    0x5f, 0x34, 0x33, 0x2f, 0x73, 0x70, 0x6c, 0x69, 0x74, 0x33, 0x31, 0x00,
    0x02, 0x00, 0x00, 0x00, 0x01, 0x00, 0x00, 0x00, 0x10, 0x00, 0x00, 0x00,
    0x36, 0x90, 0xfe, 0xff, 0x00, 0x00, 0x00, 0x01, 0x18, 0x00, 0x00, 0x00,
    0x20, 0x00, 0x00, 0x00, 0x40, 0x00, 0x00, 0x00, 0xa7, 0x01, 0x00, 0x00,
    0x00, 0x00, 0x00, 0x09, 0xd0, 0x00, 0x00, 0x00, 0x02, 0x00, 0x00, 0x00,
    0xff, 0xff, 0xff, 0xff, 0x10, 0x00, 0x00, 0x00, 0x1c, 0x90, 0xfe, 0xff,
    0x08, 0x00, 0x00, 0x00, 0x14, 0x00, 0x00, 0x00, 0x01, 0x00, 0x00, 0x00,
    0xd4, 0xff, 0xff, 0xff, 0xff, 0xff, 0xff, 0xff, 0x00, 0x00, 0x00, 0x00,
    0x01, 0x00, 0x00, 0x00, 0x28, 0x1e, 0x4b, 0x3c, 0x96, 0x00, 0x00, 0x00,
    0x73, 0x6f, 0x63, 0x5f, 0x6c, 0x73, 0x74, 0x6d, 0x5f, 0x31, 0x2f, 0x6c,
    0x73, 0x74, 0x6d, 0x5f, 0x31, 0x2f, 0x6c, 0x73, 0x74, 0x6d, 0x5f, 0x63,
    0x65, 0x6c, 0x6c, 0x5f, 0x34, 0x33, 0x2f, 0x73, 0x70, 0x6c, 0x69, 0x74,
    0x3b, 0x73, 0x6f, 0x63, 0x5f, 0x6c, 0x73, 0x74, 0x6d, 0x5f, 0x31, 0x2f,
    0x6c, 0x73, 0x74, 0x6d, 0x5f, 0x31, 0x2f, 0x6c, 0x73, 0x74, 0x6d, 0x5f,
    0x63, 0x65, 0x6c, 0x6c, 0x5f, 0x34, 0x33, 0x2f, 0x73, 0x70, 0x6c, 0x69,
    0x74, 0x31, 0x3b, 0x73, 0x6f, 0x63, 0x5f, 0x6c, 0x73, 0x74, 0x6d, 0x5f,
    0x31, 0x2f, 0x6c, 0x73, 0x74, 0x6d, 0x5f, 0x31, 0x2f, 0x6c, 0x73, 0x74,
    0x6d, 0x5f, 0x63, 0x65, 0x6c, 0x6c, 0x5f, 0x34, 0x33, 0x2f, 0x73, 0x70,
    0x6c, 0x69, 0x74, 0x32, 0x3b, 0x73, 0x6f, 0x63, 0x5f, 0x6c, 0x73, 0x74,
    0x6d, 0x5f, 0x31, 0x2f, 0x6c, 0x73, 0x74, 0x6d, 0x5f, 0x31, 0x2f, 0x6c,
    0x73, 0x74, 0x6d, 0x5f, 0x63, 0x65, 0x6c, 0x6c, 0x5f, 0x34, 0x33, 0x2f,
    0x73, 0x70, 0x6c, 0x69, 0x74, 0x33, 0x00, 0x00, 0x02, 0x00, 0x00, 0x00,
    0x01, 0x00, 0x00, 0x00, 0x10, 0x00, 0x00, 0x00, 0x2e, 0x91, 0xfe, 0xff,
    0x00, 0x00, 0x00, 0x01, 0x18, 0x00, 0x00, 0x00, 0x20, 0x00, 0x00, 0x00,
    0x40, 0x00, 0x00, 0x00, 0xa6, 0x01, 0x00, 0x00, 0x00, 0x00, 0x00, 0x09,
    0x60, 0x00, 0x00, 0x00, 0x02, 0x00, 0x00, 0x00, 0xff, 0xff, 0xff, 0xff,
    0x40, 0x00, 0x00, 0x00, 0x14, 0x91, 0xfe, 0xff, 0x08, 0x00, 0x00, 0x00,
    0x14, 0x00, 0x00, 0x00, 0x01, 0x00, 0x00, 0x00, 0xd4, 0xff, 0xff, 0xff,
    0xff, 0xff, 0xff, 0xff, 0x00, 0x00, 0x00, 0x00, 0x01, 0x00, 0x00, 0x00,
    0x28, 0x1e, 0x4b, 0x3c, 0x26, 0x00, 0x00, 0x00, 0x73, 0x6f, 0x63, 0x5f,
    0x6c, 0x73, 0x74, 0x6d, 0x5f, 0x31, 0x2f, 0x6c, 0x73, 0x74, 0x6d, 0x5f,
    0x31, 0x2f, 0x6c, 0x73, 0x74, 0x6d, 0x5f, 0x63, 0x65, 0x6c, 0x6c, 0x5f,
    0x34, 0x33, 0x2f, 0x42, 0x69, 0x61, 0x73, 0x41, 0x64, 0x64, 0x00, 0x00,
    0x02, 0x00, 0x00, 0x00, 0x01, 0x00, 0x00, 0x00, 0x40, 0x00, 0x00, 0x00,
    0xb6, 0x91, 0xfe, 0xff, 0x00, 0x00, 0x00, 0x01, 0x18, 0x00, 0x00, 0x00,
    0x20, 0x00, 0x00, 0x00, 0x3c, 0x00, 0x00, 0x00, 0xa5, 0x01, 0x00, 0x00,
    0x00, 0x00, 0x00, 0x09, 0x58, 0x00, 0x00, 0x00, 0x02, 0x00, 0x00, 0x00,
    0xff, 0xff, 0xff, 0xff, 0x40, 0x00, 0x00, 0x00, 0x9c, 0x91, 0xfe, 0xff,
    0x08, 0x00, 0x00, 0x00, 0x10, 0x00, 0x00, 0x00, 0x01, 0x00, 0x00, 0x00,
    0xd7, 0xff, 0xff, 0xff, 0xff, 0xff, 0xff, 0xff, 0x01, 0x00, 0x00, 0x00,
    0x22, 0x6f, 0x4f, 0x3c, 0x22, 0x00, 0x00, 0x00, 0x73, 0x6f, 0x63, 0x5f,
    0x6c, 0x73, 0x74, 0x6d, 0x5f, 0x31, 0x2f, 0x6c, 0x73, 0x74, 0x6d, 0x5f,
    0x31, 0x2f, 0x6c, 0x73, 0x74, 0x6d, 0x5f, 0x63, 0x65, 0x6c, 0x6c, 0x5f,
    0x34, 0x33, 0x2f, 0x41, 0x64, 0x64, 0x00, 0x00, 0x02, 0x00, 0x00, 0x00,
    0x01, 0x00, 0x00, 0x00, 0x40, 0x00, 0x00, 0x00, 0x36, 0x92, 0xfe, 0xff,
    0x00, 0x00, 0x00, 0x01, 0x18, 0x00, 0x00, 0x00, 0x20, 0x00, 0x00, 0x00,
    0x40, 0x00, 0x00, 0x00, 0xa4, 0x01, 0x00, 0x00, 0x00, 0x00, 0x00, 0x09,
    0x60, 0x00, 0x00, 0x00, 0x02, 0x00, 0x00, 0x00, 0xff, 0xff, 0xff, 0xff,
    0x40, 0x00, 0x00, 0x00, 0x1c, 0x92, 0xfe, 0xff, 0x08, 0x00, 0x00, 0x00,
    0x14, 0x00, 0x00, 0x00, 0x01, 0x00, 0x00, 0x00, 0x04, 0x00, 0x00, 0x00,
    0x00, 0x00, 0x00, 0x00, 0x00, 0x00, 0x00, 0x00, 0x01, 0x00, 0x00, 0x00,
    0xaf, 0x6b, 0xf3, 0x3b, 0x27, 0x00, 0x00, 0x00, 0x73, 0x6f, 0x63, 0x5f,
    0x6c, 0x73, 0x74, 0x6d, 0x5f, 0x31, 0x2f, 0x6c, 0x73, 0x74, 0x6d, 0x5f,
    0x31, 0x2f, 0x6c, 0x73, 0x74, 0x6d, 0x5f, 0x63, 0x65, 0x6c, 0x6c, 0x5f,
    0x34, 0x33, 0x2f, 0x4d, 0x61, 0x74, 0x4d, 0x75, 0x6c, 0x5f, 0x31, 0x00,
    0x02, 0x00, 0x00, 0x00, 0x01, 0x00, 0x00, 0x00, 0x40, 0x00, 0x00, 0x00,
    0xbe, 0x92, 0xfe, 0xff, 0x00, 0x00, 0x00, 0x01, 0x18, 0x00, 0x00, 0x00,
    0x20, 0x00, 0x00, 0x00, 0x40, 0x00, 0x00, 0x00, 0xa3, 0x01, 0x00, 0x00,
    0x00, 0x00, 0x00, 0x09, 0x60, 0x00, 0x00, 0x00, 0x02, 0x00, 0x00, 0x00,
    0xff, 0xff, 0xff, 0xff, 0x10, 0x00, 0x00, 0x00, 0xa4, 0x92, 0xfe, 0xff,
    0x08, 0x00, 0x00, 0x00, 0x14, 0x00, 0x00, 0x00, 0x01, 0x00, 0x00, 0x00,
    0x08, 0x00, 0x00, 0x00, 0x00, 0x00, 0x00, 0x00, 0x00, 0x00, 0x00, 0x00,
    0x01, 0x00, 0x00, 0x00, 0x65, 0x99, 0x91, 0x3b, 0x24, 0x00, 0x00, 0x00,
    0x73, 0x6f, 0x63, 0x5f, 0x6c, 0x73, 0x74, 0x6d, 0x5f, 0x31, 0x2f, 0x6c,
    0x73, 0x74, 0x6d, 0x5f, 0x31, 0x2f, 0x6c, 0x73, 0x74, 0x6d, 0x5f, 0x63,
    0x65, 0x6c, 0x6c, 0x5f, 0x34, 0x31, 0x2f, 0x6d, 0x75, 0x6c, 0x5f, 0x32,
    0x00, 0x00, 0x00, 0x00, 0x02, 0x00, 0x00, 0x00, 0x01, 0x00, 0x00, 0x00,
    0x10, 0x00, 0x00, 0x00, 0x46, 0x93, 0xfe, 0xff, 0x00, 0x00, 0x00, 0x01,
    0x18, 0x00, 0x00, 0x00, 0x20, 0x00, 0x00, 0x00, 0x40, 0x00, 0x00, 0x00,
    0xa2, 0x01, 0x00, 0x00, 0x00, 0x00, 0x00, 0x09, 0x60, 0x00, 0x00, 0x00,
    0x02, 0x00, 0x00, 0x00, 0xff, 0xff, 0xff, 0xff, 0x10, 0x00, 0x00, 0x00,
    0x2c, 0x93, 0xfe, 0xff, 0x08, 0x00, 0x00, 0x00, 0x14, 0x00, 0x00, 0x00,
    0x01, 0x00, 0x00, 0x00, 0x00, 0x00, 0x00, 0x00, 0x00, 0x00, 0x00, 0x00,
    0x00, 0x00, 0x00, 0x00, 0x01, 0x00, 0x00, 0x00, 0x00, 0x00, 0x00, 0x3c,
    0x25, 0x00, 0x00, 0x00, 0x73, 0x6f, 0x63, 0x5f, 0x6c, 0x73, 0x74, 0x6d,
    0x5f, 0x31, 0x2f, 0x6c, 0x73, 0x74, 0x6d, 0x5f, 0x31, 0x2f, 0x6c, 0x73,
    0x74, 0x6d, 0x5f, 0x63, 0x65, 0x6c, 0x6c, 0x5f, 0x34, 0x31, 0x2f, 0x54,
    0x61, 0x6e, 0x68, 0x5f, 0x31, 0x00, 0x00, 0x00, 0x02, 0x00, 0x00, 0x00,
    0x01, 0x00, 0x00, 0x00, 0x10, 0x00, 0x00, 0x00, 0xce, 0x93, 0xfe, 0xff,
    0x00, 0x00, 0x00, 0x01, 0x18, 0x00, 0x00, 0x00, 0x20, 0x00, 0x00, 0x00,
    0x40, 0x00, 0x00, 0x00, 0xa1, 0x01, 0x00, 0x00, 0x00, 0x00, 0x00, 0x09,
    0x60, 0x00, 0x00, 0x00, 0x02, 0x00, 0x00, 0x00, 0xff, 0xff, 0xff, 0xff,
    0x10, 0x00, 0x00, 0x00, 0xb4, 0x93, 0xfe, 0xff, 0x08, 0x00, 0x00, 0x00,
    0x14, 0x00, 0x00, 0x00, 0x01, 0x00, 0x00, 0x00, 0x16, 0x00, 0x00, 0x00,
    0x00, 0x00, 0x00, 0x00, 0x00, 0x00, 0x00, 0x00, 0x01, 0x00, 0x00, 0x00,
    0x44, 0x50, 0x3b, 0x3c, 0x24, 0x00, 0x00, 0x00, 0x73, 0x6f, 0x63, 0x5f,
    0x6c, 0x73, 0x74, 0x6d, 0x5f, 0x31, 0x2f, 0x6c, 0x73, 0x74, 0x6d, 0x5f,
    0x31, 0x2f, 0x6c, 0x73, 0x74, 0x6d, 0x5f, 0x63, 0x65, 0x6c, 0x6c, 0x5f,
    0x34, 0x31, 0x2f, 0x61, 0x64, 0x64, 0x5f, 0x31, 0x00, 0x00, 0x00, 0x00,
    0x02, 0x00, 0x00, 0x00, 0x01, 0x00, 0x00, 0x00, 0x10, 0x00, 0x00, 0x00,
    0x56, 0x94, 0xfe, 0xff, 0x00, 0x00, 0x00, 0x01, 0x18, 0x00, 0x00, 0x00,
    0x20, 0x00, 0x00, 0x00, 0x40, 0x00, 0x00, 0x00, 0xa0, 0x01, 0x00, 0x00,
    0x00, 0x00, 0x00, 0x09, 0x60, 0x00, 0x00, 0x00, 0x02, 0x00, 0x00, 0x00,
    0xff, 0xff, 0xff, 0xff, 0x10, 0x00, 0x00, 0x00, 0x3c, 0x94, 0xfe, 0xff,
    0x08, 0x00, 0x00, 0x00, 0x14, 0x00, 0x00, 0x00, 0x01, 0x00, 0x00, 0x00,
    0x0b, 0x00, 0x00, 0x00, 0x00, 0x00, 0x00, 0x00, 0x00, 0x00, 0x00, 0x00,
    0x01, 0x00, 0x00, 0x00, 0xcb, 0x33, 0x49, 0x3b, 0x24, 0x00, 0x00, 0x00,
    0x73, 0x6f, 0x63, 0x5f, 0x6c, 0x73, 0x74, 0x6d, 0x5f, 0x31, 0x2f, 0x6c,
    0x73, 0x74, 0x6d, 0x5f, 0x31, 0x2f, 0x6c, 0x73, 0x74, 0x6d, 0x5f, 0x63,
    0x65, 0x6c, 0x6c, 0x5f, 0x34, 0x31, 0x2f, 0x6d, 0x75, 0x6c, 0x5f, 0x31,
    0x00, 0x00, 0x00, 0x00, 0x02, 0x00, 0x00, 0x00, 0x01, 0x00, 0x00, 0x00,
    0x10, 0x00, 0x00, 0x00, 0xde, 0x94, 0xfe, 0xff, 0x00, 0x00, 0x00, 0x01,
    0x18, 0x00, 0x00, 0x00, 0x20, 0x00, 0x00, 0x00, 0x3c, 0x00, 0x00, 0x00,
    0x9f, 0x01, 0x00, 0x00, 0x00, 0x00, 0x00, 0x09, 0x58, 0x00, 0x00, 0x00,
    0x02, 0x00, 0x00, 0x00, 0xff, 0xff, 0xff, 0xff, 0x10, 0x00, 0x00, 0x00,
    0xc4, 0x94, 0xfe, 0xff, 0x08, 0x00, 0x00, 0x00, 0x10, 0x00, 0x00, 0x00,
    0x01, 0x00, 0x00, 0x00, 0x00, 0x00, 0x00, 0x00, 0x00, 0x00, 0x00, 0x00,
    0x01, 0x00, 0x00, 0x00, 0x00, 0x00, 0x00, 0x3c, 0x23, 0x00, 0x00, 0x00,
    0x73, 0x6f, 0x63, 0x5f, 0x6c, 0x73, 0x74, 0x6d, 0x5f, 0x31, 0x2f, 0x6c,
    0x73, 0x74, 0x6d, 0x5f, 0x31, 0x2f, 0x6c, 0x73, 0x74, 0x6d, 0x5f, 0x63,
    0x65, 0x6c, 0x6c, 0x5f, 0x34, 0x31, 0x2f, 0x54, 0x61, 0x6e, 0x68, 0x00,
    0x02, 0x00, 0x00, 0x00, 0x01, 0x00, 0x00, 0x00, 0x10, 0x00, 0x00, 0x00,
    0x5e, 0x95, 0xfe, 0xff, 0x00, 0x00, 0x00, 0x01, 0x18, 0x00, 0x00, 0x00,
    0x20, 0x00, 0x00, 0x00, 0x3c, 0x00, 0x00, 0x00, 0x9e, 0x01, 0x00, 0x00,
    0x00, 0x00, 0x00, 0x09, 0x60, 0x00, 0x00, 0x00, 0x02, 0x00, 0x00, 0x00,
    0xff, 0xff, 0xff, 0xff, 0x10, 0x00, 0x00, 0x00, 0x44, 0x95, 0xfe, 0xff,
    0x08, 0x00, 0x00, 0x00, 0x10, 0x00, 0x00, 0x00, 0x01, 0x00, 0x00, 0x00,
    0x80, 0xff, 0xff, 0xff, 0xff, 0xff, 0xff, 0xff, 0x01, 0x00, 0x00, 0x00,
    0x00, 0x00, 0x80, 0x3b, 0x28, 0x00, 0x00, 0x00, 0x73, 0x6f, 0x63, 0x5f,
    0x6c, 0x73, 0x74, 0x6d, 0x5f, 0x31, 0x2f, 0x6c, 0x73, 0x74, 0x6d, 0x5f,
    0x31, 0x2f, 0x6c, 0x73, 0x74, 0x6d, 0x5f, 0x63, 0x65, 0x6c, 0x6c, 0x5f,
    0x34, 0x31, 0x2f, 0x53, 0x69, 0x67, 0x6d, 0x6f, 0x69, 0x64, 0x5f, 0x32,
    0x00, 0x00, 0x00, 0x00, 0x02, 0x00, 0x00, 0x00, 0x01, 0x00, 0x00, 0x00,
    0x10, 0x00, 0x00, 0x00, 0xe6, 0x95, 0xfe, 0xff, 0x00, 0x00, 0x00, 0x01,
    0x18, 0x00, 0x00, 0x00, 0x20, 0x00, 0x00, 0x00, 0x3c, 0x00, 0x00, 0x00,
    0x9d, 0x01, 0x00, 0x00, 0x00, 0x00, 0x00, 0x09, 0x58, 0x00, 0x00, 0x00,
    0x02, 0x00, 0x00, 0x00, 0xff, 0xff, 0xff, 0xff, 0x10, 0x00, 0x00, 0x00,
    0xcc, 0x95, 0xfe, 0xff, 0x08, 0x00, 0x00, 0x00, 0x10, 0x00, 0x00, 0x00,
    0x01, 0x00, 0x00, 0x00, 0x16, 0x00, 0x00, 0x00, 0x00, 0x00, 0x00, 0x00,
    0x01, 0x00, 0x00, 0x00, 0x44, 0x50, 0x3b, 0x3c, 0x22, 0x00, 0x00, 0x00,
    0x73, 0x6f, 0x63, 0x5f, 0x6c, 0x73, 0x74, 0x6d, 0x5f, 0x31, 0x2f, 0x6c,
    0x73, 0x74, 0x6d, 0x5f, 0x31, 0x2f, 0x6c, 0x73, 0x74, 0x6d, 0x5f, 0x63,
    0x65, 0x6c, 0x6c, 0x5f, 0x34, 0x31, 0x2f, 0x6d, 0x75, 0x6c, 0x00, 0x00,
    0x02, 0x00, 0x00, 0x00, 0x01, 0x00, 0x00, 0x00, 0x10, 0x00, 0x00, 0x00,
    0x66, 0x96, 0xfe, 0xff, 0x00, 0x00, 0x00, 0x01, 0x18, 0x00, 0x00, 0x00,
    0x20, 0x00, 0x00, 0x00, 0x3c, 0x00, 0x00, 0x00, 0x9c, 0x01, 0x00, 0x00,
    0x00, 0x00, 0x00, 0x09, 0x60, 0x00, 0x00, 0x00, 0x02, 0x00, 0x00, 0x00,
    0xff, 0xff, 0xff, 0xff, 0x10, 0x00, 0x00, 0x00, 0x4c, 0x96, 0xfe, 0xff,
    0x08, 0x00, 0x00, 0x00, 0x10, 0x00, 0x00, 0x00, 0x01, 0x00, 0x00, 0x00,
    0x80, 0xff, 0xff, 0xff, 0xff, 0xff, 0xff, 0xff, 0x01, 0x00, 0x00, 0x00,
    0x00, 0x00, 0x80, 0x3b, 0x28, 0x00, 0x00, 0x00, 0x73, 0x6f, 0x63, 0x5f,
    0x6c, 0x73, 0x74, 0x6d, 0x5f, 0x31, 0x2f, 0x6c, 0x73, 0x74, 0x6d, 0x5f,
    0x31, 0x2f, 0x6c, 0x73, 0x74, 0x6d, 0x5f, 0x63, 0x65, 0x6c, 0x6c, 0x5f,
    0x34, 0x31, 0x2f, 0x53, 0x69, 0x67, 0x6d, 0x6f, 0x69, 0x64, 0x5f, 0x31,
    0x00, 0x00, 0x00, 0x00, 0x02, 0x00, 0x00, 0x00, 0x01, 0x00, 0x00, 0x00,
    0x10, 0x00, 0x00, 0x00, 0xee, 0x96, 0xfe, 0xff, 0x00, 0x00, 0x00, 0x01,
    0x18, 0x00, 0x00, 0x00, 0x20, 0x00, 0x00, 0x00, 0x40, 0x00, 0x00, 0x00,
    0x9b, 0x01, 0x00, 0x00, 0x00, 0x00, 0x00, 0x09, 0x60, 0x00, 0x00, 0x00,
    0x02, 0x00, 0x00, 0x00, 0xff, 0xff, 0xff, 0xff, 0x10, 0x00, 0x00, 0x00,
    0xd4, 0x96, 0xfe, 0xff, 0x08, 0x00, 0x00, 0x00, 0x14, 0x00, 0x00, 0x00,
    0x01, 0x00, 0x00, 0x00, 0x80, 0xff, 0xff, 0xff, 0xff, 0xff, 0xff, 0xff,
    0x00, 0x00, 0x00, 0x00, 0x01, 0x00, 0x00, 0x00, 0x00, 0x00, 0x80, 0x3b,
    0x26, 0x00, 0x00, 0x00, 0x73, 0x6f, 0x63, 0x5f, 0x6c, 0x73, 0x74, 0x6d,
    0x5f, 0x31, 0x2f, 0x6c, 0x73, 0x74, 0x6d, 0x5f, 0x31, 0x2f, 0x6c, 0x73,
    0x74, 0x6d, 0x5f, 0x63, 0x65, 0x6c, 0x6c, 0x5f, 0x34, 0x31, 0x2f, 0x53,
    0x69, 0x67, 0x6d, 0x6f, 0x69, 0x64, 0x00, 0x00, 0x02, 0x00, 0x00, 0x00,
    0x01, 0x00, 0x00, 0x00, 0x10, 0x00, 0x00, 0x00, 0x76, 0x97, 0xfe, 0xff,
    0x00, 0x00, 0x00, 0x01, 0x18, 0x00, 0x00, 0x00, 0x20, 0x00, 0x00, 0x00,
    0x40, 0x00, 0x00, 0x00, 0x9a, 0x01, 0x00, 0x00, 0x00, 0x00, 0x00, 0x09,
    0xd0, 0x00, 0x00, 0x00, 0x02, 0x00, 0x00, 0x00, 0xff, 0xff, 0xff, 0xff,
    0x10, 0x00, 0x00, 0x00, 0x5c, 0x97, 0xfe, 0xff, 0x08, 0x00, 0x00, 0x00,
    0x14, 0x00, 0x00, 0x00, 0x01, 0x00, 0x00, 0x00, 0xd6, 0xff, 0xff, 0xff,
    0xff, 0xff, 0xff, 0xff, 0x00, 0x00, 0x00, 0x00, 0x01, 0x00, 0x00, 0x00,
    0x25, 0x38, 0x45, 0x3c, 0x97, 0x00, 0x00, 0x00, 0x73, 0x6f, 0x63, 0x5f,
    0x6c, 0x73, 0x74, 0x6d, 0x5f, 0x31, 0x2f, 0x6c, 0x73, 0x74, 0x6d, 0x5f,
    0x31, 0x2f, 0x6c, 0x73, 0x74, 0x6d, 0x5f, 0x63, 0x65, 0x6c, 0x6c, 0x5f,
    0x34, 0x31, 0x2f, 0x73, 0x70, 0x6c, 0x69, 0x74, 0x3b, 0x73, 0x6f, 0x63,
    0x5f, 0x6c, 0x73, 0x74, 0x6d, 0x5f, 0x31, 0x2f, 0x6c, 0x73, 0x74, 0x6d,
    0x5f, 0x31, 0x2f, 0x6c, 0x73, 0x74, 0x6d, 0x5f, 0x63, 0x65, 0x6c, 0x6c,
    0x5f, 0x34, 0x31, 0x2f, 0x73, 0x70, 0x6c, 0x69, 0x74, 0x31, 0x3b, 0x73,
    0x6f, 0x63, 0x5f, 0x6c, 0x73, 0x74, 0x6d, 0x5f, 0x31, 0x2f, 0x6c, 0x73,
    0x74, 0x6d, 0x5f, 0x31, 0x2f, 0x6c, 0x73, 0x74, 0x6d, 0x5f, 0x63, 0x65,
    0x6c, 0x6c, 0x5f, 0x34, 0x31, 0x2f, 0x73, 0x70, 0x6c, 0x69, 0x74, 0x32,
    0x3b, 0x73, 0x6f, 0x63, 0x5f, 0x6c, 0x73, 0x74, 0x6d, 0x5f, 0x31, 0x2f,
    0x6c, 0x73, 0x74, 0x6d, 0x5f, 0x31, 0x2f, 0x6c, 0x73, 0x74, 0x6d, 0x5f,
    0x63, 0x65, 0x6c, 0x6c, 0x5f, 0x34, 0x31, 0x2f, 0x73, 0x70, 0x6c, 0x69,
    0x74, 0x33, 0x33, 0x00, 0x02, 0x00, 0x00, 0x00, 0x01, 0x00, 0x00, 0x00,
    0x10, 0x00, 0x00, 0x00, 0x6e, 0x98, 0xfe, 0xff, 0x00, 0x00, 0x00, 0x01,
    0x18, 0x00, 0x00, 0x00, 0x20, 0x00, 0x00, 0x00, 0x40, 0x00, 0x00, 0x00,
    0x99, 0x01, 0x00, 0x00, 0x00, 0x00, 0x00, 0x09, 0xd0, 0x00, 0x00, 0x00,
    0x02, 0x00, 0x00, 0x00, 0xff, 0xff, 0xff, 0xff, 0x10, 0x00, 0x00, 0x00,
    0x54, 0x98, 0xfe, 0xff, 0x08, 0x00, 0x00, 0x00, 0x14, 0x00, 0x00, 0x00,
    0x01, 0x00, 0x00, 0x00, 0xd6, 0xff, 0xff, 0xff, 0xff, 0xff, 0xff, 0xff,
    0x00, 0x00, 0x00, 0x00, 0x01, 0x00, 0x00, 0x00, 0x25, 0x38, 0x45, 0x3c,
    0x97, 0x00, 0x00, 0x00, 0x73, 0x6f, 0x63, 0x5f, 0x6c, 0x73, 0x74, 0x6d,
    0x5f, 0x31, 0x2f, 0x6c, 0x73, 0x74, 0x6d, 0x5f, 0x31, 0x2f, 0x6c, 0x73,
    0x74, 0x6d, 0x5f, 0x63, 0x65, 0x6c, 0x6c, 0x5f, 0x34, 0x31, 0x2f, 0x73,
    0x70, 0x6c, 0x69, 0x74, 0x3b, 0x73, 0x6f, 0x63, 0x5f, 0x6c, 0x73, 0x74,
    0x6d, 0x5f, 0x31, 0x2f, 0x6c, 0x73, 0x74, 0x6d, 0x5f, 0x31, 0x2f, 0x6c,
    0x73, 0x74, 0x6d, 0x5f, 0x63, 0x65, 0x6c, 0x6c, 0x5f, 0x34, 0x31, 0x2f,
    0x73, 0x70, 0x6c, 0x69, 0x74, 0x31, 0x3b, 0x73, 0x6f, 0x63, 0x5f, 0x6c,
    0x73, 0x74, 0x6d, 0x5f, 0x31, 0x2f, 0x6c, 0x73, 0x74, 0x6d, 0x5f, 0x31,
    0x2f, 0x6c, 0x73, 0x74, 0x6d, 0x5f, 0x63, 0x65, 0x6c, 0x6c, 0x5f, 0x34,
    0x31, 0x2f, 0x73, 0x70, 0x6c, 0x69, 0x74, 0x32, 0x3b, 0x73, 0x6f, 0x63,
    0x5f, 0x6c, 0x73, 0x74, 0x6d, 0x5f, 0x31, 0x2f, 0x6c, 0x73, 0x74, 0x6d,
    0x5f, 0x31, 0x2f, 0x6c, 0x73, 0x74, 0x6d, 0x5f, 0x63, 0x65, 0x6c, 0x6c,
    0x5f, 0x34, 0x31, 0x2f, 0x73, 0x70, 0x6c, 0x69, 0x74, 0x33, 0x32, 0x00,
    0x02, 0x00, 0x00, 0x00, 0x01, 0x00, 0x00, 0x00, 0x10, 0x00, 0x00, 0x00,
    0x66, 0x99, 0xfe, 0xff, 0x00, 0x00, 0x00, 0x01, 0x18, 0x00, 0x00, 0x00,
    0x20, 0x00, 0x00, 0x00, 0x40, 0x00, 0x00, 0x00, 0x98, 0x01, 0x00, 0x00,
    0x00, 0x00, 0x00, 0x09, 0xd0, 0x00, 0x00, 0x00, 0x02, 0x00, 0x00, 0x00,
    0xff, 0xff, 0xff, 0xff, 0x10, 0x00, 0x00, 0x00, 0x4c, 0x99, 0xfe, 0xff,
    0x08, 0x00, 0x00, 0x00, 0x14, 0x00, 0x00, 0x00, 0x01, 0x00, 0x00, 0x00,
    0xd6, 0xff, 0xff, 0xff, 0xff, 0xff, 0xff, 0xff, 0x00, 0x00, 0x00, 0x00,
    0x01, 0x00, 0x00, 0x00, 0x25, 0x38, 0x45, 0x3c, 0x97, 0x00, 0x00, 0x00,
    0x73, 0x6f, 0x63, 0x5f, 0x6c, 0x73, 0x74, 0x6d, 0x5f, 0x31, 0x2f, 0x6c,
    0x73, 0x74, 0x6d, 0x5f, 0x31, 0x2f, 0x6c, 0x73, 0x74, 0x6d, 0x5f, 0x63,
    0x65, 0x6c, 0x6c, 0x5f, 0x34, 0x31, 0x2f, 0x73, 0x70, 0x6c, 0x69, 0x74,
    0x3b, 0x73, 0x6f, 0x63, 0x5f, 0x6c, 0x73, 0x74, 0x6d, 0x5f, 0x31, 0x2f,
    0x6c, 0x73, 0x74, 0x6d, 0x5f, 0x31, 0x2f, 0x6c, 0x73, 0x74, 0x6d, 0x5f,
    0x63, 0x65, 0x6c, 0x6c, 0x5f, 0x34, 0x31, 0x2f, 0x73, 0x70, 0x6c, 0x69,
    0x74, 0x31, 0x3b, 0x73, 0x6f, 0x63, 0x5f, 0x6c, 0x73, 0x74, 0x6d, 0x5f,
    0x31, 0x2f, 0x6c, 0x73, 0x74, 0x6d, 0x5f, 0x31, 0x2f, 0x6c, 0x73, 0x74,
    0x6d, 0x5f, 0x63, 0x65, 0x6c, 0x6c, 0x5f, 0x34, 0x31, 0x2f, 0x73, 0x70,
    0x6c, 0x69, 0x74, 0x32, 0x3b, 0x73, 0x6f, 0x63, 0x5f, 0x6c, 0x73, 0x74,
    0x6d, 0x5f, 0x31, 0x2f, 0x6c, 0x73, 0x74, 0x6d, 0x5f, 0x31, 0x2f, 0x6c,
    0x73, 0x74, 0x6d, 0x5f, 0x63, 0x65, 0x6c, 0x6c, 0x5f, 0x34, 0x31, 0x2f,
    0x73, 0x70, 0x6c, 0x69, 0x74, 0x33, 0x31, 0x00, 0x02, 0x00, 0x00, 0x00,
    0x01, 0x00, 0x00, 0x00, 0x10, 0x00, 0x00, 0x00, 0x5e, 0x9a, 0xfe, 0xff,
    0x00, 0x00, 0x00, 0x01, 0x18, 0x00, 0x00, 0x00, 0x20, 0x00, 0x00, 0x00,
    0x40, 0x00, 0x00, 0x00, 0x97, 0x01, 0x00, 0x00, 0x00, 0x00, 0x00, 0x09,
    0xd0, 0x00, 0x00, 0x00, 0x02, 0x00, 0x00, 0x00, 0xff, 0xff, 0xff, 0xff,
    0x10, 0x00, 0x00, 0x00, 0x44, 0x9a, 0xfe, 0xff, 0x08, 0x00, 0x00, 0x00,
    0x14, 0x00, 0x00, 0x00, 0x01, 0x00, 0x00, 0x00, 0xd6, 0xff, 0xff, 0xff,
    0xff, 0xff, 0xff, 0xff, 0x00, 0x00, 0x00, 0x00, 0x01, 0x00, 0x00, 0x00,
    0x25, 0x38, 0x45, 0x3c, 0x96, 0x00, 0x00, 0x00, 0x73, 0x6f, 0x63, 0x5f,
    0x6c, 0x73, 0x74, 0x6d, 0x5f, 0x31, 0x2f, 0x6c, 0x73, 0x74, 0x6d, 0x5f,
    0x31, 0x2f, 0x6c, 0x73, 0x74, 0x6d, 0x5f, 0x63, 0x65, 0x6c, 0x6c, 0x5f,
    0x34, 0x31, 0x2f, 0x73, 0x70, 0x6c, 0x69, 0x74, 0x3b, 0x73, 0x6f, 0x63,
    0x5f, 0x6c, 0x73, 0x74, 0x6d, 0x5f, 0x31, 0x2f, 0x6c, 0x73, 0x74, 0x6d,
    0x5f, 0x31, 0x2f, 0x6c, 0x73, 0x74, 0x6d, 0x5f, 0x63, 0x65, 0x6c, 0x6c,
    0x5f, 0x34, 0x31, 0x2f, 0x73, 0x70, 0x6c, 0x69, 0x74, 0x31, 0x3b, 0x73,
    0x6f, 0x63, 0x5f, 0x6c, 0x73, 0x74, 0x6d, 0x5f, 0x31, 0x2f, 0x6c, 0x73,
    0x74, 0x6d, 0x5f, 0x31, 0x2f, 0x6c, 0x73, 0x74, 0x6d, 0x5f, 0x63, 0x65,
    0x6c, 0x6c, 0x5f, 0x34, 0x31, 0x2f, 0x73, 0x70, 0x6c, 0x69, 0x74, 0x32,
    0x3b, 0x73, 0x6f, 0x63, 0x5f, 0x6c, 0x73, 0x74, 0x6d, 0x5f, 0x31, 0x2f,
    0x6c, 0x73, 0x74, 0x6d, 0x5f, 0x31, 0x2f, 0x6c, 0x73, 0x74, 0x6d, 0x5f,
    0x63, 0x65, 0x6c, 0x6c, 0x5f, 0x34, 0x31, 0x2f, 0x73, 0x70, 0x6c, 0x69,
    0x74, 0x33, 0x00, 0x00, 0x02, 0x00, 0x00, 0x00, 0x01, 0x00, 0x00, 0x00,
    0x10, 0x00, 0x00, 0x00, 0x56, 0x9b, 0xfe, 0xff, 0x00, 0x00, 0x00, 0x01,
    0x18, 0x00, 0x00, 0x00, 0x20, 0x00, 0x00, 0x00, 0x40, 0x00, 0x00, 0x00,
    0x96, 0x01, 0x00, 0x00, 0x00, 0x00, 0x00, 0x09, 0x60, 0x00, 0x00, 0x00,
    0x02, 0x00, 0x00, 0x00, 0xff, 0xff, 0xff, 0xff, 0x40, 0x00, 0x00, 0x00,
    0x3c, 0x9b, 0xfe, 0xff, 0x08, 0x00, 0x00, 0x00, 0x14, 0x00, 0x00, 0x00,
    0x01, 0x00, 0x00, 0x00, 0xd6, 0xff, 0xff, 0xff, 0xff, 0xff, 0xff, 0xff,
    0x00, 0x00, 0x00, 0x00, 0x01, 0x00, 0x00, 0x00, 0x25, 0x38, 0x45, 0x3c,
    0x26, 0x00, 0x00, 0x00, 0x73, 0x6f, 0x63, 0x5f, 0x6c, 0x73, 0x74, 0x6d,
    0x5f, 0x31, 0x2f, 0x6c, 0x73, 0x74, 0x6d, 0x5f, 0x31, 0x2f, 0x6c, 0x73,
    0x74, 0x6d, 0x5f, 0x63, 0x65, 0x6c, 0x6c, 0x5f, 0x34, 0x31, 0x2f, 0x42,
    0x69, 0x61, 0x73, 0x41, 0x64, 0x64, 0x00, 0x00, 0x02, 0x00, 0x00, 0x00,
    0x01, 0x00, 0x00, 0x00, 0x40, 0x00, 0x00, 0x00, 0xde, 0x9b, 0xfe, 0xff,
    0x00, 0x00, 0x00, 0x01, 0x18, 0x00, 0x00, 0x00, 0x20, 0x00, 0x00, 0x00,
    0x3c, 0x00, 0x00, 0x00, 0x95, 0x01, 0x00, 0x00, 0x00, 0x00, 0x00, 0x09,
    0x58, 0x00, 0x00, 0x00, 0x02, 0x00, 0x00, 0x00, 0xff, 0xff, 0xff, 0xff,
    0x40, 0x00, 0x00, 0x00, 0xc4, 0x9b, 0xfe, 0xff, 0x08, 0x00, 0x00, 0x00,
    0x10, 0x00, 0x00, 0x00, 0x01, 0x00, 0x00, 0x00, 0xda, 0xff, 0xff, 0xff,
    0xff, 0xff, 0xff, 0xff, 0x01, 0x00, 0x00, 0x00, 0x1f, 0x89, 0x49, 0x3c,
    0x22, 0x00, 0x00, 0x00, 0x73, 0x6f, 0x63, 0x5f, 0x6c, 0x73, 0x74, 0x6d,
    0x5f, 0x31, 0x2f, 0x6c, 0x73, 0x74, 0x6d, 0x5f, 0x31, 0x2f, 0x6c, 0x73,
    0x74, 0x6d, 0x5f, 0x63, 0x65, 0x6c, 0x6c, 0x5f, 0x34, 0x31, 0x2f, 0x41,
    0x64, 0x64, 0x00, 0x00, 0x02, 0x00, 0x00, 0x00, 0x01, 0x00, 0x00, 0x00,
    0x40, 0x00, 0x00, 0x00, 0x5e, 0x9c, 0xfe, 0xff, 0x00, 0x00, 0x00, 0x01,
    0x18, 0x00, 0x00, 0x00, 0x20, 0x00, 0x00, 0x00, 0x40, 0x00, 0x00, 0x00,
    0x94, 0x01, 0x00, 0x00, 0x00, 0x00, 0x00, 0x09, 0x60, 0x00, 0x00, 0x00,
    0x02, 0x00, 0x00, 0x00, 0xff, 0xff, 0xff, 0xff, 0x40, 0x00, 0x00, 0x00,
    0x44, 0x9c, 0xfe, 0xff, 0x08, 0x00, 0x00, 0x00, 0x14, 0x00, 0x00, 0x00,
    0x01, 0x00, 0x00, 0x00, 0x05, 0x00, 0x00, 0x00, 0x00, 0x00, 0x00, 0x00,
    0x00, 0x00, 0x00, 0x00, 0x01, 0x00, 0x00, 0x00, 0xd6, 0x25, 0xdc, 0x3b,
    0x27, 0x00, 0x00, 0x00, 0x73, 0x6f, 0x63, 0x5f, 0x6c, 0x73, 0x74, 0x6d,
    0x5f, 0x31, 0x2f, 0x6c, 0x73, 0x74, 0x6d, 0x5f, 0x31, 0x2f, 0x6c, 0x73,
    0x74, 0x6d, 0x5f, 0x63, 0x65, 0x6c, 0x6c, 0x5f, 0x34, 0x31, 0x2f, 0x4d,
    0x61, 0x74, 0x4d, 0x75, 0x6c, 0x5f, 0x31, 0x00, 0x02, 0x00, 0x00, 0x00,
    0x01, 0x00, 0x00, 0x00, 0x40, 0x00, 0x00, 0x00, 0xe6, 0x9c, 0xfe, 0xff,
    0x00, 0x00, 0x00, 0x01, 0x18, 0x00, 0x00, 0x00, 0x20, 0x00, 0x00, 0x00,
    0x40, 0x00, 0x00, 0x00, 0x93, 0x01, 0x00, 0x00, 0x00, 0x00, 0x00, 0x09,
    0x60, 0x00, 0x00, 0x00, 0x02, 0x00, 0x00, 0x00, 0xff, 0xff, 0xff, 0xff,
    0x10, 0x00, 0x00, 0x00, 0xcc, 0x9c, 0xfe, 0xff, 0x08, 0x00, 0x00, 0x00,
    0x14, 0x00, 0x00, 0x00, 0x01, 0x00, 0x00, 0x00, 0x0b, 0x00, 0x00, 0x00,
    0x00, 0x00, 0x00, 0x00, 0x00, 0x00, 0x00, 0x00, 0x01, 0x00, 0x00, 0x00,
    0x50, 0x56, 0x87, 0x3b, 0x24, 0x00, 0x00, 0x00, 0x73, 0x6f, 0x63, 0x5f,
    0x6c, 0x73, 0x74, 0x6d, 0x5f, 0x31, 0x2f, 0x6c, 0x73, 0x74, 0x6d, 0x5f,
    0x31, 0x2f, 0x6c, 0x73, 0x74, 0x6d, 0x5f, 0x63, 0x65, 0x6c, 0x6c, 0x5f,
    0x33, 0x39, 0x2f, 0x6d, 0x75, 0x6c, 0x5f, 0x32, 0x00, 0x00, 0x00, 0x00,
    0x02, 0x00, 0x00, 0x00, 0x01, 0x00, 0x00, 0x00, 0x10, 0x00, 0x00, 0x00,
    0x6e, 0x9d, 0xfe, 0xff, 0x00, 0x00, 0x00, 0x01, 0x18, 0x00, 0x00, 0x00,
    0x20, 0x00, 0x00, 0x00, 0x40, 0x00, 0x00, 0x00, 0x92, 0x01, 0x00, 0x00,
    0x00, 0x00, 0x00, 0x09, 0x60, 0x00, 0x00, 0x00, 0x02, 0x00, 0x00, 0x00,
    0xff, 0xff, 0xff, 0xff, 0x10, 0x00, 0x00, 0x00, 0x54, 0x9d, 0xfe, 0xff,
    0x08, 0x00, 0x00, 0x00, 0x14, 0x00, 0x00, 0x00, 0x01, 0x00, 0x00, 0x00,
    0x00, 0x00, 0x00, 0x00, 0x00, 0x00, 0x00, 0x00, 0x00, 0x00, 0x00, 0x00,
    0x01, 0x00, 0x00, 0x00, 0x00, 0x00, 0x00, 0x3c, 0x25, 0x00, 0x00, 0x00,
    0x73, 0x6f, 0x63, 0x5f, 0x6c, 0x73, 0x74, 0x6d, 0x5f, 0x31, 0x2f, 0x6c,
    0x73, 0x74, 0x6d, 0x5f, 0x31, 0x2f, 0x6c, 0x73, 0x74, 0x6d, 0x5f, 0x63,
    0x65, 0x6c, 0x6c, 0x5f, 0x33, 0x39, 0x2f, 0x54, 0x61, 0x6e, 0x68, 0x5f,
    0x31, 0x00, 0x00, 0x00, 0x02, 0x00, 0x00, 0x00, 0x01, 0x00, 0x00, 0x00,
    0x10, 0x00, 0x00, 0x00, 0xf6, 0x9d, 0xfe, 0xff, 0x00, 0x00, 0x00, 0x01,
    0x18, 0x00, 0x00, 0x00, 0x20, 0x00, 0x00, 0x00, 0x40, 0x00, 0x00, 0x00,
    0x91, 0x01, 0x00, 0x00, 0x00, 0x00, 0x00, 0x09, 0x60, 0x00, 0x00, 0x00,
    0x02, 0x00, 0x00, 0x00, 0xff, 0xff, 0xff, 0xff, 0x10, 0x00, 0x00, 0x00,
    0xdc, 0x9d, 0xfe, 0xff, 0x08, 0x00, 0x00, 0x00, 0x14, 0x00, 0x00, 0x00,
    0x01, 0x00, 0x00, 0x00, 0x1d, 0x00, 0x00, 0x00, 0x00, 0x00, 0x00, 0x00,
    0x00, 0x00, 0x00, 0x00, 0x01, 0x00, 0x00, 0x00, 0xaf, 0x8e, 0x32, 0x3c,
    0x24, 0x00, 0x00, 0x00, 0x73, 0x6f, 0x63, 0x5f, 0x6c, 0x73, 0x74, 0x6d,
    0x5f, 0x31, 0x2f, 0x6c, 0x73, 0x74, 0x6d, 0x5f, 0x31, 0x2f, 0x6c, 0x73,
    0x74, 0x6d, 0x5f, 0x63, 0x65, 0x6c, 0x6c, 0x5f, 0x33, 0x39, 0x2f, 0x61,
    0x64, 0x64, 0x5f, 0x31, 0x00, 0x00, 0x00, 0x00, 0x02, 0x00, 0x00, 0x00,
    0x01, 0x00, 0x00, 0x00, 0x10, 0x00, 0x00, 0x00, 0x7e, 0x9e, 0xfe, 0xff,
    0x00, 0x00, 0x00, 0x01, 0x18, 0x00, 0x00, 0x00, 0x20, 0x00, 0x00, 0x00,
    0x40, 0x00, 0x00, 0x00, 0x90, 0x01, 0x00, 0x00, 0x00, 0x00, 0x00, 0x09,
    0x60, 0x00, 0x00, 0x00, 0x02, 0x00, 0x00, 0x00, 0xff, 0xff, 0xff, 0xff,
    0x10, 0x00, 0x00, 0x00, 0x64, 0x9e, 0xfe, 0xff, 0x08, 0x00, 0x00, 0x00,
    0x14, 0x00, 0x00, 0x00, 0x01, 0x00, 0x00, 0x00, 0x10, 0x00, 0x00, 0x00,
    0x00, 0x00, 0x00, 0x00, 0x00, 0x00, 0x00, 0x00, 0x01, 0x00, 0x00, 0x00,
    0x7b, 0x59, 0x42, 0x3b, 0x24, 0x00, 0x00, 0x00, 0x73, 0x6f, 0x63, 0x5f,
    0x6c, 0x73, 0x74, 0x6d, 0x5f, 0x31, 0x2f, 0x6c, 0x73, 0x74, 0x6d, 0x5f,
    0x31, 0x2f, 0x6c, 0x73, 0x74, 0x6d, 0x5f, 0x63, 0x65, 0x6c, 0x6c, 0x5f,
    0x33, 0x39, 0x2f, 0x6d, 0x75, 0x6c, 0x5f, 0x31, 0x00, 0x00, 0x00, 0x00,
    0x02, 0x00, 0x00, 0x00, 0x01, 0x00, 0x00, 0x00, 0x10, 0x00, 0x00, 0x00,
    0x06, 0x9f, 0xfe, 0xff, 0x00, 0x00, 0x00, 0x01, 0x18, 0x00, 0x00, 0x00,
    0x20, 0x00, 0x00, 0x00, 0x3c, 0x00, 0x00, 0x00, 0x8f, 0x01, 0x00, 0x00,
    0x00, 0x00, 0x00, 0x09, 0x58, 0x00, 0x00, 0x00, 0x02, 0x00, 0x00, 0x00,
    0xff, 0xff, 0xff, 0xff, 0x10, 0x00, 0x00, 0x00, 0xec, 0x9e, 0xfe, 0xff,
    0x08, 0x00, 0x00, 0x00, 0x10, 0x00, 0x00, 0x00, 0x01, 0x00, 0x00, 0x00,
    0x00, 0x00, 0x00, 0x00, 0x00, 0x00, 0x00, 0x00, 0x01, 0x00, 0x00, 0x00,
    0x00, 0x00, 0x00, 0x3c, 0x23, 0x00, 0x00, 0x00, 0x73, 0x6f, 0x63, 0x5f,
    0x6c, 0x73, 0x74, 0x6d, 0x5f, 0x31, 0x2f, 0x6c, 0x73, 0x74, 0x6d, 0x5f,
    0x31, 0x2f, 0x6c, 0x73, 0x74, 0x6d, 0x5f, 0x63, 0x65, 0x6c, 0x6c, 0x5f,
    0x33, 0x39, 0x2f, 0x54, 0x61, 0x6e, 0x68, 0x00, 0x02, 0x00, 0x00, 0x00,
    0x01, 0x00, 0x00, 0x00, 0x10, 0x00, 0x00, 0x00, 0x86, 0x9f, 0xfe, 0xff,
    0x00, 0x00, 0x00, 0x01, 0x18, 0x00, 0x00, 0x00, 0x20, 0x00, 0x00, 0x00,
    0x3c, 0x00, 0x00, 0x00, 0x8e, 0x01, 0x00, 0x00, 0x00, 0x00, 0x00, 0x09,
    0x60, 0x00, 0x00, 0x00, 0x02, 0x00, 0x00, 0x00, 0xff, 0xff, 0xff, 0xff,
    0x10, 0x00, 0x00, 0x00, 0x6c, 0x9f, 0xfe, 0xff, 0x08, 0x00, 0x00, 0x00,
    0x10, 0x00, 0x00, 0x00, 0x01, 0x00, 0x00, 0x00, 0x80, 0xff, 0xff, 0xff,
    0xff, 0xff, 0xff, 0xff, 0x01, 0x00, 0x00, 0x00, 0x00, 0x00, 0x80, 0x3b,
    0x28, 0x00, 0x00, 0x00, 0x73, 0x6f, 0x63, 0x5f, 0x6c, 0x73, 0x74, 0x6d,
    0x5f, 0x31, 0x2f, 0x6c, 0x73, 0x74, 0x6d, 0x5f, 0x31, 0x2f, 0x6c, 0x73,
    0x74, 0x6d, 0x5f, 0x63, 0x65, 0x6c, 0x6c, 0x5f, 0x33, 0x39, 0x2f, 0x53,
    0x69, 0x67, 0x6d, 0x6f, 0x69, 0x64, 0x5f, 0x32, 0x00, 0x00, 0x00, 0x00,
    0x02, 0x00, 0x00, 0x00, 0x01, 0x00, 0x00, 0x00, 0x10, 0x00, 0x00, 0x00,
    0x0e, 0xa0, 0xfe, 0xff, 0x00, 0x00, 0x00, 0x01, 0x18, 0x00, 0x00, 0x00,
    0x20, 0x00, 0x00, 0x00, 0x3c, 0x00, 0x00, 0x00, 0x8d, 0x01, 0x00, 0x00,
    0x00, 0x00, 0x00, 0x09, 0x58, 0x00, 0x00, 0x00, 0x02, 0x00, 0x00, 0x00,
    0xff, 0xff, 0xff, 0xff, 0x10, 0x00, 0x00, 0x00, 0xf4, 0x9f, 0xfe, 0xff,
    0x08, 0x00, 0x00, 0x00, 0x10, 0x00, 0x00, 0x00, 0x01, 0x00, 0x00, 0x00,
    0x1d, 0x00, 0x00, 0x00, 0x00, 0x00, 0x00, 0x00, 0x01, 0x00, 0x00, 0x00,
    0xaf, 0x8e, 0x32, 0x3c, 0x22, 0x00, 0x00, 0x00, 0x73, 0x6f, 0x63, 0x5f,
    0x6c, 0x73, 0x74, 0x6d, 0x5f, 0x31, 0x2f, 0x6c, 0x73, 0x74, 0x6d, 0x5f,
    0x31, 0x2f, 0x6c, 0x73, 0x74, 0x6d, 0x5f, 0x63, 0x65, 0x6c, 0x6c, 0x5f,
    0x33, 0x39, 0x2f, 0x6d, 0x75, 0x6c, 0x00, 0x00, 0x02, 0x00, 0x00, 0x00,
    0x01, 0x00, 0x00, 0x00, 0x10, 0x00, 0x00, 0x00, 0x8e, 0xa0, 0xfe, 0xff,
    0x00, 0x00, 0x00, 0x01, 0x18, 0x00, 0x00, 0x00, 0x20, 0x00, 0x00, 0x00,
    0x3c, 0x00, 0x00, 0x00, 0x8c, 0x01, 0x00, 0x00, 0x00, 0x00, 0x00, 0x09,
    0x60, 0x00, 0x00, 0x00, 0x02, 0x00, 0x00, 0x00, 0xff, 0xff, 0xff, 0xff,
    0x10, 0x00, 0x00, 0x00, 0x74, 0xa0, 0xfe, 0xff, 0x08, 0x00, 0x00, 0x00,
    0x10, 0x00, 0x00, 0x00, 0x01, 0x00, 0x00, 0x00, 0x80, 0xff, 0xff, 0xff,
    0xff, 0xff, 0xff, 0xff, 0x01, 0x00, 0x00, 0x00, 0x00, 0x00, 0x80, 0x3b,
    0x28, 0x00, 0x00, 0x00, 0x73, 0x6f, 0x63, 0x5f, 0x6c, 0x73, 0x74, 0x6d,
    0x5f, 0x31, 0x2f, 0x6c, 0x73, 0x74, 0x6d, 0x5f, 0x31, 0x2f, 0x6c, 0x73,
    0x74, 0x6d, 0x5f, 0x63, 0x65, 0x6c, 0x6c, 0x5f, 0x33, 0x39, 0x2f, 0x53,
    0x69, 0x67, 0x6d, 0x6f, 0x69, 0x64, 0x5f, 0x31, 0x00, 0x00, 0x00, 0x00,
    0x02, 0x00, 0x00, 0x00, 0x01, 0x00, 0x00, 0x00, 0x10, 0x00, 0x00, 0x00,
    0x16, 0xa1, 0xfe, 0xff, 0x00, 0x00, 0x00, 0x01, 0x18, 0x00, 0x00, 0x00,
    0x20, 0x00, 0x00, 0x00, 0x40, 0x00, 0x00, 0x00, 0x8b, 0x01, 0x00, 0x00,
    0x00, 0x00, 0x00, 0x09, 0x60, 0x00, 0x00, 0x00, 0x02, 0x00, 0x00, 0x00,
    0xff, 0xff, 0xff, 0xff, 0x10, 0x00, 0x00, 0x00, 0xfc, 0xa0, 0xfe, 0xff,
    0x08, 0x00, 0x00, 0x00, 0x14, 0x00, 0x00, 0x00, 0x01, 0x00, 0x00, 0x00,
    0x80, 0xff, 0xff, 0xff, 0xff, 0xff, 0xff, 0xff, 0x00, 0x00, 0x00, 0x00,
    0x01, 0x00, 0x00, 0x00, 0x00, 0x00, 0x80, 0x3b, 0x26, 0x00, 0x00, 0x00,
    0x73, 0x6f, 0x63, 0x5f, 0x6c, 0x73, 0x74, 0x6d, 0x5f, 0x31, 0x2f, 0x6c,
    0x73, 0x74, 0x6d, 0x5f, 0x31, 0x2f, 0x6c, 0x73, 0x74, 0x6d, 0x5f, 0x63,
    0x65, 0x6c, 0x6c, 0x5f, 0x33, 0x39, 0x2f, 0x53, 0x69, 0x67, 0x6d, 0x6f,
    0x69, 0x64, 0x00, 0x00, 0x02, 0x00, 0x00, 0x00, 0x01, 0x00, 0x00, 0x00,
    0x10, 0x00, 0x00, 0x00, 0x9e, 0xa1, 0xfe, 0xff, 0x00, 0x00, 0x00, 0x01,
    0x18, 0x00, 0x00, 0x00, 0x20, 0x00, 0x00, 0x00, 0x40, 0x00, 0x00, 0x00,
    0x8a, 0x01, 0x00, 0x00, 0x00, 0x00, 0x00, 0x09, 0xd0, 0x00, 0x00, 0x00,
    0x02, 0x00, 0x00, 0x00, 0xff, 0xff, 0xff, 0xff, 0x10, 0x00, 0x00, 0x00,
    0x84, 0xa1, 0xfe, 0xff, 0x08, 0x00, 0x00, 0x00, 0x14, 0x00, 0x00, 0x00,
    0x01, 0x00, 0x00, 0x00, 0xd9, 0xff, 0xff, 0xff, 0xff, 0xff, 0xff, 0xff,
    0x00, 0x00, 0x00, 0x00, 0x01, 0x00, 0x00, 0x00, 0xab, 0xa9, 0x3f, 0x3c,
    0x97, 0x00, 0x00, 0x00, 0x73, 0x6f, 0x63, 0x5f, 0x6c, 0x73, 0x74, 0x6d,
    0x5f, 0x31, 0x2f, 0x6c, 0x73, 0x74, 0x6d, 0x5f, 0x31, 0x2f, 0x6c, 0x73,
    0x74, 0x6d, 0x5f, 0x63, 0x65, 0x6c, 0x6c, 0x5f, 0x33, 0x39, 0x2f, 0x73,
    0x70, 0x6c, 0x69, 0x74, 0x3b, 0x73, 0x6f, 0x63, 0x5f, 0x6c, 0x73, 0x74,
    0x6d, 0x5f, 0x31, 0x2f, 0x6c, 0x73, 0x74, 0x6d, 0x5f, 0x31, 0x2f, 0x6c,
    0x73, 0x74, 0x6d, 0x5f, 0x63, 0x65, 0x6c, 0x6c, 0x5f, 0x33, 0x39, 0x2f,
    0x73, 0x70, 0x6c, 0x69, 0x74, 0x31, 0x3b, 0x73, 0x6f, 0x63, 0x5f, 0x6c,
    0x73, 0x74, 0x6d, 0x5f, 0x31, 0x2f, 0x6c, 0x73, 0x74, 0x6d, 0x5f, 0x31,
    0x2f, 0x6c, 0x73, 0x74, 0x6d, 0x5f, 0x63, 0x65, 0x6c, 0x6c, 0x5f, 0x33,
    0x39, 0x2f, 0x73, 0x70, 0x6c, 0x69, 0x74, 0x32, 0x3b, 0x73, 0x6f, 0x63,
    0x5f, 0x6c, 0x73, 0x74, 0x6d, 0x5f, 0x31, 0x2f, 0x6c, 0x73, 0x74, 0x6d,
    0x5f, 0x31, 0x2f, 0x6c, 0x73, 0x74, 0x6d, 0x5f, 0x63, 0x65, 0x6c, 0x6c,
    0x5f, 0x33, 0x39, 0x2f, 0x73, 0x70, 0x6c, 0x69, 0x74, 0x33, 0x33, 0x00,
    0x02, 0x00, 0x00, 0x00, 0x01, 0x00, 0x00, 0x00, 0x10, 0x00, 0x00, 0x00,
    0x96, 0xa2, 0xfe, 0xff, 0x00, 0x00, 0x00, 0x01, 0x18, 0x00, 0x00, 0x00,
    0x20, 0x00, 0x00, 0x00, 0x40, 0x00, 0x00, 0x00, 0x89, 0x01, 0x00, 0x00,
    0x00, 0x00, 0x00, 0x09, 0xd0, 0x00, 0x00, 0x00, 0x02, 0x00, 0x00, 0x00,
    0xff, 0xff, 0xff, 0xff, 0x10, 0x00, 0x00, 0x00, 0x7c, 0xa2, 0xfe, 0xff,
    0x08, 0x00, 0x00, 0x00, 0x14, 0x00, 0x00, 0x00, 0x01, 0x00, 0x00, 0x00,
    0xd9, 0xff, 0xff, 0xff, 0xff, 0xff, 0xff, 0xff, 0x00, 0x00, 0x00, 0x00,
    0x01, 0x00, 0x00, 0x00, 0xab, 0xa9, 0x3f, 0x3c, 0x97, 0x00, 0x00, 0x00,
    0x73, 0x6f, 0x63, 0x5f, 0x6c, 0x73, 0x74, 0x6d, 0x5f, 0x31, 0x2f, 0x6c,
    0x73, 0x74, 0x6d, 0x5f, 0x31, 0x2f, 0x6c, 0x73, 0x74, 0x6d, 0x5f, 0x63,
    0x65, 0x6c, 0x6c, 0x5f, 0x33, 0x39, 0x2f, 0x73, 0x70, 0x6c, 0x69, 0x74,
    0x3b, 0x73, 0x6f, 0x63, 0x5f, 0x6c, 0x73, 0x74, 0x6d, 0x5f, 0x31, 0x2f,
    0x6c, 0x73, 0x74, 0x6d, 0x5f, 0x31, 0x2f, 0x6c, 0x73, 0x74, 0x6d, 0x5f,
    0x63, 0x65, 0x6c, 0x6c, 0x5f, 0x33, 0x39, 0x2f, 0x73, 0x70, 0x6c, 0x69,
    0x74, 0x31, 0x3b, 0x73, 0x6f, 0x63, 0x5f, 0x6c, 0x73, 0x74, 0x6d, 0x5f,
    0x31, 0x2f, 0x6c, 0x73, 0x74, 0x6d, 0x5f, 0x31, 0x2f, 0x6c, 0x73, 0x74,
    0x6d, 0x5f, 0x63, 0x65, 0x6c, 0x6c, 0x5f, 0x33, 0x39, 0x2f, 0x73, 0x70,
    0x6c, 0x69, 0x74, 0x32, 0x3b, 0x73, 0x6f, 0x63, 0x5f, 0x6c, 0x73, 0x74,
    0x6d, 0x5f, 0x31, 0x2f, 0x6c, 0x73, 0x74, 0x6d, 0x5f, 0x31, 0x2f, 0x6c,
    0x73, 0x74, 0x6d, 0x5f, 0x63, 0x65, 0x6c, 0x6c, 0x5f, 0x33, 0x39, 0x2f,
    0x73, 0x70, 0x6c, 0x69, 0x74, 0x33, 0x32, 0x00, 0x02, 0x00, 0x00, 0x00,
    0x01, 0x00, 0x00, 0x00, 0x10, 0x00, 0x00, 0x00, 0x8e, 0xa3, 0xfe, 0xff,
    0x00, 0x00, 0x00, 0x01, 0x18, 0x00, 0x00, 0x00, 0x20, 0x00, 0x00, 0x00,
    0x40, 0x00, 0x00, 0x00, 0x88, 0x01, 0x00, 0x00, 0x00, 0x00, 0x00, 0x09,
    0xd0, 0x00, 0x00, 0x00, 0x02, 0x00, 0x00, 0x00, 0xff, 0xff, 0xff, 0xff,
    0x10, 0x00, 0x00, 0x00, 0x74, 0xa3, 0xfe, 0xff, 0x08, 0x00, 0x00, 0x00,
    0x14, 0x00, 0x00, 0x00, 0x01, 0x00, 0x00, 0x00, 0xd9, 0xff, 0xff, 0xff,
    0xff, 0xff, 0xff, 0xff, 0x00, 0x00, 0x00, 0x00, 0x01, 0x00, 0x00, 0x00,
    0xab, 0xa9, 0x3f, 0x3c, 0x97, 0x00, 0x00, 0x00, 0x73, 0x6f, 0x63, 0x5f,
    0x6c, 0x73, 0x74, 0x6d, 0x5f, 0x31, 0x2f, 0x6c, 0x73, 0x74, 0x6d, 0x5f,
    0x31, 0x2f, 0x6c, 0x73, 0x74, 0x6d, 0x5f, 0x63, 0x65, 0x6c, 0x6c, 0x5f,
    0x33, 0x39, 0x2f, 0x73, 0x70, 0x6c, 0x69, 0x74, 0x3b, 0x73, 0x6f, 0x63,
    0x5f, 0x6c, 0x73, 0x74, 0x6d, 0x5f, 0x31, 0x2f, 0x6c, 0x73, 0x74, 0x6d,
    0x5f, 0x31, 0x2f, 0x6c, 0x73, 0x74, 0x6d, 0x5f, 0x63, 0x65, 0x6c, 0x6c,
    0x5f, 0x33, 0x39, 0x2f, 0x73, 0x70, 0x6c, 0x69, 0x74, 0x31, 0x3b, 0x73,
    0x6f, 0x63, 0x5f, 0x6c, 0x73, 0x74, 0x6d, 0x5f, 0x31, 0x2f, 0x6c, 0x73,
    0x74, 0x6d, 0x5f, 0x31, 0x2f, 0x6c, 0x73, 0x74, 0x6d, 0x5f, 0x63, 0x65,
    0x6c, 0x6c, 0x5f, 0x33, 0x39, 0x2f, 0x73, 0x70, 0x6c, 0x69, 0x74, 0x32,
    0x3b, 0x73, 0x6f, 0x63, 0x5f, 0x6c, 0x73, 0x74, 0x6d, 0x5f, 0x31, 0x2f,
    0x6c, 0x73, 0x74, 0x6d, 0x5f, 0x31, 0x2f, 0x6c, 0x73, 0x74, 0x6d, 0x5f,
    0x63, 0x65, 0x6c, 0x6c, 0x5f, 0x33, 0x39, 0x2f, 0x73, 0x70, 0x6c, 0x69,
    0x74, 0x33, 0x31, 0x00, 0x02, 0x00, 0x00, 0x00, 0x01, 0x00, 0x00, 0x00,
    0x10, 0x00, 0x00, 0x00, 0x86, 0xa4, 0xfe, 0xff, 0x00, 0x00, 0x00, 0x01,
    0x18, 0x00, 0x00, 0x00, 0x20, 0x00, 0x00, 0x00, 0x40, 0x00, 0x00, 0x00,
    0x87, 0x01, 0x00, 0x00, 0x00, 0x00, 0x00, 0x09, 0xd0, 0x00, 0x00, 0x00,
    0x02, 0x00, 0x00, 0x00, 0xff, 0xff, 0xff, 0xff, 0x10, 0x00, 0x00, 0x00,
    0x6c, 0xa4, 0xfe, 0xff, 0x08, 0x00, 0x00, 0x00, 0x14, 0x00, 0x00, 0x00,
    0x01, 0x00, 0x00, 0x00, 0xd9, 0xff, 0xff, 0xff, 0xff, 0xff, 0xff, 0xff,
    0x00, 0x00, 0x00, 0x00, 0x01, 0x00, 0x00, 0x00, 0xab, 0xa9, 0x3f, 0x3c,
    0x96, 0x00, 0x00, 0x00, 0x73, 0x6f, 0x63, 0x5f, 0x6c, 0x73, 0x74, 0x6d,
    0x5f, 0x31, 0x2f, 0x6c, 0x73, 0x74, 0x6d, 0x5f, 0x31, 0x2f, 0x6c, 0x73,
    0x74, 0x6d, 0x5f, 0x63, 0x65, 0x6c, 0x6c, 0x5f, 0x33, 0x39, 0x2f, 0x73,
    0x70, 0x6c, 0x69, 0x74, 0x3b, 0x73, 0x6f, 0x63, 0x5f, 0x6c, 0x73, 0x74,
    0x6d, 0x5f, 0x31, 0x2f, 0x6c, 0x73, 0x74, 0x6d, 0x5f, 0x31, 0x2f, 0x6c,
    0x73, 0x74, 0x6d, 0x5f, 0x63, 0x65, 0x6c, 0x6c, 0x5f, 0x33, 0x39, 0x2f,
    0x73, 0x70, 0x6c, 0x69, 0x74, 0x31, 0x3b, 0x73, 0x6f, 0x63, 0x5f, 0x6c,
    0x73, 0x74, 0x6d, 0x5f, 0x31, 0x2f, 0x6c, 0x73, 0x74, 0x6d, 0x5f, 0x31,
    0x2f, 0x6c, 0x73, 0x74, 0x6d, 0x5f, 0x63, 0x65, 0x6c, 0x6c, 0x5f, 0x33,
    0x39, 0x2f, 0x73, 0x70, 0x6c, 0x69, 0x74, 0x32, 0x3b, 0x73, 0x6f, 0x63,
    0x5f, 0x6c, 0x73, 0x74, 0x6d, 0x5f, 0x31, 0x2f, 0x6c, 0x73, 0x74, 0x6d,
    0x5f, 0x31, 0x2f, 0x6c, 0x73, 0x74, 0x6d, 0x5f, 0x63, 0x65, 0x6c, 0x6c,
    0x5f, 0x33, 0x39, 0x2f, 0x73, 0x70, 0x6c, 0x69, 0x74, 0x33, 0x00, 0x00,
    0x02, 0x00, 0x00, 0x00, 0x01, 0x00, 0x00, 0x00, 0x10, 0x00, 0x00, 0x00,
    0x7e, 0xa5, 0xfe, 0xff, 0x00, 0x00, 0x00, 0x01, 0x18, 0x00, 0x00, 0x00,
    0x20, 0x00, 0x00, 0x00, 0x40, 0x00, 0x00, 0x00, 0x86, 0x01, 0x00, 0x00,
    0x00, 0x00, 0x00, 0x09, 0x60, 0x00, 0x00, 0x00, 0x02, 0x00, 0x00, 0x00,
    0xff, 0xff, 0xff, 0xff, 0x40, 0x00, 0x00, 0x00, 0x64, 0xa5, 0xfe, 0xff,
    0x08, 0x00, 0x00, 0x00, 0x14, 0x00, 0x00, 0x00, 0x01, 0x00, 0x00, 0x00,
    0xd9, 0xff, 0xff, 0xff, 0xff, 0xff, 0xff, 0xff, 0x00, 0x00, 0x00, 0x00,
    0x01, 0x00, 0x00, 0x00, 0xab, 0xa9, 0x3f, 0x3c, 0x26, 0x00, 0x00, 0x00,
    0x73, 0x6f, 0x63, 0x5f, 0x6c, 0x73, 0x74, 0x6d, 0x5f, 0x31, 0x2f, 0x6c,
    0x73, 0x74, 0x6d, 0x5f, 0x31, 0x2f, 0x6c, 0x73, 0x74, 0x6d, 0x5f, 0x63,
    0x65, 0x6c, 0x6c, 0x5f, 0x33, 0x39, 0x2f, 0x42, 0x69, 0x61, 0x73, 0x41,
    0x64, 0x64, 0x00, 0x00, 0x02, 0x00, 0x00, 0x00, 0x01, 0x00, 0x00, 0x00,
    0x40, 0x00, 0x00, 0x00, 0x06, 0xa6, 0xfe, 0xff, 0x00, 0x00, 0x00, 0x01,
    0x18, 0x00, 0x00, 0x00, 0x20, 0x00, 0x00, 0x00, 0x3c, 0x00, 0x00, 0x00,
    0x85, 0x01, 0x00, 0x00, 0x00, 0x00, 0x00, 0x09, 0x58, 0x00, 0x00, 0x00,
    0x02, 0x00, 0x00, 0x00, 0xff, 0xff, 0xff, 0xff, 0x40, 0x00, 0x00, 0x00,
    0xec, 0xa5, 0xfe, 0xff, 0x08, 0x00, 0x00, 0x00, 0x10, 0x00, 0x00, 0x00,
    0x01, 0x00, 0x00, 0x00, 0xdc, 0xff, 0xff, 0xff, 0xff, 0xff, 0xff, 0xff,
    0x01, 0x00, 0x00, 0x00, 0xa5, 0xfa, 0x43, 0x3c, 0x22, 0x00, 0x00, 0x00,
    0x73, 0x6f, 0x63, 0x5f, 0x6c, 0x73, 0x74, 0x6d, 0x5f, 0x31, 0x2f, 0x6c,
    0x73, 0x74, 0x6d, 0x5f, 0x31, 0x2f, 0x6c, 0x73, 0x74, 0x6d, 0x5f, 0x63,
    0x65, 0x6c, 0x6c, 0x5f, 0x33, 0x39, 0x2f, 0x41, 0x64, 0x64, 0x00, 0x00,
    0x02, 0x00, 0x00, 0x00, 0x01, 0x00, 0x00, 0x00, 0x40, 0x00, 0x00, 0x00,
    0x86, 0xa6, 0xfe, 0xff, 0x00, 0x00, 0x00, 0x01, 0x18, 0x00, 0x00, 0x00,
    0x20, 0x00, 0x00, 0x00, 0x40, 0x00, 0x00, 0x00, 0x84, 0x01, 0x00, 0x00,
    0x00, 0x00, 0x00, 0x09, 0x60, 0x00, 0x00, 0x00, 0x02, 0x00, 0x00, 0x00,
    0xff, 0xff, 0xff, 0xff, 0x40, 0x00, 0x00, 0x00, 0x6c, 0xa6, 0xfe, 0xff,
    0x08, 0x00, 0x00, 0x00, 0x14, 0x00, 0x00, 0x00, 0x01, 0x00, 0x00, 0x00,
    0x06, 0x00, 0x00, 0x00, 0x00, 0x00, 0x00, 0x00, 0x00, 0x00, 0x00, 0x00,
    0x01, 0x00, 0x00, 0x00, 0x20, 0xda, 0xc5, 0x3b, 0x27, 0x00, 0x00, 0x00,
    0x73, 0x6f, 0x63, 0x5f, 0x6c, 0x73, 0x74, 0x6d, 0x5f, 0x31, 0x2f, 0x6c,
    0x73, 0x74, 0x6d, 0x5f, 0x31, 0x2f, 0x6c, 0x73, 0x74, 0x6d, 0x5f, 0x63,
    0x65, 0x6c, 0x6c, 0x5f, 0x33, 0x39, 0x2f, 0x4d, 0x61, 0x74, 0x4d, 0x75,
    0x6c, 0x5f, 0x31, 0x00, 0x02, 0x00, 0x00, 0x00, 0x01, 0x00, 0x00, 0x00,
    0x40, 0x00, 0x00, 0x00, 0x0e, 0xa7, 0xfe, 0xff, 0x00, 0x00, 0x00, 0x01,
    0x18, 0x00, 0x00, 0x00, 0x20, 0x00, 0x00, 0x00, 0x40, 0x00, 0x00, 0x00,
    0x83, 0x01, 0x00, 0x00, 0x00, 0x00, 0x00, 0x09, 0x60, 0x00, 0x00, 0x00,
    0x02, 0x00, 0x00, 0x00, 0xff, 0xff, 0xff, 0xff, 0x10, 0x00, 0x00, 0x00,
    0xf4, 0xa6, 0xfe, 0xff, 0x08, 0x00, 0x00, 0x00, 0x14, 0x00, 0x00, 0x00,
    0x01, 0x00, 0x00, 0x00, 0x0e, 0x00, 0x00, 0x00, 0x00, 0x00, 0x00, 0x00,
    0x00, 0x00, 0x00, 0x00, 0x01, 0x00, 0x00, 0x00, 0x70, 0x36, 0x7a, 0x3b,
    0x24, 0x00, 0x00, 0x00, 0x73, 0x6f, 0x63, 0x5f, 0x6c, 0x73, 0x74, 0x6d,
    0x5f, 0x31, 0x2f, 0x6c, 0x73, 0x74, 0x6d, 0x5f, 0x31, 0x2f, 0x6c, 0x73,
    0x74, 0x6d, 0x5f, 0x63, 0x65, 0x6c, 0x6c, 0x5f, 0x33, 0x37, 0x2f, 0x6d,
    0x75, 0x6c, 0x5f, 0x32, 0x00, 0x00, 0x00, 0x00, 0x02, 0x00, 0x00, 0x00,
    0x01, 0x00, 0x00, 0x00, 0x10, 0x00, 0x00, 0x00, 0x96, 0xa7, 0xfe, 0xff,
    0x00, 0x00, 0x00, 0x01, 0x18, 0x00, 0x00, 0x00, 0x20, 0x00, 0x00, 0x00,
    0x40, 0x00, 0x00, 0x00, 0x82, 0x01, 0x00, 0x00, 0x00, 0x00, 0x00, 0x09,
    0x60, 0x00, 0x00, 0x00, 0x02, 0x00, 0x00, 0x00, 0xff, 0xff, 0xff, 0xff,
    0x10, 0x00, 0x00, 0x00, 0x7c, 0xa7, 0xfe, 0xff, 0x08, 0x00, 0x00, 0x00,
    0x14, 0x00, 0x00, 0x00, 0x01, 0x00, 0x00, 0x00, 0x00, 0x00, 0x00, 0x00,
    0x00, 0x00, 0x00, 0x00, 0x00, 0x00, 0x00, 0x00, 0x01, 0x00, 0x00, 0x00,
    0x00, 0x00, 0x00, 0x3c, 0x25, 0x00, 0x00, 0x00, 0x73, 0x6f, 0x63, 0x5f,
    0x6c, 0x73, 0x74, 0x6d, 0x5f, 0x31, 0x2f, 0x6c, 0x73, 0x74, 0x6d, 0x5f,
    0x31, 0x2f, 0x6c, 0x73, 0x74, 0x6d, 0x5f, 0x63, 0x65, 0x6c, 0x6c, 0x5f,
    0x33, 0x37, 0x2f, 0x54, 0x61, 0x6e, 0x68, 0x5f, 0x31, 0x00, 0x00, 0x00,
    0x02, 0x00, 0x00, 0x00, 0x01, 0x00, 0x00, 0x00, 0x10, 0x00, 0x00, 0x00,
    0x1e, 0xa8, 0xfe, 0xff, 0x00, 0x00, 0x00, 0x01, 0x18, 0x00, 0x00, 0x00,
    0x20, 0x00, 0x00, 0x00, 0x40, 0x00, 0x00, 0x00, 0x81, 0x01, 0x00, 0x00,
    0x00, 0x00, 0x00, 0x09, 0x60, 0x00, 0x00, 0x00, 0x02, 0x00, 0x00, 0x00,
    0xff, 0xff, 0xff, 0xff, 0x10, 0x00, 0x00, 0x00, 0x04, 0xa8, 0xfe, 0xff,
    0x08, 0x00, 0x00, 0x00, 0x14, 0x00, 0x00, 0x00, 0x01, 0x00, 0x00, 0x00,
    0x23, 0x00, 0x00, 0x00, 0x00, 0x00, 0x00, 0x00, 0x00, 0x00, 0x00, 0x00,
    0x01, 0x00, 0x00, 0x00, 0x4e, 0xe8, 0x2b, 0x3c, 0x24, 0x00, 0x00, 0x00,
    0x73, 0x6f, 0x63, 0x5f, 0x6c, 0x73, 0x74, 0x6d, 0x5f, 0x31, 0x2f, 0x6c,
    0x73, 0x74, 0x6d, 0x5f, 0x31, 0x2f, 0x6c, 0x73, 0x74, 0x6d, 0x5f, 0x63,
    0x65, 0x6c, 0x6c, 0x5f, 0x33, 0x37, 0x2f, 0x61, 0x64, 0x64, 0x5f, 0x31,
    0x00, 0x00, 0x00, 0x00, 0x02, 0x00, 0x00, 0x00, 0x01, 0x00, 0x00, 0x00,
    0x10, 0x00, 0x00, 0x00, 0xa6, 0xa8, 0xfe, 0xff, 0x00, 0x00, 0x00, 0x01,
    0x18, 0x00, 0x00, 0x00, 0x20, 0x00, 0x00, 0x00, 0x40, 0x00, 0x00, 0x00,
    0x80, 0x01, 0x00, 0x00, 0x00, 0x00, 0x00, 0x09, 0x60, 0x00, 0x00, 0x00,
    0x02, 0x00, 0x00, 0x00, 0xff, 0xff, 0xff, 0xff, 0x10, 0x00, 0x00, 0x00,
    0x8c, 0xa8, 0xfe, 0xff, 0x08, 0x00, 0x00, 0x00, 0x14, 0x00, 0x00, 0x00,
    0x01, 0x00, 0x00, 0x00, 0x15, 0x00, 0x00, 0x00, 0x00, 0x00, 0x00, 0x00,
    0x00, 0x00, 0x00, 0x00, 0x01, 0x00, 0x00, 0x00, 0xc3, 0x7e, 0x3b, 0x3b,
    0x24, 0x00, 0x00, 0x00, 0x73, 0x6f, 0x63, 0x5f, 0x6c, 0x73, 0x74, 0x6d,
    0x5f, 0x31, 0x2f, 0x6c, 0x73, 0x74, 0x6d, 0x5f, 0x31, 0x2f, 0x6c, 0x73,
    0x74, 0x6d, 0x5f, 0x63, 0x65, 0x6c, 0x6c, 0x5f, 0x33, 0x37, 0x2f, 0x6d,
    0x75, 0x6c, 0x5f, 0x31, 0x00, 0x00, 0x00, 0x00, 0x02, 0x00, 0x00, 0x00,
    0x01, 0x00, 0x00, 0x00, 0x10, 0x00, 0x00, 0x00, 0x2e, 0xa9, 0xfe, 0xff,
    0x00, 0x00, 0x00, 0x01, 0x18, 0x00, 0x00, 0x00, 0x20, 0x00, 0x00, 0x00,
    0x3c, 0x00, 0x00, 0x00, 0x7f, 0x01, 0x00, 0x00, 0x00, 0x00, 0x00, 0x09,
    0x58, 0x00, 0x00, 0x00, 0x02, 0x00, 0x00, 0x00, 0xff, 0xff, 0xff, 0xff,
    0x10, 0x00, 0x00, 0x00, 0x14, 0xa9, 0xfe, 0xff, 0x08, 0x00, 0x00, 0x00,
    0x10, 0x00, 0x00, 0x00, 0x01, 0x00, 0x00, 0x00, 0x00, 0x00, 0x00, 0x00,
    0x00, 0x00, 0x00, 0x00, 0x01, 0x00, 0x00, 0x00, 0x00, 0x00, 0x00, 0x3c,
    0x23, 0x00, 0x00, 0x00, 0x73, 0x6f, 0x63, 0x5f, 0x6c, 0x73, 0x74, 0x6d,
    0x5f, 0x31, 0x2f, 0x6c, 0x73, 0x74, 0x6d, 0x5f, 0x31, 0x2f, 0x6c, 0x73,
    0x74, 0x6d, 0x5f, 0x63, 0x65, 0x6c, 0x6c, 0x5f, 0x33, 0x37, 0x2f, 0x54,
    0x61, 0x6e, 0x68, 0x00, 0x02, 0x00, 0x00, 0x00, 0x01, 0x00, 0x00, 0x00,
    0x10, 0x00, 0x00, 0x00, 0xae, 0xa9, 0xfe, 0xff, 0x00, 0x00, 0x00, 0x01,
    0x18, 0x00, 0x00, 0x00, 0x20, 0x00, 0x00, 0x00, 0x3c, 0x00, 0x00, 0x00,
    0x7e, 0x01, 0x00, 0x00, 0x00, 0x00, 0x00, 0x09, 0x60, 0x00, 0x00, 0x00,
    0x02, 0x00, 0x00, 0x00, 0xff, 0xff, 0xff, 0xff, 0x10, 0x00, 0x00, 0x00,
    0x94, 0xa9, 0xfe, 0xff, 0x08, 0x00, 0x00, 0x00, 0x10, 0x00, 0x00, 0x00,
    0x01, 0x00, 0x00, 0x00, 0x80, 0xff, 0xff, 0xff, 0xff, 0xff, 0xff, 0xff,
    0x01, 0x00, 0x00, 0x00, 0x00, 0x00, 0x80, 0x3b, 0x28, 0x00, 0x00, 0x00,
    0x73, 0x6f, 0x63, 0x5f, 0x6c, 0x73, 0x74, 0x6d, 0x5f, 0x31, 0x2f, 0x6c,
    0x73, 0x74, 0x6d, 0x5f, 0x31, 0x2f, 0x6c, 0x73, 0x74, 0x6d, 0x5f, 0x63,
    0x65, 0x6c, 0x6c, 0x5f, 0x33, 0x37, 0x2f, 0x53, 0x69, 0x67, 0x6d, 0x6f,
    0x69, 0x64, 0x5f, 0x32, 0x00, 0x00, 0x00, 0x00, 0x02, 0x00, 0x00, 0x00,
    0x01, 0x00, 0x00, 0x00, 0x10, 0x00, 0x00, 0x00, 0x36, 0xaa, 0xfe, 0xff,
    0x00, 0x00, 0x00, 0x01, 0x18, 0x00, 0x00, 0x00, 0x20, 0x00, 0x00, 0x00,
    0x3c, 0x00, 0x00, 0x00, 0x7d, 0x01, 0x00, 0x00, 0x00, 0x00, 0x00, 0x09,
    0x58, 0x00, 0x00, 0x00, 0x02, 0x00, 0x00, 0x00, 0xff, 0xff, 0xff, 0xff,
    0x10, 0x00, 0x00, 0x00, 0x1c, 0xaa, 0xfe, 0xff, 0x08, 0x00, 0x00, 0x00,
    0x10, 0x00, 0x00, 0x00, 0x01, 0x00, 0x00, 0x00, 0x23, 0x00, 0x00, 0x00,
    0x00, 0x00, 0x00, 0x00, 0x01, 0x00, 0x00, 0x00, 0x4e, 0xe8, 0x2b, 0x3c,
    0x22, 0x00, 0x00, 0x00, 0x73, 0x6f, 0x63, 0x5f, 0x6c, 0x73, 0x74, 0x6d,
    0x5f, 0x31, 0x2f, 0x6c, 0x73, 0x74, 0x6d, 0x5f, 0x31, 0x2f, 0x6c, 0x73,
    0x74, 0x6d, 0x5f, 0x63, 0x65, 0x6c, 0x6c, 0x5f, 0x33, 0x37, 0x2f, 0x6d,
    0x75, 0x6c, 0x00, 0x00, 0x02, 0x00, 0x00, 0x00, 0x01, 0x00, 0x00, 0x00,
    0x10, 0x00, 0x00, 0x00, 0xb6, 0xaa, 0xfe, 0xff, 0x00, 0x00, 0x00, 0x01,
    0x18, 0x00, 0x00, 0x00, 0x20, 0x00, 0x00, 0x00, 0x3c, 0x00, 0x00, 0x00,
    0x7c, 0x01, 0x00, 0x00, 0x00, 0x00, 0x00, 0x09, 0x60, 0x00, 0x00, 0x00,
    0x02, 0x00, 0x00, 0x00, 0xff, 0xff, 0xff, 0xff, 0x10, 0x00, 0x00, 0x00,
    0x9c, 0xaa, 0xfe, 0xff, 0x08, 0x00, 0x00, 0x00, 0x10, 0x00, 0x00, 0x00,
    0x01, 0x00, 0x00, 0x00, 0x80, 0xff, 0xff, 0xff, 0xff, 0xff, 0xff, 0xff,
    0x01, 0x00, 0x00, 0x00, 0x00, 0x00, 0x80, 0x3b, 0x28, 0x00, 0x00, 0x00,
    0x73, 0x6f, 0x63, 0x5f, 0x6c, 0x73, 0x74, 0x6d, 0x5f, 0x31, 0x2f, 0x6c,
    0x73, 0x74, 0x6d, 0x5f, 0x31, 0x2f, 0x6c, 0x73, 0x74, 0x6d, 0x5f, 0x63,
    0x65, 0x6c, 0x6c, 0x5f, 0x33, 0x37, 0x2f, 0x53, 0x69, 0x67, 0x6d, 0x6f,
    0x69, 0x64, 0x5f, 0x31, 0x00, 0x00, 0x00, 0x00, 0x02, 0x00, 0x00, 0x00,
    0x01, 0x00, 0x00, 0x00, 0x10, 0x00, 0x00, 0x00, 0x3e, 0xab, 0xfe, 0xff,
    0x00, 0x00, 0x00, 0x01, 0x18, 0x00, 0x00, 0x00, 0x20, 0x00, 0x00, 0x00,
    0x40, 0x00, 0x00, 0x00, 0x7b, 0x01, 0x00, 0x00, 0x00, 0x00, 0x00, 0x09,
    0x60, 0x00, 0x00, 0x00, 0x02, 0x00, 0x00, 0x00, 0xff, 0xff, 0xff, 0xff,
    0x10, 0x00, 0x00, 0x00, 0x24, 0xab, 0xfe, 0xff, 0x08, 0x00, 0x00, 0x00,
    0x14, 0x00, 0x00, 0x00, 0x01, 0x00, 0x00, 0x00, 0x80, 0xff, 0xff, 0xff,
    0xff, 0xff, 0xff, 0xff, 0x00, 0x00, 0x00, 0x00, 0x01, 0x00, 0x00, 0x00,
    0x00, 0x00, 0x80, 0x3b, 0x26, 0x00, 0x00, 0x00, 0x73, 0x6f, 0x63, 0x5f,
    0x6c, 0x73, 0x74, 0x6d, 0x5f, 0x31, 0x2f, 0x6c, 0x73, 0x74, 0x6d, 0x5f,
    0x31, 0x2f, 0x6c, 0x73, 0x74, 0x6d, 0x5f, 0x63, 0x65, 0x6c, 0x6c, 0x5f,
    0x33, 0x37, 0x2f, 0x53, 0x69, 0x67, 0x6d, 0x6f, 0x69, 0x64, 0x00, 0x00,
    0x02, 0x00, 0x00, 0x00, 0x01, 0x00, 0x00, 0x00, 0x10, 0x00, 0x00, 0x00,
    0xc6, 0xab, 0xfe, 0xff, 0x00, 0x00, 0x00, 0x01, 0x18, 0x00, 0x00, 0x00,
    0x20, 0x00, 0x00, 0x00, 0x40, 0x00, 0x00, 0x00, 0x7a, 0x01, 0x00, 0x00,
    0x00, 0x00, 0x00, 0x09, 0xd0, 0x00, 0x00, 0x00, 0x02, 0x00, 0x00, 0x00,
    0xff, 0xff, 0xff, 0xff, 0x10, 0x00, 0x00, 0x00, 0xac, 0xab, 0xfe, 0xff,
    0x08, 0x00, 0x00, 0x00, 0x14, 0x00, 0x00, 0x00, 0x01, 0x00, 0x00, 0x00,
    0xdb, 0xff, 0xff, 0xff, 0xff, 0xff, 0xff, 0xff, 0x00, 0x00, 0x00, 0x00,
    0x01, 0x00, 0x00, 0x00, 0x13, 0x83, 0x3a, 0x3c, 0x97, 0x00, 0x00, 0x00,
    0x73, 0x6f, 0x63, 0x5f, 0x6c, 0x73, 0x74, 0x6d, 0x5f, 0x31, 0x2f, 0x6c,
    0x73, 0x74, 0x6d, 0x5f, 0x31, 0x2f, 0x6c, 0x73, 0x74, 0x6d, 0x5f, 0x63,
    0x65, 0x6c, 0x6c, 0x5f, 0x33, 0x37, 0x2f, 0x73, 0x70, 0x6c, 0x69, 0x74,
    0x3b, 0x73, 0x6f, 0x63, 0x5f, 0x6c, 0x73, 0x74, 0x6d, 0x5f, 0x31, 0x2f,
    0x6c, 0x73, 0x74, 0x6d, 0x5f, 0x31, 0x2f, 0x6c, 0x73, 0x74, 0x6d, 0x5f,
    0x63, 0x65, 0x6c, 0x6c, 0x5f, 0x33, 0x37, 0x2f, 0x73, 0x70, 0x6c, 0x69,
    0x74, 0x31, 0x3b, 0x73, 0x6f, 0x63, 0x5f, 0x6c, 0x73, 0x74, 0x6d, 0x5f,
    0x31, 0x2f, 0x6c, 0x73, 0x74, 0x6d, 0x5f, 0x31, 0x2f, 0x6c, 0x73, 0x74,
    0x6d, 0x5f, 0x63, 0x65, 0x6c, 0x6c, 0x5f, 0x33, 0x37, 0x2f, 0x73, 0x70,
    0x6c, 0x69, 0x74, 0x32, 0x3b, 0x73, 0x6f, 0x63, 0x5f, 0x6c, 0x73, 0x74,
    0x6d, 0x5f, 0x31, 0x2f, 0x6c, 0x73, 0x74, 0x6d, 0x5f, 0x31, 0x2f, 0x6c,
    0x73, 0x74, 0x6d, 0x5f, 0x63, 0x65, 0x6c, 0x6c, 0x5f, 0x33, 0x37, 0x2f,
    0x73, 0x70, 0x6c, 0x69, 0x74, 0x33, 0x33, 0x00, 0x02, 0x00, 0x00, 0x00,
    0x01, 0x00, 0x00, 0x00, 0x10, 0x00, 0x00, 0x00, 0xbe, 0xac, 0xfe, 0xff,
    0x00, 0x00, 0x00, 0x01, 0x18, 0x00, 0x00, 0x00, 0x20, 0x00, 0x00, 0x00,
    0x40, 0x00, 0x00, 0x00, 0x79, 0x01, 0x00, 0x00, 0x00, 0x00, 0x00, 0x09,
    0xd0, 0x00, 0x00, 0x00, 0x02, 0x00, 0x00, 0x00, 0xff, 0xff, 0xff, 0xff,
    0x10, 0x00, 0x00, 0x00, 0xa4, 0xac, 0xfe, 0xff, 0x08, 0x00, 0x00, 0x00,
    0x14, 0x00, 0x00, 0x00, 0x01, 0x00, 0x00, 0x00, 0xdb, 0xff, 0xff, 0xff,
    0xff, 0xff, 0xff, 0xff, 0x00, 0x00, 0x00, 0x00, 0x01, 0x00, 0x00, 0x00,
    0x13, 0x83, 0x3a, 0x3c, 0x97, 0x00, 0x00, 0x00, 0x73, 0x6f, 0x63, 0x5f,
    0x6c, 0x73, 0x74, 0x6d, 0x5f, 0x31, 0x2f, 0x6c, 0x73, 0x74, 0x6d, 0x5f,
    0x31, 0x2f, 0x6c, 0x73, 0x74, 0x6d, 0x5f, 0x63, 0x65, 0x6c, 0x6c, 0x5f,
    0x33, 0x37, 0x2f, 0x73, 0x70, 0x6c, 0x69, 0x74, 0x3b, 0x73, 0x6f, 0x63,
    0x5f, 0x6c, 0x73, 0x74, 0x6d, 0x5f, 0x31, 0x2f, 0x6c, 0x73, 0x74, 0x6d,
    0x5f, 0x31, 0x2f, 0x6c, 0x73, 0x74, 0x6d, 0x5f, 0x63, 0x65, 0x6c, 0x6c,
    0x5f, 0x33, 0x37, 0x2f, 0x73, 0x70, 0x6c, 0x69, 0x74, 0x31, 0x3b, 0x73,
    0x6f, 0x63, 0x5f, 0x6c, 0x73, 0x74, 0x6d, 0x5f, 0x31, 0x2f, 0x6c, 0x73,
    0x74, 0x6d, 0x5f, 0x31, 0x2f, 0x6c, 0x73, 0x74, 0x6d, 0x5f, 0x63, 0x65,
    0x6c, 0x6c, 0x5f, 0x33, 0x37, 0x2f, 0x73, 0x70, 0x6c, 0x69, 0x74, 0x32,
    0x3b, 0x73, 0x6f, 0x63, 0x5f, 0x6c, 0x73, 0x74, 0x6d, 0x5f, 0x31, 0x2f,
    0x6c, 0x73, 0x74, 0x6d, 0x5f, 0x31, 0x2f, 0x6c, 0x73, 0x74, 0x6d, 0x5f,
    0x63, 0x65, 0x6c, 0x6c, 0x5f, 0x33, 0x37, 0x2f, 0x73, 0x70, 0x6c, 0x69,
    0x74, 0x33, 0x32, 0x00, 0x02, 0x00, 0x00, 0x00, 0x01, 0x00, 0x00, 0x00,
    0x10, 0x00, 0x00, 0x00, 0xb6, 0xad, 0xfe, 0xff, 0x00, 0x00, 0x00, 0x01,
    0x18, 0x00, 0x00, 0x00, 0x20, 0x00, 0x00, 0x00, 0x40, 0x00, 0x00, 0x00,
    0x78, 0x01, 0x00, 0x00, 0x00, 0x00, 0x00, 0x09, 0xd0, 0x00, 0x00, 0x00,
    0x02, 0x00, 0x00, 0x00, 0xff, 0xff, 0xff, 0xff, 0x10, 0x00, 0x00, 0x00,
    0x9c, 0xad, 0xfe, 0xff, 0x08, 0x00, 0x00, 0x00, 0x14, 0x00, 0x00, 0x00,
    0x01, 0x00, 0x00, 0x00, 0xdb, 0xff, 0xff, 0xff, 0xff, 0xff, 0xff, 0xff,
    0x00, 0x00, 0x00, 0x00, 0x01, 0x00, 0x00, 0x00, 0x13, 0x83, 0x3a, 0x3c,
    0x97, 0x00, 0x00, 0x00, 0x73, 0x6f, 0x63, 0x5f, 0x6c, 0x73, 0x74, 0x6d,
    0x5f, 0x31, 0x2f, 0x6c, 0x73, 0x74, 0x6d, 0x5f, 0x31, 0x2f, 0x6c, 0x73,
    0x74, 0x6d, 0x5f, 0x63, 0x65, 0x6c, 0x6c, 0x5f, 0x33, 0x37, 0x2f, 0x73,
    0x70, 0x6c, 0x69, 0x74, 0x3b, 0x73, 0x6f, 0x63, 0x5f, 0x6c, 0x73, 0x74,
    0x6d, 0x5f, 0x31, 0x2f, 0x6c, 0x73, 0x74, 0x6d, 0x5f, 0x31, 0x2f, 0x6c,
    0x73, 0x74, 0x6d, 0x5f, 0x63, 0x65, 0x6c, 0x6c, 0x5f, 0x33, 0x37, 0x2f,
    0x73, 0x70, 0x6c, 0x69, 0x74, 0x31, 0x3b, 0x73, 0x6f, 0x63, 0x5f, 0x6c,
    0x73, 0x74, 0x6d, 0x5f, 0x31, 0x2f, 0x6c, 0x73, 0x74, 0x6d, 0x5f, 0x31,
    0x2f, 0x6c, 0x73, 0x74, 0x6d, 0x5f, 0x63, 0x65, 0x6c, 0x6c, 0x5f, 0x33,
    0x37, 0x2f, 0x73, 0x70, 0x6c, 0x69, 0x74, 0x32, 0x3b, 0x73, 0x6f, 0x63,
    0x5f, 0x6c, 0x73, 0x74, 0x6d, 0x5f, 0x31, 0x2f, 0x6c, 0x73, 0x74, 0x6d,
    0x5f, 0x31, 0x2f, 0x6c, 0x73, 0x74, 0x6d, 0x5f, 0x63, 0x65, 0x6c, 0x6c,
    0x5f, 0x33, 0x37, 0x2f, 0x73, 0x70, 0x6c, 0x69, 0x74, 0x33, 0x31, 0x00,
    0x02, 0x00, 0x00, 0x00, 0x01, 0x00, 0x00, 0x00, 0x10, 0x00, 0x00, 0x00,
    0xae, 0xae, 0xfe, 0xff, 0x00, 0x00, 0x00, 0x01, 0x18, 0x00, 0x00, 0x00,
    0x20, 0x00, 0x00, 0x00, 0x40, 0x00, 0x00, 0x00, 0x77, 0x01, 0x00, 0x00,
    0x00, 0x00, 0x00, 0x09, 0xd0, 0x00, 0x00, 0x00, 0x02, 0x00, 0x00, 0x00,
    0xff, 0xff, 0xff, 0xff, 0x10, 0x00, 0x00, 0x00, 0x94, 0xae, 0xfe, 0xff,
    0x08, 0x00, 0x00, 0x00, 0x14, 0x00, 0x00, 0x00, 0x01, 0x00, 0x00, 0x00,
    0xdb, 0xff, 0xff, 0xff, 0xff, 0xff, 0xff, 0xff, 0x00, 0x00, 0x00, 0x00,
    0x01, 0x00, 0x00, 0x00, 0x13, 0x83, 0x3a, 0x3c, 0x96, 0x00, 0x00, 0x00,
    0x73, 0x6f, 0x63, 0x5f, 0x6c, 0x73, 0x74, 0x6d, 0x5f, 0x31, 0x2f, 0x6c,
    0x73, 0x74, 0x6d, 0x5f, 0x31, 0x2f, 0x6c, 0x73, 0x74, 0x6d, 0x5f, 0x63,
    0x65, 0x6c, 0x6c, 0x5f, 0x33, 0x37, 0x2f, 0x73, 0x70, 0x6c, 0x69, 0x74,
    0x3b, 0x73, 0x6f, 0x63, 0x5f, 0x6c, 0x73, 0x74, 0x6d, 0x5f, 0x31, 0x2f,
    0x6c, 0x73, 0x74, 0x6d, 0x5f, 0x31, 0x2f, 0x6c, 0x73, 0x74, 0x6d, 0x5f,
    0x63, 0x65, 0x6c, 0x6c, 0x5f, 0x33, 0x37, 0x2f, 0x73, 0x70, 0x6c, 0x69,
    0x74, 0x31, 0x3b, 0x73, 0x6f, 0x63, 0x5f, 0x6c, 0x73, 0x74, 0x6d, 0x5f,
    0x31, 0x2f, 0x6c, 0x73, 0x74, 0x6d, 0x5f, 0x31, 0x2f, 0x6c, 0x73, 0x74,
    0x6d, 0x5f, 0x63, 0x65, 0x6c, 0x6c, 0x5f, 0x33, 0x37, 0x2f, 0x73, 0x70,
    0x6c, 0x69, 0x74, 0x32, 0x3b, 0x73, 0x6f, 0x63, 0x5f, 0x6c, 0x73, 0x74,
    0x6d, 0x5f, 0x31, 0x2f, 0x6c, 0x73, 0x74, 0x6d, 0x5f, 0x31, 0x2f, 0x6c,
    0x73, 0x74, 0x6d, 0x5f, 0x63, 0x65, 0x6c, 0x6c, 0x5f, 0x33, 0x37, 0x2f,
    0x73, 0x70, 0x6c, 0x69, 0x74, 0x33, 0x00, 0x00, 0x02, 0x00, 0x00, 0x00,
    0x01, 0x00, 0x00, 0x00, 0x10, 0x00, 0x00, 0x00, 0xa6, 0xaf, 0xfe, 0xff,
    0x00, 0x00, 0x00, 0x01, 0x18, 0x00, 0x00, 0x00, 0x20, 0x00, 0x00, 0x00,
    0x40, 0x00, 0x00, 0x00, 0x76, 0x01, 0x00, 0x00, 0x00, 0x00, 0x00, 0x09,
    0x60, 0x00, 0x00, 0x00, 0x02, 0x00, 0x00, 0x00, 0xff, 0xff, 0xff, 0xff,
    0x40, 0x00, 0x00, 0x00, 0x8c, 0xaf, 0xfe, 0xff, 0x08, 0x00, 0x00, 0x00,
    0x14, 0x00, 0x00, 0x00, 0x01, 0x00, 0x00, 0x00, 0xdb, 0xff, 0xff, 0xff,
    0xff, 0xff, 0xff, 0xff, 0x00, 0x00, 0x00, 0x00, 0x01, 0x00, 0x00, 0x00,
    0x13, 0x83, 0x3a, 0x3c, 0x26, 0x00, 0x00, 0x00, 0x73, 0x6f, 0x63, 0x5f,
    0x6c, 0x73, 0x74, 0x6d, 0x5f, 0x31, 0x2f, 0x6c, 0x73, 0x74, 0x6d, 0x5f,
    0x31, 0x2f, 0x6c, 0x73, 0x74, 0x6d, 0x5f, 0x63, 0x65, 0x6c, 0x6c, 0x5f,
    0x33, 0x37, 0x2f, 0x42, 0x69, 0x61, 0x73, 0x41, 0x64, 0x64, 0x00, 0x00,
    0x02, 0x00, 0x00, 0x00, 0x01, 0x00, 0x00, 0x00, 0x40, 0x00, 0x00, 0x00,
    0x2e, 0xb0, 0xfe, 0xff, 0x00, 0x00, 0x00, 0x01, 0x18, 0x00, 0x00, 0x00,
    0x20, 0x00, 0x00, 0x00, 0x3c, 0x00, 0x00, 0x00, 0x75, 0x01, 0x00, 0x00,
    0x00, 0x00, 0x00, 0x09, 0x58, 0x00, 0x00, 0x00, 0x02, 0x00, 0x00, 0x00,
    0xff, 0xff, 0xff, 0xff, 0x40, 0x00, 0x00, 0x00, 0x14, 0xb0, 0xfe, 0xff,
    0x08, 0x00, 0x00, 0x00, 0x10, 0x00, 0x00, 0x00, 0x01, 0x00, 0x00, 0x00,
    0xdf, 0xff, 0xff, 0xff, 0xff, 0xff, 0xff, 0xff, 0x01, 0x00, 0x00, 0x00,
    0x0c, 0xd4, 0x3e, 0x3c, 0x22, 0x00, 0x00, 0x00, 0x73, 0x6f, 0x63, 0x5f,
    0x6c, 0x73, 0x74, 0x6d, 0x5f, 0x31, 0x2f, 0x6c, 0x73, 0x74, 0x6d, 0x5f,
    0x31, 0x2f, 0x6c, 0x73, 0x74, 0x6d, 0x5f, 0x63, 0x65, 0x6c, 0x6c, 0x5f,
    0x33, 0x37, 0x2f, 0x41, 0x64, 0x64, 0x00, 0x00, 0x02, 0x00, 0x00, 0x00,
    0x01, 0x00, 0x00, 0x00, 0x40, 0x00, 0x00, 0x00, 0xae, 0xb0, 0xfe, 0xff,
    0x00, 0x00, 0x00, 0x01, 0x18, 0x00, 0x00, 0x00, 0x20, 0x00, 0x00, 0x00,
    0x40, 0x00, 0x00, 0x00, 0x74, 0x01, 0x00, 0x00, 0x00, 0x00, 0x00, 0x09,
    0x60, 0x00, 0x00, 0x00, 0x02, 0x00, 0x00, 0x00, 0xff, 0xff, 0xff, 0xff,
    0x40, 0x00, 0x00, 0x00, 0x94, 0xb0, 0xfe, 0xff, 0x08, 0x00, 0x00, 0x00,
    0x14, 0x00, 0x00, 0x00, 0x01, 0x00, 0x00, 0x00, 0x05, 0x00, 0x00, 0x00,
    0x00, 0x00, 0x00, 0x00, 0x00, 0x00, 0x00, 0x00, 0x01, 0x00, 0x00, 0x00,
    0x9e, 0xe7, 0xb3, 0x3b, 0x27, 0x00, 0x00, 0x00, 0x73, 0x6f, 0x63, 0x5f,
    0x6c, 0x73, 0x74, 0x6d, 0x5f, 0x31, 0x2f, 0x6c, 0x73, 0x74, 0x6d, 0x5f,
    0x31, 0x2f, 0x6c, 0x73, 0x74, 0x6d, 0x5f, 0x63, 0x65, 0x6c, 0x6c, 0x5f,
    0x33, 0x37, 0x2f, 0x4d, 0x61, 0x74, 0x4d, 0x75, 0x6c, 0x5f, 0x31, 0x00,
    0x02, 0x00, 0x00, 0x00, 0x01, 0x00, 0x00, 0x00, 0x40, 0x00, 0x00, 0x00,
    0x36, 0xb1, 0xfe, 0xff, 0x00, 0x00, 0x00, 0x01, 0x18, 0x00, 0x00, 0x00,
    0x20, 0x00, 0x00, 0x00, 0x40, 0x00, 0x00, 0x00, 0x73, 0x01, 0x00, 0x00,
    0x00, 0x00, 0x00, 0x09, 0x60, 0x00, 0x00, 0x00, 0x02, 0x00, 0x00, 0x00,
    0xff, 0xff, 0xff, 0xff, 0x10, 0x00, 0x00, 0x00, 0x1c, 0xb1, 0xfe, 0xff,
    0x08, 0x00, 0x00, 0x00, 0x14, 0x00, 0x00, 0x00, 0x01, 0x00, 0x00, 0x00,
    0x11, 0x00, 0x00, 0x00, 0x00, 0x00, 0x00, 0x00, 0x00, 0x00, 0x00, 0x00,
    0x01, 0x00, 0x00, 0x00, 0x2e, 0x36, 0x66, 0x3b, 0x24, 0x00, 0x00, 0x00,
    0x73, 0x6f, 0x63, 0x5f, 0x6c, 0x73, 0x74, 0x6d, 0x5f, 0x31, 0x2f, 0x6c,
    0x73, 0x74, 0x6d, 0x5f, 0x31, 0x2f, 0x6c, 0x73, 0x74, 0x6d, 0x5f, 0x63,
    0x65, 0x6c, 0x6c, 0x5f, 0x33, 0x35, 0x2f, 0x6d, 0x75, 0x6c, 0x5f, 0x32,
    0x00, 0x00, 0x00, 0x00, 0x02, 0x00, 0x00, 0x00, 0x01, 0x00, 0x00, 0x00,
    0x10, 0x00, 0x00, 0x00, 0xbe, 0xb1, 0xfe, 0xff, 0x00, 0x00, 0x00, 0x01,
    0x18, 0x00, 0x00, 0x00, 0x20, 0x00, 0x00, 0x00, 0x40, 0x00, 0x00, 0x00,
    0x72, 0x01, 0x00, 0x00, 0x00, 0x00, 0x00, 0x09, 0x60, 0x00, 0x00, 0x00,
    0x02, 0x00, 0x00, 0x00, 0xff, 0xff, 0xff, 0xff, 0x10, 0x00, 0x00, 0x00,
    0xa4, 0xb1, 0xfe, 0xff, 0x08, 0x00, 0x00, 0x00, 0x14, 0x00, 0x00, 0x00,
    0x01, 0x00, 0x00, 0x00, 0x00, 0x00, 0x00, 0x00, 0x00, 0x00, 0x00, 0x00,
    0x00, 0x00, 0x00, 0x00, 0x01, 0x00, 0x00, 0x00, 0x00, 0x00, 0x00, 0x3c,
    0x25, 0x00, 0x00, 0x00, 0x73, 0x6f, 0x63, 0x5f, 0x6c, 0x73, 0x74, 0x6d,
    0x5f, 0x31, 0x2f, 0x6c, 0x73, 0x74, 0x6d, 0x5f, 0x31, 0x2f, 0x6c, 0x73,
    0x74, 0x6d, 0x5f, 0x63, 0x65, 0x6c, 0x6c, 0x5f, 0x33, 0x35, 0x2f, 0x54,
    0x61, 0x6e, 0x68, 0x5f, 0x31, 0x00, 0x00, 0x00, 0x02, 0x00, 0x00, 0x00,
    0x01, 0x00, 0x00, 0x00, 0x10, 0x00, 0x00, 0x00, 0x46, 0xb2, 0xfe, 0xff,
    0x00, 0x00, 0x00, 0x01, 0x18, 0x00, 0x00, 0x00, 0x20, 0x00, 0x00, 0x00,
    0x40, 0x00, 0x00, 0x00, 0x71, 0x01, 0x00, 0x00, 0x00, 0x00, 0x00, 0x09,
    0x60, 0x00, 0x00, 0x00, 0x02, 0x00, 0x00, 0x00, 0xff, 0xff, 0xff, 0xff,
    0x10, 0x00, 0x00, 0x00, 0x2c, 0xb2, 0xfe, 0xff, 0x08, 0x00, 0x00, 0x00,
    0x14, 0x00, 0x00, 0x00, 0x01, 0x00, 0x00, 0x00, 0x28, 0x00, 0x00, 0x00,
    0x00, 0x00, 0x00, 0x00, 0x00, 0x00, 0x00, 0x00, 0x01, 0x00, 0x00, 0x00,
    0xd0, 0x83, 0x25, 0x3c, 0x24, 0x00, 0x00, 0x00, 0x73, 0x6f, 0x63, 0x5f,
    0x6c, 0x73, 0x74, 0x6d, 0x5f, 0x31, 0x2f, 0x6c, 0x73, 0x74, 0x6d, 0x5f,
    0x31, 0x2f, 0x6c, 0x73, 0x74, 0x6d, 0x5f, 0x63, 0x65, 0x6c, 0x6c, 0x5f,
    0x33, 0x35, 0x2f, 0x61, 0x64, 0x64, 0x5f, 0x31, 0x00, 0x00, 0x00, 0x00,
    0x02, 0x00, 0x00, 0x00, 0x01, 0x00, 0x00, 0x00, 0x10, 0x00, 0x00, 0x00,
    0xce, 0xb2, 0xfe, 0xff, 0x00, 0x00, 0x00, 0x01, 0x18, 0x00, 0x00, 0x00,
    0x20, 0x00, 0x00, 0x00, 0x40, 0x00, 0x00, 0x00, 0x70, 0x01, 0x00, 0x00,
    0x00, 0x00, 0x00, 0x09, 0x60, 0x00, 0x00, 0x00, 0x02, 0x00, 0x00, 0x00,
    0xff, 0xff, 0xff, 0xff, 0x10, 0x00, 0x00, 0x00, 0xb4, 0xb2, 0xfe, 0xff,
    0x08, 0x00, 0x00, 0x00, 0x14, 0x00, 0x00, 0x00, 0x01, 0x00, 0x00, 0x00,
    0x1a, 0x00, 0x00, 0x00, 0x00, 0x00, 0x00, 0x00, 0x00, 0x00, 0x00, 0x00,
    0x01, 0x00, 0x00, 0x00, 0xf3, 0x96, 0x34, 0x3b, 0x24, 0x00, 0x00, 0x00,
    0x73, 0x6f, 0x63, 0x5f, 0x6c, 0x73, 0x74, 0x6d, 0x5f, 0x31, 0x2f, 0x6c,
    0x73, 0x74, 0x6d, 0x5f, 0x31, 0x2f, 0x6c, 0x73, 0x74, 0x6d, 0x5f, 0x63,
    0x65, 0x6c, 0x6c, 0x5f, 0x33, 0x35, 0x2f, 0x6d, 0x75, 0x6c, 0x5f, 0x31,
    0x00, 0x00, 0x00, 0x00, 0x02, 0x00, 0x00, 0x00, 0x01, 0x00, 0x00, 0x00,
    0x10, 0x00, 0x00, 0x00, 0x56, 0xb3, 0xfe, 0xff, 0x00, 0x00, 0x00, 0x01,
    0x18, 0x00, 0x00, 0x00, 0x20, 0x00, 0x00, 0x00, 0x3c, 0x00, 0x00, 0x00,
    0x6f, 0x01, 0x00, 0x00, 0x00, 0x00, 0x00, 0x09, 0x58, 0x00, 0x00, 0x00,
    0x02, 0x00, 0x00, 0x00, 0xff, 0xff, 0xff, 0xff, 0x10, 0x00, 0x00, 0x00,
    0x3c, 0xb3, 0xfe, 0xff, 0x08, 0x00, 0x00, 0x00, 0x10, 0x00, 0x00, 0x00,
    0x01, 0x00, 0x00, 0x00, 0x00, 0x00, 0x00, 0x00, 0x00, 0x00, 0x00, 0x00,
    0x01, 0x00, 0x00, 0x00, 0x00, 0x00, 0x00, 0x3c, 0x23, 0x00, 0x00, 0x00,
    0x73, 0x6f, 0x63, 0x5f, 0x6c, 0x73, 0x74, 0x6d, 0x5f, 0x31, 0x2f, 0x6c,
    0x73, 0x74, 0x6d, 0x5f, 0x31, 0x2f, 0x6c, 0x73, 0x74, 0x6d, 0x5f, 0x63,
    0x65, 0x6c, 0x6c, 0x5f, 0x33, 0x35, 0x2f, 0x54, 0x61, 0x6e, 0x68, 0x00,
    0x02, 0x00, 0x00, 0x00, 0x01, 0x00, 0x00, 0x00, 0x10, 0x00, 0x00, 0x00,
    0xd6, 0xb3, 0xfe, 0xff, 0x00, 0x00, 0x00, 0x01, 0x18, 0x00, 0x00, 0x00,
    0x20, 0x00, 0x00, 0x00, 0x3c, 0x00, 0x00, 0x00, 0x6e, 0x01, 0x00, 0x00,
    0x00, 0x00, 0x00, 0x09, 0x60, 0x00, 0x00, 0x00, 0x02, 0x00, 0x00, 0x00,
    0xff, 0xff, 0xff, 0xff, 0x10, 0x00, 0x00, 0x00, 0xbc, 0xb3, 0xfe, 0xff,
    0x08, 0x00, 0x00, 0x00, 0x10, 0x00, 0x00, 0x00, 0x01, 0x00, 0x00, 0x00,
    0x80, 0xff, 0xff, 0xff, 0xff, 0xff, 0xff, 0xff, 0x01, 0x00, 0x00, 0x00,
    0x00, 0x00, 0x80, 0x3b, 0x28, 0x00, 0x00, 0x00, 0x73, 0x6f, 0x63, 0x5f,
    0x6c, 0x73, 0x74, 0x6d, 0x5f, 0x31, 0x2f, 0x6c, 0x73, 0x74, 0x6d, 0x5f,
    0x31, 0x2f, 0x6c, 0x73, 0x74, 0x6d, 0x5f, 0x63, 0x65, 0x6c, 0x6c, 0x5f,
    0x33, 0x35, 0x2f, 0x53, 0x69, 0x67, 0x6d, 0x6f, 0x69, 0x64, 0x5f, 0x32,
    0x00, 0x00, 0x00, 0x00, 0x02, 0x00, 0x00, 0x00, 0x01, 0x00, 0x00, 0x00,
    0x10, 0x00, 0x00, 0x00, 0x5e, 0xb4, 0xfe, 0xff, 0x00, 0x00, 0x00, 0x01,
    0x18, 0x00, 0x00, 0x00, 0x20, 0x00, 0x00, 0x00, 0x3c, 0x00, 0x00, 0x00,
    0x6d, 0x01, 0x00, 0x00, 0x00, 0x00, 0x00, 0x09, 0x58, 0x00, 0x00, 0x00,
    0x02, 0x00, 0x00, 0x00, 0xff, 0xff, 0xff, 0xff, 0x10, 0x00, 0x00, 0x00,
    0x44, 0xb4, 0xfe, 0xff, 0x08, 0x00, 0x00, 0x00, 0x10, 0x00, 0x00, 0x00,
    0x01, 0x00, 0x00, 0x00, 0x28, 0x00, 0x00, 0x00, 0x00, 0x00, 0x00, 0x00,
    0x01, 0x00, 0x00, 0x00, 0xd0, 0x83, 0x25, 0x3c, 0x22, 0x00, 0x00, 0x00,
    0x73, 0x6f, 0x63, 0x5f, 0x6c, 0x73, 0x74, 0x6d, 0x5f, 0x31, 0x2f, 0x6c,
    0x73, 0x74, 0x6d, 0x5f, 0x31, 0x2f, 0x6c, 0x73, 0x74, 0x6d, 0x5f, 0x63,
    0x65, 0x6c, 0x6c, 0x5f, 0x33, 0x35, 0x2f, 0x6d, 0x75, 0x6c, 0x00, 0x00,
    0x02, 0x00, 0x00, 0x00, 0x01, 0x00, 0x00, 0x00, 0x10, 0x00, 0x00, 0x00,
    0xde, 0xb4, 0xfe, 0xff, 0x00, 0x00, 0x00, 0x01, 0x18, 0x00, 0x00, 0x00,
    0x20, 0x00, 0x00, 0x00, 0x3c, 0x00, 0x00, 0x00, 0x6c, 0x01, 0x00, 0x00,
    0x00, 0x00, 0x00, 0x09, 0x60, 0x00, 0x00, 0x00, 0x02, 0x00, 0x00, 0x00,
    0xff, 0xff, 0xff, 0xff, 0x10, 0x00, 0x00, 0x00, 0xc4, 0xb4, 0xfe, 0xff,
    0x08, 0x00, 0x00, 0x00, 0x10, 0x00, 0x00, 0x00, 0x01, 0x00, 0x00, 0x00,
    0x80, 0xff, 0xff, 0xff, 0xff, 0xff, 0xff, 0xff, 0x01, 0x00, 0x00, 0x00,
    0x00, 0x00, 0x80, 0x3b, 0x28, 0x00, 0x00, 0x00, 0x73, 0x6f, 0x63, 0x5f,
    0x6c, 0x73, 0x74, 0x6d, 0x5f, 0x31, 0x2f, 0x6c, 0x73, 0x74, 0x6d, 0x5f,
    0x31, 0x2f, 0x6c, 0x73, 0x74, 0x6d, 0x5f, 0x63, 0x65, 0x6c, 0x6c, 0x5f,
    0x33, 0x35, 0x2f, 0x53, 0x69, 0x67, 0x6d, 0x6f, 0x69, 0x64, 0x5f, 0x31,
    0x00, 0x00, 0x00, 0x00, 0x02, 0x00, 0x00, 0x00, 0x01, 0x00, 0x00, 0x00,
    0x10, 0x00, 0x00, 0x00, 0x66, 0xb5, 0xfe, 0xff, 0x00, 0x00, 0x00, 0x01,
    0x18, 0x00, 0x00, 0x00, 0x20, 0x00, 0x00, 0x00, 0x40, 0x00, 0x00, 0x00,
    0x6b, 0x01, 0x00, 0x00, 0x00, 0x00, 0x00, 0x09, 0x60, 0x00, 0x00, 0x00,
    0x02, 0x00, 0x00, 0x00, 0xff, 0xff, 0xff, 0xff, 0x10, 0x00, 0x00, 0x00,
    0x4c, 0xb5, 0xfe, 0xff, 0x08, 0x00, 0x00, 0x00, 0x14, 0x00, 0x00, 0x00,
    0x01, 0x00, 0x00, 0x00, 0x80, 0xff, 0xff, 0xff, 0xff, 0xff, 0xff, 0xff,
    0x00, 0x00, 0x00, 0x00, 0x01, 0x00, 0x00, 0x00, 0x00, 0x00, 0x80, 0x3b,
    0x26, 0x00, 0x00, 0x00, 0x73, 0x6f, 0x63, 0x5f, 0x6c, 0x73, 0x74, 0x6d,
    0x5f, 0x31, 0x2f, 0x6c, 0x73, 0x74, 0x6d, 0x5f, 0x31, 0x2f, 0x6c, 0x73,
    0x74, 0x6d, 0x5f, 0x63, 0x65, 0x6c, 0x6c, 0x5f, 0x33, 0x35, 0x2f, 0x53,
    0x69, 0x67, 0x6d, 0x6f, 0x69, 0x64, 0x00, 0x00, 0x02, 0x00, 0x00, 0x00,
    0x01, 0x00, 0x00, 0x00, 0x10, 0x00, 0x00, 0x00, 0xee, 0xb5, 0xfe, 0xff,
    0x00, 0x00, 0x00, 0x01, 0x18, 0x00, 0x00, 0x00, 0x20, 0x00, 0x00, 0x00,
    0x40, 0x00, 0x00, 0x00, 0x6a, 0x01, 0x00, 0x00, 0x00, 0x00, 0x00, 0x09,
    0xd0, 0x00, 0x00, 0x00, 0x02, 0x00, 0x00, 0x00, 0xff, 0xff, 0xff, 0xff,
    0x10, 0x00, 0x00, 0x00, 0xd4, 0xb5, 0xfe, 0xff, 0x08, 0x00, 0x00, 0x00,
    0x14, 0x00, 0x00, 0x00, 0x01, 0x00, 0x00, 0x00, 0xde, 0xff, 0xff, 0xff,
    0xff, 0xff, 0xff, 0xff, 0x00, 0x00, 0x00, 0x00, 0x01, 0x00, 0x00, 0x00,
    0xdb, 0xb5, 0x35, 0x3c, 0x97, 0x00, 0x00, 0x00, 0x73, 0x6f, 0x63, 0x5f,
    0x6c, 0x73, 0x74, 0x6d, 0x5f, 0x31, 0x2f, 0x6c, 0x73, 0x74, 0x6d, 0x5f,
    0x31, 0x2f, 0x6c, 0x73, 0x74, 0x6d, 0x5f, 0x63, 0x65, 0x6c, 0x6c, 0x5f,
    0x33, 0x35, 0x2f, 0x73, 0x70, 0x6c, 0x69, 0x74, 0x3b, 0x73, 0x6f, 0x63,
    0x5f, 0x6c, 0x73, 0x74, 0x6d, 0x5f, 0x31, 0x2f, 0x6c, 0x73, 0x74, 0x6d,
    0x5f, 0x31, 0x2f, 0x6c, 0x73, 0x74, 0x6d, 0x5f, 0x63, 0x65, 0x6c, 0x6c,
    0x5f, 0x33, 0x35, 0x2f, 0x73, 0x70, 0x6c, 0x69, 0x74, 0x31, 0x3b, 0x73,
    0x6f, 0x63, 0x5f, 0x6c, 0x73, 0x74, 0x6d, 0x5f, 0x31, 0x2f, 0x6c, 0x73,
    0x74, 0x6d, 0x5f, 0x31, 0x2f, 0x6c, 0x73, 0x74, 0x6d, 0x5f, 0x63, 0x65,
    0x6c, 0x6c, 0x5f, 0x33, 0x35, 0x2f, 0x73, 0x70, 0x6c, 0x69, 0x74, 0x32,
    0x3b, 0x73, 0x6f, 0x63, 0x5f, 0x6c, 0x73, 0x74, 0x6d, 0x5f, 0x31, 0x2f,
    0x6c, 0x73, 0x74, 0x6d, 0x5f, 0x31, 0x2f, 0x6c, 0x73, 0x74, 0x6d, 0x5f,
    0x63, 0x65, 0x6c, 0x6c, 0x5f, 0x33, 0x35, 0x2f, 0x73, 0x70, 0x6c, 0x69,
    0x74, 0x33, 0x33, 0x00, 0x02, 0x00, 0x00, 0x00, 0x01, 0x00, 0x00, 0x00,
    0x10, 0x00, 0x00, 0x00, 0xe6, 0xb6, 0xfe, 0xff, 0x00, 0x00, 0x00, 0x01,
    0x18, 0x00, 0x00, 0x00, 0x20, 0x00, 0x00, 0x00, 0x40, 0x00, 0x00, 0x00,
    0x69, 0x01, 0x00, 0x00, 0x00, 0x00, 0x00, 0x09, 0xd0, 0x00, 0x00, 0x00,
    0x02, 0x00, 0x00, 0x00, 0xff, 0xff, 0xff, 0xff, 0x10, 0x00, 0x00, 0x00,
    0xcc, 0xb6, 0xfe, 0xff, 0x08, 0x00, 0x00, 0x00, 0x14, 0x00, 0x00, 0x00,
    0x01, 0x00, 0x00, 0x00, 0xde, 0xff, 0xff, 0xff, 0xff, 0xff, 0xff, 0xff,
    0x00, 0x00, 0x00, 0x00, 0x01, 0x00, 0x00, 0x00, 0xdb, 0xb5, 0x35, 0x3c,
    0x97, 0x00, 0x00, 0x00, 0x73, 0x6f, 0x63, 0x5f, 0x6c, 0x73, 0x74, 0x6d,
    0x5f, 0x31, 0x2f, 0x6c, 0x73, 0x74, 0x6d, 0x5f, 0x31, 0x2f, 0x6c, 0x73,
    0x74, 0x6d, 0x5f, 0x63, 0x65, 0x6c, 0x6c, 0x5f, 0x33, 0x35, 0x2f, 0x73,
    0x70, 0x6c, 0x69, 0x74, 0x3b, 0x73, 0x6f, 0x63, 0x5f, 0x6c, 0x73, 0x74,
    0x6d, 0x5f, 0x31, 0x2f, 0x6c, 0x73, 0x74, 0x6d, 0x5f, 0x31, 0x2f, 0x6c,
    0x73, 0x74, 0x6d, 0x5f, 0x63, 0x65, 0x6c, 0x6c, 0x5f, 0x33, 0x35, 0x2f,
    0x73, 0x70, 0x6c, 0x69, 0x74, 0x31, 0x3b, 0x73, 0x6f, 0x63, 0x5f, 0x6c,
    0x73, 0x74, 0x6d, 0x5f, 0x31, 0x2f, 0x6c, 0x73, 0x74, 0x6d, 0x5f, 0x31,
    0x2f, 0x6c, 0x73, 0x74, 0x6d, 0x5f, 0x63, 0x65, 0x6c, 0x6c, 0x5f, 0x33,
    0x35, 0x2f, 0x73, 0x70, 0x6c, 0x69, 0x74, 0x32, 0x3b, 0x73, 0x6f, 0x63,
    0x5f, 0x6c, 0x73, 0x74, 0x6d, 0x5f, 0x31, 0x2f, 0x6c, 0x73, 0x74, 0x6d,
    0x5f, 0x31, 0x2f, 0x6c, 0x73, 0x74, 0x6d, 0x5f, 0x63, 0x65, 0x6c, 0x6c,
    0x5f, 0x33, 0x35, 0x2f, 0x73, 0x70, 0x6c, 0x69, 0x74, 0x33, 0x32, 0x00,
    0x02, 0x00, 0x00, 0x00, 0x01, 0x00, 0x00, 0x00, 0x10, 0x00, 0x00, 0x00,
    0xde, 0xb7, 0xfe, 0xff, 0x00, 0x00, 0x00, 0x01, 0x18, 0x00, 0x00, 0x00,
    0x20, 0x00, 0x00, 0x00, 0x40, 0x00, 0x00, 0x00, 0x68, 0x01, 0x00, 0x00,
    0x00, 0x00, 0x00, 0x09, 0xd0, 0x00, 0x00, 0x00, 0x02, 0x00, 0x00, 0x00,
    0xff, 0xff, 0xff, 0xff, 0x10, 0x00, 0x00, 0x00, 0xc4, 0xb7, 0xfe, 0xff,
    0x08, 0x00, 0x00, 0x00, 0x14, 0x00, 0x00, 0x00, 0x01, 0x00, 0x00, 0x00,
    0xde, 0xff, 0xff, 0xff, 0xff, 0xff, 0xff, 0xff, 0x00, 0x00, 0x00, 0x00,
    0x01, 0x00, 0x00, 0x00, 0xdb, 0xb5, 0x35, 0x3c, 0x97, 0x00, 0x00, 0x00,
    0x73, 0x6f, 0x63, 0x5f, 0x6c, 0x73, 0x74, 0x6d, 0x5f, 0x31, 0x2f, 0x6c,
    0x73, 0x74, 0x6d, 0x5f, 0x31, 0x2f, 0x6c, 0x73, 0x74, 0x6d, 0x5f, 0x63,
    0x65, 0x6c, 0x6c, 0x5f, 0x33, 0x35, 0x2f, 0x73, 0x70, 0x6c, 0x69, 0x74,
    0x3b, 0x73, 0x6f, 0x63, 0x5f, 0x6c, 0x73, 0x74, 0x6d, 0x5f, 0x31, 0x2f,
    0x6c, 0x73, 0x74, 0x6d, 0x5f, 0x31, 0x2f, 0x6c, 0x73, 0x74, 0x6d, 0x5f,
    0x63, 0x65, 0x6c, 0x6c, 0x5f, 0x33, 0x35, 0x2f, 0x73, 0x70, 0x6c, 0x69,
    0x74, 0x31, 0x3b, 0x73, 0x6f, 0x63, 0x5f, 0x6c, 0x73, 0x74, 0x6d, 0x5f,
    0x31, 0x2f, 0x6c, 0x73, 0x74, 0x6d, 0x5f, 0x31, 0x2f, 0x6c, 0x73, 0x74,
    0x6d, 0x5f, 0x63, 0x65, 0x6c, 0x6c, 0x5f, 0x33, 0x35, 0x2f, 0x73, 0x70,
    0x6c, 0x69, 0x74, 0x32, 0x3b, 0x73, 0x6f, 0x63, 0x5f, 0x6c, 0x73, 0x74,
    0x6d, 0x5f, 0x31, 0x2f, 0x6c, 0x73, 0x74, 0x6d, 0x5f, 0x31, 0x2f, 0x6c,
    0x73, 0x74, 0x6d, 0x5f, 0x63, 0x65, 0x6c, 0x6c, 0x5f, 0x33, 0x35, 0x2f,
    0x73, 0x70, 0x6c, 0x69, 0x74, 0x33, 0x31, 0x00, 0x02, 0x00, 0x00, 0x00,
    0x01, 0x00, 0x00, 0x00, 0x10, 0x00, 0x00, 0x00, 0xd6, 0xb8, 0xfe, 0xff,
    0x00, 0x00, 0x00, 0x01, 0x18, 0x00, 0x00, 0x00, 0x20, 0x00, 0x00, 0x00,
    0x40, 0x00, 0x00, 0x00, 0x67, 0x01, 0x00, 0x00, 0x00, 0x00, 0x00, 0x09,
    0xd0, 0x00, 0x00, 0x00, 0x02, 0x00, 0x00, 0x00, 0xff, 0xff, 0xff, 0xff,
    0x10, 0x00, 0x00, 0x00, 0xbc, 0xb8, 0xfe, 0xff, 0x08, 0x00, 0x00, 0x00,
    0x14, 0x00, 0x00, 0x00, 0x01, 0x00, 0x00, 0x00, 0xde, 0xff, 0xff, 0xff,
    0xff, 0xff, 0xff, 0xff, 0x00, 0x00, 0x00, 0x00, 0x01, 0x00, 0x00, 0x00,
    0xdb, 0xb5, 0x35, 0x3c, 0x96, 0x00, 0x00, 0x00, 0x73, 0x6f, 0x63, 0x5f,
    0x6c, 0x73, 0x74, 0x6d, 0x5f, 0x31, 0x2f, 0x6c, 0x73, 0x74, 0x6d, 0x5f,
    0x31, 0x2f, 0x6c, 0x73, 0x74, 0x6d, 0x5f, 0x63, 0x65, 0x6c, 0x6c, 0x5f,
    0x33, 0x35, 0x2f, 0x73, 0x70, 0x6c, 0x69, 0x74, 0x3b, 0x73, 0x6f, 0x63,
    0x5f, 0x6c, 0x73, 0x74, 0x6d, 0x5f, 0x31, 0x2f, 0x6c, 0x73, 0x74, 0x6d,
    0x5f, 0x31, 0x2f, 0x6c, 0x73, 0x74, 0x6d, 0x5f, 0x63, 0x65, 0x6c, 0x6c,
    0x5f, 0x33, 0x35, 0x2f, 0x73, 0x70, 0x6c, 0x69, 0x74, 0x31, 0x3b, 0x73,
    0x6f, 0x63, 0x5f, 0x6c, 0x73, 0x74, 0x6d, 0x5f, 0x31, 0x2f, 0x6c, 0x73,
    0x74, 0x6d, 0x5f, 0x31, 0x2f, 0x6c, 0x73, 0x74, 0x6d, 0x5f, 0x63, 0x65,
    0x6c, 0x6c, 0x5f, 0x33, 0x35, 0x2f, 0x73, 0x70, 0x6c, 0x69, 0x74, 0x32,
    0x3b, 0x73, 0x6f, 0x63, 0x5f, 0x6c, 0x73, 0x74, 0x6d, 0x5f, 0x31, 0x2f,
    0x6c, 0x73, 0x74, 0x6d, 0x5f, 0x31, 0x2f, 0x6c, 0x73, 0x74, 0x6d, 0x5f,
    0x63, 0x65, 0x6c, 0x6c, 0x5f, 0x33, 0x35, 0x2f, 0x73, 0x70, 0x6c, 0x69,
    0x74, 0x33, 0x00, 0x00, 0x02, 0x00, 0x00, 0x00, 0x01, 0x00, 0x00, 0x00,
    0x10, 0x00, 0x00, 0x00, 0xce, 0xb9, 0xfe, 0xff, 0x00, 0x00, 0x00, 0x01,
    0x18, 0x00, 0x00, 0x00, 0x20, 0x00, 0x00, 0x00, 0x40, 0x00, 0x00, 0x00,
    0x66, 0x01, 0x00, 0x00, 0x00, 0x00, 0x00, 0x09, 0x60, 0x00, 0x00, 0x00,
    0x02, 0x00, 0x00, 0x00, 0xff, 0xff, 0xff, 0xff, 0x40, 0x00, 0x00, 0x00,
    0xb4, 0xb9, 0xfe, 0xff, 0x08, 0x00, 0x00, 0x00, 0x14, 0x00, 0x00, 0x00,
    0x01, 0x00, 0x00, 0x00, 0xde, 0xff, 0xff, 0xff, 0xff, 0xff, 0xff, 0xff,
    0x00, 0x00, 0x00, 0x00, 0x01, 0x00, 0x00, 0x00, 0xdb, 0xb5, 0x35, 0x3c,
    0x26, 0x00, 0x00, 0x00, 0x73, 0x6f, 0x63, 0x5f, 0x6c, 0x73, 0x74, 0x6d,
    0x5f, 0x31, 0x2f, 0x6c, 0x73, 0x74, 0x6d, 0x5f, 0x31, 0x2f, 0x6c, 0x73,
    0x74, 0x6d, 0x5f, 0x63, 0x65, 0x6c, 0x6c, 0x5f, 0x33, 0x35, 0x2f, 0x42,
    0x69, 0x61, 0x73, 0x41, 0x64, 0x64, 0x00, 0x00, 0x02, 0x00, 0x00, 0x00,
    0x01, 0x00, 0x00, 0x00, 0x40, 0x00, 0x00, 0x00, 0x56, 0xba, 0xfe, 0xff,
    0x00, 0x00, 0x00, 0x01, 0x18, 0x00, 0x00, 0x00, 0x20, 0x00, 0x00, 0x00,
    0x3c, 0x00, 0x00, 0x00, 0x65, 0x01, 0x00, 0x00, 0x00, 0x00, 0x00, 0x09,
    0x58, 0x00, 0x00, 0x00, 0x02, 0x00, 0x00, 0x00, 0xff, 0xff, 0xff, 0xff,
    0x40, 0x00, 0x00, 0x00, 0x3c, 0xba, 0xfe, 0xff, 0x08, 0x00, 0x00, 0x00,
    0x10, 0x00, 0x00, 0x00, 0x01, 0x00, 0x00, 0x00, 0xe1, 0xff, 0xff, 0xff,
    0xff, 0xff, 0xff, 0xff, 0x01, 0x00, 0x00, 0x00, 0xd5, 0x06, 0x3a, 0x3c,
    0x22, 0x00, 0x00, 0x00, 0x73, 0x6f, 0x63, 0x5f, 0x6c, 0x73, 0x74, 0x6d,
    0x5f, 0x31, 0x2f, 0x6c, 0x73, 0x74, 0x6d, 0x5f, 0x31, 0x2f, 0x6c, 0x73,
    0x74, 0x6d, 0x5f, 0x63, 0x65, 0x6c, 0x6c, 0x5f, 0x33, 0x35, 0x2f, 0x41,
    0x64, 0x64, 0x00, 0x00, 0x02, 0x00, 0x00, 0x00, 0x01, 0x00, 0x00, 0x00,
    0x40, 0x00, 0x00, 0x00, 0xd6, 0xba, 0xfe, 0xff, 0x00, 0x00, 0x00, 0x01,
    0x18, 0x00, 0x00, 0x00, 0x20, 0x00, 0x00, 0x00, 0x40, 0x00, 0x00, 0x00,
    0x64, 0x01, 0x00, 0x00, 0x00, 0x00, 0x00, 0x09, 0x60, 0x00, 0x00, 0x00,
    0x02, 0x00, 0x00, 0x00, 0xff, 0xff, 0xff, 0xff, 0x40, 0x00, 0x00, 0x00,
    0xbc, 0xba, 0xfe, 0xff, 0x08, 0x00, 0x00, 0x00, 0x14, 0x00, 0x00, 0x00,
    0x01, 0x00, 0x00, 0x00, 0xff, 0xff, 0xff, 0xff, 0xff, 0xff, 0xff, 0xff,
    0x00, 0x00, 0x00, 0x00, 0x01, 0x00, 0x00, 0x00, 0x2c, 0x71, 0xa8, 0x3b,
    0x27, 0x00, 0x00, 0x00, 0x73, 0x6f, 0x63, 0x5f, 0x6c, 0x73, 0x74, 0x6d,
    0x5f, 0x31, 0x2f, 0x6c, 0x73, 0x74, 0x6d, 0x5f, 0x31, 0x2f, 0x6c, 0x73,
    0x74, 0x6d, 0x5f, 0x63, 0x65, 0x6c, 0x6c, 0x5f, 0x33, 0x35, 0x2f, 0x4d,
    0x61, 0x74, 0x4d, 0x75, 0x6c, 0x5f, 0x31, 0x00, 0x02, 0x00, 0x00, 0x00,
    0x01, 0x00, 0x00, 0x00, 0x40, 0x00, 0x00, 0x00, 0x5e, 0xbb, 0xfe, 0xff,
    0x00, 0x00, 0x00, 0x01, 0x18, 0x00, 0x00, 0x00, 0x20, 0x00, 0x00, 0x00,
    0x40, 0x00, 0x00, 0x00, 0x63, 0x01, 0x00, 0x00, 0x00, 0x00, 0x00, 0x09,
    0x60, 0x00, 0x00, 0x00, 0x02, 0x00, 0x00, 0x00, 0xff, 0xff, 0xff, 0xff,
    0x10, 0x00, 0x00, 0x00, 0x44, 0xbb, 0xfe, 0xff, 0x08, 0x00, 0x00, 0x00,
    0x14, 0x00, 0x00, 0x00, 0x01, 0x00, 0x00, 0x00, 0x14, 0x00, 0x00, 0x00,
    0x00, 0x00, 0x00, 0x00, 0x00, 0x00, 0x00, 0x00, 0x01, 0x00, 0x00, 0x00,
    0xb5, 0x0c, 0x53, 0x3b, 0x24, 0x00, 0x00, 0x00, 0x73, 0x6f, 0x63, 0x5f,
    0x6c, 0x73, 0x74, 0x6d, 0x5f, 0x31, 0x2f, 0x6c, 0x73, 0x74, 0x6d, 0x5f,
    0x31, 0x2f, 0x6c, 0x73, 0x74, 0x6d, 0x5f, 0x63, 0x65, 0x6c, 0x6c, 0x5f,
    0x33, 0x33, 0x2f, 0x6d, 0x75, 0x6c, 0x5f, 0x32, 0x00, 0x00, 0x00, 0x00,
    0x02, 0x00, 0x00, 0x00, 0x01, 0x00, 0x00, 0x00, 0x10, 0x00, 0x00, 0x00,
    0xe6, 0xbb, 0xfe, 0xff, 0x00, 0x00, 0x00, 0x01, 0x18, 0x00, 0x00, 0x00,
    0x20, 0x00, 0x00, 0x00, 0x40, 0x00, 0x00, 0x00, 0x62, 0x01, 0x00, 0x00,
    0x00, 0x00, 0x00, 0x09, 0x60, 0x00, 0x00, 0x00, 0x02, 0x00, 0x00, 0x00,
    0xff, 0xff, 0xff, 0xff, 0x10, 0x00, 0x00, 0x00, 0xcc, 0xbb, 0xfe, 0xff,
    0x08, 0x00, 0x00, 0x00, 0x14, 0x00, 0x00, 0x00, 0x01, 0x00, 0x00, 0x00,
    0x00, 0x00, 0x00, 0x00, 0x00, 0x00, 0x00, 0x00, 0x00, 0x00, 0x00, 0x00,
    0x01, 0x00, 0x00, 0x00, 0x00, 0x00, 0x00, 0x3c, 0x25, 0x00, 0x00, 0x00,
    0x73, 0x6f, 0x63, 0x5f, 0x6c, 0x73, 0x74, 0x6d, 0x5f, 0x31, 0x2f, 0x6c,
    0x73, 0x74, 0x6d, 0x5f, 0x31, 0x2f, 0x6c, 0x73, 0x74, 0x6d, 0x5f, 0x63,
    0x65, 0x6c, 0x6c, 0x5f, 0x33, 0x33, 0x2f, 0x54, 0x61, 0x6e, 0x68, 0x5f,
    0x31, 0x00, 0x00, 0x00, 0x02, 0x00, 0x00, 0x00, 0x01, 0x00, 0x00, 0x00,
    0x10, 0x00, 0x00, 0x00, 0x6e, 0xbc, 0xfe, 0xff, 0x00, 0x00, 0x00, 0x01,
    0x18, 0x00, 0x00, 0x00, 0x20, 0x00, 0x00, 0x00, 0x40, 0x00, 0x00, 0x00,
    0x61, 0x01, 0x00, 0x00, 0x00, 0x00, 0x00, 0x09, 0x60, 0x00, 0x00, 0x00,
    0x02, 0x00, 0x00, 0x00, 0xff, 0xff, 0xff, 0xff, 0x10, 0x00, 0x00, 0x00,
    0x54, 0xbc, 0xfe, 0xff, 0x08, 0x00, 0x00, 0x00, 0x14, 0x00, 0x00, 0x00,
    0x01, 0x00, 0x00, 0x00, 0x2e, 0x00, 0x00, 0x00, 0x00, 0x00, 0x00, 0x00,
    0x00, 0x00, 0x00, 0x00, 0x01, 0x00, 0x00, 0x00, 0xcf, 0x53, 0x1f, 0x3c,
    0x24, 0x00, 0x00, 0x00, 0x73, 0x6f, 0x63, 0x5f, 0x6c, 0x73, 0x74, 0x6d,
    0x5f, 0x31, 0x2f, 0x6c, 0x73, 0x74, 0x6d, 0x5f, 0x31, 0x2f, 0x6c, 0x73,
    0x74, 0x6d, 0x5f, 0x63, 0x65, 0x6c, 0x6c, 0x5f, 0x33, 0x33, 0x2f, 0x61,
    0x64, 0x64, 0x5f, 0x31, 0x00, 0x00, 0x00, 0x00, 0x02, 0x00, 0x00, 0x00,
    0x01, 0x00, 0x00, 0x00, 0x10, 0x00, 0x00, 0x00, 0xf6, 0xbc, 0xfe, 0xff,
    0x00, 0x00, 0x00, 0x01, 0x18, 0x00, 0x00, 0x00, 0x20, 0x00, 0x00, 0x00,
    0x40, 0x00, 0x00, 0x00, 0x60, 0x01, 0x00, 0x00, 0x00, 0x00, 0x00, 0x09,
    0x60, 0x00, 0x00, 0x00, 0x02, 0x00, 0x00, 0x00, 0xff, 0xff, 0xff, 0xff,
    0x10, 0x00, 0x00, 0x00, 0xdc, 0xbc, 0xfe, 0xff, 0x08, 0x00, 0x00, 0x00,
    0x14, 0x00, 0x00, 0x00, 0x01, 0x00, 0x00, 0x00, 0x20, 0x00, 0x00, 0x00,
    0x00, 0x00, 0x00, 0x00, 0x00, 0x00, 0x00, 0x00, 0x01, 0x00, 0x00, 0x00,
    0x6c, 0x94, 0x2d, 0x3b, 0x24, 0x00, 0x00, 0x00, 0x73, 0x6f, 0x63, 0x5f,
    0x6c, 0x73, 0x74, 0x6d, 0x5f, 0x31, 0x2f, 0x6c, 0x73, 0x74, 0x6d, 0x5f,
    0x31, 0x2f, 0x6c, 0x73, 0x74, 0x6d, 0x5f, 0x63, 0x65, 0x6c, 0x6c, 0x5f,
    0x33, 0x33, 0x2f, 0x6d, 0x75, 0x6c, 0x5f, 0x31, 0x00, 0x00, 0x00, 0x00,
    0x02, 0x00, 0x00, 0x00, 0x01, 0x00, 0x00, 0x00, 0x10, 0x00, 0x00, 0x00,
    0x7e, 0xbd, 0xfe, 0xff, 0x00, 0x00, 0x00, 0x01, 0x18, 0x00, 0x00, 0x00,
    0x20, 0x00, 0x00, 0x00, 0x3c, 0x00, 0x00, 0x00, 0x5f, 0x01, 0x00, 0x00,
    0x00, 0x00, 0x00, 0x09, 0x58, 0x00, 0x00, 0x00, 0x02, 0x00, 0x00, 0x00,
    0xff, 0xff, 0xff, 0xff, 0x10, 0x00, 0x00, 0x00, 0x64, 0xbd, 0xfe, 0xff,
    0x08, 0x00, 0x00, 0x00, 0x10, 0x00, 0x00, 0x00, 0x01, 0x00, 0x00, 0x00,
    0x00, 0x00, 0x00, 0x00, 0x00, 0x00, 0x00, 0x00, 0x01, 0x00, 0x00, 0x00,
    0x00, 0x00, 0x00, 0x3c, 0x23, 0x00, 0x00, 0x00, 0x73, 0x6f, 0x63, 0x5f,
    0x6c, 0x73, 0x74, 0x6d, 0x5f, 0x31, 0x2f, 0x6c, 0x73, 0x74, 0x6d, 0x5f,
    0x31, 0x2f, 0x6c, 0x73, 0x74, 0x6d, 0x5f, 0x63, 0x65, 0x6c, 0x6c, 0x5f,
    0x33, 0x33, 0x2f, 0x54, 0x61, 0x6e, 0x68, 0x00, 0x02, 0x00, 0x00, 0x00,
    0x01, 0x00, 0x00, 0x00, 0x10, 0x00, 0x00, 0x00, 0xfe, 0xbd, 0xfe, 0xff,
    0x00, 0x00, 0x00, 0x01, 0x18, 0x00, 0x00, 0x00, 0x20, 0x00, 0x00, 0x00,
    0x3c, 0x00, 0x00, 0x00, 0x5e, 0x01, 0x00, 0x00, 0x00, 0x00, 0x00, 0x09,
    0x60, 0x00, 0x00, 0x00, 0x02, 0x00, 0x00, 0x00, 0xff, 0xff, 0xff, 0xff,
    0x10, 0x00, 0x00, 0x00, 0xe4, 0xbd, 0xfe, 0xff, 0x08, 0x00, 0x00, 0x00,
    0x10, 0x00, 0x00, 0x00, 0x01, 0x00, 0x00, 0x00, 0x80, 0xff, 0xff, 0xff,
    0xff, 0xff, 0xff, 0xff, 0x01, 0x00, 0x00, 0x00, 0x00, 0x00, 0x80, 0x3b,
    0x28, 0x00, 0x00, 0x00, 0x73, 0x6f, 0x63, 0x5f, 0x6c, 0x73, 0x74, 0x6d,
    0x5f, 0x31, 0x2f, 0x6c, 0x73, 0x74, 0x6d, 0x5f, 0x31, 0x2f, 0x6c, 0x73,
    0x74, 0x6d, 0x5f, 0x63, 0x65, 0x6c, 0x6c, 0x5f, 0x33, 0x33, 0x2f, 0x53,
    0x69, 0x67, 0x6d, 0x6f, 0x69, 0x64, 0x5f, 0x32, 0x00, 0x00, 0x00, 0x00,
    0x02, 0x00, 0x00, 0x00, 0x01, 0x00, 0x00, 0x00, 0x10, 0x00, 0x00, 0x00,
    0x86, 0xbe, 0xfe, 0xff, 0x00, 0x00, 0x00, 0x01, 0x18, 0x00, 0x00, 0x00,
    0x20, 0x00, 0x00, 0x00, 0x3c, 0x00, 0x00, 0x00, 0x5d, 0x01, 0x00, 0x00,
    0x00, 0x00, 0x00, 0x09, 0x58, 0x00, 0x00, 0x00, 0x02, 0x00, 0x00, 0x00,
    0xff, 0xff, 0xff, 0xff, 0x10, 0x00, 0x00, 0x00, 0x6c, 0xbe, 0xfe, 0xff,
    0x08, 0x00, 0x00, 0x00, 0x10, 0x00, 0x00, 0x00, 0x01, 0x00, 0x00, 0x00,
    0x2e, 0x00, 0x00, 0x00, 0x00, 0x00, 0x00, 0x00, 0x01, 0x00, 0x00, 0x00,
    0xcf, 0x53, 0x1f, 0x3c, 0x22, 0x00, 0x00, 0x00, 0x73, 0x6f, 0x63, 0x5f,
    0x6c, 0x73, 0x74, 0x6d, 0x5f, 0x31, 0x2f, 0x6c, 0x73, 0x74, 0x6d, 0x5f,
    0x31, 0x2f, 0x6c, 0x73, 0x74, 0x6d, 0x5f, 0x63, 0x65, 0x6c, 0x6c, 0x5f,
    0x33, 0x33, 0x2f, 0x6d, 0x75, 0x6c, 0x00, 0x00, 0x02, 0x00, 0x00, 0x00,
    0x01, 0x00, 0x00, 0x00, 0x10, 0x00, 0x00, 0x00, 0x06, 0xbf, 0xfe, 0xff,
    0x00, 0x00, 0x00, 0x01, 0x18, 0x00, 0x00, 0x00, 0x20, 0x00, 0x00, 0x00,
    0x3c, 0x00, 0x00, 0x00, 0x5c, 0x01, 0x00, 0x00, 0x00, 0x00, 0x00, 0x09,
    0x60, 0x00, 0x00, 0x00, 0x02, 0x00, 0x00, 0x00, 0xff, 0xff, 0xff, 0xff,
    0x10, 0x00, 0x00, 0x00, 0xec, 0xbe, 0xfe, 0xff, 0x08, 0x00, 0x00, 0x00,
    0x10, 0x00, 0x00, 0x00, 0x01, 0x00, 0x00, 0x00, 0x80, 0xff, 0xff, 0xff,
    0xff, 0xff, 0xff, 0xff, 0x01, 0x00, 0x00, 0x00, 0x00, 0x00, 0x80, 0x3b,
    0x28, 0x00, 0x00, 0x00, 0x73, 0x6f, 0x63, 0x5f, 0x6c, 0x73, 0x74, 0x6d,
    0x5f, 0x31, 0x2f, 0x6c, 0x73, 0x74, 0x6d, 0x5f, 0x31, 0x2f, 0x6c, 0x73,
    0x74, 0x6d, 0x5f, 0x63, 0x65, 0x6c, 0x6c, 0x5f, 0x33, 0x33, 0x2f, 0x53,
    0x69, 0x67, 0x6d, 0x6f, 0x69, 0x64, 0x5f, 0x31, 0x00, 0x00, 0x00, 0x00,
    0x02, 0x00, 0x00, 0x00, 0x01, 0x00, 0x00, 0x00, 0x10, 0x00, 0x00, 0x00,
    0x8e, 0xbf, 0xfe, 0xff, 0x00, 0x00, 0x00, 0x01, 0x18, 0x00, 0x00, 0x00,
    0x20, 0x00, 0x00, 0x00, 0x40, 0x00, 0x00, 0x00, 0x5b, 0x01, 0x00, 0x00,
    0x00, 0x00, 0x00, 0x09, 0x60, 0x00, 0x00, 0x00, 0x02, 0x00, 0x00, 0x00,
    0xff, 0xff, 0xff, 0xff, 0x10, 0x00, 0x00, 0x00, 0x74, 0xbf, 0xfe, 0xff,
    0x08, 0x00, 0x00, 0x00, 0x14, 0x00, 0x00, 0x00, 0x01, 0x00, 0x00, 0x00,
    0x80, 0xff, 0xff, 0xff, 0xff, 0xff, 0xff, 0xff, 0x00, 0x00, 0x00, 0x00,
    0x01, 0x00, 0x00, 0x00, 0x00, 0x00, 0x80, 0x3b, 0x26, 0x00, 0x00, 0x00,
    0x73, 0x6f, 0x63, 0x5f, 0x6c, 0x73, 0x74, 0x6d, 0x5f, 0x31, 0x2f, 0x6c,
    0x73, 0x74, 0x6d, 0x5f, 0x31, 0x2f, 0x6c, 0x73, 0x74, 0x6d, 0x5f, 0x63,
    0x65, 0x6c, 0x6c, 0x5f, 0x33, 0x33, 0x2f, 0x53, 0x69, 0x67, 0x6d, 0x6f,
    0x69, 0x64, 0x00, 0x00, 0x02, 0x00, 0x00, 0x00, 0x01, 0x00, 0x00, 0x00,
    0x10, 0x00, 0x00, 0x00, 0x16, 0xc0, 0xfe, 0xff, 0x00, 0x00, 0x00, 0x01,
    0x18, 0x00, 0x00, 0x00, 0x20, 0x00, 0x00, 0x00, 0x40, 0x00, 0x00, 0x00,
    0x5a, 0x01, 0x00, 0x00, 0x00, 0x00, 0x00, 0x09, 0xd0, 0x00, 0x00, 0x00,
    0x02, 0x00, 0x00, 0x00, 0xff, 0xff, 0xff, 0xff, 0x10, 0x00, 0x00, 0x00,
    0xfc, 0xbf, 0xfe, 0xff, 0x08, 0x00, 0x00, 0x00, 0x14, 0x00, 0x00, 0x00,
    0x01, 0x00, 0x00, 0x00, 0xe0, 0xff, 0xff, 0xff, 0xff, 0xff, 0xff, 0xff,
    0x00, 0x00, 0x00, 0x00, 0x01, 0x00, 0x00, 0x00, 0x28, 0x3a, 0x31, 0x3c,
    0x97, 0x00, 0x00, 0x00, 0x73, 0x6f, 0x63, 0x5f, 0x6c, 0x73, 0x74, 0x6d,
    0x5f, 0x31, 0x2f, 0x6c, 0x73, 0x74, 0x6d, 0x5f, 0x31, 0x2f, 0x6c, 0x73,
    0x74, 0x6d, 0x5f, 0x63, 0x65, 0x6c, 0x6c, 0x5f, 0x33, 0x33, 0x2f, 0x73,
    0x70, 0x6c, 0x69, 0x74, 0x3b, 0x73, 0x6f, 0x63, 0x5f, 0x6c, 0x73, 0x74,
    0x6d, 0x5f, 0x31, 0x2f, 0x6c, 0x73, 0x74, 0x6d, 0x5f, 0x31, 0x2f, 0x6c,
    0x73, 0x74, 0x6d, 0x5f, 0x63, 0x65, 0x6c, 0x6c, 0x5f, 0x33, 0x33, 0x2f,
    0x73, 0x70, 0x6c, 0x69, 0x74, 0x31, 0x3b, 0x73, 0x6f, 0x63, 0x5f, 0x6c,
    0x73, 0x74, 0x6d, 0x5f, 0x31, 0x2f, 0x6c, 0x73, 0x74, 0x6d, 0x5f, 0x31,
    0x2f, 0x6c, 0x73, 0x74, 0x6d, 0x5f, 0x63, 0x65, 0x6c, 0x6c, 0x5f, 0x33,
    0x33, 0x2f, 0x73, 0x70, 0x6c, 0x69, 0x74, 0x32, 0x3b, 0x73, 0x6f, 0x63,
    0x5f, 0x6c, 0x73, 0x74, 0x6d, 0x5f, 0x31, 0x2f, 0x6c, 0x73, 0x74, 0x6d,
    0x5f, 0x31, 0x2f, 0x6c, 0x73, 0x74, 0x6d, 0x5f, 0x63, 0x65, 0x6c, 0x6c,
    0x5f, 0x33, 0x33, 0x2f, 0x73, 0x70, 0x6c, 0x69, 0x74, 0x33, 0x33, 0x00,
    0x02, 0x00, 0x00, 0x00, 0x01, 0x00, 0x00, 0x00, 0x10, 0x00, 0x00, 0x00,
    0x0e, 0xc1, 0xfe, 0xff, 0x00, 0x00, 0x00, 0x01, 0x18, 0x00, 0x00, 0x00,
    0x20, 0x00, 0x00, 0x00, 0x40, 0x00, 0x00, 0x00, 0x59, 0x01, 0x00, 0x00,
    0x00, 0x00, 0x00, 0x09, 0xd0, 0x00, 0x00, 0x00, 0x02, 0x00, 0x00, 0x00,
    0xff, 0xff, 0xff, 0xff, 0x10, 0x00, 0x00, 0x00, 0xf4, 0xc0, 0xfe, 0xff,
    0x08, 0x00, 0x00, 0x00, 0x14, 0x00, 0x00, 0x00, 0x01, 0x00, 0x00, 0x00,
    0xe0, 0xff, 0xff, 0xff, 0xff, 0xff, 0xff, 0xff, 0x00, 0x00, 0x00, 0x00,
    0x01, 0x00, 0x00, 0x00, 0x28, 0x3a, 0x31, 0x3c, 0x97, 0x00, 0x00, 0x00,
    0x73, 0x6f, 0x63, 0x5f, 0x6c, 0x73, 0x74, 0x6d, 0x5f, 0x31, 0x2f, 0x6c,
    0x73, 0x74, 0x6d, 0x5f, 0x31, 0x2f, 0x6c, 0x73, 0x74, 0x6d, 0x5f, 0x63,
    0x65, 0x6c, 0x6c, 0x5f, 0x33, 0x33, 0x2f, 0x73, 0x70, 0x6c, 0x69, 0x74,
    0x3b, 0x73, 0x6f, 0x63, 0x5f, 0x6c, 0x73, 0x74, 0x6d, 0x5f, 0x31, 0x2f,
    0x6c, 0x73, 0x74, 0x6d, 0x5f, 0x31, 0x2f, 0x6c, 0x73, 0x74, 0x6d, 0x5f,
    0x63, 0x65, 0x6c, 0x6c, 0x5f, 0x33, 0x33, 0x2f, 0x73, 0x70, 0x6c, 0x69,
    0x74, 0x31, 0x3b, 0x73, 0x6f, 0x63, 0x5f, 0x6c, 0x73, 0x74, 0x6d, 0x5f,
    0x31, 0x2f, 0x6c, 0x73, 0x74, 0x6d, 0x5f, 0x31, 0x2f, 0x6c, 0x73, 0x74,
    0x6d, 0x5f, 0x63, 0x65, 0x6c, 0x6c, 0x5f, 0x33, 0x33, 0x2f, 0x73, 0x70,
    0x6c, 0x69, 0x74, 0x32, 0x3b, 0x73, 0x6f, 0x63, 0x5f, 0x6c, 0x73, 0x74,
    0x6d, 0x5f, 0x31, 0x2f, 0x6c, 0x73, 0x74, 0x6d, 0x5f, 0x31, 0x2f, 0x6c,
    0x73, 0x74, 0x6d, 0x5f, 0x63, 0x65, 0x6c, 0x6c, 0x5f, 0x33, 0x33, 0x2f,
    0x73, 0x70, 0x6c, 0x69, 0x74, 0x33, 0x32, 0x00, 0x02, 0x00, 0x00, 0x00,
    0x01, 0x00, 0x00, 0x00, 0x10, 0x00, 0x00, 0x00, 0x06, 0xc2, 0xfe, 0xff,
    0x00, 0x00, 0x00, 0x01, 0x18, 0x00, 0x00, 0x00, 0x20, 0x00, 0x00, 0x00,
    0x40, 0x00, 0x00, 0x00, 0x58, 0x01, 0x00, 0x00, 0x00, 0x00, 0x00, 0x09,
    0xd0, 0x00, 0x00, 0x00, 0x02, 0x00, 0x00, 0x00, 0xff, 0xff, 0xff, 0xff,
    0x10, 0x00, 0x00, 0x00, 0xec, 0xc1, 0xfe, 0xff, 0x08, 0x00, 0x00, 0x00,
    0x14, 0x00, 0x00, 0x00, 0x01, 0x00, 0x00, 0x00, 0xe0, 0xff, 0xff, 0xff,
    0xff, 0xff, 0xff, 0xff, 0x00, 0x00, 0x00, 0x00, 0x01, 0x00, 0x00, 0x00,
    0x28, 0x3a, 0x31, 0x3c, 0x97, 0x00, 0x00, 0x00, 0x73, 0x6f, 0x63, 0x5f,
    0x6c, 0x73, 0x74, 0x6d, 0x5f, 0x31, 0x2f, 0x6c, 0x73, 0x74, 0x6d, 0x5f,
    0x31, 0x2f, 0x6c, 0x73, 0x74, 0x6d, 0x5f, 0x63, 0x65, 0x6c, 0x6c, 0x5f,
    0x33, 0x33, 0x2f, 0x73, 0x70, 0x6c, 0x69, 0x74, 0x3b, 0x73, 0x6f, 0x63,
    0x5f, 0x6c, 0x73, 0x74, 0x6d, 0x5f, 0x31, 0x2f, 0x6c, 0x73, 0x74, 0x6d,
    0x5f, 0x31, 0x2f, 0x6c, 0x73, 0x74, 0x6d, 0x5f, 0x63, 0x65, 0x6c, 0x6c,
    0x5f, 0x33, 0x33, 0x2f, 0x73, 0x70, 0x6c, 0x69, 0x74, 0x31, 0x3b, 0x73,
    0x6f, 0x63, 0x5f, 0x6c, 0x73, 0x74, 0x6d, 0x5f, 0x31, 0x2f, 0x6c, 0x73,
    0x74, 0x6d, 0x5f, 0x31, 0x2f, 0x6c, 0x73, 0x74, 0x6d, 0x5f, 0x63, 0x65,
    0x6c, 0x6c, 0x5f, 0x33, 0x33, 0x2f, 0x73, 0x70, 0x6c, 0x69, 0x74, 0x32,
    0x3b, 0x73, 0x6f, 0x63, 0x5f, 0x6c, 0x73, 0x74, 0x6d, 0x5f, 0x31, 0x2f,
    0x6c, 0x73, 0x74, 0x6d, 0x5f, 0x31, 0x2f, 0x6c, 0x73, 0x74, 0x6d, 0x5f,
    0x63, 0x65, 0x6c, 0x6c, 0x5f, 0x33, 0x33, 0x2f, 0x73, 0x70, 0x6c, 0x69,
    0x74, 0x33, 0x31, 0x00, 0x02, 0x00, 0x00, 0x00, 0x01, 0x00, 0x00, 0x00,
    0x10, 0x00, 0x00, 0x00, 0xfe, 0xc2, 0xfe, 0xff, 0x00, 0x00, 0x00, 0x01,
    0x18, 0x00, 0x00, 0x00, 0x20, 0x00, 0x00, 0x00, 0x40, 0x00, 0x00, 0x00,
    0x57, 0x01, 0x00, 0x00, 0x00, 0x00, 0x00, 0x09, 0xd0, 0x00, 0x00, 0x00,
    0x02, 0x00, 0x00, 0x00, 0xff, 0xff, 0xff, 0xff, 0x10, 0x00, 0x00, 0x00,
    0xe4, 0xc2, 0xfe, 0xff, 0x08, 0x00, 0x00, 0x00, 0x14, 0x00, 0x00, 0x00,
    0x01, 0x00, 0x00, 0x00, 0xe0, 0xff, 0xff, 0xff, 0xff, 0xff, 0xff, 0xff,
    0x00, 0x00, 0x00, 0x00, 0x01, 0x00, 0x00, 0x00, 0x28, 0x3a, 0x31, 0x3c,
    0x96, 0x00, 0x00, 0x00, 0x73, 0x6f, 0x63, 0x5f, 0x6c, 0x73, 0x74, 0x6d,
    0x5f, 0x31, 0x2f, 0x6c, 0x73, 0x74, 0x6d, 0x5f, 0x31, 0x2f, 0x6c, 0x73,
    0x74, 0x6d, 0x5f, 0x63, 0x65, 0x6c, 0x6c, 0x5f, 0x33, 0x33, 0x2f, 0x73,
    0x70, 0x6c, 0x69, 0x74, 0x3b, 0x73, 0x6f, 0x63, 0x5f, 0x6c, 0x73, 0x74,
    0x6d, 0x5f, 0x31, 0x2f, 0x6c, 0x73, 0x74, 0x6d, 0x5f, 0x31, 0x2f, 0x6c,
    0x73, 0x74, 0x6d, 0x5f, 0x63, 0x65, 0x6c, 0x6c, 0x5f, 0x33, 0x33, 0x2f,
    0x73, 0x70, 0x6c, 0x69, 0x74, 0x31, 0x3b, 0x73, 0x6f, 0x63, 0x5f, 0x6c,
    0x73, 0x74, 0x6d, 0x5f, 0x31, 0x2f, 0x6c, 0x73, 0x74, 0x6d, 0x5f, 0x31,
    0x2f, 0x6c, 0x73, 0x74, 0x6d, 0x5f, 0x63, 0x65, 0x6c, 0x6c, 0x5f, 0x33,
    0x33, 0x2f, 0x73, 0x70, 0x6c, 0x69, 0x74, 0x32, 0x3b, 0x73, 0x6f, 0x63,
    0x5f, 0x6c, 0x73, 0x74, 0x6d, 0x5f, 0x31, 0x2f, 0x6c, 0x73, 0x74, 0x6d,
    0x5f, 0x31, 0x2f, 0x6c, 0x73, 0x74, 0x6d, 0x5f, 0x63, 0x65, 0x6c, 0x6c,
    0x5f, 0x33, 0x33, 0x2f, 0x73, 0x70, 0x6c, 0x69, 0x74, 0x33, 0x00, 0x00,
    0x02, 0x00, 0x00, 0x00, 0x01, 0x00, 0x00, 0x00, 0x10, 0x00, 0x00, 0x00,
    0xf6, 0xc3, 0xfe, 0xff, 0x00, 0x00, 0x00, 0x01, 0x18, 0x00, 0x00, 0x00,
    0x20, 0x00, 0x00, 0x00, 0x40, 0x00, 0x00, 0x00, 0x56, 0x01, 0x00, 0x00,
    0x00, 0x00, 0x00, 0x09, 0x60, 0x00, 0x00, 0x00, 0x02, 0x00, 0x00, 0x00,
    0xff, 0xff, 0xff, 0xff, 0x40, 0x00, 0x00, 0x00, 0xdc, 0xc3, 0xfe, 0xff,
    0x08, 0x00, 0x00, 0x00, 0x14, 0x00, 0x00, 0x00, 0x01, 0x00, 0x00, 0x00,
    0xe0, 0xff, 0xff, 0xff, 0xff, 0xff, 0xff, 0xff, 0x00, 0x00, 0x00, 0x00,
    0x01, 0x00, 0x00, 0x00, 0x28, 0x3a, 0x31, 0x3c, 0x26, 0x00, 0x00, 0x00,
    0x73, 0x6f, 0x63, 0x5f, 0x6c, 0x73, 0x74, 0x6d, 0x5f, 0x31, 0x2f, 0x6c,
    0x73, 0x74, 0x6d, 0x5f, 0x31, 0x2f, 0x6c, 0x73, 0x74, 0x6d, 0x5f, 0x63,
    0x65, 0x6c, 0x6c, 0x5f, 0x33, 0x33, 0x2f, 0x42, 0x69, 0x61, 0x73, 0x41,
    0x64, 0x64, 0x00, 0x00, 0x02, 0x00, 0x00, 0x00, 0x01, 0x00, 0x00, 0x00,
    0x40, 0x00, 0x00, 0x00, 0x7e, 0xc4, 0xfe, 0xff, 0x00, 0x00, 0x00, 0x01,
    0x18, 0x00, 0x00, 0x00, 0x20, 0x00, 0x00, 0x00, 0x3c, 0x00, 0x00, 0x00,
    0x55, 0x01, 0x00, 0x00, 0x00, 0x00, 0x00, 0x09, 0x58, 0x00, 0x00, 0x00,
    0x02, 0x00, 0x00, 0x00, 0xff, 0xff, 0xff, 0xff, 0x40, 0x00, 0x00, 0x00,
    0x64, 0xc4, 0xfe, 0xff, 0x08, 0x00, 0x00, 0x00, 0x10, 0x00, 0x00, 0x00,
    0x01, 0x00, 0x00, 0x00, 0xe4, 0xff, 0xff, 0xff, 0xff, 0xff, 0xff, 0xff,
    0x01, 0x00, 0x00, 0x00, 0x22, 0x8b, 0x35, 0x3c, 0x22, 0x00, 0x00, 0x00,
    0x73, 0x6f, 0x63, 0x5f, 0x6c, 0x73, 0x74, 0x6d, 0x5f, 0x31, 0x2f, 0x6c,
    0x73, 0x74, 0x6d, 0x5f, 0x31, 0x2f, 0x6c, 0x73, 0x74, 0x6d, 0x5f, 0x63,
    0x65, 0x6c, 0x6c, 0x5f, 0x33, 0x33, 0x2f, 0x41, 0x64, 0x64, 0x00, 0x00,
    0x02, 0x00, 0x00, 0x00, 0x01, 0x00, 0x00, 0x00, 0x40, 0x00, 0x00, 0x00,
    0xfe, 0xc4, 0xfe, 0xff, 0x00, 0x00, 0x00, 0x01, 0x18, 0x00, 0x00, 0x00,
    0x20, 0x00, 0x00, 0x00, 0x40, 0x00, 0x00, 0x00, 0x54, 0x01, 0x00, 0x00,
    0x00, 0x00, 0x00, 0x09, 0x60, 0x00, 0x00, 0x00, 0x02, 0x00, 0x00, 0x00,
    0xff, 0xff, 0xff, 0xff, 0x40, 0x00, 0x00, 0x00, 0xe4, 0xc4, 0xfe, 0xff,
    0x08, 0x00, 0x00, 0x00, 0x14, 0x00, 0x00, 0x00, 0x01, 0x00, 0x00, 0x00,
    0xf7, 0xff, 0xff, 0xff, 0xff, 0xff, 0xff, 0xff, 0x00, 0x00, 0x00, 0x00,
    0x01, 0x00, 0x00, 0x00, 0xe2, 0xb6, 0x9e, 0x3b, 0x27, 0x00, 0x00, 0x00,
    0x73, 0x6f, 0x63, 0x5f, 0x6c, 0x73, 0x74, 0x6d, 0x5f, 0x31, 0x2f, 0x6c,
    0x73, 0x74, 0x6d, 0x5f, 0x31, 0x2f, 0x6c, 0x73, 0x74, 0x6d, 0x5f, 0x63,
    0x65, 0x6c, 0x6c, 0x5f, 0x33, 0x33, 0x2f, 0x4d, 0x61, 0x74, 0x4d, 0x75,
    0x6c, 0x5f, 0x31, 0x00, 0x02, 0x00, 0x00, 0x00, 0x01, 0x00, 0x00, 0x00,
    0x40, 0x00, 0x00, 0x00, 0x86, 0xc5, 0xfe, 0xff, 0x00, 0x00, 0x00, 0x01,
    0x18, 0x00, 0x00, 0x00, 0x20, 0x00, 0x00, 0x00, 0x40, 0x00, 0x00, 0x00,
    0x53, 0x01, 0x00, 0x00, 0x00, 0x00, 0x00, 0x09, 0x60, 0x00, 0x00, 0x00,
    0x02, 0x00, 0x00, 0x00, 0xff, 0xff, 0xff, 0xff, 0x10, 0x00, 0x00, 0x00,
    0x6c, 0xc5, 0xfe, 0xff, 0x08, 0x00, 0x00, 0x00, 0x14, 0x00, 0x00, 0x00,
    0x01, 0x00, 0x00, 0x00, 0x17, 0x00, 0x00, 0x00, 0x00, 0x00, 0x00, 0x00,
    0x00, 0x00, 0x00, 0x00, 0x01, 0x00, 0x00, 0x00, 0xfd, 0x08, 0x41, 0x3b,
    0x24, 0x00, 0x00, 0x00, 0x73, 0x6f, 0x63, 0x5f, 0x6c, 0x73, 0x74, 0x6d,
    0x5f, 0x31, 0x2f, 0x6c, 0x73, 0x74, 0x6d, 0x5f, 0x31, 0x2f, 0x6c, 0x73,
    0x74, 0x6d, 0x5f, 0x63, 0x65, 0x6c, 0x6c, 0x5f, 0x33, 0x31, 0x2f, 0x6d,
    0x75, 0x6c, 0x5f, 0x32, 0x00, 0x00, 0x00, 0x00, 0x02, 0x00, 0x00, 0x00,
    0x01, 0x00, 0x00, 0x00, 0x10, 0x00, 0x00, 0x00, 0x0e, 0xc6, 0xfe, 0xff,
    0x00, 0x00, 0x00, 0x01, 0x18, 0x00, 0x00, 0x00, 0x20, 0x00, 0x00, 0x00,
    0x40, 0x00, 0x00, 0x00, 0x52, 0x01, 0x00, 0x00, 0x00, 0x00, 0x00, 0x09,
    0x60, 0x00, 0x00, 0x00, 0x02, 0x00, 0x00, 0x00, 0xff, 0xff, 0xff, 0xff,
    0x10, 0x00, 0x00, 0x00, 0xf4, 0xc5, 0xfe, 0xff, 0x08, 0x00, 0x00, 0x00,
    0x14, 0x00, 0x00, 0x00, 0x01, 0x00, 0x00, 0x00, 0x00, 0x00, 0x00, 0x00,
    0x00, 0x00, 0x00, 0x00, 0x00, 0x00, 0x00, 0x00, 0x01, 0x00, 0x00, 0x00,
    0x00, 0x00, 0x00, 0x3c, 0x25, 0x00, 0x00, 0x00, 0x73, 0x6f, 0x63, 0x5f,
    0x6c, 0x73, 0x74, 0x6d, 0x5f, 0x31, 0x2f, 0x6c, 0x73, 0x74, 0x6d, 0x5f,
    0x31, 0x2f, 0x6c, 0x73, 0x74, 0x6d, 0x5f, 0x63, 0x65, 0x6c, 0x6c, 0x5f,
    0x33, 0x31, 0x2f, 0x54, 0x61, 0x6e, 0x68, 0x5f, 0x31, 0x00, 0x00, 0x00,
    0x02, 0x00, 0x00, 0x00, 0x01, 0x00, 0x00, 0x00, 0x10, 0x00, 0x00, 0x00,
    0x96, 0xc6, 0xfe, 0xff, 0x00, 0x00, 0x00, 0x01, 0x18, 0x00, 0x00, 0x00,
    0x20, 0x00, 0x00, 0x00, 0x40, 0x00, 0x00, 0x00, 0x51, 0x01, 0x00, 0x00,
    0x00, 0x00, 0x00, 0x09, 0x60, 0x00, 0x00, 0x00, 0x02, 0x00, 0x00, 0x00,
    0xff, 0xff, 0xff, 0xff, 0x10, 0x00, 0x00, 0x00, 0x7c, 0xc6, 0xfe, 0xff,
    0x08, 0x00, 0x00, 0x00, 0x14, 0x00, 0x00, 0x00, 0x01, 0x00, 0x00, 0x00,
    0x34, 0x00, 0x00, 0x00, 0x00, 0x00, 0x00, 0x00, 0x00, 0x00, 0x00, 0x00,
    0x01, 0x00, 0x00, 0x00, 0xec, 0x4b, 0x19, 0x3c, 0x24, 0x00, 0x00, 0x00,
    0x73, 0x6f, 0x63, 0x5f, 0x6c, 0x73, 0x74, 0x6d, 0x5f, 0x31, 0x2f, 0x6c,
    0x73, 0x74, 0x6d, 0x5f, 0x31, 0x2f, 0x6c, 0x73, 0x74, 0x6d, 0x5f, 0x63,
    0x65, 0x6c, 0x6c, 0x5f, 0x33, 0x31, 0x2f, 0x61, 0x64, 0x64, 0x5f, 0x31,
    0x00, 0x00, 0x00, 0x00, 0x02, 0x00, 0x00, 0x00, 0x01, 0x00, 0x00, 0x00,
    0x10, 0x00, 0x00, 0x00, 0x1e, 0xc7, 0xfe, 0xff, 0x00, 0x00, 0x00, 0x01,
    0x18, 0x00, 0x00, 0x00, 0x20, 0x00, 0x00, 0x00, 0x40, 0x00, 0x00, 0x00,
    0x50, 0x01, 0x00, 0x00, 0x00, 0x00, 0x00, 0x09, 0x60, 0x00, 0x00, 0x00,
    0x02, 0x00, 0x00, 0x00, 0xff, 0xff, 0xff, 0xff, 0x10, 0x00, 0x00, 0x00,
    0x04, 0xc7, 0xfe, 0xff, 0x08, 0x00, 0x00, 0x00, 0x14, 0x00, 0x00, 0x00,
    0x01, 0x00, 0x00, 0x00, 0x27, 0x00, 0x00, 0x00, 0x00, 0x00, 0x00, 0x00,
    0x00, 0x00, 0x00, 0x00, 0x01, 0x00, 0x00, 0x00, 0x14, 0x7a, 0x26, 0x3b,
    0x24, 0x00, 0x00, 0x00, 0x73, 0x6f, 0x63, 0x5f, 0x6c, 0x73, 0x74, 0x6d,
    0x5f, 0x31, 0x2f, 0x6c, 0x73, 0x74, 0x6d, 0x5f, 0x31, 0x2f, 0x6c, 0x73,
    0x74, 0x6d, 0x5f, 0x63, 0x65, 0x6c, 0x6c, 0x5f, 0x33, 0x31, 0x2f, 0x6d,
    0x75, 0x6c, 0x5f, 0x31, 0x00, 0x00, 0x00, 0x00, 0x02, 0x00, 0x00, 0x00,
    0x01, 0x00, 0x00, 0x00, 0x10, 0x00, 0x00, 0x00, 0xa6, 0xc7, 0xfe, 0xff,
    0x00, 0x00, 0x00, 0x01, 0x18, 0x00, 0x00, 0x00, 0x20, 0x00, 0x00, 0x00,
    0x3c, 0x00, 0x00, 0x00, 0x4f, 0x01, 0x00, 0x00, 0x00, 0x00, 0x00, 0x09,
    0x58, 0x00, 0x00, 0x00, 0x02, 0x00, 0x00, 0x00, 0xff, 0xff, 0xff, 0xff,
    0x10, 0x00, 0x00, 0x00, 0x8c, 0xc7, 0xfe, 0xff, 0x08, 0x00, 0x00, 0x00,
    0x10, 0x00, 0x00, 0x00, 0x01, 0x00, 0x00, 0x00, 0x00, 0x00, 0x00, 0x00,
    0x00, 0x00, 0x00, 0x00, 0x01, 0x00, 0x00, 0x00, 0x00, 0x00, 0x00, 0x3c,
    0x23, 0x00, 0x00, 0x00, 0x73, 0x6f, 0x63, 0x5f, 0x6c, 0x73, 0x74, 0x6d,
    0x5f, 0x31, 0x2f, 0x6c, 0x73, 0x74, 0x6d, 0x5f, 0x31, 0x2f, 0x6c, 0x73,
    0x74, 0x6d, 0x5f, 0x63, 0x65, 0x6c, 0x6c, 0x5f, 0x33, 0x31, 0x2f, 0x54,
    0x61, 0x6e, 0x68, 0x00, 0x02, 0x00, 0x00, 0x00, 0x01, 0x00, 0x00, 0x00,
    0x10, 0x00, 0x00, 0x00, 0x26, 0xc8, 0xfe, 0xff, 0x00, 0x00, 0x00, 0x01,
    0x18, 0x00, 0x00, 0x00, 0x20, 0x00, 0x00, 0x00, 0x3c, 0x00, 0x00, 0x00,
    0x4e, 0x01, 0x00, 0x00, 0x00, 0x00, 0x00, 0x09, 0x60, 0x00, 0x00, 0x00,
    0x02, 0x00, 0x00, 0x00, 0xff, 0xff, 0xff, 0xff, 0x10, 0x00, 0x00, 0x00,
    0x0c, 0xc8, 0xfe, 0xff, 0x08, 0x00, 0x00, 0x00, 0x10, 0x00, 0x00, 0x00,
    0x01, 0x00, 0x00, 0x00, 0x80, 0xff, 0xff, 0xff, 0xff, 0xff, 0xff, 0xff,
    0x01, 0x00, 0x00, 0x00, 0x00, 0x00, 0x80, 0x3b, 0x28, 0x00, 0x00, 0x00,
    0x73, 0x6f, 0x63, 0x5f, 0x6c, 0x73, 0x74, 0x6d, 0x5f, 0x31, 0x2f, 0x6c,
    0x73, 0x74, 0x6d, 0x5f, 0x31, 0x2f, 0x6c, 0x73, 0x74, 0x6d, 0x5f, 0x63,
    0x65, 0x6c, 0x6c, 0x5f, 0x33, 0x31, 0x2f, 0x53, 0x69, 0x67, 0x6d, 0x6f,
    0x69, 0x64, 0x5f, 0x32, 0x00, 0x00, 0x00, 0x00, 0x02, 0x00, 0x00, 0x00,
    0x01, 0x00, 0x00, 0x00, 0x10, 0x00, 0x00, 0x00, 0xae, 0xc8, 0xfe, 0xff,
    0x00, 0x00, 0x00, 0x01, 0x18, 0x00, 0x00, 0x00, 0x20, 0x00, 0x00, 0x00,
    0x3c, 0x00, 0x00, 0x00, 0x4d, 0x01, 0x00, 0x00, 0x00, 0x00, 0x00, 0x09,
    0x58, 0x00, 0x00, 0x00, 0x02, 0x00, 0x00, 0x00, 0xff, 0xff, 0xff, 0xff,
    0x10, 0x00, 0x00, 0x00, 0x94, 0xc8, 0xfe, 0xff, 0x08, 0x00, 0x00, 0x00,
    0x10, 0x00, 0x00, 0x00, 0x01, 0x00, 0x00, 0x00, 0x34, 0x00, 0x00, 0x00,
    0x00, 0x00, 0x00, 0x00, 0x01, 0x00, 0x00, 0x00, 0xec, 0x4b, 0x19, 0x3c,
    0x22, 0x00, 0x00, 0x00, 0x73, 0x6f, 0x63, 0x5f, 0x6c, 0x73, 0x74, 0x6d,
    0x5f, 0x31, 0x2f, 0x6c, 0x73, 0x74, 0x6d, 0x5f, 0x31, 0x2f, 0x6c, 0x73,
    0x74, 0x6d, 0x5f, 0x63, 0x65, 0x6c, 0x6c, 0x5f, 0x33, 0x31, 0x2f, 0x6d,
    0x75, 0x6c, 0x00, 0x00, 0x02, 0x00, 0x00, 0x00, 0x01, 0x00, 0x00, 0x00,
    0x10, 0x00, 0x00, 0x00, 0x2e, 0xc9, 0xfe, 0xff, 0x00, 0x00, 0x00, 0x01,
    0x18, 0x00, 0x00, 0x00, 0x20, 0x00, 0x00, 0x00, 0x3c, 0x00, 0x00, 0x00,
    0x4c, 0x01, 0x00, 0x00, 0x00, 0x00, 0x00, 0x09, 0x60, 0x00, 0x00, 0x00,
    0x02, 0x00, 0x00, 0x00, 0xff, 0xff, 0xff, 0xff, 0x10, 0x00, 0x00, 0x00,
    0x14, 0xc9, 0xfe, 0xff, 0x08, 0x00, 0x00, 0x00, 0x10, 0x00, 0x00, 0x00,
    0x01, 0x00, 0x00, 0x00, 0x80, 0xff, 0xff, 0xff, 0xff, 0xff, 0xff, 0xff,
    0x01, 0x00, 0x00, 0x00, 0x00, 0x00, 0x80, 0x3b, 0x28, 0x00, 0x00, 0x00,
    0x73, 0x6f, 0x63, 0x5f, 0x6c, 0x73, 0x74, 0x6d, 0x5f, 0x31, 0x2f, 0x6c,
    0x73, 0x74, 0x6d, 0x5f, 0x31, 0x2f, 0x6c, 0x73, 0x74, 0x6d, 0x5f, 0x63,
    0x65, 0x6c, 0x6c, 0x5f, 0x33, 0x31, 0x2f, 0x53, 0x69, 0x67, 0x6d, 0x6f,
    0x69, 0x64, 0x5f, 0x31, 0x00, 0x00, 0x00, 0x00, 0x02, 0x00, 0x00, 0x00,
    0x01, 0x00, 0x00, 0x00, 0x10, 0x00, 0x00, 0x00, 0xb6, 0xc9, 0xfe, 0xff,
    0x00, 0x00, 0x00, 0x01, 0x18, 0x00, 0x00, 0x00, 0x20, 0x00, 0x00, 0x00,
    0x40, 0x00, 0x00, 0x00, 0x4b, 0x01, 0x00, 0x00, 0x00, 0x00, 0x00, 0x09,
    0x60, 0x00, 0x00, 0x00, 0x02, 0x00, 0x00, 0x00, 0xff, 0xff, 0xff, 0xff,
    0x10, 0x00, 0x00, 0x00, 0x9c, 0xc9, 0xfe, 0xff, 0x08, 0x00, 0x00, 0x00,
    0x14, 0x00, 0x00, 0x00, 0x01, 0x00, 0x00, 0x00, 0x80, 0xff, 0xff, 0xff,
    0xff, 0xff, 0xff, 0xff, 0x00, 0x00, 0x00, 0x00, 0x01, 0x00, 0x00, 0x00,
    0x00, 0x00, 0x80, 0x3b, 0x26, 0x00, 0x00, 0x00, 0x73, 0x6f, 0x63, 0x5f,
    0x6c, 0x73, 0x74, 0x6d, 0x5f, 0x31, 0x2f, 0x6c, 0x73, 0x74, 0x6d, 0x5f,
    0x31, 0x2f, 0x6c, 0x73, 0x74, 0x6d, 0x5f, 0x63, 0x65, 0x6c, 0x6c, 0x5f,
    0x33, 0x31, 0x2f, 0x53, 0x69, 0x67, 0x6d, 0x6f, 0x69, 0x64, 0x00, 0x00,
    0x02, 0x00, 0x00, 0x00, 0x01, 0x00, 0x00, 0x00, 0x10, 0x00, 0x00, 0x00,
    0x3e, 0xca, 0xfe, 0xff, 0x00, 0x00, 0x00, 0x01, 0x18, 0x00, 0x00, 0x00,
    0x20, 0x00, 0x00, 0x00, 0x40, 0x00, 0x00, 0x00, 0x4a, 0x01, 0x00, 0x00,
    0x00, 0x00, 0x00, 0x09, 0xd0, 0x00, 0x00, 0x00, 0x02, 0x00, 0x00, 0x00,
    0xff, 0xff, 0xff, 0xff, 0x10, 0x00, 0x00, 0x00, 0x24, 0xca, 0xfe, 0xff,
    0x08, 0x00, 0x00, 0x00, 0x14, 0x00, 0x00, 0x00, 0x01, 0x00, 0x00, 0x00,
    0xe2, 0xff, 0xff, 0xff, 0xff, 0xff, 0xff, 0xff, 0x00, 0x00, 0x00, 0x00,
    0x01, 0x00, 0x00, 0x00, 0x18, 0x12, 0x2d, 0x3c, 0x97, 0x00, 0x00, 0x00,
    0x73, 0x6f, 0x63, 0x5f, 0x6c, 0x73, 0x74, 0x6d, 0x5f, 0x31, 0x2f, 0x6c,
    0x73, 0x74, 0x6d, 0x5f, 0x31, 0x2f, 0x6c, 0x73, 0x74, 0x6d, 0x5f, 0x63,
    0x65, 0x6c, 0x6c, 0x5f, 0x33, 0x31, 0x2f, 0x73, 0x70, 0x6c, 0x69, 0x74,
    0x3b, 0x73, 0x6f, 0x63, 0x5f, 0x6c, 0x73, 0x74, 0x6d, 0x5f, 0x31, 0x2f,
    0x6c, 0x73, 0x74, 0x6d, 0x5f, 0x31, 0x2f, 0x6c, 0x73, 0x74, 0x6d, 0x5f,
    0x63, 0x65, 0x6c, 0x6c, 0x5f, 0x33, 0x31, 0x2f, 0x73, 0x70, 0x6c, 0x69,
    0x74, 0x31, 0x3b, 0x73, 0x6f, 0x63, 0x5f, 0x6c, 0x73, 0x74, 0x6d, 0x5f,
    0x31, 0x2f, 0x6c, 0x73, 0x74, 0x6d, 0x5f, 0x31, 0x2f, 0x6c, 0x73, 0x74,
    0x6d, 0x5f, 0x63, 0x65, 0x6c, 0x6c, 0x5f, 0x33, 0x31, 0x2f, 0x73, 0x70,
    0x6c, 0x69, 0x74, 0x32, 0x3b, 0x73, 0x6f, 0x63, 0x5f, 0x6c, 0x73, 0x74,
    0x6d, 0x5f, 0x31, 0x2f, 0x6c, 0x73, 0x74, 0x6d, 0x5f, 0x31, 0x2f, 0x6c,
    0x73, 0x74, 0x6d, 0x5f, 0x63, 0x65, 0x6c, 0x6c, 0x5f, 0x33, 0x31, 0x2f,
    0x73, 0x70, 0x6c, 0x69, 0x74, 0x33, 0x33, 0x00, 0x02, 0x00, 0x00, 0x00,
    0x01, 0x00, 0x00, 0x00, 0x10, 0x00, 0x00, 0x00, 0x36, 0xcb, 0xfe, 0xff,
    0x00, 0x00, 0x00, 0x01, 0x18, 0x00, 0x00, 0x00, 0x20, 0x00, 0x00, 0x00,
    0x40, 0x00, 0x00, 0x00, 0x49, 0x01, 0x00, 0x00, 0x00, 0x00, 0x00, 0x09,
    0xd0, 0x00, 0x00, 0x00, 0x02, 0x00, 0x00, 0x00, 0xff, 0xff, 0xff, 0xff,
    0x10, 0x00, 0x00, 0x00, 0x1c, 0xcb, 0xfe, 0xff, 0x08, 0x00, 0x00, 0x00,
    0x14, 0x00, 0x00, 0x00, 0x01, 0x00, 0x00, 0x00, 0xe2, 0xff, 0xff, 0xff,
    0xff, 0xff, 0xff, 0xff, 0x00, 0x00, 0x00, 0x00, 0x01, 0x00, 0x00, 0x00,
    0x18, 0x12, 0x2d, 0x3c, 0x97, 0x00, 0x00, 0x00, 0x73, 0x6f, 0x63, 0x5f,
    0x6c, 0x73, 0x74, 0x6d, 0x5f, 0x31, 0x2f, 0x6c, 0x73, 0x74, 0x6d, 0x5f,
    0x31, 0x2f, 0x6c, 0x73, 0x74, 0x6d, 0x5f, 0x63, 0x65, 0x6c, 0x6c, 0x5f,
    0x33, 0x31, 0x2f, 0x73, 0x70, 0x6c, 0x69, 0x74, 0x3b, 0x73, 0x6f, 0x63,
    0x5f, 0x6c, 0x73, 0x74, 0x6d, 0x5f, 0x31, 0x2f, 0x6c, 0x73, 0x74, 0x6d,
    0x5f, 0x31, 0x2f, 0x6c, 0x73, 0x74, 0x6d, 0x5f, 0x63, 0x65, 0x6c, 0x6c,
    0x5f, 0x33, 0x31, 0x2f, 0x73, 0x70, 0x6c, 0x69, 0x74, 0x31, 0x3b, 0x73,
    0x6f, 0x63, 0x5f, 0x6c, 0x73, 0x74, 0x6d, 0x5f, 0x31, 0x2f, 0x6c, 0x73,
    0x74, 0x6d, 0x5f, 0x31, 0x2f, 0x6c, 0x73, 0x74, 0x6d, 0x5f, 0x63, 0x65,
    0x6c, 0x6c, 0x5f, 0x33, 0x31, 0x2f, 0x73, 0x70, 0x6c, 0x69, 0x74, 0x32,
    0x3b, 0x73, 0x6f, 0x63, 0x5f, 0x6c, 0x73, 0x74, 0x6d, 0x5f, 0x31, 0x2f,
    0x6c, 0x73, 0x74, 0x6d, 0x5f, 0x31, 0x2f, 0x6c, 0x73, 0x74, 0x6d, 0x5f,
    0x63, 0x65, 0x6c, 0x6c, 0x5f, 0x33, 0x31, 0x2f, 0x73, 0x70, 0x6c, 0x69,
    0x74, 0x33, 0x32, 0x00, 0x02, 0x00, 0x00, 0x00, 0x01, 0x00, 0x00, 0x00,
    0x10, 0x00, 0x00, 0x00, 0x2e, 0xcc, 0xfe, 0xff, 0x00, 0x00, 0x00, 0x01,
    0x18, 0x00, 0x00, 0x00, 0x20, 0x00, 0x00, 0x00, 0x40, 0x00, 0x00, 0x00,
    0x48, 0x01, 0x00, 0x00, 0x00, 0x00, 0x00, 0x09, 0xd0, 0x00, 0x00, 0x00,
    0x02, 0x00, 0x00, 0x00, 0xff, 0xff, 0xff, 0xff, 0x10, 0x00, 0x00, 0x00,
    0x14, 0xcc, 0xfe, 0xff, 0x08, 0x00, 0x00, 0x00, 0x14, 0x00, 0x00, 0x00,
    0x01, 0x00, 0x00, 0x00, 0xe2, 0xff, 0xff, 0xff, 0xff, 0xff, 0xff, 0xff,
    0x00, 0x00, 0x00, 0x00, 0x01, 0x00, 0x00, 0x00, 0x18, 0x12, 0x2d, 0x3c,
    0x97, 0x00, 0x00, 0x00, 0x73, 0x6f, 0x63, 0x5f, 0x6c, 0x73, 0x74, 0x6d,
    0x5f, 0x31, 0x2f, 0x6c, 0x73, 0x74, 0x6d, 0x5f, 0x31, 0x2f, 0x6c, 0x73,
    0x74, 0x6d, 0x5f, 0x63, 0x65, 0x6c, 0x6c, 0x5f, 0x33, 0x31, 0x2f, 0x73,
    0x70, 0x6c, 0x69, 0x74, 0x3b, 0x73, 0x6f, 0x63, 0x5f, 0x6c, 0x73, 0x74,
    0x6d, 0x5f, 0x31, 0x2f, 0x6c, 0x73, 0x74, 0x6d, 0x5f, 0x31, 0x2f, 0x6c,
    0x73, 0x74, 0x6d, 0x5f, 0x63, 0x65, 0x6c, 0x6c, 0x5f, 0x33, 0x31, 0x2f,
    0x73, 0x70, 0x6c, 0x69, 0x74, 0x31, 0x3b, 0x73, 0x6f, 0x63, 0x5f, 0x6c,
    0x73, 0x74, 0x6d, 0x5f, 0x31, 0x2f, 0x6c, 0x73, 0x74, 0x6d, 0x5f, 0x31,
    0x2f, 0x6c, 0x73, 0x74, 0x6d, 0x5f, 0x63, 0x65, 0x6c, 0x6c, 0x5f, 0x33,
    0x31, 0x2f, 0x73, 0x70, 0x6c, 0x69, 0x74, 0x32, 0x3b, 0x73, 0x6f, 0x63,
    0x5f, 0x6c, 0x73, 0x74, 0x6d, 0x5f, 0x31, 0x2f, 0x6c, 0x73, 0x74, 0x6d,
    0x5f, 0x31, 0x2f, 0x6c, 0x73, 0x74, 0x6d, 0x5f, 0x63, 0x65, 0x6c, 0x6c,
    0x5f, 0x33, 0x31, 0x2f, 0x73, 0x70, 0x6c, 0x69, 0x74, 0x33, 0x31, 0x00,
    0x02, 0x00, 0x00, 0x00, 0x01, 0x00, 0x00, 0x00, 0x10, 0x00, 0x00, 0x00,
    0x26, 0xcd, 0xfe, 0xff, 0x00, 0x00, 0x00, 0x01, 0x18, 0x00, 0x00, 0x00,
    0x20, 0x00, 0x00, 0x00, 0x40, 0x00, 0x00, 0x00, 0x47, 0x01, 0x00, 0x00,
    0x00, 0x00, 0x00, 0x09, 0xd0, 0x00, 0x00, 0x00, 0x02, 0x00, 0x00, 0x00,
    0xff, 0xff, 0xff, 0xff, 0x10, 0x00, 0x00, 0x00, 0x0c, 0xcd, 0xfe, 0xff,
    0x08, 0x00, 0x00, 0x00, 0x14, 0x00, 0x00, 0x00, 0x01, 0x00, 0x00, 0x00,
    0xe2, 0xff, 0xff, 0xff, 0xff, 0xff, 0xff, 0xff, 0x00, 0x00, 0x00, 0x00,
    0x01, 0x00, 0x00, 0x00, 0x18, 0x12, 0x2d, 0x3c, 0x96, 0x00, 0x00, 0x00,
    0x73, 0x6f, 0x63, 0x5f, 0x6c, 0x73, 0x74, 0x6d, 0x5f, 0x31, 0x2f, 0x6c,
    0x73, 0x74, 0x6d, 0x5f, 0x31, 0x2f, 0x6c, 0x73, 0x74, 0x6d, 0x5f, 0x63,
    0x65, 0x6c, 0x6c, 0x5f, 0x33, 0x31, 0x2f, 0x73, 0x70, 0x6c, 0x69, 0x74,
    0x3b, 0x73, 0x6f, 0x63, 0x5f, 0x6c, 0x73, 0x74, 0x6d, 0x5f, 0x31, 0x2f,
    0x6c, 0x73, 0x74, 0x6d, 0x5f, 0x31, 0x2f, 0x6c, 0x73, 0x74, 0x6d, 0x5f,
    0x63, 0x65, 0x6c, 0x6c, 0x5f, 0x33, 0x31, 0x2f, 0x73, 0x70, 0x6c, 0x69,
    0x74, 0x31, 0x3b, 0x73, 0x6f, 0x63, 0x5f, 0x6c, 0x73, 0x74, 0x6d, 0x5f,
    0x31, 0x2f, 0x6c, 0x73, 0x74, 0x6d, 0x5f, 0x31, 0x2f, 0x6c, 0x73, 0x74,
    0x6d, 0x5f, 0x63, 0x65, 0x6c, 0x6c, 0x5f, 0x33, 0x31, 0x2f, 0x73, 0x70,
    0x6c, 0x69, 0x74, 0x32, 0x3b, 0x73, 0x6f, 0x63, 0x5f, 0x6c, 0x73, 0x74,
    0x6d, 0x5f, 0x31, 0x2f, 0x6c, 0x73, 0x74, 0x6d, 0x5f, 0x31, 0x2f, 0x6c,
    0x73, 0x74, 0x6d, 0x5f, 0x63, 0x65, 0x6c, 0x6c, 0x5f, 0x33, 0x31, 0x2f,
    0x73, 0x70, 0x6c, 0x69, 0x74, 0x33, 0x00, 0x00, 0x02, 0x00, 0x00, 0x00,
    0x01, 0x00, 0x00, 0x00, 0x10, 0x00, 0x00, 0x00, 0x1e, 0xce, 0xfe, 0xff,
    0x00, 0x00, 0x00, 0x01, 0x18, 0x00, 0x00, 0x00, 0x20, 0x00, 0x00, 0x00,
    0x40, 0x00, 0x00, 0x00, 0x46, 0x01, 0x00, 0x00, 0x00, 0x00, 0x00, 0x09,
    0x60, 0x00, 0x00, 0x00, 0x02, 0x00, 0x00, 0x00, 0xff, 0xff, 0xff, 0xff,
    0x40, 0x00, 0x00, 0x00, 0x04, 0xce, 0xfe, 0xff, 0x08, 0x00, 0x00, 0x00,
    0x14, 0x00, 0x00, 0x00, 0x01, 0x00, 0x00, 0x00, 0xe2, 0xff, 0xff, 0xff,
    0xff, 0xff, 0xff, 0xff, 0x00, 0x00, 0x00, 0x00, 0x01, 0x00, 0x00, 0x00,
    0x18, 0x12, 0x2d, 0x3c, 0x26, 0x00, 0x00, 0x00, 0x73, 0x6f, 0x63, 0x5f,
    0x6c, 0x73, 0x74, 0x6d, 0x5f, 0x31, 0x2f, 0x6c, 0x73, 0x74, 0x6d, 0x5f,
    0x31, 0x2f, 0x6c, 0x73, 0x74, 0x6d, 0x5f, 0x63, 0x65, 0x6c, 0x6c, 0x5f,
    0x33, 0x31, 0x2f, 0x42, 0x69, 0x61, 0x73, 0x41, 0x64, 0x64, 0x00, 0x00,
    0x02, 0x00, 0x00, 0x00, 0x01, 0x00, 0x00, 0x00, 0x40, 0x00, 0x00, 0x00,
    0xa6, 0xce, 0xfe, 0xff, 0x00, 0x00, 0x00, 0x01, 0x18, 0x00, 0x00, 0x00,
    0x20, 0x00, 0x00, 0x00, 0x3c, 0x00, 0x00, 0x00, 0x45, 0x01, 0x00, 0x00,
    0x00, 0x00, 0x00, 0x09, 0x58, 0x00, 0x00, 0x00, 0x02, 0x00, 0x00, 0x00,
    0xff, 0xff, 0xff, 0xff, 0x40, 0x00, 0x00, 0x00, 0x8c, 0xce, 0xfe, 0xff,
    0x08, 0x00, 0x00, 0x00, 0x10, 0x00, 0x00, 0x00, 0x01, 0x00, 0x00, 0x00,
    0xe6, 0xff, 0xff, 0xff, 0xff, 0xff, 0xff, 0xff, 0x01, 0x00, 0x00, 0x00,
    0x12, 0x63, 0x31, 0x3c, 0x22, 0x00, 0x00, 0x00, 0x73, 0x6f, 0x63, 0x5f,
    0x6c, 0x73, 0x74, 0x6d, 0x5f, 0x31, 0x2f, 0x6c, 0x73, 0x74, 0x6d, 0x5f,
    0x31, 0x2f, 0x6c, 0x73, 0x74, 0x6d, 0x5f, 0x63, 0x65, 0x6c, 0x6c, 0x5f,
    0x33, 0x31, 0x2f, 0x41, 0x64, 0x64, 0x00, 0x00, 0x02, 0x00, 0x00, 0x00,
    0x01, 0x00, 0x00, 0x00, 0x40, 0x00, 0x00, 0x00, 0x26, 0xcf, 0xfe, 0xff,
    0x00, 0x00, 0x00, 0x01, 0x18, 0x00, 0x00, 0x00, 0x20, 0x00, 0x00, 0x00,
    0x40, 0x00, 0x00, 0x00, 0x44, 0x01, 0x00, 0x00, 0x00, 0x00, 0x00, 0x09,
    0x60, 0x00, 0x00, 0x00, 0x02, 0x00, 0x00, 0x00, 0xff, 0xff, 0xff, 0xff,
    0x40, 0x00, 0x00, 0x00, 0x0c, 0xcf, 0xfe, 0xff, 0x08, 0x00, 0x00, 0x00,
    0x14, 0x00, 0x00, 0x00, 0x01, 0x00, 0x00, 0x00, 0xef, 0xff, 0xff, 0xff,
    0xff, 0xff, 0xff, 0xff, 0x00, 0x00, 0x00, 0x00, 0x01, 0x00, 0x00, 0x00,
    0xbe, 0x5f, 0x95, 0x3b, 0x27, 0x00, 0x00, 0x00, 0x73, 0x6f, 0x63, 0x5f,
    0x6c, 0x73, 0x74, 0x6d, 0x5f, 0x31, 0x2f, 0x6c, 0x73, 0x74, 0x6d, 0x5f,
    0x31, 0x2f, 0x6c, 0x73, 0x74, 0x6d, 0x5f, 0x63, 0x65, 0x6c, 0x6c, 0x5f,
    0x33, 0x31, 0x2f, 0x4d, 0x61, 0x74, 0x4d, 0x75, 0x6c, 0x5f, 0x31, 0x00,
    0x02, 0x00, 0x00, 0x00, 0x01, 0x00, 0x00, 0x00, 0x40, 0x00, 0x00, 0x00,
    0xae, 0xcf, 0xfe, 0xff, 0x00, 0x00, 0x00, 0x01, 0x18, 0x00, 0x00, 0x00,
    0x20, 0x00, 0x00, 0x00, 0x40, 0x00, 0x00, 0x00, 0x43, 0x01, 0x00, 0x00,
    0x00, 0x00, 0x00, 0x09, 0x60, 0x00, 0x00, 0x00, 0x02, 0x00, 0x00, 0x00,
    0xff, 0xff, 0xff, 0xff, 0x10, 0x00, 0x00, 0x00, 0x94, 0xcf, 0xfe, 0xff,
    0x08, 0x00, 0x00, 0x00, 0x14, 0x00, 0x00, 0x00, 0x01, 0x00, 0x00, 0x00,
    0x1a, 0x00, 0x00, 0x00, 0x00, 0x00, 0x00, 0x00, 0x00, 0x00, 0x00, 0x00,
    0x01, 0x00, 0x00, 0x00, 0xec, 0x3a, 0x31, 0x3b, 0x24, 0x00, 0x00, 0x00,
    0x73, 0x6f, 0x63, 0x5f, 0x6c, 0x73, 0x74, 0x6d, 0x5f, 0x31, 0x2f, 0x6c,
    0x73, 0x74, 0x6d, 0x5f, 0x31, 0x2f, 0x6c, 0x73, 0x74, 0x6d, 0x5f, 0x63,
    0x65, 0x6c, 0x6c, 0x5f, 0x32, 0x39, 0x2f, 0x6d, 0x75, 0x6c, 0x5f, 0x32,
    0x00, 0x00, 0x00, 0x00, 0x02, 0x00, 0x00, 0x00, 0x01, 0x00, 0x00, 0x00,
    0x10, 0x00, 0x00, 0x00, 0x36, 0xd0, 0xfe, 0xff, 0x00, 0x00, 0x00, 0x01,
    0x18, 0x00, 0x00, 0x00, 0x20, 0x00, 0x00, 0x00, 0x40, 0x00, 0x00, 0x00,
    0x42, 0x01, 0x00, 0x00, 0x00, 0x00, 0x00, 0x09, 0x60, 0x00, 0x00, 0x00,
    0x02, 0x00, 0x00, 0x00, 0xff, 0xff, 0xff, 0xff, 0x10, 0x00, 0x00, 0x00,
    0x1c, 0xd0, 0xfe, 0xff, 0x08, 0x00, 0x00, 0x00, 0x14, 0x00, 0x00, 0x00,
    0x01, 0x00, 0x00, 0x00, 0x00, 0x00, 0x00, 0x00, 0x00, 0x00, 0x00, 0x00,
    0x00, 0x00, 0x00, 0x00, 0x01, 0x00, 0x00, 0x00, 0x00, 0x00, 0x00, 0x3c,
    0x25, 0x00, 0x00, 0x00, 0x73, 0x6f, 0x63, 0x5f, 0x6c, 0x73, 0x74, 0x6d,
    0x5f, 0x31, 0x2f, 0x6c, 0x73, 0x74, 0x6d, 0x5f, 0x31, 0x2f, 0x6c, 0x73,
    0x74, 0x6d, 0x5f, 0x63, 0x65, 0x6c, 0x6c, 0x5f, 0x32, 0x39, 0x2f, 0x54,
    0x61, 0x6e, 0x68, 0x5f, 0x31, 0x00, 0x00, 0x00, 0x02, 0x00, 0x00, 0x00,
    0x01, 0x00, 0x00, 0x00, 0x10, 0x00, 0x00, 0x00, 0xbe, 0xd0, 0xfe, 0xff,
    0x00, 0x00, 0x00, 0x01, 0x18, 0x00, 0x00, 0x00, 0x20, 0x00, 0x00, 0x00,
    0x40, 0x00, 0x00, 0x00, 0x41, 0x01, 0x00, 0x00, 0x00, 0x00, 0x00, 0x09,
    0x60, 0x00, 0x00, 0x00, 0x02, 0x00, 0x00, 0x00, 0xff, 0xff, 0xff, 0xff,
    0x10, 0x00, 0x00, 0x00, 0xa4, 0xd0, 0xfe, 0xff, 0x08, 0x00, 0x00, 0x00,
    0x14, 0x00, 0x00, 0x00, 0x01, 0x00, 0x00, 0x00, 0x39, 0x00, 0x00, 0x00,
    0x00, 0x00, 0x00, 0x00, 0x00, 0x00, 0x00, 0x00, 0x01, 0x00, 0x00, 0x00,
    0x26, 0x5c, 0x13, 0x3c, 0x24, 0x00, 0x00, 0x00, 0x73, 0x6f, 0x63, 0x5f,
    0x6c, 0x73, 0x74, 0x6d, 0x5f, 0x31, 0x2f, 0x6c, 0x73, 0x74, 0x6d, 0x5f,
    0x31, 0x2f, 0x6c, 0x73, 0x74, 0x6d, 0x5f, 0x63, 0x65, 0x6c, 0x6c, 0x5f,
    0x32, 0x39, 0x2f, 0x61, 0x64, 0x64, 0x5f, 0x31, 0x00, 0x00, 0x00, 0x00,
    0x02, 0x00, 0x00, 0x00, 0x01, 0x00, 0x00, 0x00, 0x10, 0x00, 0x00, 0x00,
    0x46, 0xd1, 0xfe, 0xff, 0x00, 0x00, 0x00, 0x01, 0x18, 0x00, 0x00, 0x00,
    0x20, 0x00, 0x00, 0x00, 0x40, 0x00, 0x00, 0x00, 0x40, 0x01, 0x00, 0x00,
    0x00, 0x00, 0x00, 0x09, 0x60, 0x00, 0x00, 0x00, 0x02, 0x00, 0x00, 0x00,
    0xff, 0xff, 0xff, 0xff, 0x10, 0x00, 0x00, 0x00, 0x2c, 0xd1, 0xfe, 0xff,
    0x08, 0x00, 0x00, 0x00, 0x14, 0x00, 0x00, 0x00, 0x01, 0x00, 0x00, 0x00,
    0x2c, 0x00, 0x00, 0x00, 0x00, 0x00, 0x00, 0x00, 0x00, 0x00, 0x00, 0x00,
    0x01, 0x00, 0x00, 0x00, 0xcb, 0xdc, 0x20, 0x3b, 0x24, 0x00, 0x00, 0x00,
    0x73, 0x6f, 0x63, 0x5f, 0x6c, 0x73, 0x74, 0x6d, 0x5f, 0x31, 0x2f, 0x6c,
    0x73, 0x74, 0x6d, 0x5f, 0x31, 0x2f, 0x6c, 0x73, 0x74, 0x6d, 0x5f, 0x63,
    0x65, 0x6c, 0x6c, 0x5f, 0x32, 0x39, 0x2f, 0x6d, 0x75, 0x6c, 0x5f, 0x31,
    0x00, 0x00, 0x00, 0x00, 0x02, 0x00, 0x00, 0x00, 0x01, 0x00, 0x00, 0x00,
    0x10, 0x00, 0x00, 0x00, 0xce, 0xd1, 0xfe, 0xff, 0x00, 0x00, 0x00, 0x01,
    0x18, 0x00, 0x00, 0x00, 0x20, 0x00, 0x00, 0x00, 0x3c, 0x00, 0x00, 0x00,
    0x3f, 0x01, 0x00, 0x00, 0x00, 0x00, 0x00, 0x09, 0x58, 0x00, 0x00, 0x00,
    0x02, 0x00, 0x00, 0x00, 0xff, 0xff, 0xff, 0xff, 0x10, 0x00, 0x00, 0x00,
    0xb4, 0xd1, 0xfe, 0xff, 0x08, 0x00, 0x00, 0x00, 0x10, 0x00, 0x00, 0x00,
    0x01, 0x00, 0x00, 0x00, 0x00, 0x00, 0x00, 0x00, 0x00, 0x00, 0x00, 0x00,
    0x01, 0x00, 0x00, 0x00, 0x00, 0x00, 0x00, 0x3c, 0x23, 0x00, 0x00, 0x00,
    0x73, 0x6f, 0x63, 0x5f, 0x6c, 0x73, 0x74, 0x6d, 0x5f, 0x31, 0x2f, 0x6c,
    0x73, 0x74, 0x6d, 0x5f, 0x31, 0x2f, 0x6c, 0x73, 0x74, 0x6d, 0x5f, 0x63,
    0x65, 0x6c, 0x6c, 0x5f, 0x32, 0x39, 0x2f, 0x54, 0x61, 0x6e, 0x68, 0x00,
    0x02, 0x00, 0x00, 0x00, 0x01, 0x00, 0x00, 0x00, 0x10, 0x00, 0x00, 0x00,
    0x4e, 0xd2, 0xfe, 0xff, 0x00, 0x00, 0x00, 0x01, 0x18, 0x00, 0x00, 0x00,
    0x20, 0x00, 0x00, 0x00, 0x3c, 0x00, 0x00, 0x00, 0x3e, 0x01, 0x00, 0x00,
    0x00, 0x00, 0x00, 0x09, 0x60, 0x00, 0x00, 0x00, 0x02, 0x00, 0x00, 0x00,
    0xff, 0xff, 0xff, 0xff, 0x10, 0x00, 0x00, 0x00, 0x34, 0xd2, 0xfe, 0xff,
    0x08, 0x00, 0x00, 0x00, 0x10, 0x00, 0x00, 0x00, 0x01, 0x00, 0x00, 0x00,
    0x80, 0xff, 0xff, 0xff, 0xff, 0xff, 0xff, 0xff, 0x01, 0x00, 0x00, 0x00,
    0x00, 0x00, 0x80, 0x3b, 0x28, 0x00, 0x00, 0x00, 0x73, 0x6f, 0x63, 0x5f,
    0x6c, 0x73, 0x74, 0x6d, 0x5f, 0x31, 0x2f, 0x6c, 0x73, 0x74, 0x6d, 0x5f,
    0x31, 0x2f, 0x6c, 0x73, 0x74, 0x6d, 0x5f, 0x63, 0x65, 0x6c, 0x6c, 0x5f,
    0x32, 0x39, 0x2f, 0x53, 0x69, 0x67, 0x6d, 0x6f, 0x69, 0x64, 0x5f, 0x32,
    0x00, 0x00, 0x00, 0x00, 0x02, 0x00, 0x00, 0x00, 0x01, 0x00, 0x00, 0x00,
    0x10, 0x00, 0x00, 0x00, 0xd6, 0xd2, 0xfe, 0xff, 0x00, 0x00, 0x00, 0x01,
    0x18, 0x00, 0x00, 0x00, 0x20, 0x00, 0x00, 0x00, 0x3c, 0x00, 0x00, 0x00,
    0x3d, 0x01, 0x00, 0x00, 0x00, 0x00, 0x00, 0x09, 0x58, 0x00, 0x00, 0x00,
    0x02, 0x00, 0x00, 0x00, 0xff, 0xff, 0xff, 0xff, 0x10, 0x00, 0x00, 0x00,
    0xbc, 0xd2, 0xfe, 0xff, 0x08, 0x00, 0x00, 0x00, 0x10, 0x00, 0x00, 0x00,
    0x01, 0x00, 0x00, 0x00, 0x39, 0x00, 0x00, 0x00, 0x00, 0x00, 0x00, 0x00,
    0x01, 0x00, 0x00, 0x00, 0x26, 0x5c, 0x13, 0x3c, 0x22, 0x00, 0x00, 0x00,
    0x73, 0x6f, 0x63, 0x5f, 0x6c, 0x73, 0x74, 0x6d, 0x5f, 0x31, 0x2f, 0x6c,
    0x73, 0x74, 0x6d, 0x5f, 0x31, 0x2f, 0x6c, 0x73, 0x74, 0x6d, 0x5f, 0x63,
    0x65, 0x6c, 0x6c, 0x5f, 0x32, 0x39, 0x2f, 0x6d, 0x75, 0x6c, 0x00, 0x00,
    0x02, 0x00, 0x00, 0x00, 0x01, 0x00, 0x00, 0x00, 0x10, 0x00, 0x00, 0x00,
    0x56, 0xd3, 0xfe, 0xff, 0x00, 0x00, 0x00, 0x01, 0x18, 0x00, 0x00, 0x00,
    0x20, 0x00, 0x00, 0x00, 0x3c, 0x00, 0x00, 0x00, 0x3c, 0x01, 0x00, 0x00,
    0x00, 0x00, 0x00, 0x09, 0x60, 0x00, 0x00, 0x00, 0x02, 0x00, 0x00, 0x00,
    0xff, 0xff, 0xff, 0xff, 0x10, 0x00, 0x00, 0x00, 0x3c, 0xd3, 0xfe, 0xff,
    0x08, 0x00, 0x00, 0x00, 0x10, 0x00, 0x00, 0x00, 0x01, 0x00, 0x00, 0x00,
    0x80, 0xff, 0xff, 0xff, 0xff, 0xff, 0xff, 0xff, 0x01, 0x00, 0x00, 0x00,
    0x00, 0x00, 0x80, 0x3b, 0x28, 0x00, 0x00, 0x00, 0x73, 0x6f, 0x63, 0x5f,
    0x6c, 0x73, 0x74, 0x6d, 0x5f, 0x31, 0x2f, 0x6c, 0x73, 0x74, 0x6d, 0x5f,
    0x31, 0x2f, 0x6c, 0x73, 0x74, 0x6d, 0x5f, 0x63, 0x65, 0x6c, 0x6c, 0x5f,
    0x32, 0x39, 0x2f, 0x53, 0x69, 0x67, 0x6d, 0x6f, 0x69, 0x64, 0x5f, 0x31,
    0x00, 0x00, 0x00, 0x00, 0x02, 0x00, 0x00, 0x00, 0x01, 0x00, 0x00, 0x00,
    0x10, 0x00, 0x00, 0x00, 0xde, 0xd3, 0xfe, 0xff, 0x00, 0x00, 0x00, 0x01,
    0x18, 0x00, 0x00, 0x00, 0x20, 0x00, 0x00, 0x00, 0x40, 0x00, 0x00, 0x00,
    0x3b, 0x01, 0x00, 0x00, 0x00, 0x00, 0x00, 0x09, 0x60, 0x00, 0x00, 0x00,
    0x02, 0x00, 0x00, 0x00, 0xff, 0xff, 0xff, 0xff, 0x10, 0x00, 0x00, 0x00,
    0xc4, 0xd3, 0xfe, 0xff, 0x08, 0x00, 0x00, 0x00, 0x14, 0x00, 0x00, 0x00,
    0x01, 0x00, 0x00, 0x00, 0x80, 0xff, 0xff, 0xff, 0xff, 0xff, 0xff, 0xff,
    0x00, 0x00, 0x00, 0x00, 0x01, 0x00, 0x00, 0x00, 0x00, 0x00, 0x80, 0x3b,
    0x26, 0x00, 0x00, 0x00, 0x73, 0x6f, 0x63, 0x5f, 0x6c, 0x73, 0x74, 0x6d,
    0x5f, 0x31, 0x2f, 0x6c, 0x73, 0x74, 0x6d, 0x5f, 0x31, 0x2f, 0x6c, 0x73,
    0x74, 0x6d, 0x5f, 0x63, 0x65, 0x6c, 0x6c, 0x5f, 0x32, 0x39, 0x2f, 0x53,
    0x69, 0x67, 0x6d, 0x6f, 0x69, 0x64, 0x00, 0x00, 0x02, 0x00, 0x00, 0x00,
    0x01, 0x00, 0x00, 0x00, 0x10, 0x00, 0x00, 0x00, 0x66, 0xd4, 0xfe, 0xff,
    0x00, 0x00, 0x00, 0x01, 0x18, 0x00, 0x00, 0x00, 0x20, 0x00, 0x00, 0x00,
    0x40, 0x00, 0x00, 0x00, 0x3a, 0x01, 0x00, 0x00, 0x00, 0x00, 0x00, 0x09,
    0xd0, 0x00, 0x00, 0x00, 0x02, 0x00, 0x00, 0x00, 0xff, 0xff, 0xff, 0xff,
    0x10, 0x00, 0x00, 0x00, 0x4c, 0xd4, 0xfe, 0xff, 0x08, 0x00, 0x00, 0x00,
    0x14, 0x00, 0x00, 0x00, 0x01, 0x00, 0x00, 0x00, 0xe3, 0xff, 0xff, 0xff,
    0xff, 0xff, 0xff, 0xff, 0x00, 0x00, 0x00, 0x00, 0x01, 0x00, 0x00, 0x00,
    0xba, 0x3b, 0x2b, 0x3c, 0x97, 0x00, 0x00, 0x00, 0x73, 0x6f, 0x63, 0x5f,
    0x6c, 0x73, 0x74, 0x6d, 0x5f, 0x31, 0x2f, 0x6c, 0x73, 0x74, 0x6d, 0x5f,
    0x31, 0x2f, 0x6c, 0x73, 0x74, 0x6d, 0x5f, 0x63, 0x65, 0x6c, 0x6c, 0x5f,
    0x32, 0x39, 0x2f, 0x73, 0x70, 0x6c, 0x69, 0x74, 0x3b, 0x73, 0x6f, 0x63,
    0x5f, 0x6c, 0x73, 0x74, 0x6d, 0x5f, 0x31, 0x2f, 0x6c, 0x73, 0x74, 0x6d,
    0x5f, 0x31, 0x2f, 0x6c, 0x73, 0x74, 0x6d, 0x5f, 0x63, 0x65, 0x6c, 0x6c,
    0x5f, 0x32, 0x39, 0x2f, 0x73, 0x70, 0x6c, 0x69, 0x74, 0x31, 0x3b, 0x73,
    0x6f, 0x63, 0x5f, 0x6c, 0x73, 0x74, 0x6d, 0x5f, 0x31, 0x2f, 0x6c, 0x73,
    0x74, 0x6d, 0x5f, 0x31, 0x2f, 0x6c, 0x73, 0x74, 0x6d, 0x5f, 0x63, 0x65,
    0x6c, 0x6c, 0x5f, 0x32, 0x39, 0x2f, 0x73, 0x70, 0x6c, 0x69, 0x74, 0x32,
    0x3b, 0x73, 0x6f, 0x63, 0x5f, 0x6c, 0x73, 0x74, 0x6d, 0x5f, 0x31, 0x2f,
    0x6c, 0x73, 0x74, 0x6d, 0x5f, 0x31, 0x2f, 0x6c, 0x73, 0x74, 0x6d, 0x5f,
    0x63, 0x65, 0x6c, 0x6c, 0x5f, 0x32, 0x39, 0x2f, 0x73, 0x70, 0x6c, 0x69,
    0x74, 0x33, 0x33, 0x00, 0x02, 0x00, 0x00, 0x00, 0x01, 0x00, 0x00, 0x00,
    0x10, 0x00, 0x00, 0x00, 0x5e, 0xd5, 0xfe, 0xff, 0x00, 0x00, 0x00, 0x01,
    0x18, 0x00, 0x00, 0x00, 0x20, 0x00, 0x00, 0x00, 0x40, 0x00, 0x00, 0x00,
    0x39, 0x01, 0x00, 0x00, 0x00, 0x00, 0x00, 0x09, 0xd0, 0x00, 0x00, 0x00,
    0x02, 0x00, 0x00, 0x00, 0xff, 0xff, 0xff, 0xff, 0x10, 0x00, 0x00, 0x00,
    0x44, 0xd5, 0xfe, 0xff, 0x08, 0x00, 0x00, 0x00, 0x14, 0x00, 0x00, 0x00,
    0x01, 0x00, 0x00, 0x00, 0xe3, 0xff, 0xff, 0xff, 0xff, 0xff, 0xff, 0xff,
    0x00, 0x00, 0x00, 0x00, 0x01, 0x00, 0x00, 0x00, 0xba, 0x3b, 0x2b, 0x3c,
    0x97, 0x00, 0x00, 0x00, 0x73, 0x6f, 0x63, 0x5f, 0x6c, 0x73, 0x74, 0x6d,
    0x5f, 0x31, 0x2f, 0x6c, 0x73, 0x74, 0x6d, 0x5f, 0x31, 0x2f, 0x6c, 0x73,
    0x74, 0x6d, 0x5f, 0x63, 0x65, 0x6c, 0x6c, 0x5f, 0x32, 0x39, 0x2f, 0x73,
    0x70, 0x6c, 0x69, 0x74, 0x3b, 0x73, 0x6f, 0x63, 0x5f, 0x6c, 0x73, 0x74,
    0x6d, 0x5f, 0x31, 0x2f, 0x6c, 0x73, 0x74, 0x6d, 0x5f, 0x31, 0x2f, 0x6c,
    0x73, 0x74, 0x6d, 0x5f, 0x63, 0x65, 0x6c, 0x6c, 0x5f, 0x32, 0x39, 0x2f,
    0x73, 0x70, 0x6c, 0x69, 0x74, 0x31, 0x3b, 0x73, 0x6f, 0x63, 0x5f, 0x6c,
    0x73, 0x74, 0x6d, 0x5f, 0x31, 0x2f, 0x6c, 0x73, 0x74, 0x6d, 0x5f, 0x31,
    0x2f, 0x6c, 0x73, 0x74, 0x6d, 0x5f, 0x63, 0x65, 0x6c, 0x6c, 0x5f, 0x32,
    0x39, 0x2f, 0x73, 0x70, 0x6c, 0x69, 0x74, 0x32, 0x3b, 0x73, 0x6f, 0x63,
    0x5f, 0x6c, 0x73, 0x74, 0x6d, 0x5f, 0x31, 0x2f, 0x6c, 0x73, 0x74, 0x6d,
    0x5f, 0x31, 0x2f, 0x6c, 0x73, 0x74, 0x6d, 0x5f, 0x63, 0x65, 0x6c, 0x6c,
    0x5f, 0x32, 0x39, 0x2f, 0x73, 0x70, 0x6c, 0x69, 0x74, 0x33, 0x32, 0x00,
    0x02, 0x00, 0x00, 0x00, 0x01, 0x00, 0x00, 0x00, 0x10, 0x00, 0x00, 0x00,
    0x56, 0xd6, 0xfe, 0xff, 0x00, 0x00, 0x00, 0x01, 0x18, 0x00, 0x00, 0x00,
    0x20, 0x00, 0x00, 0x00, 0x40, 0x00, 0x00, 0x00, 0x38, 0x01, 0x00, 0x00,
    0x00, 0x00, 0x00, 0x09, 0xd0, 0x00, 0x00, 0x00, 0x02, 0x00, 0x00, 0x00,
    0xff, 0xff, 0xff, 0xff, 0x10, 0x00, 0x00, 0x00, 0x3c, 0xd6, 0xfe, 0xff,
    0x08, 0x00, 0x00, 0x00, 0x14, 0x00, 0x00, 0x00, 0x01, 0x00, 0x00, 0x00,
    0xe3, 0xff, 0xff, 0xff, 0xff, 0xff, 0xff, 0xff, 0x00, 0x00, 0x00, 0x00,
    0x01, 0x00, 0x00, 0x00, 0xba, 0x3b, 0x2b, 0x3c, 0x97, 0x00, 0x00, 0x00,
    0x73, 0x6f, 0x63, 0x5f, 0x6c, 0x73, 0x74, 0x6d, 0x5f, 0x31, 0x2f, 0x6c,
    0x73, 0x74, 0x6d, 0x5f, 0x31, 0x2f, 0x6c, 0x73, 0x74, 0x6d, 0x5f, 0x63,
    0x65, 0x6c, 0x6c, 0x5f, 0x32, 0x39, 0x2f, 0x73, 0x70, 0x6c, 0x69, 0x74,
    0x3b, 0x73, 0x6f, 0x63, 0x5f, 0x6c, 0x73, 0x74, 0x6d, 0x5f, 0x31, 0x2f,
    0x6c, 0x73, 0x74, 0x6d, 0x5f, 0x31, 0x2f, 0x6c, 0x73, 0x74, 0x6d, 0x5f,
    0x63, 0x65, 0x6c, 0x6c, 0x5f, 0x32, 0x39, 0x2f, 0x73, 0x70, 0x6c, 0x69,
    0x74, 0x31, 0x3b, 0x73, 0x6f, 0x63, 0x5f, 0x6c, 0x73, 0x74, 0x6d, 0x5f,
    0x31, 0x2f, 0x6c, 0x73, 0x74, 0x6d, 0x5f, 0x31, 0x2f, 0x6c, 0x73, 0x74,
    0x6d, 0x5f, 0x63, 0x65, 0x6c, 0x6c, 0x5f, 0x32, 0x39, 0x2f, 0x73, 0x70,
    0x6c, 0x69, 0x74, 0x32, 0x3b, 0x73, 0x6f, 0x63, 0x5f, 0x6c, 0x73, 0x74,
    0x6d, 0x5f, 0x31, 0x2f, 0x6c, 0x73, 0x74, 0x6d, 0x5f, 0x31, 0x2f, 0x6c,
    0x73, 0x74, 0x6d, 0x5f, 0x63, 0x65, 0x6c, 0x6c, 0x5f, 0x32, 0x39, 0x2f,
    0x73, 0x70, 0x6c, 0x69, 0x74, 0x33, 0x31, 0x00, 0x02, 0x00, 0x00, 0x00,
    0x01, 0x00, 0x00, 0x00, 0x10, 0x00, 0x00, 0x00, 0x4e, 0xd7, 0xfe, 0xff,
    0x00, 0x00, 0x00, 0x01, 0x18, 0x00, 0x00, 0x00, 0x20, 0x00, 0x00, 0x00,
    0x40, 0x00, 0x00, 0x00, 0x37, 0x01, 0x00, 0x00, 0x00, 0x00, 0x00, 0x09,
    0xd0, 0x00, 0x00, 0x00, 0x02, 0x00, 0x00, 0x00, 0xff, 0xff, 0xff, 0xff,
    0x10, 0x00, 0x00, 0x00, 0x34, 0xd7, 0xfe, 0xff, 0x08, 0x00, 0x00, 0x00,
    0x14, 0x00, 0x00, 0x00, 0x01, 0x00, 0x00, 0x00, 0xe3, 0xff, 0xff, 0xff,
    0xff, 0xff, 0xff, 0xff, 0x00, 0x00, 0x00, 0x00, 0x01, 0x00, 0x00, 0x00,
    0xba, 0x3b, 0x2b, 0x3c, 0x96, 0x00, 0x00, 0x00, 0x73, 0x6f, 0x63, 0x5f,
    0x6c, 0x73, 0x74, 0x6d, 0x5f, 0x31, 0x2f, 0x6c, 0x73, 0x74, 0x6d, 0x5f,
    0x31, 0x2f, 0x6c, 0x73, 0x74, 0x6d, 0x5f, 0x63, 0x65, 0x6c, 0x6c, 0x5f,
    0x32, 0x39, 0x2f, 0x73, 0x70, 0x6c, 0x69, 0x74, 0x3b, 0x73, 0x6f, 0x63,
    0x5f, 0x6c, 0x73, 0x74, 0x6d, 0x5f, 0x31, 0x2f, 0x6c, 0x73, 0x74, 0x6d,
    0x5f, 0x31, 0x2f, 0x6c, 0x73, 0x74, 0x6d, 0x5f, 0x63, 0x65, 0x6c, 0x6c,
    0x5f, 0x32, 0x39, 0x2f, 0x73, 0x70, 0x6c, 0x69, 0x74, 0x31, 0x3b, 0x73,
    0x6f, 0x63, 0x5f, 0x6c, 0x73, 0x74, 0x6d, 0x5f, 0x31, 0x2f, 0x6c, 0x73,
    0x74, 0x6d, 0x5f, 0x31, 0x2f, 0x6c, 0x73, 0x74, 0x6d, 0x5f, 0x63, 0x65,
    0x6c, 0x6c, 0x5f, 0x32, 0x39, 0x2f, 0x73, 0x70, 0x6c, 0x69, 0x74, 0x32,
    0x3b, 0x73, 0x6f, 0x63, 0x5f, 0x6c, 0x73, 0x74, 0x6d, 0x5f, 0x31, 0x2f,
    0x6c, 0x73, 0x74, 0x6d, 0x5f, 0x31, 0x2f, 0x6c, 0x73, 0x74, 0x6d, 0x5f,
    0x63, 0x65, 0x6c, 0x6c, 0x5f, 0x32, 0x39, 0x2f, 0x73, 0x70, 0x6c, 0x69,
    0x74, 0x33, 0x00, 0x00, 0x02, 0x00, 0x00, 0x00, 0x01, 0x00, 0x00, 0x00,
    0x10, 0x00, 0x00, 0x00, 0x46, 0xd8, 0xfe, 0xff, 0x00, 0x00, 0x00, 0x01,
    0x18, 0x00, 0x00, 0x00, 0x20, 0x00, 0x00, 0x00, 0x40, 0x00, 0x00, 0x00,
    0x36, 0x01, 0x00, 0x00, 0x00, 0x00, 0x00, 0x09, 0x60, 0x00, 0x00, 0x00,
    0x02, 0x00, 0x00, 0x00, 0xff, 0xff, 0xff, 0xff, 0x40, 0x00, 0x00, 0x00,
    0x2c, 0xd8, 0xfe, 0xff, 0x08, 0x00, 0x00, 0x00, 0x14, 0x00, 0x00, 0x00,
    0x01, 0x00, 0x00, 0x00, 0xe3, 0xff, 0xff, 0xff, 0xff, 0xff, 0xff, 0xff,
    0x00, 0x00, 0x00, 0x00, 0x01, 0x00, 0x00, 0x00, 0xba, 0x3b, 0x2b, 0x3c,
    0x26, 0x00, 0x00, 0x00, 0x73, 0x6f, 0x63, 0x5f, 0x6c, 0x73, 0x74, 0x6d,
    0x5f, 0x31, 0x2f, 0x6c, 0x73, 0x74, 0x6d, 0x5f, 0x31, 0x2f, 0x6c, 0x73,
    0x74, 0x6d, 0x5f, 0x63, 0x65, 0x6c, 0x6c, 0x5f, 0x32, 0x39, 0x2f, 0x42,
    0x69, 0x61, 0x73, 0x41, 0x64, 0x64, 0x00, 0x00, 0x02, 0x00, 0x00, 0x00,
    0x01, 0x00, 0x00, 0x00, 0x40, 0x00, 0x00, 0x00, 0xce, 0xd8, 0xfe, 0xff,
    0x00, 0x00, 0x00, 0x01, 0x18, 0x00, 0x00, 0x00, 0x20, 0x00, 0x00, 0x00,
    0x3c, 0x00, 0x00, 0x00, 0x35, 0x01, 0x00, 0x00, 0x00, 0x00, 0x00, 0x09,
    0x58, 0x00, 0x00, 0x00, 0x02, 0x00, 0x00, 0x00, 0xff, 0xff, 0xff, 0xff,
    0x40, 0x00, 0x00, 0x00, 0xb4, 0xd8, 0xfe, 0xff, 0x08, 0x00, 0x00, 0x00,
    0x10, 0x00, 0x00, 0x00, 0x01, 0x00, 0x00, 0x00, 0xe7, 0xff, 0xff, 0xff,
    0xff, 0xff, 0xff, 0xff, 0x01, 0x00, 0x00, 0x00, 0xb4, 0x8c, 0x2f, 0x3c,
    0x22, 0x00, 0x00, 0x00, 0x73, 0x6f, 0x63, 0x5f, 0x6c, 0x73, 0x74, 0x6d,
    0x5f, 0x31, 0x2f, 0x6c, 0x73, 0x74, 0x6d, 0x5f, 0x31, 0x2f, 0x6c, 0x73,
    0x74, 0x6d, 0x5f, 0x63, 0x65, 0x6c, 0x6c, 0x5f, 0x32, 0x39, 0x2f, 0x41,
    0x64, 0x64, 0x00, 0x00, 0x02, 0x00, 0x00, 0x00, 0x01, 0x00, 0x00, 0x00,
    0x40, 0x00, 0x00, 0x00, 0x4e, 0xd9, 0xfe, 0xff, 0x00, 0x00, 0x00, 0x01,
    0x18, 0x00, 0x00, 0x00, 0x20, 0x00, 0x00, 0x00, 0x40, 0x00, 0x00, 0x00,
    0x34, 0x01, 0x00, 0x00, 0x00, 0x00, 0x00, 0x09, 0x60, 0x00, 0x00, 0x00,
    0x02, 0x00, 0x00, 0x00, 0xff, 0xff, 0xff, 0xff, 0x40, 0x00, 0x00, 0x00,
    0x34, 0xd9, 0xfe, 0xff, 0x08, 0x00, 0x00, 0x00, 0x14, 0x00, 0x00, 0x00,
    0x01, 0x00, 0x00, 0x00, 0xe8, 0xff, 0xff, 0xff, 0xff, 0xff, 0xff, 0xff,
    0x00, 0x00, 0x00, 0x00, 0x01, 0x00, 0x00, 0x00, 0x68, 0xa2, 0x8e, 0x3b,
    0x27, 0x00, 0x00, 0x00, 0x73, 0x6f, 0x63, 0x5f, 0x6c, 0x73, 0x74, 0x6d,
    0x5f, 0x31, 0x2f, 0x6c, 0x73, 0x74, 0x6d, 0x5f, 0x31, 0x2f, 0x6c, 0x73,
    0x74, 0x6d, 0x5f, 0x63, 0x65, 0x6c, 0x6c, 0x5f, 0x32, 0x39, 0x2f, 0x4d,
    0x61, 0x74, 0x4d, 0x75, 0x6c, 0x5f, 0x31, 0x00, 0x02, 0x00, 0x00, 0x00,
    0x01, 0x00, 0x00, 0x00, 0x40, 0x00, 0x00, 0x00, 0xd6, 0xd9, 0xfe, 0xff,
    0x00, 0x00, 0x00, 0x01, 0x18, 0x00, 0x00, 0x00, 0x20, 0x00, 0x00, 0x00,
    0x40, 0x00, 0x00, 0x00, 0x33, 0x01, 0x00, 0x00, 0x00, 0x00, 0x00, 0x09,
    0x60, 0x00, 0x00, 0x00, 0x02, 0x00, 0x00, 0x00, 0xff, 0xff, 0xff, 0xff,
    0x10, 0x00, 0x00, 0x00, 0xbc, 0xd9, 0xfe, 0xff, 0x08, 0x00, 0x00, 0x00,
    0x14, 0x00, 0x00, 0x00, 0x01, 0x00, 0x00, 0x00, 0x1d, 0x00, 0x00, 0x00,
    0x00, 0x00, 0x00, 0x00, 0x00, 0x00, 0x00, 0x00, 0x01, 0x00, 0x00, 0x00,
    0xb2, 0x5a, 0x24, 0x3b, 0x24, 0x00, 0x00, 0x00, 0x73, 0x6f, 0x63, 0x5f,
    0x6c, 0x73, 0x74, 0x6d, 0x5f, 0x31, 0x2f, 0x6c, 0x73, 0x74, 0x6d, 0x5f,
    0x31, 0x2f, 0x6c, 0x73, 0x74, 0x6d, 0x5f, 0x63, 0x65, 0x6c, 0x6c, 0x5f,
    0x32, 0x37, 0x2f, 0x6d, 0x75, 0x6c, 0x5f, 0x32, 0x00, 0x00, 0x00, 0x00,
    0x02, 0x00, 0x00, 0x00, 0x01, 0x00, 0x00, 0x00, 0x10, 0x00, 0x00, 0x00,
    0x5e, 0xda, 0xfe, 0xff, 0x00, 0x00, 0x00, 0x01, 0x18, 0x00, 0x00, 0x00,
    0x20, 0x00, 0x00, 0x00, 0x40, 0x00, 0x00, 0x00, 0x32, 0x01, 0x00, 0x00,
    0x00, 0x00, 0x00, 0x09, 0x60, 0x00, 0x00, 0x00, 0x02, 0x00, 0x00, 0x00,
    0xff, 0xff, 0xff, 0xff, 0x10, 0x00, 0x00, 0x00, 0x44, 0xda, 0xfe, 0xff,
    0x08, 0x00, 0x00, 0x00, 0x14, 0x00, 0x00, 0x00, 0x01, 0x00, 0x00, 0x00,
    0x00, 0x00, 0x00, 0x00, 0x00, 0x00, 0x00, 0x00, 0x00, 0x00, 0x00, 0x00,
    0x01, 0x00, 0x00, 0x00, 0x00, 0x00, 0x00, 0x3c, 0x25, 0x00, 0x00, 0x00,
    0x73, 0x6f, 0x63, 0x5f, 0x6c, 0x73, 0x74, 0x6d, 0x5f, 0x31, 0x2f, 0x6c,
    0x73, 0x74, 0x6d, 0x5f, 0x31, 0x2f, 0x6c, 0x73, 0x74, 0x6d, 0x5f, 0x63,
    0x65, 0x6c, 0x6c, 0x5f, 0x32, 0x37, 0x2f, 0x54, 0x61, 0x6e, 0x68, 0x5f,
    0x31, 0x00, 0x00, 0x00, 0x02, 0x00, 0x00, 0x00, 0x01, 0x00, 0x00, 0x00,
    0x10, 0x00, 0x00, 0x00, 0xe6, 0xda, 0xfe, 0xff, 0x00, 0x00, 0x00, 0x01,
    0x18, 0x00, 0x00, 0x00, 0x20, 0x00, 0x00, 0x00, 0x40, 0x00, 0x00, 0x00,
    0x31, 0x01, 0x00, 0x00, 0x00, 0x00, 0x00, 0x09, 0x60, 0x00, 0x00, 0x00,
    0x02, 0x00, 0x00, 0x00, 0xff, 0xff, 0xff, 0xff, 0x10, 0x00, 0x00, 0x00,
    0xcc, 0xda, 0xfe, 0xff, 0x08, 0x00, 0x00, 0x00, 0x14, 0x00, 0x00, 0x00,
    0x01, 0x00, 0x00, 0x00, 0x3e, 0x00, 0x00, 0x00, 0x00, 0x00, 0x00, 0x00,
    0x00, 0x00, 0x00, 0x00, 0x01, 0x00, 0x00, 0x00, 0x5e, 0x77, 0x0e, 0x3c,
    0x24, 0x00, 0x00, 0x00, 0x73, 0x6f, 0x63, 0x5f, 0x6c, 0x73, 0x74, 0x6d,
    0x5f, 0x31, 0x2f, 0x6c, 0x73, 0x74, 0x6d, 0x5f, 0x31, 0x2f, 0x6c, 0x73,
    0x74, 0x6d, 0x5f, 0x63, 0x65, 0x6c, 0x6c, 0x5f, 0x32, 0x37, 0x2f, 0x61,
    0x64, 0x64, 0x5f, 0x31, 0x00, 0x00, 0x00, 0x00, 0x02, 0x00, 0x00, 0x00,
    0x01, 0x00, 0x00, 0x00, 0x10, 0x00, 0x00, 0x00, 0x6e, 0xdb, 0xfe, 0xff,
    0x00, 0x00, 0x00, 0x01, 0x18, 0x00, 0x00, 0x00, 0x20, 0x00, 0x00, 0x00,
    0x40, 0x00, 0x00, 0x00, 0x30, 0x01, 0x00, 0x00, 0x00, 0x00, 0x00, 0x09,
    0x60, 0x00, 0x00, 0x00, 0x02, 0x00, 0x00, 0x00, 0xff, 0xff, 0xff, 0xff,
    0x10, 0x00, 0x00, 0x00, 0x54, 0xdb, 0xfe, 0xff, 0x08, 0x00, 0x00, 0x00,
    0x14, 0x00, 0x00, 0x00, 0x01, 0x00, 0x00, 0x00, 0x2e, 0x00, 0x00, 0x00,
    0x00, 0x00, 0x00, 0x00, 0x00, 0x00, 0x00, 0x00, 0x01, 0x00, 0x00, 0x00,
    0x2b, 0x17, 0x1f, 0x3b, 0x24, 0x00, 0x00, 0x00, 0x73, 0x6f, 0x63, 0x5f,
    0x6c, 0x73, 0x74, 0x6d, 0x5f, 0x31, 0x2f, 0x6c, 0x73, 0x74, 0x6d, 0x5f,
    0x31, 0x2f, 0x6c, 0x73, 0x74, 0x6d, 0x5f, 0x63, 0x65, 0x6c, 0x6c, 0x5f,
    0x32, 0x37, 0x2f, 0x6d, 0x75, 0x6c, 0x5f, 0x31, 0x00, 0x00, 0x00, 0x00,
    0x02, 0x00, 0x00, 0x00, 0x01, 0x00, 0x00, 0x00, 0x10, 0x00, 0x00, 0x00,
    0xf6, 0xdb, 0xfe, 0xff, 0x00, 0x00, 0x00, 0x01, 0x18, 0x00, 0x00, 0x00,
    0x20, 0x00, 0x00, 0x00, 0x3c, 0x00, 0x00, 0x00, 0x2f, 0x01, 0x00, 0x00,
    0x00, 0x00, 0x00, 0x09, 0x58, 0x00, 0x00, 0x00, 0x02, 0x00, 0x00, 0x00,
    0xff, 0xff, 0xff, 0xff, 0x10, 0x00, 0x00, 0x00, 0xdc, 0xdb, 0xfe, 0xff,
    0x08, 0x00, 0x00, 0x00, 0x10, 0x00, 0x00, 0x00, 0x01, 0x00, 0x00, 0x00,
    0x00, 0x00, 0x00, 0x00, 0x00, 0x00, 0x00, 0x00, 0x01, 0x00, 0x00, 0x00,
    0x00, 0x00, 0x00, 0x3c, 0x23, 0x00, 0x00, 0x00, 0x73, 0x6f, 0x63, 0x5f,
    0x6c, 0x73, 0x74, 0x6d, 0x5f, 0x31, 0x2f, 0x6c, 0x73, 0x74, 0x6d, 0x5f,
    0x31, 0x2f, 0x6c, 0x73, 0x74, 0x6d, 0x5f, 0x63, 0x65, 0x6c, 0x6c, 0x5f,
    0x32, 0x37, 0x2f, 0x54, 0x61, 0x6e, 0x68, 0x00, 0x02, 0x00, 0x00, 0x00,
    0x01, 0x00, 0x00, 0x00, 0x10, 0x00, 0x00, 0x00, 0x76, 0xdc, 0xfe, 0xff,
    0x00, 0x00, 0x00, 0x01, 0x18, 0x00, 0x00, 0x00, 0x20, 0x00, 0x00, 0x00,
    0x3c, 0x00, 0x00, 0x00, 0x2e, 0x01, 0x00, 0x00, 0x00, 0x00, 0x00, 0x09,
    0x60, 0x00, 0x00, 0x00, 0x02, 0x00, 0x00, 0x00, 0xff, 0xff, 0xff, 0xff,
    0x10, 0x00, 0x00, 0x00, 0x5c, 0xdc, 0xfe, 0xff, 0x08, 0x00, 0x00, 0x00,
    0x10, 0x00, 0x00, 0x00, 0x01, 0x00, 0x00, 0x00, 0x80, 0xff, 0xff, 0xff,
    0xff, 0xff, 0xff, 0xff, 0x01, 0x00, 0x00, 0x00, 0x00, 0x00, 0x80, 0x3b,
    0x28, 0x00, 0x00, 0x00, 0x73, 0x6f, 0x63, 0x5f, 0x6c, 0x73, 0x74, 0x6d,
    0x5f, 0x31, 0x2f, 0x6c, 0x73, 0x74, 0x6d, 0x5f, 0x31, 0x2f, 0x6c, 0x73,
    0x74, 0x6d, 0x5f, 0x63, 0x65, 0x6c, 0x6c, 0x5f, 0x32, 0x37, 0x2f, 0x53,
    0x69, 0x67, 0x6d, 0x6f, 0x69, 0x64, 0x5f, 0x32, 0x00, 0x00, 0x00, 0x00,
    0x02, 0x00, 0x00, 0x00, 0x01, 0x00, 0x00, 0x00, 0x10, 0x00, 0x00, 0x00,
    0xfe, 0xdc, 0xfe, 0xff, 0x00, 0x00, 0x00, 0x01, 0x18, 0x00, 0x00, 0x00,
    0x20, 0x00, 0x00, 0x00, 0x3c, 0x00, 0x00, 0x00, 0x2d, 0x01, 0x00, 0x00,
    0x00, 0x00, 0x00, 0x09, 0x58, 0x00, 0x00, 0x00, 0x02, 0x00, 0x00, 0x00,
    0xff, 0xff, 0xff, 0xff, 0x10, 0x00, 0x00, 0x00, 0xe4, 0xdc, 0xfe, 0xff,
    0x08, 0x00, 0x00, 0x00, 0x10, 0x00, 0x00, 0x00, 0x01, 0x00, 0x00, 0x00,
    0x3e, 0x00, 0x00, 0x00, 0x00, 0x00, 0x00, 0x00, 0x01, 0x00, 0x00, 0x00,
    0x5e, 0x77, 0x0e, 0x3c, 0x22, 0x00, 0x00, 0x00, 0x73, 0x6f, 0x63, 0x5f,
    0x6c, 0x73, 0x74, 0x6d, 0x5f, 0x31, 0x2f, 0x6c, 0x73, 0x74, 0x6d, 0x5f,
    0x31, 0x2f, 0x6c, 0x73, 0x74, 0x6d, 0x5f, 0x63, 0x65, 0x6c, 0x6c, 0x5f,
    0x32, 0x37, 0x2f, 0x6d, 0x75, 0x6c, 0x00, 0x00, 0x02, 0x00, 0x00, 0x00,
    0x01, 0x00, 0x00, 0x00, 0x10, 0x00, 0x00, 0x00, 0x7e, 0xdd, 0xfe, 0xff,
    0x00, 0x00, 0x00, 0x01, 0x18, 0x00, 0x00, 0x00, 0x20, 0x00, 0x00, 0x00,
    0x3c, 0x00, 0x00, 0x00, 0x2c, 0x01, 0x00, 0x00, 0x00, 0x00, 0x00, 0x09,
    0x60, 0x00, 0x00, 0x00, 0x02, 0x00, 0x00, 0x00, 0xff, 0xff, 0xff, 0xff,
    0x10, 0x00, 0x00, 0x00, 0x64, 0xdd, 0xfe, 0xff, 0x08, 0x00, 0x00, 0x00,
    0x10, 0x00, 0x00, 0x00, 0x01, 0x00, 0x00, 0x00, 0x80, 0xff, 0xff, 0xff,
    0xff, 0xff, 0xff, 0xff, 0x01, 0x00, 0x00, 0x00, 0x00, 0x00, 0x80, 0x3b,
    0x28, 0x00, 0x00, 0x00, 0x73, 0x6f, 0x63, 0x5f, 0x6c, 0x73, 0x74, 0x6d,
    0x5f, 0x31, 0x2f, 0x6c, 0x73, 0x74, 0x6d, 0x5f, 0x31, 0x2f, 0x6c, 0x73,
    0x74, 0x6d, 0x5f, 0x63, 0x65, 0x6c, 0x6c, 0x5f, 0x32, 0x37, 0x2f, 0x53,
    0x69, 0x67, 0x6d, 0x6f, 0x69, 0x64, 0x5f, 0x31, 0x00, 0x00, 0x00, 0x00,
    0x02, 0x00, 0x00, 0x00, 0x01, 0x00, 0x00, 0x00, 0x10, 0x00, 0x00, 0x00,
    0x06, 0xde, 0xfe, 0xff, 0x00, 0x00, 0x00, 0x01, 0x18, 0x00, 0x00, 0x00,
    0x20, 0x00, 0x00, 0x00, 0x40, 0x00, 0x00, 0x00, 0x2b, 0x01, 0x00, 0x00,
    0x00, 0x00, 0x00, 0x09, 0x60, 0x00, 0x00, 0x00, 0x02, 0x00, 0x00, 0x00,
    0xff, 0xff, 0xff, 0xff, 0x10, 0x00, 0x00, 0x00, 0xec, 0xdd, 0xfe, 0xff,
    0x08, 0x00, 0x00, 0x00, 0x14, 0x00, 0x00, 0x00, 0x01, 0x00, 0x00, 0x00,
    0x80, 0xff, 0xff, 0xff, 0xff, 0xff, 0xff, 0xff, 0x00, 0x00, 0x00, 0x00,
    0x01, 0x00, 0x00, 0x00, 0x00, 0x00, 0x80, 0x3b, 0x26, 0x00, 0x00, 0x00,
    0x73, 0x6f, 0x63, 0x5f, 0x6c, 0x73, 0x74, 0x6d, 0x5f, 0x31, 0x2f, 0x6c,
    0x73, 0x74, 0x6d, 0x5f, 0x31, 0x2f, 0x6c, 0x73, 0x74, 0x6d, 0x5f, 0x63,
    0x65, 0x6c, 0x6c, 0x5f, 0x32, 0x37, 0x2f, 0x53, 0x69, 0x67, 0x6d, 0x6f,
    0x69, 0x64, 0x00, 0x00, 0x02, 0x00, 0x00, 0x00, 0x01, 0x00, 0x00, 0x00,
    0x10, 0x00, 0x00, 0x00, 0x8e, 0xde, 0xfe, 0xff, 0x00, 0x00, 0x00, 0x01,
    0x18, 0x00, 0x00, 0x00, 0x20, 0x00, 0x00, 0x00, 0x40, 0x00, 0x00, 0x00,
    0x2a, 0x01, 0x00, 0x00, 0x00, 0x00, 0x00, 0x09, 0xd0, 0x00, 0x00, 0x00,
    0x02, 0x00, 0x00, 0x00, 0xff, 0xff, 0xff, 0xff, 0x10, 0x00, 0x00, 0x00,
    0x74, 0xde, 0xfe, 0xff, 0x08, 0x00, 0x00, 0x00, 0x14, 0x00, 0x00, 0x00,
    0x01, 0x00, 0x00, 0x00, 0xe3, 0xff, 0xff, 0xff, 0xff, 0xff, 0xff, 0xff,
    0x00, 0x00, 0x00, 0x00, 0x01, 0x00, 0x00, 0x00, 0x41, 0x15, 0x2b, 0x3c,
    0x97, 0x00, 0x00, 0x00, 0x73, 0x6f, 0x63, 0x5f, 0x6c, 0x73, 0x74, 0x6d,
    0x5f, 0x31, 0x2f, 0x6c, 0x73, 0x74, 0x6d, 0x5f, 0x31, 0x2f, 0x6c, 0x73,
    0x74, 0x6d, 0x5f, 0x63, 0x65, 0x6c, 0x6c, 0x5f, 0x32, 0x37, 0x2f, 0x73,
    0x70, 0x6c, 0x69, 0x74, 0x3b, 0x73, 0x6f, 0x63, 0x5f, 0x6c, 0x73, 0x74,
    0x6d, 0x5f, 0x31, 0x2f, 0x6c, 0x73, 0x74, 0x6d, 0x5f, 0x31, 0x2f, 0x6c,
    0x73, 0x74, 0x6d, 0x5f, 0x63, 0x65, 0x6c, 0x6c, 0x5f, 0x32, 0x37, 0x2f,
    0x73, 0x70, 0x6c, 0x69, 0x74, 0x31, 0x3b, 0x73, 0x6f, 0x63, 0x5f, 0x6c,
    0x73, 0x74, 0x6d, 0x5f, 0x31, 0x2f, 0x6c, 0x73, 0x74, 0x6d, 0x5f, 0x31,
    0x2f, 0x6c, 0x73, 0x74, 0x6d, 0x5f, 0x63, 0x65, 0x6c, 0x6c, 0x5f, 0x32,
    0x37, 0x2f, 0x73, 0x70, 0x6c, 0x69, 0x74, 0x32, 0x3b, 0x73, 0x6f, 0x63,
    0x5f, 0x6c, 0x73, 0x74, 0x6d, 0x5f, 0x31, 0x2f, 0x6c, 0x73, 0x74, 0x6d,
    0x5f, 0x31, 0x2f, 0x6c, 0x73, 0x74, 0x6d, 0x5f, 0x63, 0x65, 0x6c, 0x6c,
    0x5f, 0x32, 0x37, 0x2f, 0x73, 0x70, 0x6c, 0x69, 0x74, 0x33, 0x33, 0x00,
    0x02, 0x00, 0x00, 0x00, 0x01, 0x00, 0x00, 0x00, 0x10, 0x00, 0x00, 0x00,
    0x86, 0xdf, 0xfe, 0xff, 0x00, 0x00, 0x00, 0x01, 0x18, 0x00, 0x00, 0x00,
    0x20, 0x00, 0x00, 0x00, 0x40, 0x00, 0x00, 0x00, 0x29, 0x01, 0x00, 0x00,
    0x00, 0x00, 0x00, 0x09, 0xd0, 0x00, 0x00, 0x00, 0x02, 0x00, 0x00, 0x00,
    0xff, 0xff, 0xff, 0xff, 0x10, 0x00, 0x00, 0x00, 0x6c, 0xdf, 0xfe, 0xff,
    0x08, 0x00, 0x00, 0x00, 0x14, 0x00, 0x00, 0x00, 0x01, 0x00, 0x00, 0x00,
    0xe3, 0xff, 0xff, 0xff, 0xff, 0xff, 0xff, 0xff, 0x00, 0x00, 0x00, 0x00,
    0x01, 0x00, 0x00, 0x00, 0x41, 0x15, 0x2b, 0x3c, 0x97, 0x00, 0x00, 0x00,
    0x73, 0x6f, 0x63, 0x5f, 0x6c, 0x73, 0x74, 0x6d, 0x5f, 0x31, 0x2f, 0x6c,
    0x73, 0x74, 0x6d, 0x5f, 0x31, 0x2f, 0x6c, 0x73, 0x74, 0x6d, 0x5f, 0x63,
    0x65, 0x6c, 0x6c, 0x5f, 0x32, 0x37, 0x2f, 0x73, 0x70, 0x6c, 0x69, 0x74,
    0x3b, 0x73, 0x6f, 0x63, 0x5f, 0x6c, 0x73, 0x74, 0x6d, 0x5f, 0x31, 0x2f,
    0x6c, 0x73, 0x74, 0x6d, 0x5f, 0x31, 0x2f, 0x6c, 0x73, 0x74, 0x6d, 0x5f,
    0x63, 0x65, 0x6c, 0x6c, 0x5f, 0x32, 0x37, 0x2f, 0x73, 0x70, 0x6c, 0x69,
    0x74, 0x31, 0x3b, 0x73, 0x6f, 0x63, 0x5f, 0x6c, 0x73, 0x74, 0x6d, 0x5f,
    0x31, 0x2f, 0x6c, 0x73, 0x74, 0x6d, 0x5f, 0x31, 0x2f, 0x6c, 0x73, 0x74,
    0x6d, 0x5f, 0x63, 0x65, 0x6c, 0x6c, 0x5f, 0x32, 0x37, 0x2f, 0x73, 0x70,
    0x6c, 0x69, 0x74, 0x32, 0x3b, 0x73, 0x6f, 0x63, 0x5f, 0x6c, 0x73, 0x74,
    0x6d, 0x5f, 0x31, 0x2f, 0x6c, 0x73, 0x74, 0x6d, 0x5f, 0x31, 0x2f, 0x6c,
    0x73, 0x74, 0x6d, 0x5f, 0x63, 0x65, 0x6c, 0x6c, 0x5f, 0x32, 0x37, 0x2f,
    0x73, 0x70, 0x6c, 0x69, 0x74, 0x33, 0x32, 0x00, 0x02, 0x00, 0x00, 0x00,
    0x01, 0x00, 0x00, 0x00, 0x10, 0x00, 0x00, 0x00, 0x7e, 0xe0, 0xfe, 0xff,
    0x00, 0x00, 0x00, 0x01, 0x18, 0x00, 0x00, 0x00, 0x20, 0x00, 0x00, 0x00,
    0x40, 0x00, 0x00, 0x00, 0x28, 0x01, 0x00, 0x00, 0x00, 0x00, 0x00, 0x09,
    0xd0, 0x00, 0x00, 0x00, 0x02, 0x00, 0x00, 0x00, 0xff, 0xff, 0xff, 0xff,
    0x10, 0x00, 0x00, 0x00, 0x64, 0xe0, 0xfe, 0xff, 0x08, 0x00, 0x00, 0x00,
    0x14, 0x00, 0x00, 0x00, 0x01, 0x00, 0x00, 0x00, 0xe3, 0xff, 0xff, 0xff,
    0xff, 0xff, 0xff, 0xff, 0x00, 0x00, 0x00, 0x00, 0x01, 0x00, 0x00, 0x00,
    0x41, 0x15, 0x2b, 0x3c, 0x97, 0x00, 0x00, 0x00, 0x73, 0x6f, 0x63, 0x5f,
    0x6c, 0x73, 0x74, 0x6d, 0x5f, 0x31, 0x2f, 0x6c, 0x73, 0x74, 0x6d, 0x5f,
    0x31, 0x2f, 0x6c, 0x73, 0x74, 0x6d, 0x5f, 0x63, 0x65, 0x6c, 0x6c, 0x5f,
    0x32, 0x37, 0x2f, 0x73, 0x70, 0x6c, 0x69, 0x74, 0x3b, 0x73, 0x6f, 0x63,
    0x5f, 0x6c, 0x73, 0x74, 0x6d, 0x5f, 0x31, 0x2f, 0x6c, 0x73, 0x74, 0x6d,
    0x5f, 0x31, 0x2f, 0x6c, 0x73, 0x74, 0x6d, 0x5f, 0x63, 0x65, 0x6c, 0x6c,
    0x5f, 0x32, 0x37, 0x2f, 0x73, 0x70, 0x6c, 0x69, 0x74, 0x31, 0x3b, 0x73,
    0x6f, 0x63, 0x5f, 0x6c, 0x73, 0x74, 0x6d, 0x5f, 0x31, 0x2f, 0x6c, 0x73,
    0x74, 0x6d, 0x5f, 0x31, 0x2f, 0x6c, 0x73, 0x74, 0x6d, 0x5f, 0x63, 0x65,
    0x6c, 0x6c, 0x5f, 0x32, 0x37, 0x2f, 0x73, 0x70, 0x6c, 0x69, 0x74, 0x32,
    0x3b, 0x73, 0x6f, 0x63, 0x5f, 0x6c, 0x73, 0x74, 0x6d, 0x5f, 0x31, 0x2f,
    0x6c, 0x73, 0x74, 0x6d, 0x5f, 0x31, 0x2f, 0x6c, 0x73, 0x74, 0x6d, 0x5f,
    0x63, 0x65, 0x6c, 0x6c, 0x5f, 0x32, 0x37, 0x2f, 0x73, 0x70, 0x6c, 0x69,
    0x74, 0x33, 0x31, 0x00, 0x02, 0x00, 0x00, 0x00, 0x01, 0x00, 0x00, 0x00,
    0x10, 0x00, 0x00, 0x00, 0x76, 0xe1, 0xfe, 0xff, 0x00, 0x00, 0x00, 0x01,
    0x18, 0x00, 0x00, 0x00, 0x20, 0x00, 0x00, 0x00, 0x40, 0x00, 0x00, 0x00,
    0x27, 0x01, 0x00, 0x00, 0x00, 0x00, 0x00, 0x09, 0xd0, 0x00, 0x00, 0x00,
    0x02, 0x00, 0x00, 0x00, 0xff, 0xff, 0xff, 0xff, 0x10, 0x00, 0x00, 0x00,
    0x5c, 0xe1, 0xfe, 0xff, 0x08, 0x00, 0x00, 0x00, 0x14, 0x00, 0x00, 0x00,
    0x01, 0x00, 0x00, 0x00, 0xe3, 0xff, 0xff, 0xff, 0xff, 0xff, 0xff, 0xff,
    0x00, 0x00, 0x00, 0x00, 0x01, 0x00, 0x00, 0x00, 0x41, 0x15, 0x2b, 0x3c,
    0x96, 0x00, 0x00, 0x00, 0x73, 0x6f, 0x63, 0x5f, 0x6c, 0x73, 0x74, 0x6d,
    0x5f, 0x31, 0x2f, 0x6c, 0x73, 0x74, 0x6d, 0x5f, 0x31, 0x2f, 0x6c, 0x73,
    0x74, 0x6d, 0x5f, 0x63, 0x65, 0x6c, 0x6c, 0x5f, 0x32, 0x37, 0x2f, 0x73,
    0x70, 0x6c, 0x69, 0x74, 0x3b, 0x73, 0x6f, 0x63, 0x5f, 0x6c, 0x73, 0x74,
    0x6d, 0x5f, 0x31, 0x2f, 0x6c, 0x73, 0x74, 0x6d, 0x5f, 0x31, 0x2f, 0x6c,
    0x73, 0x74, 0x6d, 0x5f, 0x63, 0x65, 0x6c, 0x6c, 0x5f, 0x32, 0x37, 0x2f,
    0x73, 0x70, 0x6c, 0x69, 0x74, 0x31, 0x3b, 0x73, 0x6f, 0x63, 0x5f, 0x6c,
    0x73, 0x74, 0x6d, 0x5f, 0x31, 0x2f, 0x6c, 0x73, 0x74, 0x6d, 0x5f, 0x31,
    0x2f, 0x6c, 0x73, 0x74, 0x6d, 0x5f, 0x63, 0x65, 0x6c, 0x6c, 0x5f, 0x32,
    0x37, 0x2f, 0x73, 0x70, 0x6c, 0x69, 0x74, 0x32, 0x3b, 0x73, 0x6f, 0x63,
    0x5f, 0x6c, 0x73, 0x74, 0x6d, 0x5f, 0x31, 0x2f, 0x6c, 0x73, 0x74, 0x6d,
    0x5f, 0x31, 0x2f, 0x6c, 0x73, 0x74, 0x6d, 0x5f, 0x63, 0x65, 0x6c, 0x6c,
    0x5f, 0x32, 0x37, 0x2f, 0x73, 0x70, 0x6c, 0x69, 0x74, 0x33, 0x00, 0x00,
    0x02, 0x00, 0x00, 0x00, 0x01, 0x00, 0x00, 0x00, 0x10, 0x00, 0x00, 0x00,
    0x6e, 0xe2, 0xfe, 0xff, 0x00, 0x00, 0x00, 0x01, 0x18, 0x00, 0x00, 0x00,
    0x20, 0x00, 0x00, 0x00, 0x40, 0x00, 0x00, 0x00, 0x26, 0x01, 0x00, 0x00,
    0x00, 0x00, 0x00, 0x09, 0x60, 0x00, 0x00, 0x00, 0x02, 0x00, 0x00, 0x00,
    0xff, 0xff, 0xff, 0xff, 0x40, 0x00, 0x00, 0x00, 0x54, 0xe2, 0xfe, 0xff,
    0x08, 0x00, 0x00, 0x00, 0x14, 0x00, 0x00, 0x00, 0x01, 0x00, 0x00, 0x00,
    0xe3, 0xff, 0xff, 0xff, 0xff, 0xff, 0xff, 0xff, 0x00, 0x00, 0x00, 0x00,
    0x01, 0x00, 0x00, 0x00, 0x41, 0x15, 0x2b, 0x3c, 0x26, 0x00, 0x00, 0x00,
    0x73, 0x6f, 0x63, 0x5f, 0x6c, 0x73, 0x74, 0x6d, 0x5f, 0x31, 0x2f, 0x6c,
    0x73, 0x74, 0x6d, 0x5f, 0x31, 0x2f, 0x6c, 0x73, 0x74, 0x6d, 0x5f, 0x63,
    0x65, 0x6c, 0x6c, 0x5f, 0x32, 0x37, 0x2f, 0x42, 0x69, 0x61, 0x73, 0x41,
    0x64, 0x64, 0x00, 0x00, 0x02, 0x00, 0x00, 0x00, 0x01, 0x00, 0x00, 0x00,
    0x40, 0x00, 0x00, 0x00, 0xf6, 0xe2, 0xfe, 0xff, 0x00, 0x00, 0x00, 0x01,
    0x18, 0x00, 0x00, 0x00, 0x20, 0x00, 0x00, 0x00, 0x3c, 0x00, 0x00, 0x00,
    0x25, 0x01, 0x00, 0x00, 0x00, 0x00, 0x00, 0x09, 0x58, 0x00, 0x00, 0x00,
    0x02, 0x00, 0x00, 0x00, 0xff, 0xff, 0xff, 0xff, 0x40, 0x00, 0x00, 0x00,
    0xdc, 0xe2, 0xfe, 0xff, 0x08, 0x00, 0x00, 0x00, 0x10, 0x00, 0x00, 0x00,
    0x01, 0x00, 0x00, 0x00, 0xe7, 0xff, 0xff, 0xff, 0xff, 0xff, 0xff, 0xff,
    0x01, 0x00, 0x00, 0x00, 0x3a, 0x66, 0x2f, 0x3c, 0x22, 0x00, 0x00, 0x00,
    0x73, 0x6f, 0x63, 0x5f, 0x6c, 0x73, 0x74, 0x6d, 0x5f, 0x31, 0x2f, 0x6c,
    0x73, 0x74, 0x6d, 0x5f, 0x31, 0x2f, 0x6c, 0x73, 0x74, 0x6d, 0x5f, 0x63,
    0x65, 0x6c, 0x6c, 0x5f, 0x32, 0x37, 0x2f, 0x41, 0x64, 0x64, 0x00, 0x00,
    0x02, 0x00, 0x00, 0x00, 0x01, 0x00, 0x00, 0x00, 0x40, 0x00, 0x00, 0x00,
    0x76, 0xe3, 0xfe, 0xff, 0x00, 0x00, 0x00, 0x01, 0x18, 0x00, 0x00, 0x00,
    0x20, 0x00, 0x00, 0x00, 0x40, 0x00, 0x00, 0x00, 0x24, 0x01, 0x00, 0x00,
    0x00, 0x00, 0x00, 0x09, 0x60, 0x00, 0x00, 0x00, 0x02, 0x00, 0x00, 0x00,
    0xff, 0xff, 0xff, 0xff, 0x40, 0x00, 0x00, 0x00, 0x5c, 0xe3, 0xfe, 0xff,
    0x08, 0x00, 0x00, 0x00, 0x14, 0x00, 0x00, 0x00, 0x01, 0x00, 0x00, 0x00,
    0xe9, 0xff, 0xff, 0xff, 0xff, 0xff, 0xff, 0xff, 0x00, 0x00, 0x00, 0x00,
    0x01, 0x00, 0x00, 0x00, 0xff, 0x17, 0x8e, 0x3b, 0x27, 0x00, 0x00, 0x00,
    0x73, 0x6f, 0x63, 0x5f, 0x6c, 0x73, 0x74, 0x6d, 0x5f, 0x31, 0x2f, 0x6c,
    0x73, 0x74, 0x6d, 0x5f, 0x31, 0x2f, 0x6c, 0x73, 0x74, 0x6d, 0x5f, 0x63,
    0x65, 0x6c, 0x6c, 0x5f, 0x32, 0x37, 0x2f, 0x4d, 0x61, 0x74, 0x4d, 0x75,
    0x6c, 0x5f, 0x31, 0x00, 0x02, 0x00, 0x00, 0x00, 0x01, 0x00, 0x00, 0x00,
    0x40, 0x00, 0x00, 0x00, 0xfe, 0xe3, 0xfe, 0xff, 0x00, 0x00, 0x00, 0x01,
    0x18, 0x00, 0x00, 0x00, 0x20, 0x00, 0x00, 0x00, 0x40, 0x00, 0x00, 0x00,
    0x23, 0x01, 0x00, 0x00, 0x00, 0x00, 0x00, 0x09, 0x60, 0x00, 0x00, 0x00,
    0x02, 0x00, 0x00, 0x00, 0xff, 0xff, 0xff, 0xff, 0x10, 0x00, 0x00, 0x00,
    0xe4, 0xe3, 0xfe, 0xff, 0x08, 0x00, 0x00, 0x00, 0x14, 0x00, 0x00, 0x00,
    0x01, 0x00, 0x00, 0x00, 0x21, 0x00, 0x00, 0x00, 0x00, 0x00, 0x00, 0x00,
    0x00, 0x00, 0x00, 0x00, 0x01, 0x00, 0x00, 0x00, 0x8d, 0x68, 0x20, 0x3b,
    0x24, 0x00, 0x00, 0x00, 0x73, 0x6f, 0x63, 0x5f, 0x6c, 0x73, 0x74, 0x6d,
    0x5f, 0x31, 0x2f, 0x6c, 0x73, 0x74, 0x6d, 0x5f, 0x31, 0x2f, 0x6c, 0x73,
    0x74, 0x6d, 0x5f, 0x63, 0x65, 0x6c, 0x6c, 0x5f, 0x32, 0x35, 0x2f, 0x6d,
    0x75, 0x6c, 0x5f, 0x32, 0x00, 0x00, 0x00, 0x00, 0x02, 0x00, 0x00, 0x00,
    0x01, 0x00, 0x00, 0x00, 0x10, 0x00, 0x00, 0x00, 0x86, 0xe4, 0xfe, 0xff,
    0x00, 0x00, 0x00, 0x01, 0x18, 0x00, 0x00, 0x00, 0x20, 0x00, 0x00, 0x00,
    0x40, 0x00, 0x00, 0x00, 0x22, 0x01, 0x00, 0x00, 0x00, 0x00, 0x00, 0x09,
    0x60, 0x00, 0x00, 0x00, 0x02, 0x00, 0x00, 0x00, 0xff, 0xff, 0xff, 0xff,
    0x10, 0x00, 0x00, 0x00, 0x6c, 0xe4, 0xfe, 0xff, 0x08, 0x00, 0x00, 0x00,
    0x14, 0x00, 0x00, 0x00, 0x01, 0x00, 0x00, 0x00, 0x00, 0x00, 0x00, 0x00,
    0x00, 0x00, 0x00, 0x00, 0x00, 0x00, 0x00, 0x00, 0x01, 0x00, 0x00, 0x00,
    0x00, 0x00, 0x00, 0x3c, 0x25, 0x00, 0x00, 0x00, 0x73, 0x6f, 0x63, 0x5f,
    0x6c, 0x73, 0x74, 0x6d, 0x5f, 0x31, 0x2f, 0x6c, 0x73, 0x74, 0x6d, 0x5f,
    0x31, 0x2f, 0x6c, 0x73, 0x74, 0x6d, 0x5f, 0x63, 0x65, 0x6c, 0x6c, 0x5f,
    0x32, 0x35, 0x2f, 0x54, 0x61, 0x6e, 0x68, 0x5f, 0x31, 0x00, 0x00, 0x00,
    0x02, 0x00, 0x00, 0x00, 0x01, 0x00, 0x00, 0x00, 0x10, 0x00, 0x00, 0x00,
    0x0e, 0xe5, 0xfe, 0xff, 0x00, 0x00, 0x00, 0x01, 0x18, 0x00, 0x00, 0x00,
    0x20, 0x00, 0x00, 0x00, 0x40, 0x00, 0x00, 0x00, 0x21, 0x01, 0x00, 0x00,
    0x00, 0x00, 0x00, 0x09, 0x60, 0x00, 0x00, 0x00, 0x02, 0x00, 0x00, 0x00,
    0xff, 0xff, 0xff, 0xff, 0x10, 0x00, 0x00, 0x00, 0xf4, 0xe4, 0xfe, 0xff,
    0x08, 0x00, 0x00, 0x00, 0x14, 0x00, 0x00, 0x00, 0x01, 0x00, 0x00, 0x00,
    0x3e, 0x00, 0x00, 0x00, 0x00, 0x00, 0x00, 0x00, 0x00, 0x00, 0x00, 0x00,
    0x01, 0x00, 0x00, 0x00, 0x1c, 0x68, 0x0c, 0x3c, 0x24, 0x00, 0x00, 0x00,
    0x73, 0x6f, 0x63, 0x5f, 0x6c, 0x73, 0x74, 0x6d, 0x5f, 0x31, 0x2f, 0x6c,
    0x73, 0x74, 0x6d, 0x5f, 0x31, 0x2f, 0x6c, 0x73, 0x74, 0x6d, 0x5f, 0x63,
    0x65, 0x6c, 0x6c, 0x5f, 0x32, 0x35, 0x2f, 0x61, 0x64, 0x64, 0x5f, 0x31,
    0x00, 0x00, 0x00, 0x00, 0x02, 0x00, 0x00, 0x00, 0x01, 0x00, 0x00, 0x00,
    0x10, 0x00, 0x00, 0x00, 0x96, 0xe5, 0xfe, 0xff, 0x00, 0x00, 0x00, 0x01,
    0x18, 0x00, 0x00, 0x00, 0x20, 0x00, 0x00, 0x00, 0x40, 0x00, 0x00, 0x00,
    0x20, 0x01, 0x00, 0x00, 0x00, 0x00, 0x00, 0x09, 0x60, 0x00, 0x00, 0x00,
    0x02, 0x00, 0x00, 0x00, 0xff, 0xff, 0xff, 0xff, 0x10, 0x00, 0x00, 0x00,
    0x7c, 0xe5, 0xfe, 0xff, 0x08, 0x00, 0x00, 0x00, 0x14, 0x00, 0x00, 0x00,
    0x01, 0x00, 0x00, 0x00, 0x2e, 0x00, 0x00, 0x00, 0x00, 0x00, 0x00, 0x00,
    0x00, 0x00, 0x00, 0x00, 0x01, 0x00, 0x00, 0x00, 0x76, 0x3f, 0x1e, 0x3b,
    0x24, 0x00, 0x00, 0x00, 0x73, 0x6f, 0x63, 0x5f, 0x6c, 0x73, 0x74, 0x6d,
    0x5f, 0x31, 0x2f, 0x6c, 0x73, 0x74, 0x6d, 0x5f, 0x31, 0x2f, 0x6c, 0x73,
    0x74, 0x6d, 0x5f, 0x63, 0x65, 0x6c, 0x6c, 0x5f, 0x32, 0x35, 0x2f, 0x6d,
    0x75, 0x6c, 0x5f, 0x31, 0x00, 0x00, 0x00, 0x00, 0x02, 0x00, 0x00, 0x00,
    0x01, 0x00, 0x00, 0x00, 0x10, 0x00, 0x00, 0x00, 0x1e, 0xe6, 0xfe, 0xff,
    0x00, 0x00, 0x00, 0x01, 0x18, 0x00, 0x00, 0x00, 0x20, 0x00, 0x00, 0x00,
    0x3c, 0x00, 0x00, 0x00, 0x1f, 0x01, 0x00, 0x00, 0x00, 0x00, 0x00, 0x09,
    0x58, 0x00, 0x00, 0x00, 0x02, 0x00, 0x00, 0x00, 0xff, 0xff, 0xff, 0xff,
    0x10, 0x00, 0x00, 0x00, 0x04, 0xe6, 0xfe, 0xff, 0x08, 0x00, 0x00, 0x00,
    0x10, 0x00, 0x00, 0x00, 0x01, 0x00, 0x00, 0x00, 0x00, 0x00, 0x00, 0x00,
    0x00, 0x00, 0x00, 0x00, 0x01, 0x00, 0x00, 0x00, 0x00, 0x00, 0x00, 0x3c,
    0x23, 0x00, 0x00, 0x00, 0x73, 0x6f, 0x63, 0x5f, 0x6c, 0x73, 0x74, 0x6d,
    0x5f, 0x31, 0x2f, 0x6c, 0x73, 0x74, 0x6d, 0x5f, 0x31, 0x2f, 0x6c, 0x73,
    0x74, 0x6d, 0x5f, 0x63, 0x65, 0x6c, 0x6c, 0x5f, 0x32, 0x35, 0x2f, 0x54,
    0x61, 0x6e, 0x68, 0x00, 0x02, 0x00, 0x00, 0x00, 0x01, 0x00, 0x00, 0x00,
    0x10, 0x00, 0x00, 0x00, 0x9e, 0xe6, 0xfe, 0xff, 0x00, 0x00, 0x00, 0x01,
    0x18, 0x00, 0x00, 0x00, 0x20, 0x00, 0x00, 0x00, 0x3c, 0x00, 0x00, 0x00,
    0x1e, 0x01, 0x00, 0x00, 0x00, 0x00, 0x00, 0x09, 0x60, 0x00, 0x00, 0x00,
    0x02, 0x00, 0x00, 0x00, 0xff, 0xff, 0xff, 0xff, 0x10, 0x00, 0x00, 0x00,
    0x84, 0xe6, 0xfe, 0xff, 0x08, 0x00, 0x00, 0x00, 0x10, 0x00, 0x00, 0x00,
    0x01, 0x00, 0x00, 0x00, 0x80, 0xff, 0xff, 0xff, 0xff, 0xff, 0xff, 0xff,
    0x01, 0x00, 0x00, 0x00, 0x00, 0x00, 0x80, 0x3b, 0x28, 0x00, 0x00, 0x00,
    0x73, 0x6f, 0x63, 0x5f, 0x6c, 0x73, 0x74, 0x6d, 0x5f, 0x31, 0x2f, 0x6c,
    0x73, 0x74, 0x6d, 0x5f, 0x31, 0x2f, 0x6c, 0x73, 0x74, 0x6d, 0x5f, 0x63,
    0x65, 0x6c, 0x6c, 0x5f, 0x32, 0x35, 0x2f, 0x53, 0x69, 0x67, 0x6d, 0x6f,
    0x69, 0x64, 0x5f, 0x32, 0x00, 0x00, 0x00, 0x00, 0x02, 0x00, 0x00, 0x00,
    0x01, 0x00, 0x00, 0x00, 0x10, 0x00, 0x00, 0x00, 0x26, 0xe7, 0xfe, 0xff,
    0x00, 0x00, 0x00, 0x01, 0x18, 0x00, 0x00, 0x00, 0x20, 0x00, 0x00, 0x00,
    0x3c, 0x00, 0x00, 0x00, 0x1d, 0x01, 0x00, 0x00, 0x00, 0x00, 0x00, 0x09,
    0x58, 0x00, 0x00, 0x00, 0x02, 0x00, 0x00, 0x00, 0xff, 0xff, 0xff, 0xff,
    0x10, 0x00, 0x00, 0x00, 0x0c, 0xe7, 0xfe, 0xff, 0x08, 0x00, 0x00, 0x00,
    0x10, 0x00, 0x00, 0x00, 0x01, 0x00, 0x00, 0x00, 0x3e, 0x00, 0x00, 0x00,
    0x00, 0x00, 0x00, 0x00, 0x01, 0x00, 0x00, 0x00, 0x1c, 0x68, 0x0c, 0x3c,
    0x22, 0x00, 0x00, 0x00, 0x73, 0x6f, 0x63, 0x5f, 0x6c, 0x73, 0x74, 0x6d,
    0x5f, 0x31, 0x2f, 0x6c, 0x73, 0x74, 0x6d, 0x5f, 0x31, 0x2f, 0x6c, 0x73,
    0x74, 0x6d, 0x5f, 0x63, 0x65, 0x6c, 0x6c, 0x5f, 0x32, 0x35, 0x2f, 0x6d,
    0x75, 0x6c, 0x00, 0x00, 0x02, 0x00, 0x00, 0x00, 0x01, 0x00, 0x00, 0x00,
    0x10, 0x00, 0x00, 0x00, 0xa6, 0xe7, 0xfe, 0xff, 0x00, 0x00, 0x00, 0x01,
    0x18, 0x00, 0x00, 0x00, 0x20, 0x00, 0x00, 0x00, 0x3c, 0x00, 0x00, 0x00,
    0x1c, 0x01, 0x00, 0x00, 0x00, 0x00, 0x00, 0x09, 0x60, 0x00, 0x00, 0x00,
    0x02, 0x00, 0x00, 0x00, 0xff, 0xff, 0xff, 0xff, 0x10, 0x00, 0x00, 0x00,
    0x8c, 0xe7, 0xfe, 0xff, 0x08, 0x00, 0x00, 0x00, 0x10, 0x00, 0x00, 0x00,
    0x01, 0x00, 0x00, 0x00, 0x80, 0xff, 0xff, 0xff, 0xff, 0xff, 0xff, 0xff,
    0x01, 0x00, 0x00, 0x00, 0x00, 0x00, 0x80, 0x3b, 0x28, 0x00, 0x00, 0x00,
    0x73, 0x6f, 0x63, 0x5f, 0x6c, 0x73, 0x74, 0x6d, 0x5f, 0x31, 0x2f, 0x6c,
    0x73, 0x74, 0x6d, 0x5f, 0x31, 0x2f, 0x6c, 0x73, 0x74, 0x6d, 0x5f, 0x63,
    0x65, 0x6c, 0x6c, 0x5f, 0x32, 0x35, 0x2f, 0x53, 0x69, 0x67, 0x6d, 0x6f,
    0x69, 0x64, 0x5f, 0x31, 0x00, 0x00, 0x00, 0x00, 0x02, 0x00, 0x00, 0x00,
    0x01, 0x00, 0x00, 0x00, 0x10, 0x00, 0x00, 0x00, 0x2e, 0xe8, 0xfe, 0xff,
    0x00, 0x00, 0x00, 0x01, 0x18, 0x00, 0x00, 0x00, 0x20, 0x00, 0x00, 0x00,
    0x40, 0x00, 0x00, 0x00, 0x1b, 0x01, 0x00, 0x00, 0x00, 0x00, 0x00, 0x09,
    0x60, 0x00, 0x00, 0x00, 0x02, 0x00, 0x00, 0x00, 0xff, 0xff, 0xff, 0xff,
    0x10, 0x00, 0x00, 0x00, 0x14, 0xe8, 0xfe, 0xff, 0x08, 0x00, 0x00, 0x00,
    0x14, 0x00, 0x00, 0x00, 0x01, 0x00, 0x00, 0x00, 0x80, 0xff, 0xff, 0xff,
    0xff, 0xff, 0xff, 0xff, 0x00, 0x00, 0x00, 0x00, 0x01, 0x00, 0x00, 0x00,
    0x00, 0x00, 0x80, 0x3b, 0x26, 0x00, 0x00, 0x00, 0x73, 0x6f, 0x63, 0x5f,
    0x6c, 0x73, 0x74, 0x6d, 0x5f, 0x31, 0x2f, 0x6c, 0x73, 0x74, 0x6d, 0x5f,
    0x31, 0x2f, 0x6c, 0x73, 0x74, 0x6d, 0x5f, 0x63, 0x65, 0x6c, 0x6c, 0x5f,
    0x32, 0x35, 0x2f, 0x53, 0x69, 0x67, 0x6d, 0x6f, 0x69, 0x64, 0x00, 0x00,
    0x02, 0x00, 0x00, 0x00, 0x01, 0x00, 0x00, 0x00, 0x10, 0x00, 0x00, 0x00,
    0xb6, 0xe8, 0xfe, 0xff, 0x00, 0x00, 0x00, 0x01, 0x18, 0x00, 0x00, 0x00,
    0x20, 0x00, 0x00, 0x00, 0x40, 0x00, 0x00, 0x00, 0x1a, 0x01, 0x00, 0x00,
    0x00, 0x00, 0x00, 0x09, 0xd0, 0x00, 0x00, 0x00, 0x02, 0x00, 0x00, 0x00,
    0xff, 0xff, 0xff, 0xff, 0x10, 0x00, 0x00, 0x00, 0x9c, 0xe8, 0xfe, 0xff,
    0x08, 0x00, 0x00, 0x00, 0x14, 0x00, 0x00, 0x00, 0x01, 0x00, 0x00, 0x00,
    0xe3, 0xff, 0xff, 0xff, 0xff, 0xff, 0xff, 0xff, 0x00, 0x00, 0x00, 0x00,
    0x01, 0x00, 0x00, 0x00, 0x3e, 0xdd, 0x2a, 0x3c, 0x97, 0x00, 0x00, 0x00,
    0x73, 0x6f, 0x63, 0x5f, 0x6c, 0x73, 0x74, 0x6d, 0x5f, 0x31, 0x2f, 0x6c,
    0x73, 0x74, 0x6d, 0x5f, 0x31, 0x2f, 0x6c, 0x73, 0x74, 0x6d, 0x5f, 0x63,
    0x65, 0x6c, 0x6c, 0x5f, 0x32, 0x35, 0x2f, 0x73, 0x70, 0x6c, 0x69, 0x74,
    0x3b, 0x73, 0x6f, 0x63, 0x5f, 0x6c, 0x73, 0x74, 0x6d, 0x5f, 0x31, 0x2f,
    0x6c, 0x73, 0x74, 0x6d, 0x5f, 0x31, 0x2f, 0x6c, 0x73, 0x74, 0x6d, 0x5f,
    0x63, 0x65, 0x6c, 0x6c, 0x5f, 0x32, 0x35, 0x2f, 0x73, 0x70, 0x6c, 0x69,
    0x74, 0x31, 0x3b, 0x73, 0x6f, 0x63, 0x5f, 0x6c, 0x73, 0x74, 0x6d, 0x5f,
    0x31, 0x2f, 0x6c, 0x73, 0x74, 0x6d, 0x5f, 0x31, 0x2f, 0x6c, 0x73, 0x74,
    0x6d, 0x5f, 0x63, 0x65, 0x6c, 0x6c, 0x5f, 0x32, 0x35, 0x2f, 0x73, 0x70,
    0x6c, 0x69, 0x74, 0x32, 0x3b, 0x73, 0x6f, 0x63, 0x5f, 0x6c, 0x73, 0x74,
    0x6d, 0x5f, 0x31, 0x2f, 0x6c, 0x73, 0x74, 0x6d, 0x5f, 0x31, 0x2f, 0x6c,
    0x73, 0x74, 0x6d, 0x5f, 0x63, 0x65, 0x6c, 0x6c, 0x5f, 0x32, 0x35, 0x2f,
    0x73, 0x70, 0x6c, 0x69, 0x74, 0x33, 0x33, 0x00, 0x02, 0x00, 0x00, 0x00,
    0x01, 0x00, 0x00, 0x00, 0x10, 0x00, 0x00, 0x00, 0xae, 0xe9, 0xfe, 0xff,
    0x00, 0x00, 0x00, 0x01, 0x18, 0x00, 0x00, 0x00, 0x20, 0x00, 0x00, 0x00,
    0x40, 0x00, 0x00, 0x00, 0x19, 0x01, 0x00, 0x00, 0x00, 0x00, 0x00, 0x09,
    0xd0, 0x00, 0x00, 0x00, 0x02, 0x00, 0x00, 0x00, 0xff, 0xff, 0xff, 0xff,
    0x10, 0x00, 0x00, 0x00, 0x94, 0xe9, 0xfe, 0xff, 0x08, 0x00, 0x00, 0x00,
    0x14, 0x00, 0x00, 0x00, 0x01, 0x00, 0x00, 0x00, 0xe3, 0xff, 0xff, 0xff,
    0xff, 0xff, 0xff, 0xff, 0x00, 0x00, 0x00, 0x00, 0x01, 0x00, 0x00, 0x00,
    0x3e, 0xdd, 0x2a, 0x3c, 0x97, 0x00, 0x00, 0x00, 0x73, 0x6f, 0x63, 0x5f,
    0x6c, 0x73, 0x74, 0x6d, 0x5f, 0x31, 0x2f, 0x6c, 0x73, 0x74, 0x6d, 0x5f,
    0x31, 0x2f, 0x6c, 0x73, 0x74, 0x6d, 0x5f, 0x63, 0x65, 0x6c, 0x6c, 0x5f,
    0x32, 0x35, 0x2f, 0x73, 0x70, 0x6c, 0x69, 0x74, 0x3b, 0x73, 0x6f, 0x63,
    0x5f, 0x6c, 0x73, 0x74, 0x6d, 0x5f, 0x31, 0x2f, 0x6c, 0x73, 0x74, 0x6d,
    0x5f, 0x31, 0x2f, 0x6c, 0x73, 0x74, 0x6d, 0x5f, 0x63, 0x65, 0x6c, 0x6c,
    0x5f, 0x32, 0x35, 0x2f, 0x73, 0x70, 0x6c, 0x69, 0x74, 0x31, 0x3b, 0x73,
    0x6f, 0x63, 0x5f, 0x6c, 0x73, 0x74, 0x6d, 0x5f, 0x31, 0x2f, 0x6c, 0x73,
    0x74, 0x6d, 0x5f, 0x31, 0x2f, 0x6c, 0x73, 0x74, 0x6d, 0x5f, 0x63, 0x65,
    0x6c, 0x6c, 0x5f, 0x32, 0x35, 0x2f, 0x73, 0x70, 0x6c, 0x69, 0x74, 0x32,
    0x3b, 0x73, 0x6f, 0x63, 0x5f, 0x6c, 0x73, 0x74, 0x6d, 0x5f, 0x31, 0x2f,
    0x6c, 0x73, 0x74, 0x6d, 0x5f, 0x31, 0x2f, 0x6c, 0x73, 0x74, 0x6d, 0x5f,
    0x63, 0x65, 0x6c, 0x6c, 0x5f, 0x32, 0x35, 0x2f, 0x73, 0x70, 0x6c, 0x69,
    0x74, 0x33, 0x32, 0x00, 0x02, 0x00, 0x00, 0x00, 0x01, 0x00, 0x00, 0x00,
    0x10, 0x00, 0x00, 0x00, 0xa6, 0xea, 0xfe, 0xff, 0x00, 0x00, 0x00, 0x01,
    0x18, 0x00, 0x00, 0x00, 0x20, 0x00, 0x00, 0x00, 0x40, 0x00, 0x00, 0x00,
    0x18, 0x01, 0x00, 0x00, 0x00, 0x00, 0x00, 0x09, 0xd0, 0x00, 0x00, 0x00,
    0x02, 0x00, 0x00, 0x00, 0xff, 0xff, 0xff, 0xff, 0x10, 0x00, 0x00, 0x00,
    0x8c, 0xea, 0xfe, 0xff, 0x08, 0x00, 0x00, 0x00, 0x14, 0x00, 0x00, 0x00,
    0x01, 0x00, 0x00, 0x00, 0xe3, 0xff, 0xff, 0xff, 0xff, 0xff, 0xff, 0xff,
    0x00, 0x00, 0x00, 0x00, 0x01, 0x00, 0x00, 0x00, 0x3e, 0xdd, 0x2a, 0x3c,
    0x97, 0x00, 0x00, 0x00, 0x73, 0x6f, 0x63, 0x5f, 0x6c, 0x73, 0x74, 0x6d,
    0x5f, 0x31, 0x2f, 0x6c, 0x73, 0x74, 0x6d, 0x5f, 0x31, 0x2f, 0x6c, 0x73,
    0x74, 0x6d, 0x5f, 0x63, 0x65, 0x6c, 0x6c, 0x5f, 0x32, 0x35, 0x2f, 0x73,
    0x70, 0x6c, 0x69, 0x74, 0x3b, 0x73, 0x6f, 0x63, 0x5f, 0x6c, 0x73, 0x74,
    0x6d, 0x5f, 0x31, 0x2f, 0x6c, 0x73, 0x74, 0x6d, 0x5f, 0x31, 0x2f, 0x6c,
    0x73, 0x74, 0x6d, 0x5f, 0x63, 0x65, 0x6c, 0x6c, 0x5f, 0x32, 0x35, 0x2f,
    0x73, 0x70, 0x6c, 0x69, 0x74, 0x31, 0x3b, 0x73, 0x6f, 0x63, 0x5f, 0x6c,
    0x73, 0x74, 0x6d, 0x5f, 0x31, 0x2f, 0x6c, 0x73, 0x74, 0x6d, 0x5f, 0x31,
    0x2f, 0x6c, 0x73, 0x74, 0x6d, 0x5f, 0x63, 0x65, 0x6c, 0x6c, 0x5f, 0x32,
    0x35, 0x2f, 0x73, 0x70, 0x6c, 0x69, 0x74, 0x32, 0x3b, 0x73, 0x6f, 0x63,
    0x5f, 0x6c, 0x73, 0x74, 0x6d, 0x5f, 0x31, 0x2f, 0x6c, 0x73, 0x74, 0x6d,
    0x5f, 0x31, 0x2f, 0x6c, 0x73, 0x74, 0x6d, 0x5f, 0x63, 0x65, 0x6c, 0x6c,
    0x5f, 0x32, 0x35, 0x2f, 0x73, 0x70, 0x6c, 0x69, 0x74, 0x33, 0x31, 0x00,
    0x02, 0x00, 0x00, 0x00, 0x01, 0x00, 0x00, 0x00, 0x10, 0x00, 0x00, 0x00,
    0x9e, 0xeb, 0xfe, 0xff, 0x00, 0x00, 0x00, 0x01, 0x18, 0x00, 0x00, 0x00,
    0x20, 0x00, 0x00, 0x00, 0x40, 0x00, 0x00, 0x00, 0x17, 0x01, 0x00, 0x00,
    0x00, 0x00, 0x00, 0x09, 0xd0, 0x00, 0x00, 0x00, 0x02, 0x00, 0x00, 0x00,
    0xff, 0xff, 0xff, 0xff, 0x10, 0x00, 0x00, 0x00, 0x84, 0xeb, 0xfe, 0xff,
    0x08, 0x00, 0x00, 0x00, 0x14, 0x00, 0x00, 0x00, 0x01, 0x00, 0x00, 0x00,
    0xe3, 0xff, 0xff, 0xff, 0xff, 0xff, 0xff, 0xff, 0x00, 0x00, 0x00, 0x00,
    0x01, 0x00, 0x00, 0x00, 0x3e, 0xdd, 0x2a, 0x3c, 0x96, 0x00, 0x00, 0x00,
    0x73, 0x6f, 0x63, 0x5f, 0x6c, 0x73, 0x74, 0x6d, 0x5f, 0x31, 0x2f, 0x6c,
    0x73, 0x74, 0x6d, 0x5f, 0x31, 0x2f, 0x6c, 0x73, 0x74, 0x6d, 0x5f, 0x63,
    0x65, 0x6c, 0x6c, 0x5f, 0x32, 0x35, 0x2f, 0x73, 0x70, 0x6c, 0x69, 0x74,
    0x3b, 0x73, 0x6f, 0x63, 0x5f, 0x6c, 0x73, 0x74, 0x6d, 0x5f, 0x31, 0x2f,
    0x6c, 0x73, 0x74, 0x6d, 0x5f, 0x31, 0x2f, 0x6c, 0x73, 0x74, 0x6d, 0x5f,
    0x63, 0x65, 0x6c, 0x6c, 0x5f, 0x32, 0x35, 0x2f, 0x73, 0x70, 0x6c, 0x69,
    0x74, 0x31, 0x3b, 0x73, 0x6f, 0x63, 0x5f, 0x6c, 0x73, 0x74, 0x6d, 0x5f,
    0x31, 0x2f, 0x6c, 0x73, 0x74, 0x6d, 0x5f, 0x31, 0x2f, 0x6c, 0x73, 0x74,
    0x6d, 0x5f, 0x63, 0x65, 0x6c, 0x6c, 0x5f, 0x32, 0x35, 0x2f, 0x73, 0x70,
    0x6c, 0x69, 0x74, 0x32, 0x3b, 0x73, 0x6f, 0x63, 0x5f, 0x6c, 0x73, 0x74,
    0x6d, 0x5f, 0x31, 0x2f, 0x6c, 0x73, 0x74, 0x6d, 0x5f, 0x31, 0x2f, 0x6c,
    0x73, 0x74, 0x6d, 0x5f, 0x63, 0x65, 0x6c, 0x6c, 0x5f, 0x32, 0x35, 0x2f,
    0x73, 0x70, 0x6c, 0x69, 0x74, 0x33, 0x00, 0x00, 0x02, 0x00, 0x00, 0x00,
    0x01, 0x00, 0x00, 0x00, 0x10, 0x00, 0x00, 0x00, 0x96, 0xec, 0xfe, 0xff,
    0x00, 0x00, 0x00, 0x01, 0x18, 0x00, 0x00, 0x00, 0x20, 0x00, 0x00, 0x00,
    0x40, 0x00, 0x00, 0x00, 0x16, 0x01, 0x00, 0x00, 0x00, 0x00, 0x00, 0x09,
    0x60, 0x00, 0x00, 0x00, 0x02, 0x00, 0x00, 0x00, 0xff, 0xff, 0xff, 0xff,
    0x40, 0x00, 0x00, 0x00, 0x7c, 0xec, 0xfe, 0xff, 0x08, 0x00, 0x00, 0x00,
    0x14, 0x00, 0x00, 0x00, 0x01, 0x00, 0x00, 0x00, 0xe3, 0xff, 0xff, 0xff,
    0xff, 0xff, 0xff, 0xff, 0x00, 0x00, 0x00, 0x00, 0x01, 0x00, 0x00, 0x00,
    0x3e, 0xdd, 0x2a, 0x3c, 0x26, 0x00, 0x00, 0x00, 0x73, 0x6f, 0x63, 0x5f,
    0x6c, 0x73, 0x74, 0x6d, 0x5f, 0x31, 0x2f, 0x6c, 0x73, 0x74, 0x6d, 0x5f,
    0x31, 0x2f, 0x6c, 0x73, 0x74, 0x6d, 0x5f, 0x63, 0x65, 0x6c, 0x6c, 0x5f,
    0x32, 0x35, 0x2f, 0x42, 0x69, 0x61, 0x73, 0x41, 0x64, 0x64, 0x00, 0x00,
    0x02, 0x00, 0x00, 0x00, 0x01, 0x00, 0x00, 0x00, 0x40, 0x00, 0x00, 0x00,
    0x1e, 0xed, 0xfe, 0xff, 0x00, 0x00, 0x00, 0x01, 0x18, 0x00, 0x00, 0x00,
    0x20, 0x00, 0x00, 0x00, 0x3c, 0x00, 0x00, 0x00, 0x15, 0x01, 0x00, 0x00,
    0x00, 0x00, 0x00, 0x09, 0x58, 0x00, 0x00, 0x00, 0x02, 0x00, 0x00, 0x00,
    0xff, 0xff, 0xff, 0xff, 0x40, 0x00, 0x00, 0x00, 0x04, 0xed, 0xfe, 0xff,
    0x08, 0x00, 0x00, 0x00, 0x10, 0x00, 0x00, 0x00, 0x01, 0x00, 0x00, 0x00,
    0xe7, 0xff, 0xff, 0xff, 0xff, 0xff, 0xff, 0xff, 0x01, 0x00, 0x00, 0x00,
    0x38, 0x2e, 0x2f, 0x3c, 0x22, 0x00, 0x00, 0x00, 0x73, 0x6f, 0x63, 0x5f,
    0x6c, 0x73, 0x74, 0x6d, 0x5f, 0x31, 0x2f, 0x6c, 0x73, 0x74, 0x6d, 0x5f,
    0x31, 0x2f, 0x6c, 0x73, 0x74, 0x6d, 0x5f, 0x63, 0x65, 0x6c, 0x6c, 0x5f,
    0x32, 0x35, 0x2f, 0x41, 0x64, 0x64, 0x00, 0x00, 0x02, 0x00, 0x00, 0x00,
    0x01, 0x00, 0x00, 0x00, 0x40, 0x00, 0x00, 0x00, 0x9e, 0xed, 0xfe, 0xff,
    0x00, 0x00, 0x00, 0x01, 0x18, 0x00, 0x00, 0x00, 0x20, 0x00, 0x00, 0x00,
    0x40, 0x00, 0x00, 0x00, 0x14, 0x01, 0x00, 0x00, 0x00, 0x00, 0x00, 0x09,
    0x60, 0x00, 0x00, 0x00, 0x02, 0x00, 0x00, 0x00, 0xff, 0xff, 0xff, 0xff,
    0x40, 0x00, 0x00, 0x00, 0x84, 0xed, 0xfe, 0xff, 0x08, 0x00, 0x00, 0x00,
    0x14, 0x00, 0x00, 0x00, 0x01, 0x00, 0x00, 0x00, 0xe9, 0xff, 0xff, 0xff,
    0xff, 0xff, 0xff, 0xff, 0x00, 0x00, 0x00, 0x00, 0x01, 0x00, 0x00, 0x00,
    0x27, 0x3b, 0x8d, 0x3b, 0x27, 0x00, 0x00, 0x00, 0x73, 0x6f, 0x63, 0x5f,
    0x6c, 0x73, 0x74, 0x6d, 0x5f, 0x31, 0x2f, 0x6c, 0x73, 0x74, 0x6d, 0x5f,
    0x31, 0x2f, 0x6c, 0x73, 0x74, 0x6d, 0x5f, 0x63, 0x65, 0x6c, 0x6c, 0x5f,
    0x32, 0x35, 0x2f, 0x4d, 0x61, 0x74, 0x4d, 0x75, 0x6c, 0x5f, 0x31, 0x00,
    0x02, 0x00, 0x00, 0x00, 0x01, 0x00, 0x00, 0x00, 0x40, 0x00, 0x00, 0x00,
    0x26, 0xee, 0xfe, 0xff, 0x00, 0x00, 0x00, 0x01, 0x18, 0x00, 0x00, 0x00,
    0x20, 0x00, 0x00, 0x00, 0x40, 0x00, 0x00, 0x00, 0x13, 0x01, 0x00, 0x00,
    0x00, 0x00, 0x00, 0x09, 0x60, 0x00, 0x00, 0x00, 0x02, 0x00, 0x00, 0x00,
    0xff, 0xff, 0xff, 0xff, 0x10, 0x00, 0x00, 0x00, 0x0c, 0xee, 0xfe, 0xff,
    0x08, 0x00, 0x00, 0x00, 0x14, 0x00, 0x00, 0x00, 0x01, 0x00, 0x00, 0x00,
    0x21, 0x00, 0x00, 0x00, 0x00, 0x00, 0x00, 0x00, 0x00, 0x00, 0x00, 0x00,
    0x01, 0x00, 0x00, 0x00, 0xad, 0xdd, 0x1f, 0x3b, 0x24, 0x00, 0x00, 0x00,
    0x73, 0x6f, 0x63, 0x5f, 0x6c, 0x73, 0x74, 0x6d, 0x5f, 0x31, 0x2f, 0x6c,
    0x73, 0x74, 0x6d, 0x5f, 0x31, 0x2f, 0x6c, 0x73, 0x74, 0x6d, 0x5f, 0x63,
    0x65, 0x6c, 0x6c, 0x5f, 0x32, 0x33, 0x2f, 0x6d, 0x75, 0x6c, 0x5f, 0x32,
    0x00, 0x00, 0x00, 0x00, 0x02, 0x00, 0x00, 0x00, 0x01, 0x00, 0x00, 0x00,
    0x10, 0x00, 0x00, 0x00, 0xae, 0xee, 0xfe, 0xff, 0x00, 0x00, 0x00, 0x01,
    0x18, 0x00, 0x00, 0x00, 0x20, 0x00, 0x00, 0x00, 0x40, 0x00, 0x00, 0x00,
    0x12, 0x01, 0x00, 0x00, 0x00, 0x00, 0x00, 0x09, 0x60, 0x00, 0x00, 0x00,
    0x02, 0x00, 0x00, 0x00, 0xff, 0xff, 0xff, 0xff, 0x10, 0x00, 0x00, 0x00,
    0x94, 0xee, 0xfe, 0xff, 0x08, 0x00, 0x00, 0x00, 0x14, 0x00, 0x00, 0x00,
    0x01, 0x00, 0x00, 0x00, 0x00, 0x00, 0x00, 0x00, 0x00, 0x00, 0x00, 0x00,
    0x00, 0x00, 0x00, 0x00, 0x01, 0x00, 0x00, 0x00, 0x00, 0x00, 0x00, 0x3c,
    0x25, 0x00, 0x00, 0x00, 0x73, 0x6f, 0x63, 0x5f, 0x6c, 0x73, 0x74, 0x6d,
    0x5f, 0x31, 0x2f, 0x6c, 0x73, 0x74, 0x6d, 0x5f, 0x31, 0x2f, 0x6c, 0x73,
    0x74, 0x6d, 0x5f, 0x63, 0x65, 0x6c, 0x6c, 0x5f, 0x32, 0x33, 0x2f, 0x54,
    0x61, 0x6e, 0x68, 0x5f, 0x31, 0x00, 0x00, 0x00, 0x02, 0x00, 0x00, 0x00,
    0x01, 0x00, 0x00, 0x00, 0x10, 0x00, 0x00, 0x00, 0x36, 0xef, 0xfe, 0xff,
    0x00, 0x00, 0x00, 0x01, 0x18, 0x00, 0x00, 0x00, 0x20, 0x00, 0x00, 0x00,
    0x40, 0x00, 0x00, 0x00, 0x11, 0x01, 0x00, 0x00, 0x00, 0x00, 0x00, 0x09,
    0x60, 0x00, 0x00, 0x00, 0x02, 0x00, 0x00, 0x00, 0xff, 0xff, 0xff, 0xff,
    0x10, 0x00, 0x00, 0x00, 0x1c, 0xef, 0xfe, 0xff, 0x08, 0x00, 0x00, 0x00,
    0x14, 0x00, 0x00, 0x00, 0x01, 0x00, 0x00, 0x00, 0x3e, 0x00, 0x00, 0x00,
    0x00, 0x00, 0x00, 0x00, 0x00, 0x00, 0x00, 0x00, 0x01, 0x00, 0x00, 0x00,
    0x1e, 0xc4, 0x09, 0x3c, 0x24, 0x00, 0x00, 0x00, 0x73, 0x6f, 0x63, 0x5f,
    0x6c, 0x73, 0x74, 0x6d, 0x5f, 0x31, 0x2f, 0x6c, 0x73, 0x74, 0x6d, 0x5f,
    0x31, 0x2f, 0x6c, 0x73, 0x74, 0x6d, 0x5f, 0x63, 0x65, 0x6c, 0x6c, 0x5f,
    0x32, 0x33, 0x2f, 0x61, 0x64, 0x64, 0x5f, 0x31, 0x00, 0x00, 0x00, 0x00,
    0x02, 0x00, 0x00, 0x00, 0x01, 0x00, 0x00, 0x00, 0x10, 0x00, 0x00, 0x00,
    0xbe, 0xef, 0xfe, 0xff, 0x00, 0x00, 0x00, 0x01, 0x18, 0x00, 0x00, 0x00,
    0x20, 0x00, 0x00, 0x00, 0x40, 0x00, 0x00, 0x00, 0x10, 0x01, 0x00, 0x00,
    0x00, 0x00, 0x00, 0x09, 0x60, 0x00, 0x00, 0x00, 0x02, 0x00, 0x00, 0x00,
    0xff, 0xff, 0xff, 0xff, 0x10, 0x00, 0x00, 0x00, 0xa4, 0xef, 0xfe, 0xff,
    0x08, 0x00, 0x00, 0x00, 0x14, 0x00, 0x00, 0x00, 0x01, 0x00, 0x00, 0x00,
    0x2f, 0x00, 0x00, 0x00, 0x00, 0x00, 0x00, 0x00, 0x00, 0x00, 0x00, 0x00,
    0x01, 0x00, 0x00, 0x00, 0xb6, 0x25, 0x1d, 0x3b, 0x24, 0x00, 0x00, 0x00,
    0x73, 0x6f, 0x63, 0x5f, 0x6c, 0x73, 0x74, 0x6d, 0x5f, 0x31, 0x2f, 0x6c,
    0x73, 0x74, 0x6d, 0x5f, 0x31, 0x2f, 0x6c, 0x73, 0x74, 0x6d, 0x5f, 0x63,
    0x65, 0x6c, 0x6c, 0x5f, 0x32, 0x33, 0x2f, 0x6d, 0x75, 0x6c, 0x5f, 0x31,
    0x00, 0x00, 0x00, 0x00, 0x02, 0x00, 0x00, 0x00, 0x01, 0x00, 0x00, 0x00,
    0x10, 0x00, 0x00, 0x00, 0x46, 0xf0, 0xfe, 0xff, 0x00, 0x00, 0x00, 0x01,
    0x18, 0x00, 0x00, 0x00, 0x20, 0x00, 0x00, 0x00, 0x3c, 0x00, 0x00, 0x00,
    0x0f, 0x01, 0x00, 0x00, 0x00, 0x00, 0x00, 0x09, 0x58, 0x00, 0x00, 0x00,
    0x02, 0x00, 0x00, 0x00, 0xff, 0xff, 0xff, 0xff, 0x10, 0x00, 0x00, 0x00,
    0x2c, 0xf0, 0xfe, 0xff, 0x08, 0x00, 0x00, 0x00, 0x10, 0x00, 0x00, 0x00,
    0x01, 0x00, 0x00, 0x00, 0x00, 0x00, 0x00, 0x00, 0x00, 0x00, 0x00, 0x00,
    0x01, 0x00, 0x00, 0x00, 0x00, 0x00, 0x00, 0x3c, 0x23, 0x00, 0x00, 0x00,
    0x73, 0x6f, 0x63, 0x5f, 0x6c, 0x73, 0x74, 0x6d, 0x5f, 0x31, 0x2f, 0x6c,
    0x73, 0x74, 0x6d, 0x5f, 0x31, 0x2f, 0x6c, 0x73, 0x74, 0x6d, 0x5f, 0x63,
    0x65, 0x6c, 0x6c, 0x5f, 0x32, 0x33, 0x2f, 0x54, 0x61, 0x6e, 0x68, 0x00,
    0x02, 0x00, 0x00, 0x00, 0x01, 0x00, 0x00, 0x00, 0x10, 0x00, 0x00, 0x00,
    0xc6, 0xf0, 0xfe, 0xff, 0x00, 0x00, 0x00, 0x01, 0x18, 0x00, 0x00, 0x00,
    0x20, 0x00, 0x00, 0x00, 0x3c, 0x00, 0x00, 0x00, 0x0e, 0x01, 0x00, 0x00,
    0x00, 0x00, 0x00, 0x09, 0x60, 0x00, 0x00, 0x00, 0x02, 0x00, 0x00, 0x00,
    0xff, 0xff, 0xff, 0xff, 0x10, 0x00, 0x00, 0x00, 0xac, 0xf0, 0xfe, 0xff,
    0x08, 0x00, 0x00, 0x00, 0x10, 0x00, 0x00, 0x00, 0x01, 0x00, 0x00, 0x00,
    0x80, 0xff, 0xff, 0xff, 0xff, 0xff, 0xff, 0xff, 0x01, 0x00, 0x00, 0x00,
    0x00, 0x00, 0x80, 0x3b, 0x28, 0x00, 0x00, 0x00, 0x73, 0x6f, 0x63, 0x5f,
    0x6c, 0x73, 0x74, 0x6d, 0x5f, 0x31, 0x2f, 0x6c, 0x73, 0x74, 0x6d, 0x5f,
    0x31, 0x2f, 0x6c, 0x73, 0x74, 0x6d, 0x5f, 0x63, 0x65, 0x6c, 0x6c, 0x5f,
    0x32, 0x33, 0x2f, 0x53, 0x69, 0x67, 0x6d, 0x6f, 0x69, 0x64, 0x5f, 0x32,
    0x00, 0x00, 0x00, 0x00, 0x02, 0x00, 0x00, 0x00, 0x01, 0x00, 0x00, 0x00,
    0x10, 0x00, 0x00, 0x00, 0x4e, 0xf1, 0xfe, 0xff, 0x00, 0x00, 0x00, 0x01,
    0x18, 0x00, 0x00, 0x00, 0x20, 0x00, 0x00, 0x00, 0x3c, 0x00, 0x00, 0x00,
    0x0d, 0x01, 0x00, 0x00, 0x00, 0x00, 0x00, 0x09, 0x58, 0x00, 0x00, 0x00,
    0x02, 0x00, 0x00, 0x00, 0xff, 0xff, 0xff, 0xff, 0x10, 0x00, 0x00, 0x00,
    0x34, 0xf1, 0xfe, 0xff, 0x08, 0x00, 0x00, 0x00, 0x10, 0x00, 0x00, 0x00,
    0x01, 0x00, 0x00, 0x00, 0x3e, 0x00, 0x00, 0x00, 0x00, 0x00, 0x00, 0x00,
    0x01, 0x00, 0x00, 0x00, 0x1e, 0xc4, 0x09, 0x3c, 0x22, 0x00, 0x00, 0x00,
    0x73, 0x6f, 0x63, 0x5f, 0x6c, 0x73, 0x74, 0x6d, 0x5f, 0x31, 0x2f, 0x6c,
    0x73, 0x74, 0x6d, 0x5f, 0x31, 0x2f, 0x6c, 0x73, 0x74, 0x6d, 0x5f, 0x63,
    0x65, 0x6c, 0x6c, 0x5f, 0x32, 0x33, 0x2f, 0x6d, 0x75, 0x6c, 0x00, 0x00,
    0x02, 0x00, 0x00, 0x00, 0x01, 0x00, 0x00, 0x00, 0x10, 0x00, 0x00, 0x00,
    0xce, 0xf1, 0xfe, 0xff, 0x00, 0x00, 0x00, 0x01, 0x18, 0x00, 0x00, 0x00,
    0x20, 0x00, 0x00, 0x00, 0x3c, 0x00, 0x00, 0x00, 0x0c, 0x01, 0x00, 0x00,
    0x00, 0x00, 0x00, 0x09, 0x60, 0x00, 0x00, 0x00, 0x02, 0x00, 0x00, 0x00,
    0xff, 0xff, 0xff, 0xff, 0x10, 0x00, 0x00, 0x00, 0xb4, 0xf1, 0xfe, 0xff,
    0x08, 0x00, 0x00, 0x00, 0x10, 0x00, 0x00, 0x00, 0x01, 0x00, 0x00, 0x00,
    0x80, 0xff, 0xff, 0xff, 0xff, 0xff, 0xff, 0xff, 0x01, 0x00, 0x00, 0x00,
    0x00, 0x00, 0x80, 0x3b, 0x28, 0x00, 0x00, 0x00, 0x73, 0x6f, 0x63, 0x5f,
    0x6c, 0x73, 0x74, 0x6d, 0x5f, 0x31, 0x2f, 0x6c, 0x73, 0x74, 0x6d, 0x5f,
    0x31, 0x2f, 0x6c, 0x73, 0x74, 0x6d, 0x5f, 0x63, 0x65, 0x6c, 0x6c, 0x5f,
    0x32, 0x33, 0x2f, 0x53, 0x69, 0x67, 0x6d, 0x6f, 0x69, 0x64, 0x5f, 0x31,
    0x00, 0x00, 0x00, 0x00, 0x02, 0x00, 0x00, 0x00, 0x01, 0x00, 0x00, 0x00,
    0x10, 0x00, 0x00, 0x00, 0x56, 0xf2, 0xfe, 0xff, 0x00, 0x00, 0x00, 0x01,
    0x18, 0x00, 0x00, 0x00, 0x20, 0x00, 0x00, 0x00, 0x40, 0x00, 0x00, 0x00,
    0x0b, 0x01, 0x00, 0x00, 0x00, 0x00, 0x00, 0x09, 0x60, 0x00, 0x00, 0x00,
    0x02, 0x00, 0x00, 0x00, 0xff, 0xff, 0xff, 0xff, 0x10, 0x00, 0x00, 0x00,
    0x3c, 0xf2, 0xfe, 0xff, 0x08, 0x00, 0x00, 0x00, 0x14, 0x00, 0x00, 0x00,
    0x01, 0x00, 0x00, 0x00, 0x80, 0xff, 0xff, 0xff, 0xff, 0xff, 0xff, 0xff,
    0x00, 0x00, 0x00, 0x00, 0x01, 0x00, 0x00, 0x00, 0x00, 0x00, 0x80, 0x3b,
    0x26, 0x00, 0x00, 0x00, 0x73, 0x6f, 0x63, 0x5f, 0x6c, 0x73, 0x74, 0x6d,
    0x5f, 0x31, 0x2f, 0x6c, 0x73, 0x74, 0x6d, 0x5f, 0x31, 0x2f, 0x6c, 0x73,
    0x74, 0x6d, 0x5f, 0x63, 0x65, 0x6c, 0x6c, 0x5f, 0x32, 0x33, 0x2f, 0x53,
    0x69, 0x67, 0x6d, 0x6f, 0x69, 0x64, 0x00, 0x00, 0x02, 0x00, 0x00, 0x00,
    0x01, 0x00, 0x00, 0x00, 0x10, 0x00, 0x00, 0x00, 0xde, 0xf2, 0xfe, 0xff,
    0x00, 0x00, 0x00, 0x01, 0x18, 0x00, 0x00, 0x00, 0x20, 0x00, 0x00, 0x00,
    0x40, 0x00, 0x00, 0x00, 0x0a, 0x01, 0x00, 0x00, 0x00, 0x00, 0x00, 0x09,
    0xd0, 0x00, 0x00, 0x00, 0x02, 0x00, 0x00, 0x00, 0xff, 0xff, 0xff, 0xff,
    0x10, 0x00, 0x00, 0x00, 0xc4, 0xf2, 0xfe, 0xff, 0x08, 0x00, 0x00, 0x00,
    0x14, 0x00, 0x00, 0x00, 0x01, 0x00, 0x00, 0x00, 0xe3, 0xff, 0xff, 0xff,
    0xff, 0xff, 0xff, 0xff, 0x00, 0x00, 0x00, 0x00, 0x01, 0x00, 0x00, 0x00,
    0xa0, 0x8d, 0x2a, 0x3c, 0x97, 0x00, 0x00, 0x00, 0x73, 0x6f, 0x63, 0x5f,
    0x6c, 0x73, 0x74, 0x6d, 0x5f, 0x31, 0x2f, 0x6c, 0x73, 0x74, 0x6d, 0x5f,
    0x31, 0x2f, 0x6c, 0x73, 0x74, 0x6d, 0x5f, 0x63, 0x65, 0x6c, 0x6c, 0x5f,
    0x32, 0x33, 0x2f, 0x73, 0x70, 0x6c, 0x69, 0x74, 0x3b, 0x73, 0x6f, 0x63,
    0x5f, 0x6c, 0x73, 0x74, 0x6d, 0x5f, 0x31, 0x2f, 0x6c, 0x73, 0x74, 0x6d,
    0x5f, 0x31, 0x2f, 0x6c, 0x73, 0x74, 0x6d, 0x5f, 0x63, 0x65, 0x6c, 0x6c,
    0x5f, 0x32, 0x33, 0x2f, 0x73, 0x70, 0x6c, 0x69, 0x74, 0x31, 0x3b, 0x73,
    0x6f, 0x63, 0x5f, 0x6c, 0x73, 0x74, 0x6d, 0x5f, 0x31, 0x2f, 0x6c, 0x73,
    0x74, 0x6d, 0x5f, 0x31, 0x2f, 0x6c, 0x73, 0x74, 0x6d, 0x5f, 0x63, 0x65,
    0x6c, 0x6c, 0x5f, 0x32, 0x33, 0x2f, 0x73, 0x70, 0x6c, 0x69, 0x74, 0x32,
    0x3b, 0x73, 0x6f, 0x63, 0x5f, 0x6c, 0x73, 0x74, 0x6d, 0x5f, 0x31, 0x2f,
    0x6c, 0x73, 0x74, 0x6d, 0x5f, 0x31, 0x2f, 0x6c, 0x73, 0x74, 0x6d, 0x5f,
    0x63, 0x65, 0x6c, 0x6c, 0x5f, 0x32, 0x33, 0x2f, 0x73, 0x70, 0x6c, 0x69,
    0x74, 0x33, 0x33, 0x00, 0x02, 0x00, 0x00, 0x00, 0x01, 0x00, 0x00, 0x00,
    0x10, 0x00, 0x00, 0x00, 0xd6, 0xf3, 0xfe, 0xff, 0x00, 0x00, 0x00, 0x01,
    0x18, 0x00, 0x00, 0x00, 0x20, 0x00, 0x00, 0x00, 0x40, 0x00, 0x00, 0x00,
    0x09, 0x01, 0x00, 0x00, 0x00, 0x00, 0x00, 0x09, 0xd0, 0x00, 0x00, 0x00,
    0x02, 0x00, 0x00, 0x00, 0xff, 0xff, 0xff, 0xff, 0x10, 0x00, 0x00, 0x00,
    0xbc, 0xf3, 0xfe, 0xff, 0x08, 0x00, 0x00, 0x00, 0x14, 0x00, 0x00, 0x00,
    0x01, 0x00, 0x00, 0x00, 0xe3, 0xff, 0xff, 0xff, 0xff, 0xff, 0xff, 0xff,
    0x00, 0x00, 0x00, 0x00, 0x01, 0x00, 0x00, 0x00, 0xa0, 0x8d, 0x2a, 0x3c,
    0x97, 0x00, 0x00, 0x00, 0x73, 0x6f, 0x63, 0x5f, 0x6c, 0x73, 0x74, 0x6d,
    0x5f, 0x31, 0x2f, 0x6c, 0x73, 0x74, 0x6d, 0x5f, 0x31, 0x2f, 0x6c, 0x73,
    0x74, 0x6d, 0x5f, 0x63, 0x65, 0x6c, 0x6c, 0x5f, 0x32, 0x33, 0x2f, 0x73,
    0x70, 0x6c, 0x69, 0x74, 0x3b, 0x73, 0x6f, 0x63, 0x5f, 0x6c, 0x73, 0x74,
    0x6d, 0x5f, 0x31, 0x2f, 0x6c, 0x73, 0x74, 0x6d, 0x5f, 0x31, 0x2f, 0x6c,
    0x73, 0x74, 0x6d, 0x5f, 0x63, 0x65, 0x6c, 0x6c, 0x5f, 0x32, 0x33, 0x2f,
    0x73, 0x70, 0x6c, 0x69, 0x74, 0x31, 0x3b, 0x73, 0x6f, 0x63, 0x5f, 0x6c,
    0x73, 0x74, 0x6d, 0x5f, 0x31, 0x2f, 0x6c, 0x73, 0x74, 0x6d, 0x5f, 0x31,
    0x2f, 0x6c, 0x73, 0x74, 0x6d, 0x5f, 0x63, 0x65, 0x6c, 0x6c, 0x5f, 0x32,
    0x33, 0x2f, 0x73, 0x70, 0x6c, 0x69, 0x74, 0x32, 0x3b, 0x73, 0x6f, 0x63,
    0x5f, 0x6c, 0x73, 0x74, 0x6d, 0x5f, 0x31, 0x2f, 0x6c, 0x73, 0x74, 0x6d,
    0x5f, 0x31, 0x2f, 0x6c, 0x73, 0x74, 0x6d, 0x5f, 0x63, 0x65, 0x6c, 0x6c,
    0x5f, 0x32, 0x33, 0x2f, 0x73, 0x70, 0x6c, 0x69, 0x74, 0x33, 0x32, 0x00,
    0x02, 0x00, 0x00, 0x00, 0x01, 0x00, 0x00, 0x00, 0x10, 0x00, 0x00, 0x00,
    0xce, 0xf4, 0xfe, 0xff, 0x00, 0x00, 0x00, 0x01, 0x18, 0x00, 0x00, 0x00,
    0x20, 0x00, 0x00, 0x00, 0x40, 0x00, 0x00, 0x00, 0x08, 0x01, 0x00, 0x00,
    0x00, 0x00, 0x00, 0x09, 0xd0, 0x00, 0x00, 0x00, 0x02, 0x00, 0x00, 0x00,
    0xff, 0xff, 0xff, 0xff, 0x10, 0x00, 0x00, 0x00, 0xb4, 0xf4, 0xfe, 0xff,
    0x08, 0x00, 0x00, 0x00, 0x14, 0x00, 0x00, 0x00, 0x01, 0x00, 0x00, 0x00,
    0xe3, 0xff, 0xff, 0xff, 0xff, 0xff, 0xff, 0xff, 0x00, 0x00, 0x00, 0x00,
    0x01, 0x00, 0x00, 0x00, 0xa0, 0x8d, 0x2a, 0x3c, 0x97, 0x00, 0x00, 0x00,
    0x73, 0x6f, 0x63, 0x5f, 0x6c, 0x73, 0x74, 0x6d, 0x5f, 0x31, 0x2f, 0x6c,
    0x73, 0x74, 0x6d, 0x5f, 0x31, 0x2f, 0x6c, 0x73, 0x74, 0x6d, 0x5f, 0x63,
    0x65, 0x6c, 0x6c, 0x5f, 0x32, 0x33, 0x2f, 0x73, 0x70, 0x6c, 0x69, 0x74,
    0x3b, 0x73, 0x6f, 0x63, 0x5f, 0x6c, 0x73, 0x74, 0x6d, 0x5f, 0x31, 0x2f,
    0x6c, 0x73, 0x74, 0x6d, 0x5f, 0x31, 0x2f, 0x6c, 0x73, 0x74, 0x6d, 0x5f,
    0x63, 0x65, 0x6c, 0x6c, 0x5f, 0x32, 0x33, 0x2f, 0x73, 0x70, 0x6c, 0x69,
    0x74, 0x31, 0x3b, 0x73, 0x6f, 0x63, 0x5f, 0x6c, 0x73, 0x74, 0x6d, 0x5f,
    0x31, 0x2f, 0x6c, 0x73, 0x74, 0x6d, 0x5f, 0x31, 0x2f, 0x6c, 0x73, 0x74,
    0x6d, 0x5f, 0x63, 0x65, 0x6c, 0x6c, 0x5f, 0x32, 0x33, 0x2f, 0x73, 0x70,
    0x6c, 0x69, 0x74, 0x32, 0x3b, 0x73, 0x6f, 0x63, 0x5f, 0x6c, 0x73, 0x74,
    0x6d, 0x5f, 0x31, 0x2f, 0x6c, 0x73, 0x74, 0x6d, 0x5f, 0x31, 0x2f, 0x6c,
    0x73, 0x74, 0x6d, 0x5f, 0x63, 0x65, 0x6c, 0x6c, 0x5f, 0x32, 0x33, 0x2f,
    0x73, 0x70, 0x6c, 0x69, 0x74, 0x33, 0x31, 0x00, 0x02, 0x00, 0x00, 0x00,
    0x01, 0x00, 0x00, 0x00, 0x10, 0x00, 0x00, 0x00, 0xc6, 0xf5, 0xfe, 0xff,
    0x00, 0x00, 0x00, 0x01, 0x18, 0x00, 0x00, 0x00, 0x20, 0x00, 0x00, 0x00,
    0x40, 0x00, 0x00, 0x00, 0x07, 0x01, 0x00, 0x00, 0x00, 0x00, 0x00, 0x09,
    0xd0, 0x00, 0x00, 0x00, 0x02, 0x00, 0x00, 0x00, 0xff, 0xff, 0xff, 0xff,
    0x10, 0x00, 0x00, 0x00, 0xac, 0xf5, 0xfe, 0xff, 0x08, 0x00, 0x00, 0x00,
    0x14, 0x00, 0x00, 0x00, 0x01, 0x00, 0x00, 0x00, 0xe3, 0xff, 0xff, 0xff,
    0xff, 0xff, 0xff, 0xff, 0x00, 0x00, 0x00, 0x00, 0x01, 0x00, 0x00, 0x00,
    0xa0, 0x8d, 0x2a, 0x3c, 0x96, 0x00, 0x00, 0x00, 0x73, 0x6f, 0x63, 0x5f,
    0x6c, 0x73, 0x74, 0x6d, 0x5f, 0x31, 0x2f, 0x6c, 0x73, 0x74, 0x6d, 0x5f,
    0x31, 0x2f, 0x6c, 0x73, 0x74, 0x6d, 0x5f, 0x63, 0x65, 0x6c, 0x6c, 0x5f,
    0x32, 0x33, 0x2f, 0x73, 0x70, 0x6c, 0x69, 0x74, 0x3b, 0x73, 0x6f, 0x63,
    0x5f, 0x6c, 0x73, 0x74, 0x6d, 0x5f, 0x31, 0x2f, 0x6c, 0x73, 0x74, 0x6d,
    0x5f, 0x31, 0x2f, 0x6c, 0x73, 0x74, 0x6d, 0x5f, 0x63, 0x65, 0x6c, 0x6c,
    0x5f, 0x32, 0x33, 0x2f, 0x73, 0x70, 0x6c, 0x69, 0x74, 0x31, 0x3b, 0x73,
    0x6f, 0x63, 0x5f, 0x6c, 0x73, 0x74, 0x6d, 0x5f, 0x31, 0x2f, 0x6c, 0x73,
    0x74, 0x6d, 0x5f, 0x31, 0x2f, 0x6c, 0x73, 0x74, 0x6d, 0x5f, 0x63, 0x65,
    0x6c, 0x6c, 0x5f, 0x32, 0x33, 0x2f, 0x73, 0x70, 0x6c, 0x69, 0x74, 0x32,
    0x3b, 0x73, 0x6f, 0x63, 0x5f, 0x6c, 0x73, 0x74, 0x6d, 0x5f, 0x31, 0x2f,
    0x6c, 0x73, 0x74, 0x6d, 0x5f, 0x31, 0x2f, 0x6c, 0x73, 0x74, 0x6d, 0x5f,
    0x63, 0x65, 0x6c, 0x6c, 0x5f, 0x32, 0x33, 0x2f, 0x73, 0x70, 0x6c, 0x69,
    0x74, 0x33, 0x00, 0x00, 0x02, 0x00, 0x00, 0x00, 0x01, 0x00, 0x00, 0x00,
    0x10, 0x00, 0x00, 0x00, 0xbe, 0xf6, 0xfe, 0xff, 0x00, 0x00, 0x00, 0x01,
    0x18, 0x00, 0x00, 0x00, 0x20, 0x00, 0x00, 0x00, 0x40, 0x00, 0x00, 0x00,
    0x06, 0x01, 0x00, 0x00, 0x00, 0x00, 0x00, 0x09, 0x60, 0x00, 0x00, 0x00,
    0x02, 0x00, 0x00, 0x00, 0xff, 0xff, 0xff, 0xff, 0x40, 0x00, 0x00, 0x00,
    0xa4, 0xf6, 0xfe, 0xff, 0x08, 0x00, 0x00, 0x00, 0x14, 0x00, 0x00, 0x00,
    0x01, 0x00, 0x00, 0x00, 0xe3, 0xff, 0xff, 0xff, 0xff, 0xff, 0xff, 0xff,
    0x00, 0x00, 0x00, 0x00, 0x01, 0x00, 0x00, 0x00, 0xa0, 0x8d, 0x2a, 0x3c,
    0x26, 0x00, 0x00, 0x00, 0x73, 0x6f, 0x63, 0x5f, 0x6c, 0x73, 0x74, 0x6d,
    0x5f, 0x31, 0x2f, 0x6c, 0x73, 0x74, 0x6d, 0x5f, 0x31, 0x2f, 0x6c, 0x73,
    0x74, 0x6d, 0x5f, 0x63, 0x65, 0x6c, 0x6c, 0x5f, 0x32, 0x33, 0x2f, 0x42,
    0x69, 0x61, 0x73, 0x41, 0x64, 0x64, 0x00, 0x00, 0x02, 0x00, 0x00, 0x00,
    0x01, 0x00, 0x00, 0x00, 0x40, 0x00, 0x00, 0x00, 0x46, 0xf7, 0xfe, 0xff,
    0x00, 0x00, 0x00, 0x01, 0x18, 0x00, 0x00, 0x00, 0x20, 0x00, 0x00, 0x00,
    0x3c, 0x00, 0x00, 0x00, 0x05, 0x01, 0x00, 0x00, 0x00, 0x00, 0x00, 0x09,
    0x58, 0x00, 0x00, 0x00, 0x02, 0x00, 0x00, 0x00, 0xff, 0xff, 0xff, 0xff,
    0x40, 0x00, 0x00, 0x00, 0x2c, 0xf7, 0xfe, 0xff, 0x08, 0x00, 0x00, 0x00,
    0x10, 0x00, 0x00, 0x00, 0x01, 0x00, 0x00, 0x00, 0xe7, 0xff, 0xff, 0xff,
    0xff, 0xff, 0xff, 0xff, 0x01, 0x00, 0x00, 0x00, 0x99, 0xde, 0x2e, 0x3c,
    0x22, 0x00, 0x00, 0x00, 0x73, 0x6f, 0x63, 0x5f, 0x6c, 0x73, 0x74, 0x6d,
    0x5f, 0x31, 0x2f, 0x6c, 0x73, 0x74, 0x6d, 0x5f, 0x31, 0x2f, 0x6c, 0x73,
    0x74, 0x6d, 0x5f, 0x63, 0x65, 0x6c, 0x6c, 0x5f, 0x32, 0x33, 0x2f, 0x41,
    0x64, 0x64, 0x00, 0x00, 0x02, 0x00, 0x00, 0x00, 0x01, 0x00, 0x00, 0x00,
    0x40, 0x00, 0x00, 0x00, 0xc6, 0xf7, 0xfe, 0xff, 0x00, 0x00, 0x00, 0x01,
    0x18, 0x00, 0x00, 0x00, 0x20, 0x00, 0x00, 0x00, 0x40, 0x00, 0x00, 0x00,
    0x04, 0x01, 0x00, 0x00, 0x00, 0x00, 0x00, 0x09, 0x60, 0x00, 0x00, 0x00,
    0x02, 0x00, 0x00, 0x00, 0xff, 0xff, 0xff, 0xff, 0x40, 0x00, 0x00, 0x00,
    0xac, 0xf7, 0xfe, 0xff, 0x08, 0x00, 0x00, 0x00, 0x14, 0x00, 0x00, 0x00,
    0x01, 0x00, 0x00, 0x00, 0xe9, 0xff, 0xff, 0xff, 0xff, 0xff, 0xff, 0xff,
    0x00, 0x00, 0x00, 0x00, 0x01, 0x00, 0x00, 0x00, 0x81, 0xee, 0x8b, 0x3b,
    0x27, 0x00, 0x00, 0x00, 0x73, 0x6f, 0x63, 0x5f, 0x6c, 0x73, 0x74, 0x6d,
    0x5f, 0x31, 0x2f, 0x6c, 0x73, 0x74, 0x6d, 0x5f, 0x31, 0x2f, 0x6c, 0x73,
    0x74, 0x6d, 0x5f, 0x63, 0x65, 0x6c, 0x6c, 0x5f, 0x32, 0x33, 0x2f, 0x4d,
    0x61, 0x74, 0x4d, 0x75, 0x6c, 0x5f, 0x31, 0x00, 0x02, 0x00, 0x00, 0x00,
    0x01, 0x00, 0x00, 0x00, 0x40, 0x00, 0x00, 0x00, 0x4e, 0xf8, 0xfe, 0xff,
    0x00, 0x00, 0x00, 0x01, 0x18, 0x00, 0x00, 0x00, 0x20, 0x00, 0x00, 0x00,
    0x40, 0x00, 0x00, 0x00, 0x03, 0x01, 0x00, 0x00, 0x00, 0x00, 0x00, 0x09,
    0x60, 0x00, 0x00, 0x00, 0x02, 0x00, 0x00, 0x00, 0xff, 0xff, 0xff, 0xff,
    0x10, 0x00, 0x00, 0x00, 0x34, 0xf8, 0xfe, 0xff, 0x08, 0x00, 0x00, 0x00,
    0x14, 0x00, 0x00, 0x00, 0x01, 0x00, 0x00, 0x00, 0x21, 0x00, 0x00, 0x00,
    0x00, 0x00, 0x00, 0x00, 0x00, 0x00, 0x00, 0x00, 0x01, 0x00, 0x00, 0x00,
    0xcd, 0x1f, 0x1f, 0x3b, 0x24, 0x00, 0x00, 0x00, 0x73, 0x6f, 0x63, 0x5f,
    0x6c, 0x73, 0x74, 0x6d, 0x5f, 0x31, 0x2f, 0x6c, 0x73, 0x74, 0x6d, 0x5f,
    0x31, 0x2f, 0x6c, 0x73, 0x74, 0x6d, 0x5f, 0x63, 0x65, 0x6c, 0x6c, 0x5f,
    0x32, 0x31, 0x2f, 0x6d, 0x75, 0x6c, 0x5f, 0x32, 0x00, 0x00, 0x00, 0x00,
    0x02, 0x00, 0x00, 0x00, 0x01, 0x00, 0x00, 0x00, 0x10, 0x00, 0x00, 0x00,
    0xd6, 0xf8, 0xfe, 0xff, 0x00, 0x00, 0x00, 0x01, 0x18, 0x00, 0x00, 0x00,
    0x20, 0x00, 0x00, 0x00, 0x40, 0x00, 0x00, 0x00, 0x02, 0x01, 0x00, 0x00,
    0x00, 0x00, 0x00, 0x09, 0x60, 0x00, 0x00, 0x00, 0x02, 0x00, 0x00, 0x00,
    0xff, 0xff, 0xff, 0xff, 0x10, 0x00, 0x00, 0x00, 0xbc, 0xf8, 0xfe, 0xff,
    0x08, 0x00, 0x00, 0x00, 0x14, 0x00, 0x00, 0x00, 0x01, 0x00, 0x00, 0x00,
    0x00, 0x00, 0x00, 0x00, 0x00, 0x00, 0x00, 0x00, 0x00, 0x00, 0x00, 0x00,
    0x01, 0x00, 0x00, 0x00, 0x00, 0x00, 0x00, 0x3c, 0x25, 0x00, 0x00, 0x00,
    0x73, 0x6f, 0x63, 0x5f, 0x6c, 0x73, 0x74, 0x6d, 0x5f, 0x31, 0x2f, 0x6c,
    0x73, 0x74, 0x6d, 0x5f, 0x31, 0x2f, 0x6c, 0x73, 0x74, 0x6d, 0x5f, 0x63,
    0x65, 0x6c, 0x6c, 0x5f, 0x32, 0x31, 0x2f, 0x54, 0x61, 0x6e, 0x68, 0x5f,
    0x31, 0x00, 0x00, 0x00, 0x02, 0x00, 0x00, 0x00, 0x01, 0x00, 0x00, 0x00,
    0x10, 0x00, 0x00, 0x00, 0x5e, 0xf9, 0xfe, 0xff, 0x00, 0x00, 0x00, 0x01,
    0x18, 0x00, 0x00, 0x00, 0x20, 0x00, 0x00, 0x00, 0x40, 0x00, 0x00, 0x00,
    0x01, 0x01, 0x00, 0x00, 0x00, 0x00, 0x00, 0x09, 0x60, 0x00, 0x00, 0x00,
    0x02, 0x00, 0x00, 0x00, 0xff, 0xff, 0xff, 0xff, 0x10, 0x00, 0x00, 0x00,
    0x44, 0xf9, 0xfe, 0xff, 0x08, 0x00, 0x00, 0x00, 0x14, 0x00, 0x00, 0x00,
    0x01, 0x00, 0x00, 0x00, 0x3e, 0x00, 0x00, 0x00, 0x00, 0x00, 0x00, 0x00,
    0x00, 0x00, 0x00, 0x00, 0x01, 0x00, 0x00, 0x00, 0x5c, 0xc9, 0x06, 0x3c,
    0x24, 0x00, 0x00, 0x00, 0x73, 0x6f, 0x63, 0x5f, 0x6c, 0x73, 0x74, 0x6d,
    0x5f, 0x31, 0x2f, 0x6c, 0x73, 0x74, 0x6d, 0x5f, 0x31, 0x2f, 0x6c, 0x73,
    0x74, 0x6d, 0x5f, 0x63, 0x65, 0x6c, 0x6c, 0x5f, 0x32, 0x31, 0x2f, 0x61,
    0x64, 0x64, 0x5f, 0x31, 0x00, 0x00, 0x00, 0x00, 0x02, 0x00, 0x00, 0x00,
    0x01, 0x00, 0x00, 0x00, 0x10, 0x00, 0x00, 0x00, 0xe6, 0xf9, 0xfe, 0xff,
    0x00, 0x00, 0x00, 0x01, 0x18, 0x00, 0x00, 0x00, 0x20, 0x00, 0x00, 0x00,
    0x40, 0x00, 0x00, 0x00, 0x00, 0x01, 0x00, 0x00, 0x00, 0x00, 0x00, 0x09,
    0x60, 0x00, 0x00, 0x00, 0x02, 0x00, 0x00, 0x00, 0xff, 0xff, 0xff, 0xff,
    0x10, 0x00, 0x00, 0x00, 0xcc, 0xf9, 0xfe, 0xff, 0x08, 0x00, 0x00, 0x00,
    0x14, 0x00, 0x00, 0x00, 0x01, 0x00, 0x00, 0x00, 0x2f, 0x00, 0x00, 0x00,
    0x00, 0x00, 0x00, 0x00, 0x00, 0x00, 0x00, 0x00, 0x01, 0x00, 0x00, 0x00,
    0xee, 0xb5, 0x1b, 0x3b, 0x24, 0x00, 0x00, 0x00, 0x73, 0x6f, 0x63, 0x5f,
    0x6c, 0x73, 0x74, 0x6d, 0x5f, 0x31, 0x2f, 0x6c, 0x73, 0x74, 0x6d, 0x5f,
    0x31, 0x2f, 0x6c, 0x73, 0x74, 0x6d, 0x5f, 0x63, 0x65, 0x6c, 0x6c, 0x5f,
    0x32, 0x31, 0x2f, 0x6d, 0x75, 0x6c, 0x5f, 0x31, 0x00, 0x00, 0x00, 0x00,
    0x02, 0x00, 0x00, 0x00, 0x01, 0x00, 0x00, 0x00, 0x10, 0x00, 0x00, 0x00,
    0x6e, 0xfa, 0xfe, 0xff, 0x00, 0x00, 0x00, 0x01, 0x18, 0x00, 0x00, 0x00,
    0x20, 0x00, 0x00, 0x00, 0x3c, 0x00, 0x00, 0x00, 0xff, 0x00, 0x00, 0x00,
    0x00, 0x00, 0x00, 0x09, 0x58, 0x00, 0x00, 0x00, 0x02, 0x00, 0x00, 0x00,
    0xff, 0xff, 0xff, 0xff, 0x10, 0x00, 0x00, 0x00, 0x54, 0xfa, 0xfe, 0xff,
    0x08, 0x00, 0x00, 0x00, 0x10, 0x00, 0x00, 0x00, 0x01, 0x00, 0x00, 0x00,
    0x00, 0x00, 0x00, 0x00, 0x00, 0x00, 0x00, 0x00, 0x01, 0x00, 0x00, 0x00,
    0x00, 0x00, 0x00, 0x3c, 0x23, 0x00, 0x00, 0x00, 0x73, 0x6f, 0x63, 0x5f,
    0x6c, 0x73, 0x74, 0x6d, 0x5f, 0x31, 0x2f, 0x6c, 0x73, 0x74, 0x6d, 0x5f,
    0x31, 0x2f, 0x6c, 0x73, 0x74, 0x6d, 0x5f, 0x63, 0x65, 0x6c, 0x6c, 0x5f,
    0x32, 0x31, 0x2f, 0x54, 0x61, 0x6e, 0x68, 0x00, 0x02, 0x00, 0x00, 0x00,
    0x01, 0x00, 0x00, 0x00, 0x10, 0x00, 0x00, 0x00, 0xee, 0xfa, 0xfe, 0xff,
    0x00, 0x00, 0x00, 0x01, 0x18, 0x00, 0x00, 0x00, 0x20, 0x00, 0x00, 0x00,
    0x3c, 0x00, 0x00, 0x00, 0xfe, 0x00, 0x00, 0x00, 0x00, 0x00, 0x00, 0x09,
    0x60, 0x00, 0x00, 0x00, 0x02, 0x00, 0x00, 0x00, 0xff, 0xff, 0xff, 0xff,
    0x10, 0x00, 0x00, 0x00, 0xd4, 0xfa, 0xfe, 0xff, 0x08, 0x00, 0x00, 0x00,
    0x10, 0x00, 0x00, 0x00, 0x01, 0x00, 0x00, 0x00, 0x80, 0xff, 0xff, 0xff,
    0xff, 0xff, 0xff, 0xff, 0x01, 0x00, 0x00, 0x00, 0x00, 0x00, 0x80, 0x3b,
    0x28, 0x00, 0x00, 0x00, 0x73, 0x6f, 0x63, 0x5f, 0x6c, 0x73, 0x74, 0x6d,
    0x5f, 0x31, 0x2f, 0x6c, 0x73, 0x74, 0x6d, 0x5f, 0x31, 0x2f, 0x6c, 0x73,
    0x74, 0x6d, 0x5f, 0x63, 0x65, 0x6c, 0x6c, 0x5f, 0x32, 0x31, 0x2f, 0x53,
    0x69, 0x67, 0x6d, 0x6f, 0x69, 0x64, 0x5f, 0x32, 0x00, 0x00, 0x00, 0x00,
    0x02, 0x00, 0x00, 0x00, 0x01, 0x00, 0x00, 0x00, 0x10, 0x00, 0x00, 0x00,
    0x76, 0xfb, 0xfe, 0xff, 0x00, 0x00, 0x00, 0x01, 0x18, 0x00, 0x00, 0x00,
    0x20, 0x00, 0x00, 0x00, 0x3c, 0x00, 0x00, 0x00, 0xfd, 0x00, 0x00, 0x00,
    0x00, 0x00, 0x00, 0x09, 0x58, 0x00, 0x00, 0x00, 0x02, 0x00, 0x00, 0x00,
    0xff, 0xff, 0xff, 0xff, 0x10, 0x00, 0x00, 0x00, 0x5c, 0xfb, 0xfe, 0xff,
    0x08, 0x00, 0x00, 0x00, 0x10, 0x00, 0x00, 0x00, 0x01, 0x00, 0x00, 0x00,
    0x3e, 0x00, 0x00, 0x00, 0x00, 0x00, 0x00, 0x00, 0x01, 0x00, 0x00, 0x00,
    0x5c, 0xc9, 0x06, 0x3c, 0x22, 0x00, 0x00, 0x00, 0x73, 0x6f, 0x63, 0x5f,
    0x6c, 0x73, 0x74, 0x6d, 0x5f, 0x31, 0x2f, 0x6c, 0x73, 0x74, 0x6d, 0x5f,
    0x31, 0x2f, 0x6c, 0x73, 0x74, 0x6d, 0x5f, 0x63, 0x65, 0x6c, 0x6c, 0x5f,
    0x32, 0x31, 0x2f, 0x6d, 0x75, 0x6c, 0x00, 0x00, 0x02, 0x00, 0x00, 0x00,
    0x01, 0x00, 0x00, 0x00, 0x10, 0x00, 0x00, 0x00, 0xf6, 0xfb, 0xfe, 0xff,
    0x00, 0x00, 0x00, 0x01, 0x18, 0x00, 0x00, 0x00, 0x20, 0x00, 0x00, 0x00,
    0x3c, 0x00, 0x00, 0x00, 0xfc, 0x00, 0x00, 0x00, 0x00, 0x00, 0x00, 0x09,
    0x60, 0x00, 0x00, 0x00, 0x02, 0x00, 0x00, 0x00, 0xff, 0xff, 0xff, 0xff,
    0x10, 0x00, 0x00, 0x00, 0xdc, 0xfb, 0xfe, 0xff, 0x08, 0x00, 0x00, 0x00,
    0x10, 0x00, 0x00, 0x00, 0x01, 0x00, 0x00, 0x00, 0x80, 0xff, 0xff, 0xff,
    0xff, 0xff, 0xff, 0xff, 0x01, 0x00, 0x00, 0x00, 0x00, 0x00, 0x80, 0x3b,
    0x28, 0x00, 0x00, 0x00, 0x73, 0x6f, 0x63, 0x5f, 0x6c, 0x73, 0x74, 0x6d,
    0x5f, 0x31, 0x2f, 0x6c, 0x73, 0x74, 0x6d, 0x5f, 0x31, 0x2f, 0x6c, 0x73,
    0x74, 0x6d, 0x5f, 0x63, 0x65, 0x6c, 0x6c, 0x5f, 0x32, 0x31, 0x2f, 0x53,
    0x69, 0x67, 0x6d, 0x6f, 0x69, 0x64, 0x5f, 0x31, 0x00, 0x00, 0x00, 0x00,
    0x02, 0x00, 0x00, 0x00, 0x01, 0x00, 0x00, 0x00, 0x10, 0x00, 0x00, 0x00,
    0x7e, 0xfc, 0xfe, 0xff, 0x00, 0x00, 0x00, 0x01, 0x18, 0x00, 0x00, 0x00,
    0x20, 0x00, 0x00, 0x00, 0x40, 0x00, 0x00, 0x00, 0xfb, 0x00, 0x00, 0x00,
    0x00, 0x00, 0x00, 0x09, 0x60, 0x00, 0x00, 0x00, 0x02, 0x00, 0x00, 0x00,
    0xff, 0xff, 0xff, 0xff, 0x10, 0x00, 0x00, 0x00, 0x64, 0xfc, 0xfe, 0xff,
    0x08, 0x00, 0x00, 0x00, 0x14, 0x00, 0x00, 0x00, 0x01, 0x00, 0x00, 0x00,
    0x80, 0xff, 0xff, 0xff, 0xff, 0xff, 0xff, 0xff, 0x00, 0x00, 0x00, 0x00,
    0x01, 0x00, 0x00, 0x00, 0x00, 0x00, 0x80, 0x3b, 0x26, 0x00, 0x00, 0x00,
    0x73, 0x6f, 0x63, 0x5f, 0x6c, 0x73, 0x74, 0x6d, 0x5f, 0x31, 0x2f, 0x6c,
    0x73, 0x74, 0x6d, 0x5f, 0x31, 0x2f, 0x6c, 0x73, 0x74, 0x6d, 0x5f, 0x63,
    0x65, 0x6c, 0x6c, 0x5f, 0x32, 0x31, 0x2f, 0x53, 0x69, 0x67, 0x6d, 0x6f,
    0x69, 0x64, 0x00, 0x00, 0x02, 0x00, 0x00, 0x00, 0x01, 0x00, 0x00, 0x00,
    0x10, 0x00, 0x00, 0x00, 0x06, 0xfd, 0xfe, 0xff, 0x00, 0x00, 0x00, 0x01,
    0x18, 0x00, 0x00, 0x00, 0x20, 0x00, 0x00, 0x00, 0x40, 0x00, 0x00, 0x00,
    0xfa, 0x00, 0x00, 0x00, 0x00, 0x00, 0x00, 0x09, 0xd0, 0x00, 0x00, 0x00,
    0x02, 0x00, 0x00, 0x00, 0xff, 0xff, 0xff, 0xff, 0x10, 0x00, 0x00, 0x00,
    0xec, 0xfc, 0xfe, 0xff, 0x08, 0x00, 0x00, 0x00, 0x14, 0x00, 0x00, 0x00,
    0x01, 0x00, 0x00, 0x00, 0xe3, 0xff, 0xff, 0xff, 0xff, 0xff, 0xff, 0xff,
    0x00, 0x00, 0x00, 0x00, 0x01, 0x00, 0x00, 0x00, 0x9a, 0x1e, 0x2a, 0x3c,
    0x97, 0x00, 0x00, 0x00, 0x73, 0x6f, 0x63, 0x5f, 0x6c, 0x73, 0x74, 0x6d,
    0x5f, 0x31, 0x2f, 0x6c, 0x73, 0x74, 0x6d, 0x5f, 0x31, 0x2f, 0x6c, 0x73,
    0x74, 0x6d, 0x5f, 0x63, 0x65, 0x6c, 0x6c, 0x5f, 0x32, 0x31, 0x2f, 0x73,
    0x70, 0x6c, 0x69, 0x74, 0x3b, 0x73, 0x6f, 0x63, 0x5f, 0x6c, 0x73, 0x74,
    0x6d, 0x5f, 0x31, 0x2f, 0x6c, 0x73, 0x74, 0x6d, 0x5f, 0x31, 0x2f, 0x6c,
    0x73, 0x74, 0x6d, 0x5f, 0x63, 0x65, 0x6c, 0x6c, 0x5f, 0x32, 0x31, 0x2f,
    0x73, 0x70, 0x6c, 0x69, 0x74, 0x31, 0x3b, 0x73, 0x6f, 0x63, 0x5f, 0x6c,
    0x73, 0x74, 0x6d, 0x5f, 0x31, 0x2f, 0x6c, 0x73, 0x74, 0x6d, 0x5f, 0x31,
    0x2f, 0x6c, 0x73, 0x74, 0x6d, 0x5f, 0x63, 0x65, 0x6c, 0x6c, 0x5f, 0x32,
    0x31, 0x2f, 0x73, 0x70, 0x6c, 0x69, 0x74, 0x32, 0x3b, 0x73, 0x6f, 0x63,
    0x5f, 0x6c, 0x73, 0x74, 0x6d, 0x5f, 0x31, 0x2f, 0x6c, 0x73, 0x74, 0x6d,
    0x5f, 0x31, 0x2f, 0x6c, 0x73, 0x74, 0x6d, 0x5f, 0x63, 0x65, 0x6c, 0x6c,
    0x5f, 0x32, 0x31, 0x2f, 0x73, 0x70, 0x6c, 0x69, 0x74, 0x33, 0x33, 0x00,
    0x02, 0x00, 0x00, 0x00, 0x01, 0x00, 0x00, 0x00, 0x10, 0x00, 0x00, 0x00,
    0xfe, 0xfd, 0xfe, 0xff, 0x00, 0x00, 0x00, 0x01, 0x18, 0x00, 0x00, 0x00,
    0x20, 0x00, 0x00, 0x00, 0x40, 0x00, 0x00, 0x00, 0xf9, 0x00, 0x00, 0x00,
    0x00, 0x00, 0x00, 0x09, 0xd0, 0x00, 0x00, 0x00, 0x02, 0x00, 0x00, 0x00,
    0xff, 0xff, 0xff, 0xff, 0x10, 0x00, 0x00, 0x00, 0xe4, 0xfd, 0xfe, 0xff,
    0x08, 0x00, 0x00, 0x00, 0x14, 0x00, 0x00, 0x00, 0x01, 0x00, 0x00, 0x00,
    0xe3, 0xff, 0xff, 0xff, 0xff, 0xff, 0xff, 0xff, 0x00, 0x00, 0x00, 0x00,
    0x01, 0x00, 0x00, 0x00, 0x9a, 0x1e, 0x2a, 0x3c, 0x97, 0x00, 0x00, 0x00,
    0x73, 0x6f, 0x63, 0x5f, 0x6c, 0x73, 0x74, 0x6d, 0x5f, 0x31, 0x2f, 0x6c,
    0x73, 0x74, 0x6d, 0x5f, 0x31, 0x2f, 0x6c, 0x73, 0x74, 0x6d, 0x5f, 0x63,
    0x65, 0x6c, 0x6c, 0x5f, 0x32, 0x31, 0x2f, 0x73, 0x70, 0x6c, 0x69, 0x74,
    0x3b, 0x73, 0x6f, 0x63, 0x5f, 0x6c, 0x73, 0x74, 0x6d, 0x5f, 0x31, 0x2f,
    0x6c, 0x73, 0x74, 0x6d, 0x5f, 0x31, 0x2f, 0x6c, 0x73, 0x74, 0x6d, 0x5f,
    0x63, 0x65, 0x6c, 0x6c, 0x5f, 0x32, 0x31, 0x2f, 0x73, 0x70, 0x6c, 0x69,
    0x74, 0x31, 0x3b, 0x73, 0x6f, 0x63, 0x5f, 0x6c, 0x73, 0x74, 0x6d, 0x5f,
    0x31, 0x2f, 0x6c, 0x73, 0x74, 0x6d, 0x5f, 0x31, 0x2f, 0x6c, 0x73, 0x74,
    0x6d, 0x5f, 0x63, 0x65, 0x6c, 0x6c, 0x5f, 0x32, 0x31, 0x2f, 0x73, 0x70,
    0x6c, 0x69, 0x74, 0x32, 0x3b, 0x73, 0x6f, 0x63, 0x5f, 0x6c, 0x73, 0x74,
    0x6d, 0x5f, 0x31, 0x2f, 0x6c, 0x73, 0x74, 0x6d, 0x5f, 0x31, 0x2f, 0x6c,
    0x73, 0x74, 0x6d, 0x5f, 0x63, 0x65, 0x6c, 0x6c, 0x5f, 0x32, 0x31, 0x2f,
    0x73, 0x70, 0x6c, 0x69, 0x74, 0x33, 0x32, 0x00, 0x02, 0x00, 0x00, 0x00,
    0x01, 0x00, 0x00, 0x00, 0x10, 0x00, 0x00, 0x00, 0xf6, 0xfe, 0xfe, 0xff,
    0x00, 0x00, 0x00, 0x01, 0x18, 0x00, 0x00, 0x00, 0x20, 0x00, 0x00, 0x00,
    0x40, 0x00, 0x00, 0x00, 0xf8, 0x00, 0x00, 0x00, 0x00, 0x00, 0x00, 0x09,
    0xd0, 0x00, 0x00, 0x00, 0x02, 0x00, 0x00, 0x00, 0xff, 0xff, 0xff, 0xff,
    0x10, 0x00, 0x00, 0x00, 0xdc, 0xfe, 0xfe, 0xff, 0x08, 0x00, 0x00, 0x00,
    0x14, 0x00, 0x00, 0x00, 0x01, 0x00, 0x00, 0x00, 0xe3, 0xff, 0xff, 0xff,
    0xff, 0xff, 0xff, 0xff, 0x00, 0x00, 0x00, 0x00, 0x01, 0x00, 0x00, 0x00,
    0x9a, 0x1e, 0x2a, 0x3c, 0x97, 0x00, 0x00, 0x00, 0x73, 0x6f, 0x63, 0x5f,
    0x6c, 0x73, 0x74, 0x6d, 0x5f, 0x31, 0x2f, 0x6c, 0x73, 0x74, 0x6d, 0x5f,
    0x31, 0x2f, 0x6c, 0x73, 0x74, 0x6d, 0x5f, 0x63, 0x65, 0x6c, 0x6c, 0x5f,
    0x32, 0x31, 0x2f, 0x73, 0x70, 0x6c, 0x69, 0x74, 0x3b, 0x73, 0x6f, 0x63,
    0x5f, 0x6c, 0x73, 0x74, 0x6d, 0x5f, 0x31, 0x2f, 0x6c, 0x73, 0x74, 0x6d,
    0x5f, 0x31, 0x2f, 0x6c, 0x73, 0x74, 0x6d, 0x5f, 0x63, 0x65, 0x6c, 0x6c,
    0x5f, 0x32, 0x31, 0x2f, 0x73, 0x70, 0x6c, 0x69, 0x74, 0x31, 0x3b, 0x73,
    0x6f, 0x63, 0x5f, 0x6c, 0x73, 0x74, 0x6d, 0x5f, 0x31, 0x2f, 0x6c, 0x73,
    0x74, 0x6d, 0x5f, 0x31, 0x2f, 0x6c, 0x73, 0x74, 0x6d, 0x5f, 0x63, 0x65,
    0x6c, 0x6c, 0x5f, 0x32, 0x31, 0x2f, 0x73, 0x70, 0x6c, 0x69, 0x74, 0x32,
    0x3b, 0x73, 0x6f, 0x63, 0x5f, 0x6c, 0x73, 0x74, 0x6d, 0x5f, 0x31, 0x2f,
    0x6c, 0x73, 0x74, 0x6d, 0x5f, 0x31, 0x2f, 0x6c, 0x73, 0x74, 0x6d, 0x5f,
    0x63, 0x65, 0x6c, 0x6c, 0x5f, 0x32, 0x31, 0x2f, 0x73, 0x70, 0x6c, 0x69,
    0x74, 0x33, 0x31, 0x00, 0x02, 0x00, 0x00, 0x00, 0x01, 0x00, 0x00, 0x00,
    0x10, 0x00, 0x00, 0x00, 0xee, 0xff, 0xfe, 0xff, 0x00, 0x00, 0x00, 0x01,
    0x18, 0x00, 0x00, 0x00, 0x20, 0x00, 0x00, 0x00, 0x40, 0x00, 0x00, 0x00,
    0xf7, 0x00, 0x00, 0x00, 0x00, 0x00, 0x00, 0x09, 0xd0, 0x00, 0x00, 0x00,
    0x02, 0x00, 0x00, 0x00, 0xff, 0xff, 0xff, 0xff, 0x10, 0x00, 0x00, 0x00,
    0xd4, 0xff, 0xfe, 0xff, 0x08, 0x00, 0x00, 0x00, 0x14, 0x00, 0x00, 0x00,
    0x01, 0x00, 0x00, 0x00, 0xe3, 0xff, 0xff, 0xff, 0xff, 0xff, 0xff, 0xff,
    0x00, 0x00, 0x00, 0x00, 0x01, 0x00, 0x00, 0x00, 0x9a, 0x1e, 0x2a, 0x3c,
    0x96, 0x00, 0x00, 0x00, 0x73, 0x6f, 0x63, 0x5f, 0x6c, 0x73, 0x74, 0x6d,
    0x5f, 0x31, 0x2f, 0x6c, 0x73, 0x74, 0x6d, 0x5f, 0x31, 0x2f, 0x6c, 0x73,
    0x74, 0x6d, 0x5f, 0x63, 0x65, 0x6c, 0x6c, 0x5f, 0x32, 0x31, 0x2f, 0x73,
    0x70, 0x6c, 0x69, 0x74, 0x3b, 0x73, 0x6f, 0x63, 0x5f, 0x6c, 0x73, 0x74,
    0x6d, 0x5f, 0x31, 0x2f, 0x6c, 0x73, 0x74, 0x6d, 0x5f, 0x31, 0x2f, 0x6c,
    0x73, 0x74, 0x6d, 0x5f, 0x63, 0x65, 0x6c, 0x6c, 0x5f, 0x32, 0x31, 0x2f,
    0x73, 0x70, 0x6c, 0x69, 0x74, 0x31, 0x3b, 0x73, 0x6f, 0x63, 0x5f, 0x6c,
    0x73, 0x74, 0x6d, 0x5f, 0x31, 0x2f, 0x6c, 0x73, 0x74, 0x6d, 0x5f, 0x31,
    0x2f, 0x6c, 0x73, 0x74, 0x6d, 0x5f, 0x63, 0x65, 0x6c, 0x6c, 0x5f, 0x32,
    0x31, 0x2f, 0x73, 0x70, 0x6c, 0x69, 0x74, 0x32, 0x3b, 0x73, 0x6f, 0x63,
    0x5f, 0x6c, 0x73, 0x74, 0x6d, 0x5f, 0x31, 0x2f, 0x6c, 0x73, 0x74, 0x6d,
    0x5f, 0x31, 0x2f, 0x6c, 0x73, 0x74, 0x6d, 0x5f, 0x63, 0x65, 0x6c, 0x6c,
    0x5f, 0x32, 0x31, 0x2f, 0x73, 0x70, 0x6c, 0x69, 0x74, 0x33, 0x00, 0x00,
    0x02, 0x00, 0x00, 0x00, 0x01, 0x00, 0x00, 0x00, 0x10, 0x00, 0x00, 0x00,
    0xe6, 0x00, 0xff, 0xff, 0x00, 0x00, 0x00, 0x01, 0x18, 0x00, 0x00, 0x00,
    0x20, 0x00, 0x00, 0x00, 0x40, 0x00, 0x00, 0x00, 0xf6, 0x00, 0x00, 0x00,
    0x00, 0x00, 0x00, 0x09, 0x60, 0x00, 0x00, 0x00, 0x02, 0x00, 0x00, 0x00,
    0xff, 0xff, 0xff, 0xff, 0x40, 0x00, 0x00, 0x00, 0xcc, 0x00, 0xff, 0xff,
    0x08, 0x00, 0x00, 0x00, 0x14, 0x00, 0x00, 0x00, 0x01, 0x00, 0x00, 0x00,
    0xe3, 0xff, 0xff, 0xff, 0xff, 0xff, 0xff, 0xff, 0x00, 0x00, 0x00, 0x00,
    0x01, 0x00, 0x00, 0x00, 0x9a, 0x1e, 0x2a, 0x3c, 0x26, 0x00, 0x00, 0x00,
    0x73, 0x6f, 0x63, 0x5f, 0x6c, 0x73, 0x74, 0x6d, 0x5f, 0x31, 0x2f, 0x6c,
    0x73, 0x74, 0x6d, 0x5f, 0x31, 0x2f, 0x6c, 0x73, 0x74, 0x6d, 0x5f, 0x63,
    0x65, 0x6c, 0x6c, 0x5f, 0x32, 0x31, 0x2f, 0x42, 0x69, 0x61, 0x73, 0x41,
    0x64, 0x64, 0x00, 0x00, 0x02, 0x00, 0x00, 0x00, 0x01, 0x00, 0x00, 0x00,
    0x40, 0x00, 0x00, 0x00, 0x6e, 0x01, 0xff, 0xff, 0x00, 0x00, 0x00, 0x01,
    0x18, 0x00, 0x00, 0x00, 0x20, 0x00, 0x00, 0x00, 0x3c, 0x00, 0x00, 0x00,
    0xf5, 0x00, 0x00, 0x00, 0x00, 0x00, 0x00, 0x09, 0x58, 0x00, 0x00, 0x00,
    0x02, 0x00, 0x00, 0x00, 0xff, 0xff, 0xff, 0xff, 0x40, 0x00, 0x00, 0x00,
    0x54, 0x01, 0xff, 0xff, 0x08, 0x00, 0x00, 0x00, 0x10, 0x00, 0x00, 0x00,
    0x01, 0x00, 0x00, 0x00, 0xe7, 0xff, 0xff, 0xff, 0xff, 0xff, 0xff, 0xff,
    0x01, 0x00, 0x00, 0x00, 0x94, 0x6f, 0x2e, 0x3c, 0x22, 0x00, 0x00, 0x00,
    0x73, 0x6f, 0x63, 0x5f, 0x6c, 0x73, 0x74, 0x6d, 0x5f, 0x31, 0x2f, 0x6c,
    0x73, 0x74, 0x6d, 0x5f, 0x31, 0x2f, 0x6c, 0x73, 0x74, 0x6d, 0x5f, 0x63,
    0x65, 0x6c, 0x6c, 0x5f, 0x32, 0x31, 0x2f, 0x41, 0x64, 0x64, 0x00, 0x00,
    0x02, 0x00, 0x00, 0x00, 0x01, 0x00, 0x00, 0x00, 0x40, 0x00, 0x00, 0x00,
    0xee, 0x01, 0xff, 0xff, 0x00, 0x00, 0x00, 0x01, 0x18, 0x00, 0x00, 0x00,
    0x20, 0x00, 0x00, 0x00, 0x40, 0x00, 0x00, 0x00, 0xf4, 0x00, 0x00, 0x00,
    0x00, 0x00, 0x00, 0x09, 0x60, 0x00, 0x00, 0x00, 0x02, 0x00, 0x00, 0x00,
    0xff, 0xff, 0xff, 0xff, 0x40, 0x00, 0x00, 0x00, 0xd4, 0x01, 0xff, 0xff,
    0x08, 0x00, 0x00, 0x00, 0x14, 0x00, 0x00, 0x00, 0x01, 0x00, 0x00, 0x00,
    0xe9, 0xff, 0xff, 0xff, 0xff, 0xff, 0xff, 0xff, 0x00, 0x00, 0x00, 0x00,
    0x01, 0x00, 0x00, 0x00, 0x57, 0x22, 0x8a, 0x3b, 0x27, 0x00, 0x00, 0x00,
    0x73, 0x6f, 0x63, 0x5f, 0x6c, 0x73, 0x74, 0x6d, 0x5f, 0x31, 0x2f, 0x6c,
    0x73, 0x74, 0x6d, 0x5f, 0x31, 0x2f, 0x6c, 0x73, 0x74, 0x6d, 0x5f, 0x63,
    0x65, 0x6c, 0x6c, 0x5f, 0x32, 0x31, 0x2f, 0x4d, 0x61, 0x74, 0x4d, 0x75,
    0x6c, 0x5f, 0x31, 0x00, 0x02, 0x00, 0x00, 0x00, 0x01, 0x00, 0x00, 0x00,
    0x40, 0x00, 0x00, 0x00, 0x76, 0x02, 0xff, 0xff, 0x00, 0x00, 0x00, 0x01,
    0x18, 0x00, 0x00, 0x00, 0x20, 0x00, 0x00, 0x00, 0x40, 0x00, 0x00, 0x00,
    0xf3, 0x00, 0x00, 0x00, 0x00, 0x00, 0x00, 0x09, 0x60, 0x00, 0x00, 0x00,
    0x02, 0x00, 0x00, 0x00, 0xff, 0xff, 0xff, 0xff, 0x10, 0x00, 0x00, 0x00,
    0x5c, 0x02, 0xff, 0xff, 0x08, 0x00, 0x00, 0x00, 0x14, 0x00, 0x00, 0x00,
    0x01, 0x00, 0x00, 0x00, 0x21, 0x00, 0x00, 0x00, 0x00, 0x00, 0x00, 0x00,
    0x00, 0x00, 0x00, 0x00, 0x01, 0x00, 0x00, 0x00, 0xfe, 0x13, 0x1e, 0x3b,
    0x24, 0x00, 0x00, 0x00, 0x73, 0x6f, 0x63, 0x5f, 0x6c, 0x73, 0x74, 0x6d,
    0x5f, 0x31, 0x2f, 0x6c, 0x73, 0x74, 0x6d, 0x5f, 0x31, 0x2f, 0x6c, 0x73,
    0x74, 0x6d, 0x5f, 0x63, 0x65, 0x6c, 0x6c, 0x5f, 0x31, 0x39, 0x2f, 0x6d,
    0x75, 0x6c, 0x5f, 0x32, 0x00, 0x00, 0x00, 0x00, 0x02, 0x00, 0x00, 0x00,
    0x01, 0x00, 0x00, 0x00, 0x10, 0x00, 0x00, 0x00, 0xfe, 0x02, 0xff, 0xff,
    0x00, 0x00, 0x00, 0x01, 0x18, 0x00, 0x00, 0x00, 0x20, 0x00, 0x00, 0x00,
    0x40, 0x00, 0x00, 0x00, 0xf2, 0x00, 0x00, 0x00, 0x00, 0x00, 0x00, 0x09,
    0x60, 0x00, 0x00, 0x00, 0x02, 0x00, 0x00, 0x00, 0xff, 0xff, 0xff, 0xff,
    0x10, 0x00, 0x00, 0x00, 0xe4, 0x02, 0xff, 0xff, 0x08, 0x00, 0x00, 0x00,
    0x14, 0x00, 0x00, 0x00, 0x01, 0x00, 0x00, 0x00, 0x00, 0x00, 0x00, 0x00,
    0x00, 0x00, 0x00, 0x00, 0x00, 0x00, 0x00, 0x00, 0x01, 0x00, 0x00, 0x00,
    0x00, 0x00, 0x00, 0x3c, 0x25, 0x00, 0x00, 0x00, 0x73, 0x6f, 0x63, 0x5f,
    0x6c, 0x73, 0x74, 0x6d, 0x5f, 0x31, 0x2f, 0x6c, 0x73, 0x74, 0x6d, 0x5f,
    0x31, 0x2f, 0x6c, 0x73, 0x74, 0x6d, 0x5f, 0x63, 0x65, 0x6c, 0x6c, 0x5f,
    0x31, 0x39, 0x2f, 0x54, 0x61, 0x6e, 0x68, 0x5f, 0x31, 0x00, 0x00, 0x00,
    0x02, 0x00, 0x00, 0x00, 0x01, 0x00, 0x00, 0x00, 0x10, 0x00, 0x00, 0x00,
    0x86, 0x03, 0xff, 0xff, 0x00, 0x00, 0x00, 0x01, 0x18, 0x00, 0x00, 0x00,
    0x20, 0x00, 0x00, 0x00, 0x40, 0x00, 0x00, 0x00, 0xf1, 0x00, 0x00, 0x00,
    0x00, 0x00, 0x00, 0x09, 0x60, 0x00, 0x00, 0x00, 0x02, 0x00, 0x00, 0x00,
    0xff, 0xff, 0xff, 0xff, 0x10, 0x00, 0x00, 0x00, 0x6c, 0x03, 0xff, 0xff,
    0x08, 0x00, 0x00, 0x00, 0x14, 0x00, 0x00, 0x00, 0x01, 0x00, 0x00, 0x00,
    0x3d, 0x00, 0x00, 0x00, 0x00, 0x00, 0x00, 0x00, 0x00, 0x00, 0x00, 0x00,
    0x01, 0x00, 0x00, 0x00, 0xdb, 0x54, 0x03, 0x3c, 0x24, 0x00, 0x00, 0x00,
    0x73, 0x6f, 0x63, 0x5f, 0x6c, 0x73, 0x74, 0x6d, 0x5f, 0x31, 0x2f, 0x6c,
    0x73, 0x74, 0x6d, 0x5f, 0x31, 0x2f, 0x6c, 0x73, 0x74, 0x6d, 0x5f, 0x63,
    0x65, 0x6c, 0x6c, 0x5f, 0x31, 0x39, 0x2f, 0x61, 0x64, 0x64, 0x5f, 0x31,
    0x00, 0x00, 0x00, 0x00, 0x02, 0x00, 0x00, 0x00, 0x01, 0x00, 0x00, 0x00,
    0x10, 0x00, 0x00, 0x00, 0x0e, 0x04, 0xff, 0xff, 0x00, 0x00, 0x00, 0x01,
    0x18, 0x00, 0x00, 0x00, 0x20, 0x00, 0x00, 0x00, 0x40, 0x00, 0x00, 0x00,
    0xf0, 0x00, 0x00, 0x00, 0x00, 0x00, 0x00, 0x09, 0x60, 0x00, 0x00, 0x00,
    0x02, 0x00, 0x00, 0x00, 0xff, 0xff, 0xff, 0xff, 0x10, 0x00, 0x00, 0x00,
    0xf4, 0x03, 0xff, 0xff, 0x08, 0x00, 0x00, 0x00, 0x14, 0x00, 0x00, 0x00,
    0x01, 0x00, 0x00, 0x00, 0x2f, 0x00, 0x00, 0x00, 0x00, 0x00, 0x00, 0x00,
    0x00, 0x00, 0x00, 0x00, 0x01, 0x00, 0x00, 0x00, 0x17, 0x31, 0x1a, 0x3b,
    0x24, 0x00, 0x00, 0x00, 0x73, 0x6f, 0x63, 0x5f, 0x6c, 0x73, 0x74, 0x6d,
    0x5f, 0x31, 0x2f, 0x6c, 0x73, 0x74, 0x6d, 0x5f, 0x31, 0x2f, 0x6c, 0x73,
    0x74, 0x6d, 0x5f, 0x63, 0x65, 0x6c, 0x6c, 0x5f, 0x31, 0x39, 0x2f, 0x6d,
    0x75, 0x6c, 0x5f, 0x31, 0x00, 0x00, 0x00, 0x00, 0x02, 0x00, 0x00, 0x00,
    0x01, 0x00, 0x00, 0x00, 0x10, 0x00, 0x00, 0x00, 0x96, 0x04, 0xff, 0xff,
    0x00, 0x00, 0x00, 0x01, 0x18, 0x00, 0x00, 0x00, 0x20, 0x00, 0x00, 0x00,
    0x3c, 0x00, 0x00, 0x00, 0xef, 0x00, 0x00, 0x00, 0x00, 0x00, 0x00, 0x09,
    0x58, 0x00, 0x00, 0x00, 0x02, 0x00, 0x00, 0x00, 0xff, 0xff, 0xff, 0xff,
    0x10, 0x00, 0x00, 0x00, 0x7c, 0x04, 0xff, 0xff, 0x08, 0x00, 0x00, 0x00,
    0x10, 0x00, 0x00, 0x00, 0x01, 0x00, 0x00, 0x00, 0x00, 0x00, 0x00, 0x00,
    0x00, 0x00, 0x00, 0x00, 0x01, 0x00, 0x00, 0x00, 0x00, 0x00, 0x00, 0x3c,
    0x23, 0x00, 0x00, 0x00, 0x73, 0x6f, 0x63, 0x5f, 0x6c, 0x73, 0x74, 0x6d,
    0x5f, 0x31, 0x2f, 0x6c, 0x73, 0x74, 0x6d, 0x5f, 0x31, 0x2f, 0x6c, 0x73,
    0x74, 0x6d, 0x5f, 0x63, 0x65, 0x6c, 0x6c, 0x5f, 0x31, 0x39, 0x2f, 0x54,
    0x61, 0x6e, 0x68, 0x00, 0x02, 0x00, 0x00, 0x00, 0x01, 0x00, 0x00, 0x00,
    0x10, 0x00, 0x00, 0x00, 0x16, 0x05, 0xff, 0xff, 0x00, 0x00, 0x00, 0x01,
    0x18, 0x00, 0x00, 0x00, 0x20, 0x00, 0x00, 0x00, 0x3c, 0x00, 0x00, 0x00,
    0xee, 0x00, 0x00, 0x00, 0x00, 0x00, 0x00, 0x09, 0x60, 0x00, 0x00, 0x00,
    0x02, 0x00, 0x00, 0x00, 0xff, 0xff, 0xff, 0xff, 0x10, 0x00, 0x00, 0x00,
    0xfc, 0x04, 0xff, 0xff, 0x08, 0x00, 0x00, 0x00, 0x10, 0x00, 0x00, 0x00,
    0x01, 0x00, 0x00, 0x00, 0x80, 0xff, 0xff, 0xff, 0xff, 0xff, 0xff, 0xff,
    0x01, 0x00, 0x00, 0x00, 0x00, 0x00, 0x80, 0x3b, 0x28, 0x00, 0x00, 0x00,
    0x73, 0x6f, 0x63, 0x5f, 0x6c, 0x73, 0x74, 0x6d, 0x5f, 0x31, 0x2f, 0x6c,
    0x73, 0x74, 0x6d, 0x5f, 0x31, 0x2f, 0x6c, 0x73, 0x74, 0x6d, 0x5f, 0x63,
    0x65, 0x6c, 0x6c, 0x5f, 0x31, 0x39, 0x2f, 0x53, 0x69, 0x67, 0x6d, 0x6f,
    0x69, 0x64, 0x5f, 0x32, 0x00, 0x00, 0x00, 0x00, 0x02, 0x00, 0x00, 0x00,
    0x01, 0x00, 0x00, 0x00, 0x10, 0x00, 0x00, 0x00, 0x9e, 0x05, 0xff, 0xff,
    0x00, 0x00, 0x00, 0x01, 0x18, 0x00, 0x00, 0x00, 0x20, 0x00, 0x00, 0x00,
    0x3c, 0x00, 0x00, 0x00, 0xed, 0x00, 0x00, 0x00, 0x00, 0x00, 0x00, 0x09,
    0x58, 0x00, 0x00, 0x00, 0x02, 0x00, 0x00, 0x00, 0xff, 0xff, 0xff, 0xff,
    0x10, 0x00, 0x00, 0x00, 0x84, 0x05, 0xff, 0xff, 0x08, 0x00, 0x00, 0x00,
    0x10, 0x00, 0x00, 0x00, 0x01, 0x00, 0x00, 0x00, 0x3d, 0x00, 0x00, 0x00,
    0x00, 0x00, 0x00, 0x00, 0x01, 0x00, 0x00, 0x00, 0xdb, 0x54, 0x03, 0x3c,
    0x22, 0x00, 0x00, 0x00, 0x73, 0x6f, 0x63, 0x5f, 0x6c, 0x73, 0x74, 0x6d,
    0x5f, 0x31, 0x2f, 0x6c, 0x73, 0x74, 0x6d, 0x5f, 0x31, 0x2f, 0x6c, 0x73,
    0x74, 0x6d, 0x5f, 0x63, 0x65, 0x6c, 0x6c, 0x5f, 0x31, 0x39, 0x2f, 0x6d,
    0x75, 0x6c, 0x00, 0x00, 0x02, 0x00, 0x00, 0x00, 0x01, 0x00, 0x00, 0x00,
    0x10, 0x00, 0x00, 0x00, 0x1e, 0x06, 0xff, 0xff, 0x00, 0x00, 0x00, 0x01,
    0x18, 0x00, 0x00, 0x00, 0x20, 0x00, 0x00, 0x00, 0x3c, 0x00, 0x00, 0x00,
    0xec, 0x00, 0x00, 0x00, 0x00, 0x00, 0x00, 0x09, 0x60, 0x00, 0x00, 0x00,
    0x02, 0x00, 0x00, 0x00, 0xff, 0xff, 0xff, 0xff, 0x10, 0x00, 0x00, 0x00,
    0x04, 0x06, 0xff, 0xff, 0x08, 0x00, 0x00, 0x00, 0x10, 0x00, 0x00, 0x00,
    0x01, 0x00, 0x00, 0x00, 0x80, 0xff, 0xff, 0xff, 0xff, 0xff, 0xff, 0xff,
    0x01, 0x00, 0x00, 0x00, 0x00, 0x00, 0x80, 0x3b, 0x28, 0x00, 0x00, 0x00,
    0x73, 0x6f, 0x63, 0x5f, 0x6c, 0x73, 0x74, 0x6d, 0x5f, 0x31, 0x2f, 0x6c,
    0x73, 0x74, 0x6d, 0x5f, 0x31, 0x2f, 0x6c, 0x73, 0x74, 0x6d, 0x5f, 0x63,
    0x65, 0x6c, 0x6c, 0x5f, 0x31, 0x39, 0x2f, 0x53, 0x69, 0x67, 0x6d, 0x6f,
    0x69, 0x64, 0x5f, 0x31, 0x00, 0x00, 0x00, 0x00, 0x02, 0x00, 0x00, 0x00,
    0x01, 0x00, 0x00, 0x00, 0x10, 0x00, 0x00, 0x00, 0xa6, 0x06, 0xff, 0xff,
    0x00, 0x00, 0x00, 0x01, 0x18, 0x00, 0x00, 0x00, 0x20, 0x00, 0x00, 0x00,
    0x40, 0x00, 0x00, 0x00, 0xeb, 0x00, 0x00, 0x00, 0x00, 0x00, 0x00, 0x09,
    0x60, 0x00, 0x00, 0x00, 0x02, 0x00, 0x00, 0x00, 0xff, 0xff, 0xff, 0xff,
    0x10, 0x00, 0x00, 0x00, 0x8c, 0x06, 0xff, 0xff, 0x08, 0x00, 0x00, 0x00,
    0x14, 0x00, 0x00, 0x00, 0x01, 0x00, 0x00, 0x00, 0x80, 0xff, 0xff, 0xff,
    0xff, 0xff, 0xff, 0xff, 0x00, 0x00, 0x00, 0x00, 0x01, 0x00, 0x00, 0x00,
    0x00, 0x00, 0x80, 0x3b, 0x26, 0x00, 0x00, 0x00, 0x73, 0x6f, 0x63, 0x5f,
    0x6c, 0x73, 0x74, 0x6d, 0x5f, 0x31, 0x2f, 0x6c, 0x73, 0x74, 0x6d, 0x5f,
    0x31, 0x2f, 0x6c, 0x73, 0x74, 0x6d, 0x5f, 0x63, 0x65, 0x6c, 0x6c, 0x5f,
    0x31, 0x39, 0x2f, 0x53, 0x69, 0x67, 0x6d, 0x6f, 0x69, 0x64, 0x00, 0x00,
    0x02, 0x00, 0x00, 0x00, 0x01, 0x00, 0x00, 0x00, 0x10, 0x00, 0x00, 0x00,
    0x2e, 0x07, 0xff, 0xff, 0x00, 0x00, 0x00, 0x01, 0x18, 0x00, 0x00, 0x00,
    0x20, 0x00, 0x00, 0x00, 0x40, 0x00, 0x00, 0x00, 0xea, 0x00, 0x00, 0x00,
    0x00, 0x00, 0x00, 0x09, 0xd0, 0x00, 0x00, 0x00, 0x02, 0x00, 0x00, 0x00,
    0xff, 0xff, 0xff, 0xff, 0x10, 0x00, 0x00, 0x00, 0x14, 0x07, 0xff, 0xff,
    0x08, 0x00, 0x00, 0x00, 0x14, 0x00, 0x00, 0x00, 0x01, 0x00, 0x00, 0x00,
    0xe3, 0xff, 0xff, 0xff, 0xff, 0xff, 0xff, 0xff, 0x00, 0x00, 0x00, 0x00,
    0x01, 0x00, 0x00, 0x00, 0x34, 0x86, 0x29, 0x3c, 0x97, 0x00, 0x00, 0x00,
    0x73, 0x6f, 0x63, 0x5f, 0x6c, 0x73, 0x74, 0x6d, 0x5f, 0x31, 0x2f, 0x6c,
    0x73, 0x74, 0x6d, 0x5f, 0x31, 0x2f, 0x6c, 0x73, 0x74, 0x6d, 0x5f, 0x63,
    0x65, 0x6c, 0x6c, 0x5f, 0x31, 0x39, 0x2f, 0x73, 0x70, 0x6c, 0x69, 0x74,
    0x3b, 0x73, 0x6f, 0x63, 0x5f, 0x6c, 0x73, 0x74, 0x6d, 0x5f, 0x31, 0x2f,
    0x6c, 0x73, 0x74, 0x6d, 0x5f, 0x31, 0x2f, 0x6c, 0x73, 0x74, 0x6d, 0x5f,
    0x63, 0x65, 0x6c, 0x6c, 0x5f, 0x31, 0x39, 0x2f, 0x73, 0x70, 0x6c, 0x69,
    0x74, 0x31, 0x3b, 0x73, 0x6f, 0x63, 0x5f, 0x6c, 0x73, 0x74, 0x6d, 0x5f,
    0x31, 0x2f, 0x6c, 0x73, 0x74, 0x6d, 0x5f, 0x31, 0x2f, 0x6c, 0x73, 0x74,
    0x6d, 0x5f, 0x63, 0x65, 0x6c, 0x6c, 0x5f, 0x31, 0x39, 0x2f, 0x73, 0x70,
    0x6c, 0x69, 0x74, 0x32, 0x3b, 0x73, 0x6f, 0x63, 0x5f, 0x6c, 0x73, 0x74,
    0x6d, 0x5f, 0x31, 0x2f, 0x6c, 0x73, 0x74, 0x6d, 0x5f, 0x31, 0x2f, 0x6c,
    0x73, 0x74, 0x6d, 0x5f, 0x63, 0x65, 0x6c, 0x6c, 0x5f, 0x31, 0x39, 0x2f,
    0x73, 0x70, 0x6c, 0x69, 0x74, 0x33, 0x33, 0x00, 0x02, 0x00, 0x00, 0x00,
    0x01, 0x00, 0x00, 0x00, 0x10, 0x00, 0x00, 0x00, 0x26, 0x08, 0xff, 0xff,
    0x00, 0x00, 0x00, 0x01, 0x18, 0x00, 0x00, 0x00, 0x20, 0x00, 0x00, 0x00,
    0x40, 0x00, 0x00, 0x00, 0xe9, 0x00, 0x00, 0x00, 0x00, 0x00, 0x00, 0x09,
    0xd0, 0x00, 0x00, 0x00, 0x02, 0x00, 0x00, 0x00, 0xff, 0xff, 0xff, 0xff,
    0x10, 0x00, 0x00, 0x00, 0x0c, 0x08, 0xff, 0xff, 0x08, 0x00, 0x00, 0x00,
    0x14, 0x00, 0x00, 0x00, 0x01, 0x00, 0x00, 0x00, 0xe3, 0xff, 0xff, 0xff,
    0xff, 0xff, 0xff, 0xff, 0x00, 0x00, 0x00, 0x00, 0x01, 0x00, 0x00, 0x00,
    0x34, 0x86, 0x29, 0x3c, 0x97, 0x00, 0x00, 0x00, 0x73, 0x6f, 0x63, 0x5f,
    0x6c, 0x73, 0x74, 0x6d, 0x5f, 0x31, 0x2f, 0x6c, 0x73, 0x74, 0x6d, 0x5f,
    0x31, 0x2f, 0x6c, 0x73, 0x74, 0x6d, 0x5f, 0x63, 0x65, 0x6c, 0x6c, 0x5f,
    0x31, 0x39, 0x2f, 0x73, 0x70, 0x6c, 0x69, 0x74, 0x3b, 0x73, 0x6f, 0x63,
    0x5f, 0x6c, 0x73, 0x74, 0x6d, 0x5f, 0x31, 0x2f, 0x6c, 0x73, 0x74, 0x6d,
    0x5f, 0x31, 0x2f, 0x6c, 0x73, 0x74, 0x6d, 0x5f, 0x63, 0x65, 0x6c, 0x6c,
    0x5f, 0x31, 0x39, 0x2f, 0x73, 0x70, 0x6c, 0x69, 0x74, 0x31, 0x3b, 0x73,
    0x6f, 0x63, 0x5f, 0x6c, 0x73, 0x74, 0x6d, 0x5f, 0x31, 0x2f, 0x6c, 0x73,
    0x74, 0x6d, 0x5f, 0x31, 0x2f, 0x6c, 0x73, 0x74, 0x6d, 0x5f, 0x63, 0x65,
    0x6c, 0x6c, 0x5f, 0x31, 0x39, 0x2f, 0x73, 0x70, 0x6c, 0x69, 0x74, 0x32,
    0x3b, 0x73, 0x6f, 0x63, 0x5f, 0x6c, 0x73, 0x74, 0x6d, 0x5f, 0x31, 0x2f,
    0x6c, 0x73, 0x74, 0x6d, 0x5f, 0x31, 0x2f, 0x6c, 0x73, 0x74, 0x6d, 0x5f,
    0x63, 0x65, 0x6c, 0x6c, 0x5f, 0x31, 0x39, 0x2f, 0x73, 0x70, 0x6c, 0x69,
    0x74, 0x33, 0x32, 0x00, 0x02, 0x00, 0x00, 0x00, 0x01, 0x00, 0x00, 0x00,
    0x10, 0x00, 0x00, 0x00, 0x1e, 0x09, 0xff, 0xff, 0x00, 0x00, 0x00, 0x01,
    0x18, 0x00, 0x00, 0x00, 0x20, 0x00, 0x00, 0x00, 0x40, 0x00, 0x00, 0x00,
    0xe8, 0x00, 0x00, 0x00, 0x00, 0x00, 0x00, 0x09, 0xd0, 0x00, 0x00, 0x00,
    0x02, 0x00, 0x00, 0x00, 0xff, 0xff, 0xff, 0xff, 0x10, 0x00, 0x00, 0x00,
    0x04, 0x09, 0xff, 0xff, 0x08, 0x00, 0x00, 0x00, 0x14, 0x00, 0x00, 0x00,
    0x01, 0x00, 0x00, 0x00, 0xe3, 0xff, 0xff, 0xff, 0xff, 0xff, 0xff, 0xff,
    0x00, 0x00, 0x00, 0x00, 0x01, 0x00, 0x00, 0x00, 0x34, 0x86, 0x29, 0x3c,
    0x97, 0x00, 0x00, 0x00, 0x73, 0x6f, 0x63, 0x5f, 0x6c, 0x73, 0x74, 0x6d,
    0x5f, 0x31, 0x2f, 0x6c, 0x73, 0x74, 0x6d, 0x5f, 0x31, 0x2f, 0x6c, 0x73,
    0x74, 0x6d, 0x5f, 0x63, 0x65, 0x6c, 0x6c, 0x5f, 0x31, 0x39, 0x2f, 0x73,
    0x70, 0x6c, 0x69, 0x74, 0x3b, 0x73, 0x6f, 0x63, 0x5f, 0x6c, 0x73, 0x74,
    0x6d, 0x5f, 0x31, 0x2f, 0x6c, 0x73, 0x74, 0x6d, 0x5f, 0x31, 0x2f, 0x6c,
    0x73, 0x74, 0x6d, 0x5f, 0x63, 0x65, 0x6c, 0x6c, 0x5f, 0x31, 0x39, 0x2f,
    0x73, 0x70, 0x6c, 0x69, 0x74, 0x31, 0x3b, 0x73, 0x6f, 0x63, 0x5f, 0x6c,
    0x73, 0x74, 0x6d, 0x5f, 0x31, 0x2f, 0x6c, 0x73, 0x74, 0x6d, 0x5f, 0x31,
    0x2f, 0x6c, 0x73, 0x74, 0x6d, 0x5f, 0x63, 0x65, 0x6c, 0x6c, 0x5f, 0x31,
    0x39, 0x2f, 0x73, 0x70, 0x6c, 0x69, 0x74, 0x32, 0x3b, 0x73, 0x6f, 0x63,
    0x5f, 0x6c, 0x73, 0x74, 0x6d, 0x5f, 0x31, 0x2f, 0x6c, 0x73, 0x74, 0x6d,
    0x5f, 0x31, 0x2f, 0x6c, 0x73, 0x74, 0x6d, 0x5f, 0x63, 0x65, 0x6c, 0x6c,
    0x5f, 0x31, 0x39, 0x2f, 0x73, 0x70, 0x6c, 0x69, 0x74, 0x33, 0x31, 0x00,
    0x02, 0x00, 0x00, 0x00, 0x01, 0x00, 0x00, 0x00, 0x10, 0x00, 0x00, 0x00,
    0x16, 0x0a, 0xff, 0xff, 0x00, 0x00, 0x00, 0x01, 0x18, 0x00, 0x00, 0x00,
    0x20, 0x00, 0x00, 0x00, 0x40, 0x00, 0x00, 0x00, 0xe7, 0x00, 0x00, 0x00,
    0x00, 0x00, 0x00, 0x09, 0xd0, 0x00, 0x00, 0x00, 0x02, 0x00, 0x00, 0x00,
    0xff, 0xff, 0xff, 0xff, 0x10, 0x00, 0x00, 0x00, 0xfc, 0x09, 0xff, 0xff,
    0x08, 0x00, 0x00, 0x00, 0x14, 0x00, 0x00, 0x00, 0x01, 0x00, 0x00, 0x00,
    0xe3, 0xff, 0xff, 0xff, 0xff, 0xff, 0xff, 0xff, 0x00, 0x00, 0x00, 0x00,
    0x01, 0x00, 0x00, 0x00, 0x34, 0x86, 0x29, 0x3c, 0x96, 0x00, 0x00, 0x00,
    0x73, 0x6f, 0x63, 0x5f, 0x6c, 0x73, 0x74, 0x6d, 0x5f, 0x31, 0x2f, 0x6c,
    0x73, 0x74, 0x6d, 0x5f, 0x31, 0x2f, 0x6c, 0x73, 0x74, 0x6d, 0x5f, 0x63,
    0x65, 0x6c, 0x6c, 0x5f, 0x31, 0x39, 0x2f, 0x73, 0x70, 0x6c, 0x69, 0x74,
    0x3b, 0x73, 0x6f, 0x63, 0x5f, 0x6c, 0x73, 0x74, 0x6d, 0x5f, 0x31, 0x2f,
    0x6c, 0x73, 0x74, 0x6d, 0x5f, 0x31, 0x2f, 0x6c, 0x73, 0x74, 0x6d, 0x5f,
    0x63, 0x65, 0x6c, 0x6c, 0x5f, 0x31, 0x39, 0x2f, 0x73, 0x70, 0x6c, 0x69,
    0x74, 0x31, 0x3b, 0x73, 0x6f, 0x63, 0x5f, 0x6c, 0x73, 0x74, 0x6d, 0x5f,
    0x31, 0x2f, 0x6c, 0x73, 0x74, 0x6d, 0x5f, 0x31, 0x2f, 0x6c, 0x73, 0x74,
    0x6d, 0x5f, 0x63, 0x65, 0x6c, 0x6c, 0x5f, 0x31, 0x39, 0x2f, 0x73, 0x70,
    0x6c, 0x69, 0x74, 0x32, 0x3b, 0x73, 0x6f, 0x63, 0x5f, 0x6c, 0x73, 0x74,
    0x6d, 0x5f, 0x31, 0x2f, 0x6c, 0x73, 0x74, 0x6d, 0x5f, 0x31, 0x2f, 0x6c,
    0x73, 0x74, 0x6d, 0x5f, 0x63, 0x65, 0x6c, 0x6c, 0x5f, 0x31, 0x39, 0x2f,
    0x73, 0x70, 0x6c, 0x69, 0x74, 0x33, 0x00, 0x00, 0x02, 0x00, 0x00, 0x00,
    0x01, 0x00, 0x00, 0x00, 0x10, 0x00, 0x00, 0x00, 0x0e, 0x0b, 0xff, 0xff,
    0x00, 0x00, 0x00, 0x01, 0x18, 0x00, 0x00, 0x00, 0x20, 0x00, 0x00, 0x00,
    0x40, 0x00, 0x00, 0x00, 0xe6, 0x00, 0x00, 0x00, 0x00, 0x00, 0x00, 0x09,
    0x60, 0x00, 0x00, 0x00, 0x02, 0x00, 0x00, 0x00, 0xff, 0xff, 0xff, 0xff,
    0x40, 0x00, 0x00, 0x00, 0xf4, 0x0a, 0xff, 0xff, 0x08, 0x00, 0x00, 0x00,
    0x14, 0x00, 0x00, 0x00, 0x01, 0x00, 0x00, 0x00, 0xe3, 0xff, 0xff, 0xff,
    0xff, 0xff, 0xff, 0xff, 0x00, 0x00, 0x00, 0x00, 0x01, 0x00, 0x00, 0x00,
    0x34, 0x86, 0x29, 0x3c, 0x26, 0x00, 0x00, 0x00, 0x73, 0x6f, 0x63, 0x5f,
    0x6c, 0x73, 0x74, 0x6d, 0x5f, 0x31, 0x2f, 0x6c, 0x73, 0x74, 0x6d, 0x5f,
    0x31, 0x2f, 0x6c, 0x73, 0x74, 0x6d, 0x5f, 0x63, 0x65, 0x6c, 0x6c, 0x5f,
    0x31, 0x39, 0x2f, 0x42, 0x69, 0x61, 0x73, 0x41, 0x64, 0x64, 0x00, 0x00,
    0x02, 0x00, 0x00, 0x00, 0x01, 0x00, 0x00, 0x00, 0x40, 0x00, 0x00, 0x00,
    0x96, 0x0b, 0xff, 0xff, 0x00, 0x00, 0x00, 0x01, 0x18, 0x00, 0x00, 0x00,
    0x20, 0x00, 0x00, 0x00, 0x3c, 0x00, 0x00, 0x00, 0xe5, 0x00, 0x00, 0x00,
    0x00, 0x00, 0x00, 0x09, 0x58, 0x00, 0x00, 0x00, 0x02, 0x00, 0x00, 0x00,
    0xff, 0xff, 0xff, 0xff, 0x40, 0x00, 0x00, 0x00, 0x7c, 0x0b, 0xff, 0xff,
    0x08, 0x00, 0x00, 0x00, 0x10, 0x00, 0x00, 0x00, 0x01, 0x00, 0x00, 0x00,
    0xe7, 0xff, 0xff, 0xff, 0xff, 0xff, 0xff, 0xff, 0x01, 0x00, 0x00, 0x00,
    0x2e, 0xd7, 0x2d, 0x3c, 0x22, 0x00, 0x00, 0x00, 0x73, 0x6f, 0x63, 0x5f,
    0x6c, 0x73, 0x74, 0x6d, 0x5f, 0x31, 0x2f, 0x6c, 0x73, 0x74, 0x6d, 0x5f,
    0x31, 0x2f, 0x6c, 0x73, 0x74, 0x6d, 0x5f, 0x63, 0x65, 0x6c, 0x6c, 0x5f,
    0x31, 0x39, 0x2f, 0x41, 0x64, 0x64, 0x00, 0x00, 0x02, 0x00, 0x00, 0x00,
    0x01, 0x00, 0x00, 0x00, 0x40, 0x00, 0x00, 0x00, 0x16, 0x0c, 0xff, 0xff,
    0x00, 0x00, 0x00, 0x01, 0x18, 0x00, 0x00, 0x00, 0x20, 0x00, 0x00, 0x00,
    0x40, 0x00, 0x00, 0x00, 0xe4, 0x00, 0x00, 0x00, 0x00, 0x00, 0x00, 0x09,
    0x60, 0x00, 0x00, 0x00, 0x02, 0x00, 0x00, 0x00, 0xff, 0xff, 0xff, 0xff,
    0x40, 0x00, 0x00, 0x00, 0xfc, 0x0b, 0xff, 0xff, 0x08, 0x00, 0x00, 0x00,
    0x14, 0x00, 0x00, 0x00, 0x01, 0x00, 0x00, 0x00, 0xe9, 0xff, 0xff, 0xff,
    0xff, 0xff, 0xff, 0xff, 0x00, 0x00, 0x00, 0x00, 0x01, 0x00, 0x00, 0x00,
    0x35, 0x9b, 0x87, 0x3b, 0x27, 0x00, 0x00, 0x00, 0x73, 0x6f, 0x63, 0x5f,
    0x6c, 0x73, 0x74, 0x6d, 0x5f, 0x31, 0x2f, 0x6c, 0x73, 0x74, 0x6d, 0x5f,
    0x31, 0x2f, 0x6c, 0x73, 0x74, 0x6d, 0x5f, 0x63, 0x65, 0x6c, 0x6c, 0x5f,
    0x31, 0x39, 0x2f, 0x4d, 0x61, 0x74, 0x4d, 0x75, 0x6c, 0x5f, 0x31, 0x00,
    0x02, 0x00, 0x00, 0x00, 0x01, 0x00, 0x00, 0x00, 0x40, 0x00, 0x00, 0x00,
    0x9e, 0x0c, 0xff, 0xff, 0x00, 0x00, 0x00, 0x01, 0x18, 0x00, 0x00, 0x00,
    0x20, 0x00, 0x00, 0x00, 0x40, 0x00, 0x00, 0x00, 0xe3, 0x00, 0x00, 0x00,
    0x00, 0x00, 0x00, 0x09, 0x60, 0x00, 0x00, 0x00, 0x02, 0x00, 0x00, 0x00,
    0xff, 0xff, 0xff, 0xff, 0x10, 0x00, 0x00, 0x00, 0x84, 0x0c, 0xff, 0xff,
    0x08, 0x00, 0x00, 0x00, 0x14, 0x00, 0x00, 0x00, 0x01, 0x00, 0x00, 0x00,
    0x21, 0x00, 0x00, 0x00, 0x00, 0x00, 0x00, 0x00, 0x00, 0x00, 0x00, 0x00,
    0x01, 0x00, 0x00, 0x00, 0x5c, 0x90, 0x1c, 0x3b, 0x24, 0x00, 0x00, 0x00,
    0x73, 0x6f, 0x63, 0x5f, 0x6c, 0x73, 0x74, 0x6d, 0x5f, 0x31, 0x2f, 0x6c,
    0x73, 0x74, 0x6d, 0x5f, 0x31, 0x2f, 0x6c, 0x73, 0x74, 0x6d, 0x5f, 0x63,
    0x65, 0x6c, 0x6c, 0x5f, 0x31, 0x37, 0x2f, 0x6d, 0x75, 0x6c, 0x5f, 0x32,
    0x00, 0x00, 0x00, 0x00, 0x02, 0x00, 0x00, 0x00, 0x01, 0x00, 0x00, 0x00,
    0x10, 0x00, 0x00, 0x00, 0x26, 0x0d, 0xff, 0xff, 0x00, 0x00, 0x00, 0x01,
    0x18, 0x00, 0x00, 0x00, 0x20, 0x00, 0x00, 0x00, 0x40, 0x00, 0x00, 0x00,
    0xe2, 0x00, 0x00, 0x00, 0x00, 0x00, 0x00, 0x09, 0x60, 0x00, 0x00, 0x00,
    0x02, 0x00, 0x00, 0x00, 0xff, 0xff, 0xff, 0xff, 0x10, 0x00, 0x00, 0x00,
    0x0c, 0x0d, 0xff, 0xff, 0x08, 0x00, 0x00, 0x00, 0x14, 0x00, 0x00, 0x00,
    0x01, 0x00, 0x00, 0x00, 0x00, 0x00, 0x00, 0x00, 0x00, 0x00, 0x00, 0x00,
    0x00, 0x00, 0x00, 0x00, 0x01, 0x00, 0x00, 0x00, 0x00, 0x00, 0x00, 0x3c,
    0x25, 0x00, 0x00, 0x00, 0x73, 0x6f, 0x63, 0x5f, 0x6c, 0x73, 0x74, 0x6d,
    0x5f, 0x31, 0x2f, 0x6c, 0x73, 0x74, 0x6d, 0x5f, 0x31, 0x2f, 0x6c, 0x73,
    0x74, 0x6d, 0x5f, 0x63, 0x65, 0x6c, 0x6c, 0x5f, 0x31, 0x37, 0x2f, 0x54,
    0x61, 0x6e, 0x68, 0x5f, 0x31, 0x00, 0x00, 0x00, 0x02, 0x00, 0x00, 0x00,
    0x01, 0x00, 0x00, 0x00, 0x10, 0x00, 0x00, 0x00, 0xae, 0x0d, 0xff, 0xff,
    0x00, 0x00, 0x00, 0x01, 0x18, 0x00, 0x00, 0x00, 0x20, 0x00, 0x00, 0x00,
    0x40, 0x00, 0x00, 0x00, 0xe1, 0x00, 0x00, 0x00, 0x00, 0x00, 0x00, 0x09,
    0x60, 0x00, 0x00, 0x00, 0x02, 0x00, 0x00, 0x00, 0xff, 0xff, 0xff, 0xff,
    0x10, 0x00, 0x00, 0x00, 0x94, 0x0d, 0xff, 0xff, 0x08, 0x00, 0x00, 0x00,
    0x14, 0x00, 0x00, 0x00, 0x01, 0x00, 0x00, 0x00, 0x3c, 0x00, 0x00, 0x00,
    0x00, 0x00, 0x00, 0x00, 0x00, 0x00, 0x00, 0x00, 0x01, 0x00, 0x00, 0x00,
    0x89, 0xd5, 0xfd, 0x3b, 0x24, 0x00, 0x00, 0x00, 0x73, 0x6f, 0x63, 0x5f,
    0x6c, 0x73, 0x74, 0x6d, 0x5f, 0x31, 0x2f, 0x6c, 0x73, 0x74, 0x6d, 0x5f,
    0x31, 0x2f, 0x6c, 0x73, 0x74, 0x6d, 0x5f, 0x63, 0x65, 0x6c, 0x6c, 0x5f,
    0x31, 0x37, 0x2f, 0x61, 0x64, 0x64, 0x5f, 0x31, 0x00, 0x00, 0x00, 0x00,
    0x02, 0x00, 0x00, 0x00, 0x01, 0x00, 0x00, 0x00, 0x10, 0x00, 0x00, 0x00,
    0x36, 0x0e, 0xff, 0xff, 0x00, 0x00, 0x00, 0x01, 0x18, 0x00, 0x00, 0x00,
    0x20, 0x00, 0x00, 0x00, 0x40, 0x00, 0x00, 0x00, 0xe0, 0x00, 0x00, 0x00,
    0x00, 0x00, 0x00, 0x09, 0x60, 0x00, 0x00, 0x00, 0x02, 0x00, 0x00, 0x00,
    0xff, 0xff, 0xff, 0xff, 0x10, 0x00, 0x00, 0x00, 0x1c, 0x0e, 0xff, 0xff,
    0x08, 0x00, 0x00, 0x00, 0x14, 0x00, 0x00, 0x00, 0x01, 0x00, 0x00, 0x00,
    0x2f, 0x00, 0x00, 0x00, 0x00, 0x00, 0x00, 0x00, 0x00, 0x00, 0x00, 0x00,
    0x01, 0x00, 0x00, 0x00, 0x8c, 0xb3, 0x18, 0x3b, 0x24, 0x00, 0x00, 0x00,
    0x73, 0x6f, 0x63, 0x5f, 0x6c, 0x73, 0x74, 0x6d, 0x5f, 0x31, 0x2f, 0x6c,
    0x73, 0x74, 0x6d, 0x5f, 0x31, 0x2f, 0x6c, 0x73, 0x74, 0x6d, 0x5f, 0x63,
    0x65, 0x6c, 0x6c, 0x5f, 0x31, 0x37, 0x2f, 0x6d, 0x75, 0x6c, 0x5f, 0x31,
    0x00, 0x00, 0x00, 0x00, 0x02, 0x00, 0x00, 0x00, 0x01, 0x00, 0x00, 0x00,
    0x10, 0x00, 0x00, 0x00, 0xbe, 0x0e, 0xff, 0xff, 0x00, 0x00, 0x00, 0x01,
    0x18, 0x00, 0x00, 0x00, 0x20, 0x00, 0x00, 0x00, 0x3c, 0x00, 0x00, 0x00,
    0xdf, 0x00, 0x00, 0x00, 0x00, 0x00, 0x00, 0x09, 0x58, 0x00, 0x00, 0x00,
    0x02, 0x00, 0x00, 0x00, 0xff, 0xff, 0xff, 0xff, 0x10, 0x00, 0x00, 0x00,
    0xa4, 0x0e, 0xff, 0xff, 0x08, 0x00, 0x00, 0x00, 0x10, 0x00, 0x00, 0x00,
    0x01, 0x00, 0x00, 0x00, 0x00, 0x00, 0x00, 0x00, 0x00, 0x00, 0x00, 0x00,
    0x01, 0x00, 0x00, 0x00, 0x00, 0x00, 0x00, 0x3c, 0x23, 0x00, 0x00, 0x00,
    0x73, 0x6f, 0x63, 0x5f, 0x6c, 0x73, 0x74, 0x6d, 0x5f, 0x31, 0x2f, 0x6c,
    0x73, 0x74, 0x6d, 0x5f, 0x31, 0x2f, 0x6c, 0x73, 0x74, 0x6d, 0x5f, 0x63,
    0x65, 0x6c, 0x6c, 0x5f, 0x31, 0x37, 0x2f, 0x54, 0x61, 0x6e, 0x68, 0x00,
    0x02, 0x00, 0x00, 0x00, 0x01, 0x00, 0x00, 0x00, 0x10, 0x00, 0x00, 0x00,
    0x3e, 0x0f, 0xff, 0xff, 0x00, 0x00, 0x00, 0x01, 0x18, 0x00, 0x00, 0x00,
    0x20, 0x00, 0x00, 0x00, 0x3c, 0x00, 0x00, 0x00, 0xde, 0x00, 0x00, 0x00,
    0x00, 0x00, 0x00, 0x09, 0x60, 0x00, 0x00, 0x00, 0x02, 0x00, 0x00, 0x00,
    0xff, 0xff, 0xff, 0xff, 0x10, 0x00, 0x00, 0x00, 0x24, 0x0f, 0xff, 0xff,
    0x08, 0x00, 0x00, 0x00, 0x10, 0x00, 0x00, 0x00, 0x01, 0x00, 0x00, 0x00,
    0x80, 0xff, 0xff, 0xff, 0xff, 0xff, 0xff, 0xff, 0x01, 0x00, 0x00, 0x00,
    0x00, 0x00, 0x80, 0x3b, 0x28, 0x00, 0x00, 0x00, 0x73, 0x6f, 0x63, 0x5f,
    0x6c, 0x73, 0x74, 0x6d, 0x5f, 0x31, 0x2f, 0x6c, 0x73, 0x74, 0x6d, 0x5f,
    0x31, 0x2f, 0x6c, 0x73, 0x74, 0x6d, 0x5f, 0x63, 0x65, 0x6c, 0x6c, 0x5f,
    0x31, 0x37, 0x2f, 0x53, 0x69, 0x67, 0x6d, 0x6f, 0x69, 0x64, 0x5f, 0x32,
    0x00, 0x00, 0x00, 0x00, 0x02, 0x00, 0x00, 0x00, 0x01, 0x00, 0x00, 0x00,
    0x10, 0x00, 0x00, 0x00, 0xc6, 0x0f, 0xff, 0xff, 0x00, 0x00, 0x00, 0x01,
    0x18, 0x00, 0x00, 0x00, 0x20, 0x00, 0x00, 0x00, 0x3c, 0x00, 0x00, 0x00,
    0xdd, 0x00, 0x00, 0x00, 0x00, 0x00, 0x00, 0x09, 0x58, 0x00, 0x00, 0x00,
    0x02, 0x00, 0x00, 0x00, 0xff, 0xff, 0xff, 0xff, 0x10, 0x00, 0x00, 0x00,
    0xac, 0x0f, 0xff, 0xff, 0x08, 0x00, 0x00, 0x00, 0x10, 0x00, 0x00, 0x00,
    0x01, 0x00, 0x00, 0x00, 0x3c, 0x00, 0x00, 0x00, 0x00, 0x00, 0x00, 0x00,
    0x01, 0x00, 0x00, 0x00, 0x89, 0xd5, 0xfd, 0x3b, 0x22, 0x00, 0x00, 0x00,
    0x73, 0x6f, 0x63, 0x5f, 0x6c, 0x73, 0x74, 0x6d, 0x5f, 0x31, 0x2f, 0x6c,
    0x73, 0x74, 0x6d, 0x5f, 0x31, 0x2f, 0x6c, 0x73, 0x74, 0x6d, 0x5f, 0x63,
    0x65, 0x6c, 0x6c, 0x5f, 0x31, 0x37, 0x2f, 0x6d, 0x75, 0x6c, 0x00, 0x00,
    0x02, 0x00, 0x00, 0x00, 0x01, 0x00, 0x00, 0x00, 0x10, 0x00, 0x00, 0x00,
    0x46, 0x10, 0xff, 0xff, 0x00, 0x00, 0x00, 0x01, 0x18, 0x00, 0x00, 0x00,
    0x20, 0x00, 0x00, 0x00, 0x3c, 0x00, 0x00, 0x00, 0xdc, 0x00, 0x00, 0x00,
    0x00, 0x00, 0x00, 0x09, 0x60, 0x00, 0x00, 0x00, 0x02, 0x00, 0x00, 0x00,
    0xff, 0xff, 0xff, 0xff, 0x10, 0x00, 0x00, 0x00, 0x2c, 0x10, 0xff, 0xff,
    0x08, 0x00, 0x00, 0x00, 0x10, 0x00, 0x00, 0x00, 0x01, 0x00, 0x00, 0x00,
    0x80, 0xff, 0xff, 0xff, 0xff, 0xff, 0xff, 0xff, 0x01, 0x00, 0x00, 0x00,
    0x00, 0x00, 0x80, 0x3b, 0x28, 0x00, 0x00, 0x00, 0x73, 0x6f, 0x63, 0x5f,
    0x6c, 0x73, 0x74, 0x6d, 0x5f, 0x31, 0x2f, 0x6c, 0x73, 0x74, 0x6d, 0x5f,
    0x31, 0x2f, 0x6c, 0x73, 0x74, 0x6d, 0x5f, 0x63, 0x65, 0x6c, 0x6c, 0x5f,
    0x31, 0x37, 0x2f, 0x53, 0x69, 0x67, 0x6d, 0x6f, 0x69, 0x64, 0x5f, 0x31,
    0x00, 0x00, 0x00, 0x00, 0x02, 0x00, 0x00, 0x00, 0x01, 0x00, 0x00, 0x00,
    0x10, 0x00, 0x00, 0x00, 0xce, 0x10, 0xff, 0xff, 0x00, 0x00, 0x00, 0x01,
    0x18, 0x00, 0x00, 0x00, 0x20, 0x00, 0x00, 0x00, 0x40, 0x00, 0x00, 0x00,
    0xdb, 0x00, 0x00, 0x00, 0x00, 0x00, 0x00, 0x09, 0x60, 0x00, 0x00, 0x00,
    0x02, 0x00, 0x00, 0x00, 0xff, 0xff, 0xff, 0xff, 0x10, 0x00, 0x00, 0x00,
    0xb4, 0x10, 0xff, 0xff, 0x08, 0x00, 0x00, 0x00, 0x14, 0x00, 0x00, 0x00,
    0x01, 0x00, 0x00, 0x00, 0x80, 0xff, 0xff, 0xff, 0xff, 0xff, 0xff, 0xff,
    0x00, 0x00, 0x00, 0x00, 0x01, 0x00, 0x00, 0x00, 0x00, 0x00, 0x80, 0x3b,
    0x26, 0x00, 0x00, 0x00, 0x73, 0x6f, 0x63, 0x5f, 0x6c, 0x73, 0x74, 0x6d,
    0x5f, 0x31, 0x2f, 0x6c, 0x73, 0x74, 0x6d, 0x5f, 0x31, 0x2f, 0x6c, 0x73,
    0x74, 0x6d, 0x5f, 0x63, 0x65, 0x6c, 0x6c, 0x5f, 0x31, 0x37, 0x2f, 0x53,
    0x69, 0x67, 0x6d, 0x6f, 0x69, 0x64, 0x00, 0x00, 0x02, 0x00, 0x00, 0x00,
    0x01, 0x00, 0x00, 0x00, 0x10, 0x00, 0x00, 0x00, 0x56, 0x11, 0xff, 0xff,
    0x00, 0x00, 0x00, 0x01, 0x18, 0x00, 0x00, 0x00, 0x20, 0x00, 0x00, 0x00,
    0x40, 0x00, 0x00, 0x00, 0xda, 0x00, 0x00, 0x00, 0x00, 0x00, 0x00, 0x09,
    0xd0, 0x00, 0x00, 0x00, 0x02, 0x00, 0x00, 0x00, 0xff, 0xff, 0xff, 0xff,
    0x10, 0x00, 0x00, 0x00, 0x3c, 0x11, 0xff, 0xff, 0x08, 0x00, 0x00, 0x00,
    0x14, 0x00, 0x00, 0x00, 0x01, 0x00, 0x00, 0x00, 0xe3, 0xff, 0xff, 0xff,
    0xff, 0xff, 0xff, 0xff, 0x00, 0x00, 0x00, 0x00, 0x01, 0x00, 0x00, 0x00,
    0xaf, 0xb7, 0x28, 0x3c, 0x97, 0x00, 0x00, 0x00, 0x73, 0x6f, 0x63, 0x5f,
    0x6c, 0x73, 0x74, 0x6d, 0x5f, 0x31, 0x2f, 0x6c, 0x73, 0x74, 0x6d, 0x5f,
    0x31, 0x2f, 0x6c, 0x73, 0x74, 0x6d, 0x5f, 0x63, 0x65, 0x6c, 0x6c, 0x5f,
    0x31, 0x37, 0x2f, 0x73, 0x70, 0x6c, 0x69, 0x74, 0x3b, 0x73, 0x6f, 0x63,
    0x5f, 0x6c, 0x73, 0x74, 0x6d, 0x5f, 0x31, 0x2f, 0x6c, 0x73, 0x74, 0x6d,
    0x5f, 0x31, 0x2f, 0x6c, 0x73, 0x74, 0x6d, 0x5f, 0x63, 0x65, 0x6c, 0x6c,
    0x5f, 0x31, 0x37, 0x2f, 0x73, 0x70, 0x6c, 0x69, 0x74, 0x31, 0x3b, 0x73,
    0x6f, 0x63, 0x5f, 0x6c, 0x73, 0x74, 0x6d, 0x5f, 0x31, 0x2f, 0x6c, 0x73,
    0x74, 0x6d, 0x5f, 0x31, 0x2f, 0x6c, 0x73, 0x74, 0x6d, 0x5f, 0x63, 0x65,
    0x6c, 0x6c, 0x5f, 0x31, 0x37, 0x2f, 0x73, 0x70, 0x6c, 0x69, 0x74, 0x32,
    0x3b, 0x73, 0x6f, 0x63, 0x5f, 0x6c, 0x73, 0x74, 0x6d, 0x5f, 0x31, 0x2f,
    0x6c, 0x73, 0x74, 0x6d, 0x5f, 0x31, 0x2f, 0x6c, 0x73, 0x74, 0x6d, 0x5f,
    0x63, 0x65, 0x6c, 0x6c, 0x5f, 0x31, 0x37, 0x2f, 0x73, 0x70, 0x6c, 0x69,
    0x74, 0x33, 0x33, 0x00, 0x02, 0x00, 0x00, 0x00, 0x01, 0x00, 0x00, 0x00,
    0x10, 0x00, 0x00, 0x00, 0x4e, 0x12, 0xff, 0xff, 0x00, 0x00, 0x00, 0x01,
    0x18, 0x00, 0x00, 0x00, 0x20, 0x00, 0x00, 0x00, 0x40, 0x00, 0x00, 0x00,
    0xd9, 0x00, 0x00, 0x00, 0x00, 0x00, 0x00, 0x09, 0xd0, 0x00, 0x00, 0x00,
    0x02, 0x00, 0x00, 0x00, 0xff, 0xff, 0xff, 0xff, 0x10, 0x00, 0x00, 0x00,
    0x34, 0x12, 0xff, 0xff, 0x08, 0x00, 0x00, 0x00, 0x14, 0x00, 0x00, 0x00,
    0x01, 0x00, 0x00, 0x00, 0xe3, 0xff, 0xff, 0xff, 0xff, 0xff, 0xff, 0xff,
    0x00, 0x00, 0x00, 0x00, 0x01, 0x00, 0x00, 0x00, 0xaf, 0xb7, 0x28, 0x3c,
    0x97, 0x00, 0x00, 0x00, 0x73, 0x6f, 0x63, 0x5f, 0x6c, 0x73, 0x74, 0x6d,
    0x5f, 0x31, 0x2f, 0x6c, 0x73, 0x74, 0x6d, 0x5f, 0x31, 0x2f, 0x6c, 0x73,
    0x74, 0x6d, 0x5f, 0x63, 0x65, 0x6c, 0x6c, 0x5f, 0x31, 0x37, 0x2f, 0x73,
    0x70, 0x6c, 0x69, 0x74, 0x3b, 0x73, 0x6f, 0x63, 0x5f, 0x6c, 0x73, 0x74,
    0x6d, 0x5f, 0x31, 0x2f, 0x6c, 0x73, 0x74, 0x6d, 0x5f, 0x31, 0x2f, 0x6c,
    0x73, 0x74, 0x6d, 0x5f, 0x63, 0x65, 0x6c, 0x6c, 0x5f, 0x31, 0x37, 0x2f,
    0x73, 0x70, 0x6c, 0x69, 0x74, 0x31, 0x3b, 0x73, 0x6f, 0x63, 0x5f, 0x6c,
    0x73, 0x74, 0x6d, 0x5f, 0x31, 0x2f, 0x6c, 0x73, 0x74, 0x6d, 0x5f, 0x31,
    0x2f, 0x6c, 0x73, 0x74, 0x6d, 0x5f, 0x63, 0x65, 0x6c, 0x6c, 0x5f, 0x31,
    0x37, 0x2f, 0x73, 0x70, 0x6c, 0x69, 0x74, 0x32, 0x3b, 0x73, 0x6f, 0x63,
    0x5f, 0x6c, 0x73, 0x74, 0x6d, 0x5f, 0x31, 0x2f, 0x6c, 0x73, 0x74, 0x6d,
    0x5f, 0x31, 0x2f, 0x6c, 0x73, 0x74, 0x6d, 0x5f, 0x63, 0x65, 0x6c, 0x6c,
    0x5f, 0x31, 0x37, 0x2f, 0x73, 0x70, 0x6c, 0x69, 0x74, 0x33, 0x32, 0x00,
    0x02, 0x00, 0x00, 0x00, 0x01, 0x00, 0x00, 0x00, 0x10, 0x00, 0x00, 0x00,
    0x46, 0x13, 0xff, 0xff, 0x00, 0x00, 0x00, 0x01, 0x18, 0x00, 0x00, 0x00,
    0x20, 0x00, 0x00, 0x00, 0x40, 0x00, 0x00, 0x00, 0xd8, 0x00, 0x00, 0x00,
    0x00, 0x00, 0x00, 0x09, 0xd0, 0x00, 0x00, 0x00, 0x02, 0x00, 0x00, 0x00,
    0xff, 0xff, 0xff, 0xff, 0x10, 0x00, 0x00, 0x00, 0x2c, 0x13, 0xff, 0xff,
    0x08, 0x00, 0x00, 0x00, 0x14, 0x00, 0x00, 0x00, 0x01, 0x00, 0x00, 0x00,
    0xe3, 0xff, 0xff, 0xff, 0xff, 0xff, 0xff, 0xff, 0x00, 0x00, 0x00, 0x00,
    0x01, 0x00, 0x00, 0x00, 0xaf, 0xb7, 0x28, 0x3c, 0x97, 0x00, 0x00, 0x00,
    0x73, 0x6f, 0x63, 0x5f, 0x6c, 0x73, 0x74, 0x6d, 0x5f, 0x31, 0x2f, 0x6c,
    0x73, 0x74, 0x6d, 0x5f, 0x31, 0x2f, 0x6c, 0x73, 0x74, 0x6d, 0x5f, 0x63,
    0x65, 0x6c, 0x6c, 0x5f, 0x31, 0x37, 0x2f, 0x73, 0x70, 0x6c, 0x69, 0x74,
    0x3b, 0x73, 0x6f, 0x63, 0x5f, 0x6c, 0x73, 0x74, 0x6d, 0x5f, 0x31, 0x2f,
    0x6c, 0x73, 0x74, 0x6d, 0x5f, 0x31, 0x2f, 0x6c, 0x73, 0x74, 0x6d, 0x5f,
    0x63, 0x65, 0x6c, 0x6c, 0x5f, 0x31, 0x37, 0x2f, 0x73, 0x70, 0x6c, 0x69,
    0x74, 0x31, 0x3b, 0x73, 0x6f, 0x63, 0x5f, 0x6c, 0x73, 0x74, 0x6d, 0x5f,
    0x31, 0x2f, 0x6c, 0x73, 0x74, 0x6d, 0x5f, 0x31, 0x2f, 0x6c, 0x73, 0x74,
    0x6d, 0x5f, 0x63, 0x65, 0x6c, 0x6c, 0x5f, 0x31, 0x37, 0x2f, 0x73, 0x70,
    0x6c, 0x69, 0x74, 0x32, 0x3b, 0x73, 0x6f, 0x63, 0x5f, 0x6c, 0x73, 0x74,
    0x6d, 0x5f, 0x31, 0x2f, 0x6c, 0x73, 0x74, 0x6d, 0x5f, 0x31, 0x2f, 0x6c,
    0x73, 0x74, 0x6d, 0x5f, 0x63, 0x65, 0x6c, 0x6c, 0x5f, 0x31, 0x37, 0x2f,
    0x73, 0x70, 0x6c, 0x69, 0x74, 0x33, 0x31, 0x00, 0x02, 0x00, 0x00, 0x00,
    0x01, 0x00, 0x00, 0x00, 0x10, 0x00, 0x00, 0x00, 0x3e, 0x14, 0xff, 0xff,
    0x00, 0x00, 0x00, 0x01, 0x18, 0x00, 0x00, 0x00, 0x20, 0x00, 0x00, 0x00,
    0x40, 0x00, 0x00, 0x00, 0xd7, 0x00, 0x00, 0x00, 0x00, 0x00, 0x00, 0x09,
    0xd0, 0x00, 0x00, 0x00, 0x02, 0x00, 0x00, 0x00, 0xff, 0xff, 0xff, 0xff,
    0x10, 0x00, 0x00, 0x00, 0x24, 0x14, 0xff, 0xff, 0x08, 0x00, 0x00, 0x00,
    0x14, 0x00, 0x00, 0x00, 0x01, 0x00, 0x00, 0x00, 0xe3, 0xff, 0xff, 0xff,
    0xff, 0xff, 0xff, 0xff, 0x00, 0x00, 0x00, 0x00, 0x01, 0x00, 0x00, 0x00,
    0xaf, 0xb7, 0x28, 0x3c, 0x96, 0x00, 0x00, 0x00, 0x73, 0x6f, 0x63, 0x5f,
    0x6c, 0x73, 0x74, 0x6d, 0x5f, 0x31, 0x2f, 0x6c, 0x73, 0x74, 0x6d, 0x5f,
    0x31, 0x2f, 0x6c, 0x73, 0x74, 0x6d, 0x5f, 0x63, 0x65, 0x6c, 0x6c, 0x5f,
    0x31, 0x37, 0x2f, 0x73, 0x70, 0x6c, 0x69, 0x74, 0x3b, 0x73, 0x6f, 0x63,
    0x5f, 0x6c, 0x73, 0x74, 0x6d, 0x5f, 0x31, 0x2f, 0x6c, 0x73, 0x74, 0x6d,
    0x5f, 0x31, 0x2f, 0x6c, 0x73, 0x74, 0x6d, 0x5f, 0x63, 0x65, 0x6c, 0x6c,
    0x5f, 0x31, 0x37, 0x2f, 0x73, 0x70, 0x6c, 0x69, 0x74, 0x31, 0x3b, 0x73,
    0x6f, 0x63, 0x5f, 0x6c, 0x73, 0x74, 0x6d, 0x5f, 0x31, 0x2f, 0x6c, 0x73,
    0x74, 0x6d, 0x5f, 0x31, 0x2f, 0x6c, 0x73, 0x74, 0x6d, 0x5f, 0x63, 0x65,
    0x6c, 0x6c, 0x5f, 0x31, 0x37, 0x2f, 0x73, 0x70, 0x6c, 0x69, 0x74, 0x32,
    0x3b, 0x73, 0x6f, 0x63, 0x5f, 0x6c, 0x73, 0x74, 0x6d, 0x5f, 0x31, 0x2f,
    0x6c, 0x73, 0x74, 0x6d, 0x5f, 0x31, 0x2f, 0x6c, 0x73, 0x74, 0x6d, 0x5f,
    0x63, 0x65, 0x6c, 0x6c, 0x5f, 0x31, 0x37, 0x2f, 0x73, 0x70, 0x6c, 0x69,
    0x74, 0x33, 0x00, 0x00, 0x02, 0x00, 0x00, 0x00, 0x01, 0x00, 0x00, 0x00,
    0x10, 0x00, 0x00, 0x00, 0x36, 0x15, 0xff, 0xff, 0x00, 0x00, 0x00, 0x01,
    0x18, 0x00, 0x00, 0x00, 0x20, 0x00, 0x00, 0x00, 0x40, 0x00, 0x00, 0x00,
    0xd6, 0x00, 0x00, 0x00, 0x00, 0x00, 0x00, 0x09, 0x60, 0x00, 0x00, 0x00,
    0x02, 0x00, 0x00, 0x00, 0xff, 0xff, 0xff, 0xff, 0x40, 0x00, 0x00, 0x00,
    0x1c, 0x15, 0xff, 0xff, 0x08, 0x00, 0x00, 0x00, 0x14, 0x00, 0x00, 0x00,
    0x01, 0x00, 0x00, 0x00, 0xe3, 0xff, 0xff, 0xff, 0xff, 0xff, 0xff, 0xff,
    0x00, 0x00, 0x00, 0x00, 0x01, 0x00, 0x00, 0x00, 0xaf, 0xb7, 0x28, 0x3c,
    0x26, 0x00, 0x00, 0x00, 0x73, 0x6f, 0x63, 0x5f, 0x6c, 0x73, 0x74, 0x6d,
    0x5f, 0x31, 0x2f, 0x6c, 0x73, 0x74, 0x6d, 0x5f, 0x31, 0x2f, 0x6c, 0x73,
    0x74, 0x6d, 0x5f, 0x63, 0x65, 0x6c, 0x6c, 0x5f, 0x31, 0x37, 0x2f, 0x42,
    0x69, 0x61, 0x73, 0x41, 0x64, 0x64, 0x00, 0x00, 0x02, 0x00, 0x00, 0x00,
    0x01, 0x00, 0x00, 0x00, 0x40, 0x00, 0x00, 0x00, 0xbe, 0x15, 0xff, 0xff,
    0x00, 0x00, 0x00, 0x01, 0x18, 0x00, 0x00, 0x00, 0x20, 0x00, 0x00, 0x00,
    0x3c, 0x00, 0x00, 0x00, 0xd5, 0x00, 0x00, 0x00, 0x00, 0x00, 0x00, 0x09,
    0x58, 0x00, 0x00, 0x00, 0x02, 0x00, 0x00, 0x00, 0xff, 0xff, 0xff, 0xff,
    0x40, 0x00, 0x00, 0x00, 0xa4, 0x15, 0xff, 0xff, 0x08, 0x00, 0x00, 0x00,
    0x10, 0x00, 0x00, 0x00, 0x01, 0x00, 0x00, 0x00, 0xe7, 0xff, 0xff, 0xff,
    0xff, 0xff, 0xff, 0xff, 0x01, 0x00, 0x00, 0x00, 0xa9, 0x08, 0x2d, 0x3c,
    0x22, 0x00, 0x00, 0x00, 0x73, 0x6f, 0x63, 0x5f, 0x6c, 0x73, 0x74, 0x6d,
    0x5f, 0x31, 0x2f, 0x6c, 0x73, 0x74, 0x6d, 0x5f, 0x31, 0x2f, 0x6c, 0x73,
    0x74, 0x6d, 0x5f, 0x63, 0x65, 0x6c, 0x6c, 0x5f, 0x31, 0x37, 0x2f, 0x41,
    0x64, 0x64, 0x00, 0x00, 0x02, 0x00, 0x00, 0x00, 0x01, 0x00, 0x00, 0x00,
    0x40, 0x00, 0x00, 0x00, 0x3e, 0x16, 0xff, 0xff, 0x00, 0x00, 0x00, 0x01,
    0x18, 0x00, 0x00, 0x00, 0x20, 0x00, 0x00, 0x00, 0x40, 0x00, 0x00, 0x00,
    0xd4, 0x00, 0x00, 0x00, 0x00, 0x00, 0x00, 0x09, 0x60, 0x00, 0x00, 0x00,
    0x02, 0x00, 0x00, 0x00, 0xff, 0xff, 0xff, 0xff, 0x40, 0x00, 0x00, 0x00,
    0x24, 0x16, 0xff, 0xff, 0x08, 0x00, 0x00, 0x00, 0x14, 0x00, 0x00, 0x00,
    0x01, 0x00, 0x00, 0x00, 0xea, 0xff, 0xff, 0xff, 0xff, 0xff, 0xff, 0xff,
    0x00, 0x00, 0x00, 0x00, 0x01, 0x00, 0x00, 0x00, 0xdd, 0x14, 0x84, 0x3b,
    0x27, 0x00, 0x00, 0x00, 0x73, 0x6f, 0x63, 0x5f, 0x6c, 0x73, 0x74, 0x6d,
    0x5f, 0x31, 0x2f, 0x6c, 0x73, 0x74, 0x6d, 0x5f, 0x31, 0x2f, 0x6c, 0x73,
    0x74, 0x6d, 0x5f, 0x63, 0x65, 0x6c, 0x6c, 0x5f, 0x31, 0x37, 0x2f, 0x4d,
    0x61, 0x74, 0x4d, 0x75, 0x6c, 0x5f, 0x31, 0x00, 0x02, 0x00, 0x00, 0x00,
    0x01, 0x00, 0x00, 0x00, 0x40, 0x00, 0x00, 0x00, 0xc6, 0x16, 0xff, 0xff,
    0x00, 0x00, 0x00, 0x01, 0x18, 0x00, 0x00, 0x00, 0x20, 0x00, 0x00, 0x00,
    0x40, 0x00, 0x00, 0x00, 0xd3, 0x00, 0x00, 0x00, 0x00, 0x00, 0x00, 0x09,
    0x60, 0x00, 0x00, 0x00, 0x02, 0x00, 0x00, 0x00, 0xff, 0xff, 0xff, 0xff,
    0x10, 0x00, 0x00, 0x00, 0xac, 0x16, 0xff, 0xff, 0x08, 0x00, 0x00, 0x00,
    0x14, 0x00, 0x00, 0x00, 0x01, 0x00, 0x00, 0x00, 0x21, 0x00, 0x00, 0x00,
    0x00, 0x00, 0x00, 0x00, 0x00, 0x00, 0x00, 0x00, 0x01, 0x00, 0x00, 0x00,
    0xa4, 0x53, 0x1a, 0x3b, 0x24, 0x00, 0x00, 0x00, 0x73, 0x6f, 0x63, 0x5f,
    0x6c, 0x73, 0x74, 0x6d, 0x5f, 0x31, 0x2f, 0x6c, 0x73, 0x74, 0x6d, 0x5f,
    0x31, 0x2f, 0x6c, 0x73, 0x74, 0x6d, 0x5f, 0x63, 0x65, 0x6c, 0x6c, 0x5f,
    0x31, 0x35, 0x2f, 0x6d, 0x75, 0x6c, 0x5f, 0x32, 0x00, 0x00, 0x00, 0x00,
    0x02, 0x00, 0x00, 0x00, 0x01, 0x00, 0x00, 0x00, 0x10, 0x00, 0x00, 0x00,
    0x4e, 0x17, 0xff, 0xff, 0x00, 0x00, 0x00, 0x01, 0x18, 0x00, 0x00, 0x00,
    0x20, 0x00, 0x00, 0x00, 0x40, 0x00, 0x00, 0x00, 0xd2, 0x00, 0x00, 0x00,
    0x00, 0x00, 0x00, 0x09, 0x60, 0x00, 0x00, 0x00, 0x02, 0x00, 0x00, 0x00,
    0xff, 0xff, 0xff, 0xff, 0x10, 0x00, 0x00, 0x00, 0x34, 0x17, 0xff, 0xff,
    0x08, 0x00, 0x00, 0x00, 0x14, 0x00, 0x00, 0x00, 0x01, 0x00, 0x00, 0x00,
    0x00, 0x00, 0x00, 0x00, 0x00, 0x00, 0x00, 0x00, 0x00, 0x00, 0x00, 0x00,
    0x01, 0x00, 0x00, 0x00, 0x00, 0x00, 0x00, 0x3c, 0x25, 0x00, 0x00, 0x00,
    0x73, 0x6f, 0x63, 0x5f, 0x6c, 0x73, 0x74, 0x6d, 0x5f, 0x31, 0x2f, 0x6c,
    0x73, 0x74, 0x6d, 0x5f, 0x31, 0x2f, 0x6c, 0x73, 0x74, 0x6d, 0x5f, 0x63,
    0x65, 0x6c, 0x6c, 0x5f, 0x31, 0x35, 0x2f, 0x54, 0x61, 0x6e, 0x68, 0x5f,
    0x31, 0x00, 0x00, 0x00, 0x02, 0x00, 0x00, 0x00, 0x01, 0x00, 0x00, 0x00,
    0x10, 0x00, 0x00, 0x00, 0xd6, 0x17, 0xff, 0xff, 0x00, 0x00, 0x00, 0x01,
    0x18, 0x00, 0x00, 0x00, 0x20, 0x00, 0x00, 0x00, 0x40, 0x00, 0x00, 0x00,
    0xd1, 0x00, 0x00, 0x00, 0x00, 0x00, 0x00, 0x09, 0x60, 0x00, 0x00, 0x00,
    0x02, 0x00, 0x00, 0x00, 0xff, 0xff, 0xff, 0xff, 0x10, 0x00, 0x00, 0x00,
    0xbc, 0x17, 0xff, 0xff, 0x08, 0x00, 0x00, 0x00, 0x14, 0x00, 0x00, 0x00,
    0x01, 0x00, 0x00, 0x00, 0x3b, 0x00, 0x00, 0x00, 0x00, 0x00, 0x00, 0x00,
    0x00, 0x00, 0x00, 0x00, 0x01, 0x00, 0x00, 0x00, 0x68, 0x98, 0xf2, 0x3b,
    0x24, 0x00, 0x00, 0x00, 0x73, 0x6f, 0x63, 0x5f, 0x6c, 0x73, 0x74, 0x6d,
    0x5f, 0x31, 0x2f, 0x6c, 0x73, 0x74, 0x6d, 0x5f, 0x31, 0x2f, 0x6c, 0x73,
    0x74, 0x6d, 0x5f, 0x63, 0x65, 0x6c, 0x6c, 0x5f, 0x31, 0x35, 0x2f, 0x61,
    0x64, 0x64, 0x5f, 0x31, 0x00, 0x00, 0x00, 0x00, 0x02, 0x00, 0x00, 0x00,
    0x01, 0x00, 0x00, 0x00, 0x10, 0x00, 0x00, 0x00, 0x5e, 0x18, 0xff, 0xff,
    0x00, 0x00, 0x00, 0x01, 0x18, 0x00, 0x00, 0x00, 0x20, 0x00, 0x00, 0x00,
    0x40, 0x00, 0x00, 0x00, 0xd0, 0x00, 0x00, 0x00, 0x00, 0x00, 0x00, 0x09,
    0x60, 0x00, 0x00, 0x00, 0x02, 0x00, 0x00, 0x00, 0xff, 0xff, 0xff, 0xff,
    0x10, 0x00, 0x00, 0x00, 0x44, 0x18, 0xff, 0xff, 0x08, 0x00, 0x00, 0x00,
    0x14, 0x00, 0x00, 0x00, 0x01, 0x00, 0x00, 0x00, 0x2f, 0x00, 0x00, 0x00,
    0x00, 0x00, 0x00, 0x00, 0x00, 0x00, 0x00, 0x00, 0x01, 0x00, 0x00, 0x00,
    0x4c, 0xb9, 0x16, 0x3b, 0x24, 0x00, 0x00, 0x00, 0x73, 0x6f, 0x63, 0x5f,
    0x6c, 0x73, 0x74, 0x6d, 0x5f, 0x31, 0x2f, 0x6c, 0x73, 0x74, 0x6d, 0x5f,
    0x31, 0x2f, 0x6c, 0x73, 0x74, 0x6d, 0x5f, 0x63, 0x65, 0x6c, 0x6c, 0x5f,
    0x31, 0x35, 0x2f, 0x6d, 0x75, 0x6c, 0x5f, 0x31, 0x00, 0x00, 0x00, 0x00,
    0x02, 0x00, 0x00, 0x00, 0x01, 0x00, 0x00, 0x00, 0x10, 0x00, 0x00, 0x00,
    0xe6, 0x18, 0xff, 0xff, 0x00, 0x00, 0x00, 0x01, 0x18, 0x00, 0x00, 0x00,
    0x20, 0x00, 0x00, 0x00, 0x3c, 0x00, 0x00, 0x00, 0xcf, 0x00, 0x00, 0x00,
    0x00, 0x00, 0x00, 0x09, 0x58, 0x00, 0x00, 0x00, 0x02, 0x00, 0x00, 0x00,
    0xff, 0xff, 0xff, 0xff, 0x10, 0x00, 0x00, 0x00, 0xcc, 0x18, 0xff, 0xff,
    0x08, 0x00, 0x00, 0x00, 0x10, 0x00, 0x00, 0x00, 0x01, 0x00, 0x00, 0x00,
    0x00, 0x00, 0x00, 0x00, 0x00, 0x00, 0x00, 0x00, 0x01, 0x00, 0x00, 0x00,
    0x00, 0x00, 0x00, 0x3c, 0x23, 0x00, 0x00, 0x00, 0x73, 0x6f, 0x63, 0x5f,
    0x6c, 0x73, 0x74, 0x6d, 0x5f, 0x31, 0x2f, 0x6c, 0x73, 0x74, 0x6d, 0x5f,
    0x31, 0x2f, 0x6c, 0x73, 0x74, 0x6d, 0x5f, 0x63, 0x65, 0x6c, 0x6c, 0x5f,
    0x31, 0x35, 0x2f, 0x54, 0x61, 0x6e, 0x68, 0x00, 0x02, 0x00, 0x00, 0x00,
    0x01, 0x00, 0x00, 0x00, 0x10, 0x00, 0x00, 0x00, 0x66, 0x19, 0xff, 0xff,
    0x00, 0x00, 0x00, 0x01, 0x18, 0x00, 0x00, 0x00, 0x20, 0x00, 0x00, 0x00,
    0x3c, 0x00, 0x00, 0x00, 0xce, 0x00, 0x00, 0x00, 0x00, 0x00, 0x00, 0x09,
    0x60, 0x00, 0x00, 0x00, 0x02, 0x00, 0x00, 0x00, 0xff, 0xff, 0xff, 0xff,
    0x10, 0x00, 0x00, 0x00, 0x4c, 0x19, 0xff, 0xff, 0x08, 0x00, 0x00, 0x00,
    0x10, 0x00, 0x00, 0x00, 0x01, 0x00, 0x00, 0x00, 0x80, 0xff, 0xff, 0xff,
    0xff, 0xff, 0xff, 0xff, 0x01, 0x00, 0x00, 0x00, 0x00, 0x00, 0x80, 0x3b,
    0x28, 0x00, 0x00, 0x00, 0x73, 0x6f, 0x63, 0x5f, 0x6c, 0x73, 0x74, 0x6d,
    0x5f, 0x31, 0x2f, 0x6c, 0x73, 0x74, 0x6d, 0x5f, 0x31, 0x2f, 0x6c, 0x73,
    0x74, 0x6d, 0x5f, 0x63, 0x65, 0x6c, 0x6c, 0x5f, 0x31, 0x35, 0x2f, 0x53,
    0x69, 0x67, 0x6d, 0x6f, 0x69, 0x64, 0x5f, 0x32, 0x00, 0x00, 0x00, 0x00,
    0x02, 0x00, 0x00, 0x00, 0x01, 0x00, 0x00, 0x00, 0x10, 0x00, 0x00, 0x00,
    0xee, 0x19, 0xff, 0xff, 0x00, 0x00, 0x00, 0x01, 0x18, 0x00, 0x00, 0x00,
    0x20, 0x00, 0x00, 0x00, 0x3c, 0x00, 0x00, 0x00, 0xcd, 0x00, 0x00, 0x00,
    0x00, 0x00, 0x00, 0x09, 0x58, 0x00, 0x00, 0x00, 0x02, 0x00, 0x00, 0x00,
    0xff, 0xff, 0xff, 0xff, 0x10, 0x00, 0x00, 0x00, 0xd4, 0x19, 0xff, 0xff,
    0x08, 0x00, 0x00, 0x00, 0x10, 0x00, 0x00, 0x00, 0x01, 0x00, 0x00, 0x00,
    0x3b, 0x00, 0x00, 0x00, 0x00, 0x00, 0x00, 0x00, 0x01, 0x00, 0x00, 0x00,
    0x68, 0x98, 0xf2, 0x3b, 0x22, 0x00, 0x00, 0x00, 0x73, 0x6f, 0x63, 0x5f,
    0x6c, 0x73, 0x74, 0x6d, 0x5f, 0x31, 0x2f, 0x6c, 0x73, 0x74, 0x6d, 0x5f,
    0x31, 0x2f, 0x6c, 0x73, 0x74, 0x6d, 0x5f, 0x63, 0x65, 0x6c, 0x6c, 0x5f,
    0x31, 0x35, 0x2f, 0x6d, 0x75, 0x6c, 0x00, 0x00, 0x02, 0x00, 0x00, 0x00,
    0x01, 0x00, 0x00, 0x00, 0x10, 0x00, 0x00, 0x00, 0x6e, 0x1a, 0xff, 0xff,
    0x00, 0x00, 0x00, 0x01, 0x18, 0x00, 0x00, 0x00, 0x20, 0x00, 0x00, 0x00,
    0x3c, 0x00, 0x00, 0x00, 0xcc, 0x00, 0x00, 0x00, 0x00, 0x00, 0x00, 0x09,
    0x60, 0x00, 0x00, 0x00, 0x02, 0x00, 0x00, 0x00, 0xff, 0xff, 0xff, 0xff,
    0x10, 0x00, 0x00, 0x00, 0x54, 0x1a, 0xff, 0xff, 0x08, 0x00, 0x00, 0x00,
    0x10, 0x00, 0x00, 0x00, 0x01, 0x00, 0x00, 0x00, 0x80, 0xff, 0xff, 0xff,
    0xff, 0xff, 0xff, 0xff, 0x01, 0x00, 0x00, 0x00, 0x00, 0x00, 0x80, 0x3b,
    0x28, 0x00, 0x00, 0x00, 0x73, 0x6f, 0x63, 0x5f, 0x6c, 0x73, 0x74, 0x6d,
    0x5f, 0x31, 0x2f, 0x6c, 0x73, 0x74, 0x6d, 0x5f, 0x31, 0x2f, 0x6c, 0x73,
    0x74, 0x6d, 0x5f, 0x63, 0x65, 0x6c, 0x6c, 0x5f, 0x31, 0x35, 0x2f, 0x53,
    0x69, 0x67, 0x6d, 0x6f, 0x69, 0x64, 0x5f, 0x31, 0x00, 0x00, 0x00, 0x00,
    0x02, 0x00, 0x00, 0x00, 0x01, 0x00, 0x00, 0x00, 0x10, 0x00, 0x00, 0x00,
    0xf6, 0x1a, 0xff, 0xff, 0x00, 0x00, 0x00, 0x01, 0x18, 0x00, 0x00, 0x00,
    0x20, 0x00, 0x00, 0x00, 0x40, 0x00, 0x00, 0x00, 0xcb, 0x00, 0x00, 0x00,
    0x00, 0x00, 0x00, 0x09, 0x60, 0x00, 0x00, 0x00, 0x02, 0x00, 0x00, 0x00,
    0xff, 0xff, 0xff, 0xff, 0x10, 0x00, 0x00, 0x00, 0xdc, 0x1a, 0xff, 0xff,
    0x08, 0x00, 0x00, 0x00, 0x14, 0x00, 0x00, 0x00, 0x01, 0x00, 0x00, 0x00,
    0x80, 0xff, 0xff, 0xff, 0xff, 0xff, 0xff, 0xff, 0x00, 0x00, 0x00, 0x00,
    0x01, 0x00, 0x00, 0x00, 0x00, 0x00, 0x80, 0x3b, 0x26, 0x00, 0x00, 0x00,
    0x73, 0x6f, 0x63, 0x5f, 0x6c, 0x73, 0x74, 0x6d, 0x5f, 0x31, 0x2f, 0x6c,
    0x73, 0x74, 0x6d, 0x5f, 0x31, 0x2f, 0x6c, 0x73, 0x74, 0x6d, 0x5f, 0x63,
    0x65, 0x6c, 0x6c, 0x5f, 0x31, 0x35, 0x2f, 0x53, 0x69, 0x67, 0x6d, 0x6f,
    0x69, 0x64, 0x00, 0x00, 0x02, 0x00, 0x00, 0x00, 0x01, 0x00, 0x00, 0x00,
    0x10, 0x00, 0x00, 0x00, 0x7e, 0x1b, 0xff, 0xff, 0x00, 0x00, 0x00, 0x01,
    0x18, 0x00, 0x00, 0x00, 0x20, 0x00, 0x00, 0x00, 0x40, 0x00, 0x00, 0x00,
    0xca, 0x00, 0x00, 0x00, 0x00, 0x00, 0x00, 0x09, 0xd0, 0x00, 0x00, 0x00,
    0x02, 0x00, 0x00, 0x00, 0xff, 0xff, 0xff, 0xff, 0x10, 0x00, 0x00, 0x00,
    0x64, 0x1b, 0xff, 0xff, 0x08, 0x00, 0x00, 0x00, 0x14, 0x00, 0x00, 0x00,
    0x01, 0x00, 0x00, 0x00, 0xe2, 0xff, 0xff, 0xff, 0xff, 0xff, 0xff, 0xff,
    0x00, 0x00, 0x00, 0x00, 0x01, 0x00, 0x00, 0x00, 0xb5, 0xa2, 0x27, 0x3c,
    0x97, 0x00, 0x00, 0x00, 0x73, 0x6f, 0x63, 0x5f, 0x6c, 0x73, 0x74, 0x6d,
    0x5f, 0x31, 0x2f, 0x6c, 0x73, 0x74, 0x6d, 0x5f, 0x31, 0x2f, 0x6c, 0x73,
    0x74, 0x6d, 0x5f, 0x63, 0x65, 0x6c, 0x6c, 0x5f, 0x31, 0x35, 0x2f, 0x73,
    0x70, 0x6c, 0x69, 0x74, 0x3b, 0x73, 0x6f, 0x63, 0x5f, 0x6c, 0x73, 0x74,
    0x6d, 0x5f, 0x31, 0x2f, 0x6c, 0x73, 0x74, 0x6d, 0x5f, 0x31, 0x2f, 0x6c,
    0x73, 0x74, 0x6d, 0x5f, 0x63, 0x65, 0x6c, 0x6c, 0x5f, 0x31, 0x35, 0x2f,
    0x73, 0x70, 0x6c, 0x69, 0x74, 0x31, 0x3b, 0x73, 0x6f, 0x63, 0x5f, 0x6c,
    0x73, 0x74, 0x6d, 0x5f, 0x31, 0x2f, 0x6c, 0x73, 0x74, 0x6d, 0x5f, 0x31,
    0x2f, 0x6c, 0x73, 0x74, 0x6d, 0x5f, 0x63, 0x65, 0x6c, 0x6c, 0x5f, 0x31,
    0x35, 0x2f, 0x73, 0x70, 0x6c, 0x69, 0x74, 0x32, 0x3b, 0x73, 0x6f, 0x63,
    0x5f, 0x6c, 0x73, 0x74, 0x6d, 0x5f, 0x31, 0x2f, 0x6c, 0x73, 0x74, 0x6d,
    0x5f, 0x31, 0x2f, 0x6c, 0x73, 0x74, 0x6d, 0x5f, 0x63, 0x65, 0x6c, 0x6c,
    0x5f, 0x31, 0x35, 0x2f, 0x73, 0x70, 0x6c, 0x69, 0x74, 0x33, 0x33, 0x00,
    0x02, 0x00, 0x00, 0x00, 0x01, 0x00, 0x00, 0x00, 0x10, 0x00, 0x00, 0x00,
    0x76, 0x1c, 0xff, 0xff, 0x00, 0x00, 0x00, 0x01, 0x18, 0x00, 0x00, 0x00,
    0x20, 0x00, 0x00, 0x00, 0x40, 0x00, 0x00, 0x00, 0xc9, 0x00, 0x00, 0x00,
    0x00, 0x00, 0x00, 0x09, 0xd0, 0x00, 0x00, 0x00, 0x02, 0x00, 0x00, 0x00,
    0xff, 0xff, 0xff, 0xff, 0x10, 0x00, 0x00, 0x00, 0x5c, 0x1c, 0xff, 0xff,
    0x08, 0x00, 0x00, 0x00, 0x14, 0x00, 0x00, 0x00, 0x01, 0x00, 0x00, 0x00,
    0xe2, 0xff, 0xff, 0xff, 0xff, 0xff, 0xff, 0xff, 0x00, 0x00, 0x00, 0x00,
    0x01, 0x00, 0x00, 0x00, 0xb5, 0xa2, 0x27, 0x3c, 0x97, 0x00, 0x00, 0x00,
    0x73, 0x6f, 0x63, 0x5f, 0x6c, 0x73, 0x74, 0x6d, 0x5f, 0x31, 0x2f, 0x6c,
    0x73, 0x74, 0x6d, 0x5f, 0x31, 0x2f, 0x6c, 0x73, 0x74, 0x6d, 0x5f, 0x63,
    0x65, 0x6c, 0x6c, 0x5f, 0x31, 0x35, 0x2f, 0x73, 0x70, 0x6c, 0x69, 0x74,
    0x3b, 0x73, 0x6f, 0x63, 0x5f, 0x6c, 0x73, 0x74, 0x6d, 0x5f, 0x31, 0x2f,
    0x6c, 0x73, 0x74, 0x6d, 0x5f, 0x31, 0x2f, 0x6c, 0x73, 0x74, 0x6d, 0x5f,
    0x63, 0x65, 0x6c, 0x6c, 0x5f, 0x31, 0x35, 0x2f, 0x73, 0x70, 0x6c, 0x69,
    0x74, 0x31, 0x3b, 0x73, 0x6f, 0x63, 0x5f, 0x6c, 0x73, 0x74, 0x6d, 0x5f,
    0x31, 0x2f, 0x6c, 0x73, 0x74, 0x6d, 0x5f, 0x31, 0x2f, 0x6c, 0x73, 0x74,
    0x6d, 0x5f, 0x63, 0x65, 0x6c, 0x6c, 0x5f, 0x31, 0x35, 0x2f, 0x73, 0x70,
    0x6c, 0x69, 0x74, 0x32, 0x3b, 0x73, 0x6f, 0x63, 0x5f, 0x6c, 0x73, 0x74,
    0x6d, 0x5f, 0x31, 0x2f, 0x6c, 0x73, 0x74, 0x6d, 0x5f, 0x31, 0x2f, 0x6c,
    0x73, 0x74, 0x6d, 0x5f, 0x63, 0x65, 0x6c, 0x6c, 0x5f, 0x31, 0x35, 0x2f,
    0x73, 0x70, 0x6c, 0x69, 0x74, 0x33, 0x32, 0x00, 0x02, 0x00, 0x00, 0x00,
    0x01, 0x00, 0x00, 0x00, 0x10, 0x00, 0x00, 0x00, 0x6e, 0x1d, 0xff, 0xff,
    0x00, 0x00, 0x00, 0x01, 0x18, 0x00, 0x00, 0x00, 0x20, 0x00, 0x00, 0x00,
    0x40, 0x00, 0x00, 0x00, 0xc8, 0x00, 0x00, 0x00, 0x00, 0x00, 0x00, 0x09,
    0xd0, 0x00, 0x00, 0x00, 0x02, 0x00, 0x00, 0x00, 0xff, 0xff, 0xff, 0xff,
    0x10, 0x00, 0x00, 0x00, 0x54, 0x1d, 0xff, 0xff, 0x08, 0x00, 0x00, 0x00,
    0x14, 0x00, 0x00, 0x00, 0x01, 0x00, 0x00, 0x00, 0xe2, 0xff, 0xff, 0xff,
    0xff, 0xff, 0xff, 0xff, 0x00, 0x00, 0x00, 0x00, 0x01, 0x00, 0x00, 0x00,
    0xb5, 0xa2, 0x27, 0x3c, 0x97, 0x00, 0x00, 0x00, 0x73, 0x6f, 0x63, 0x5f,
    0x6c, 0x73, 0x74, 0x6d, 0x5f, 0x31, 0x2f, 0x6c, 0x73, 0x74, 0x6d, 0x5f,
    0x31, 0x2f, 0x6c, 0x73, 0x74, 0x6d, 0x5f, 0x63, 0x65, 0x6c, 0x6c, 0x5f,
    0x31, 0x35, 0x2f, 0x73, 0x70, 0x6c, 0x69, 0x74, 0x3b, 0x73, 0x6f, 0x63,
    0x5f, 0x6c, 0x73, 0x74, 0x6d, 0x5f, 0x31, 0x2f, 0x6c, 0x73, 0x74, 0x6d,
    0x5f, 0x31, 0x2f, 0x6c, 0x73, 0x74, 0x6d, 0x5f, 0x63, 0x65, 0x6c, 0x6c,
    0x5f, 0x31, 0x35, 0x2f, 0x73, 0x70, 0x6c, 0x69, 0x74, 0x31, 0x3b, 0x73,
    0x6f, 0x63, 0x5f, 0x6c, 0x73, 0x74, 0x6d, 0x5f, 0x31, 0x2f, 0x6c, 0x73,
    0x74, 0x6d, 0x5f, 0x31, 0x2f, 0x6c, 0x73, 0x74, 0x6d, 0x5f, 0x63, 0x65,
    0x6c, 0x6c, 0x5f, 0x31, 0x35, 0x2f, 0x73, 0x70, 0x6c, 0x69, 0x74, 0x32,
    0x3b, 0x73, 0x6f, 0x63, 0x5f, 0x6c, 0x73, 0x74, 0x6d, 0x5f, 0x31, 0x2f,
    0x6c, 0x73, 0x74, 0x6d, 0x5f, 0x31, 0x2f, 0x6c, 0x73, 0x74, 0x6d, 0x5f,
    0x63, 0x65, 0x6c, 0x6c, 0x5f, 0x31, 0x35, 0x2f, 0x73, 0x70, 0x6c, 0x69,
    0x74, 0x33, 0x31, 0x00, 0x02, 0x00, 0x00, 0x00, 0x01, 0x00, 0x00, 0x00,
    0x10, 0x00, 0x00, 0x00, 0x66, 0x1e, 0xff, 0xff, 0x00, 0x00, 0x00, 0x01,
    0x18, 0x00, 0x00, 0x00, 0x20, 0x00, 0x00, 0x00, 0x40, 0x00, 0x00, 0x00,
    0xc7, 0x00, 0x00, 0x00, 0x00, 0x00, 0x00, 0x09, 0xd0, 0x00, 0x00, 0x00,
    0x02, 0x00, 0x00, 0x00, 0xff, 0xff, 0xff, 0xff, 0x10, 0x00, 0x00, 0x00,
    0x4c, 0x1e, 0xff, 0xff, 0x08, 0x00, 0x00, 0x00, 0x14, 0x00, 0x00, 0x00,
    0x01, 0x00, 0x00, 0x00, 0xe2, 0xff, 0xff, 0xff, 0xff, 0xff, 0xff, 0xff,
    0x00, 0x00, 0x00, 0x00, 0x01, 0x00, 0x00, 0x00, 0xb5, 0xa2, 0x27, 0x3c,
    0x96, 0x00, 0x00, 0x00, 0x73, 0x6f, 0x63, 0x5f, 0x6c, 0x73, 0x74, 0x6d,
    0x5f, 0x31, 0x2f, 0x6c, 0x73, 0x74, 0x6d, 0x5f, 0x31, 0x2f, 0x6c, 0x73,
    0x74, 0x6d, 0x5f, 0x63, 0x65, 0x6c, 0x6c, 0x5f, 0x31, 0x35, 0x2f, 0x73,
    0x70, 0x6c, 0x69, 0x74, 0x3b, 0x73, 0x6f, 0x63, 0x5f, 0x6c, 0x73, 0x74,
    0x6d, 0x5f, 0x31, 0x2f, 0x6c, 0x73, 0x74, 0x6d, 0x5f, 0x31, 0x2f, 0x6c,
    0x73, 0x74, 0x6d, 0x5f, 0x63, 0x65, 0x6c, 0x6c, 0x5f, 0x31, 0x35, 0x2f,
    0x73, 0x70, 0x6c, 0x69, 0x74, 0x31, 0x3b, 0x73, 0x6f, 0x63, 0x5f, 0x6c,
    0x73, 0x74, 0x6d, 0x5f, 0x31, 0x2f, 0x6c, 0x73, 0x74, 0x6d, 0x5f, 0x31,
    0x2f, 0x6c, 0x73, 0x74, 0x6d, 0x5f, 0x63, 0x65, 0x6c, 0x6c, 0x5f, 0x31,
    0x35, 0x2f, 0x73, 0x70, 0x6c, 0x69, 0x74, 0x32, 0x3b, 0x73, 0x6f, 0x63,
    0x5f, 0x6c, 0x73, 0x74, 0x6d, 0x5f, 0x31, 0x2f, 0x6c, 0x73, 0x74, 0x6d,
    0x5f, 0x31, 0x2f, 0x6c, 0x73, 0x74, 0x6d, 0x5f, 0x63, 0x65, 0x6c, 0x6c,
    0x5f, 0x31, 0x35, 0x2f, 0x73, 0x70, 0x6c, 0x69, 0x74, 0x33, 0x00, 0x00,
    0x02, 0x00, 0x00, 0x00, 0x01, 0x00, 0x00, 0x00, 0x10, 0x00, 0x00, 0x00,
    0x5e, 0x1f, 0xff, 0xff, 0x00, 0x00, 0x00, 0x01, 0x18, 0x00, 0x00, 0x00,
    0x20, 0x00, 0x00, 0x00, 0x40, 0x00, 0x00, 0x00, 0xc6, 0x00, 0x00, 0x00,
    0x00, 0x00, 0x00, 0x09, 0x60, 0x00, 0x00, 0x00, 0x02, 0x00, 0x00, 0x00,
    0xff, 0xff, 0xff, 0xff, 0x40, 0x00, 0x00, 0x00, 0x44, 0x1f, 0xff, 0xff,
    0x08, 0x00, 0x00, 0x00, 0x14, 0x00, 0x00, 0x00, 0x01, 0x00, 0x00, 0x00,
    0xe2, 0xff, 0xff, 0xff, 0xff, 0xff, 0xff, 0xff, 0x00, 0x00, 0x00, 0x00,
    0x01, 0x00, 0x00, 0x00, 0xb5, 0xa2, 0x27, 0x3c, 0x26, 0x00, 0x00, 0x00,
    0x73, 0x6f, 0x63, 0x5f, 0x6c, 0x73, 0x74, 0x6d, 0x5f, 0x31, 0x2f, 0x6c,
    0x73, 0x74, 0x6d, 0x5f, 0x31, 0x2f, 0x6c, 0x73, 0x74, 0x6d, 0x5f, 0x63,
    0x65, 0x6c, 0x6c, 0x5f, 0x31, 0x35, 0x2f, 0x42, 0x69, 0x61, 0x73, 0x41,
    0x64, 0x64, 0x00, 0x00, 0x02, 0x00, 0x00, 0x00, 0x01, 0x00, 0x00, 0x00,
    0x40, 0x00, 0x00, 0x00, 0xe6, 0x1f, 0xff, 0xff, 0x00, 0x00, 0x00, 0x01,
    0x18, 0x00, 0x00, 0x00, 0x20, 0x00, 0x00, 0x00, 0x3c, 0x00, 0x00, 0x00,
    0xc5, 0x00, 0x00, 0x00, 0x00, 0x00, 0x00, 0x09, 0x58, 0x00, 0x00, 0x00,
    0x02, 0x00, 0x00, 0x00, 0xff, 0xff, 0xff, 0xff, 0x40, 0x00, 0x00, 0x00,
    0xcc, 0x1f, 0xff, 0xff, 0x08, 0x00, 0x00, 0x00, 0x10, 0x00, 0x00, 0x00,
    0x01, 0x00, 0x00, 0x00, 0xe6, 0xff, 0xff, 0xff, 0xff, 0xff, 0xff, 0xff,
    0x01, 0x00, 0x00, 0x00, 0xae, 0xf3, 0x2b, 0x3c, 0x22, 0x00, 0x00, 0x00,
    0x73, 0x6f, 0x63, 0x5f, 0x6c, 0x73, 0x74, 0x6d, 0x5f, 0x31, 0x2f, 0x6c,
    0x73, 0x74, 0x6d, 0x5f, 0x31, 0x2f, 0x6c, 0x73, 0x74, 0x6d, 0x5f, 0x63,
    0x65, 0x6c, 0x6c, 0x5f, 0x31, 0x35, 0x2f, 0x41, 0x64, 0x64, 0x00, 0x00,
    0x02, 0x00, 0x00, 0x00, 0x01, 0x00, 0x00, 0x00, 0x40, 0x00, 0x00, 0x00,
    0x66, 0x20, 0xff, 0xff, 0x00, 0x00, 0x00, 0x01, 0x18, 0x00, 0x00, 0x00,
    0x20, 0x00, 0x00, 0x00, 0x40, 0x00, 0x00, 0x00, 0xc4, 0x00, 0x00, 0x00,
    0x00, 0x00, 0x00, 0x09, 0x60, 0x00, 0x00, 0x00, 0x02, 0x00, 0x00, 0x00,
    0xff, 0xff, 0xff, 0xff, 0x40, 0x00, 0x00, 0x00, 0x4c, 0x20, 0xff, 0xff,
    0x08, 0x00, 0x00, 0x00, 0x14, 0x00, 0x00, 0x00, 0x01, 0x00, 0x00, 0x00,
    0xea, 0xff, 0xff, 0xff, 0xff, 0xff, 0xff, 0xff, 0x00, 0x00, 0x00, 0x00,
    0x01, 0x00, 0x00, 0x00, 0x89, 0x7e, 0x7e, 0x3b, 0x27, 0x00, 0x00, 0x00,
    0x73, 0x6f, 0x63, 0x5f, 0x6c, 0x73, 0x74, 0x6d, 0x5f, 0x31, 0x2f, 0x6c,
    0x73, 0x74, 0x6d, 0x5f, 0x31, 0x2f, 0x6c, 0x73, 0x74, 0x6d, 0x5f, 0x63,
    0x65, 0x6c, 0x6c, 0x5f, 0x31, 0x35, 0x2f, 0x4d, 0x61, 0x74, 0x4d, 0x75,
    0x6c, 0x5f, 0x31, 0x00, 0x02, 0x00, 0x00, 0x00, 0x01, 0x00, 0x00, 0x00,
    0x40, 0x00, 0x00, 0x00, 0xee, 0x20, 0xff, 0xff, 0x00, 0x00, 0x00, 0x01,
    0x18, 0x00, 0x00, 0x00, 0x20, 0x00, 0x00, 0x00, 0x40, 0x00, 0x00, 0x00,
    0xc3, 0x00, 0x00, 0x00, 0x00, 0x00, 0x00, 0x09, 0x60, 0x00, 0x00, 0x00,
    0x02, 0x00, 0x00, 0x00, 0xff, 0xff, 0xff, 0xff, 0x10, 0x00, 0x00, 0x00,
    0xd4, 0x20, 0xff, 0xff, 0x08, 0x00, 0x00, 0x00, 0x14, 0x00, 0x00, 0x00,
    0x01, 0x00, 0x00, 0x00, 0x21, 0x00, 0x00, 0x00, 0x00, 0x00, 0x00, 0x00,
    0x00, 0x00, 0x00, 0x00, 0x01, 0x00, 0x00, 0x00, 0x6d, 0xf7, 0x16, 0x3b,
    0x24, 0x00, 0x00, 0x00, 0x73, 0x6f, 0x63, 0x5f, 0x6c, 0x73, 0x74, 0x6d,
    0x5f, 0x31, 0x2f, 0x6c, 0x73, 0x74, 0x6d, 0x5f, 0x31, 0x2f, 0x6c, 0x73,
    0x74, 0x6d, 0x5f, 0x63, 0x65, 0x6c, 0x6c, 0x5f, 0x31, 0x33, 0x2f, 0x6d,
    0x75, 0x6c, 0x5f, 0x32, 0x00, 0x00, 0x00, 0x00, 0x02, 0x00, 0x00, 0x00,
    0x01, 0x00, 0x00, 0x00, 0x10, 0x00, 0x00, 0x00, 0x76, 0x21, 0xff, 0xff,
    0x00, 0x00, 0x00, 0x01, 0x18, 0x00, 0x00, 0x00, 0x20, 0x00, 0x00, 0x00,
    0x40, 0x00, 0x00, 0x00, 0xc2, 0x00, 0x00, 0x00, 0x00, 0x00, 0x00, 0x09,
    0x60, 0x00, 0x00, 0x00, 0x02, 0x00, 0x00, 0x00, 0xff, 0xff, 0xff, 0xff,
    0x10, 0x00, 0x00, 0x00, 0x5c, 0x21, 0xff, 0xff, 0x08, 0x00, 0x00, 0x00,
    0x14, 0x00, 0x00, 0x00, 0x01, 0x00, 0x00, 0x00, 0x00, 0x00, 0x00, 0x00,
    0x00, 0x00, 0x00, 0x00, 0x00, 0x00, 0x00, 0x00, 0x01, 0x00, 0x00, 0x00,
    0x00, 0x00, 0x00, 0x3c, 0x25, 0x00, 0x00, 0x00, 0x73, 0x6f, 0x63, 0x5f,
    0x6c, 0x73, 0x74, 0x6d, 0x5f, 0x31, 0x2f, 0x6c, 0x73, 0x74, 0x6d, 0x5f,
    0x31, 0x2f, 0x6c, 0x73, 0x74, 0x6d, 0x5f, 0x63, 0x65, 0x6c, 0x6c, 0x5f,
    0x31, 0x33, 0x2f, 0x54, 0x61, 0x6e, 0x68, 0x5f, 0x31, 0x00, 0x00, 0x00,
    0x02, 0x00, 0x00, 0x00, 0x01, 0x00, 0x00, 0x00, 0x10, 0x00, 0x00, 0x00,
    0xfe, 0x21, 0xff, 0xff, 0x00, 0x00, 0x00, 0x01, 0x18, 0x00, 0x00, 0x00,
    0x20, 0x00, 0x00, 0x00, 0x40, 0x00, 0x00, 0x00, 0xc1, 0x00, 0x00, 0x00,
    0x00, 0x00, 0x00, 0x09, 0x60, 0x00, 0x00, 0x00, 0x02, 0x00, 0x00, 0x00,
    0xff, 0xff, 0xff, 0xff, 0x10, 0x00, 0x00, 0x00, 0xe4, 0x21, 0xff, 0xff,
    0x08, 0x00, 0x00, 0x00, 0x14, 0x00, 0x00, 0x00, 0x01, 0x00, 0x00, 0x00,
    0x39, 0x00, 0x00, 0x00, 0x00, 0x00, 0x00, 0x00, 0x00, 0x00, 0x00, 0x00,
    0x01, 0x00, 0x00, 0x00, 0x76, 0x5e, 0xe4, 0x3b, 0x24, 0x00, 0x00, 0x00,
    0x73, 0x6f, 0x63, 0x5f, 0x6c, 0x73, 0x74, 0x6d, 0x5f, 0x31, 0x2f, 0x6c,
    0x73, 0x74, 0x6d, 0x5f, 0x31, 0x2f, 0x6c, 0x73, 0x74, 0x6d, 0x5f, 0x63,
    0x65, 0x6c, 0x6c, 0x5f, 0x31, 0x33, 0x2f, 0x61, 0x64, 0x64, 0x5f, 0x31,
    0x00, 0x00, 0x00, 0x00, 0x02, 0x00, 0x00, 0x00, 0x01, 0x00, 0x00, 0x00,
    0x10, 0x00, 0x00, 0x00, 0x86, 0x22, 0xff, 0xff, 0x00, 0x00, 0x00, 0x01,
    0x18, 0x00, 0x00, 0x00, 0x20, 0x00, 0x00, 0x00, 0x40, 0x00, 0x00, 0x00,
    0xc0, 0x00, 0x00, 0x00, 0x00, 0x00, 0x00, 0x09, 0x60, 0x00, 0x00, 0x00,
    0x02, 0x00, 0x00, 0x00, 0xff, 0xff, 0xff, 0xff, 0x10, 0x00, 0x00, 0x00,
    0x6c, 0x22, 0xff, 0xff, 0x08, 0x00, 0x00, 0x00, 0x14, 0x00, 0x00, 0x00,
    0x01, 0x00, 0x00, 0x00, 0x2e, 0x00, 0x00, 0x00, 0x00, 0x00, 0x00, 0x00,
    0x00, 0x00, 0x00, 0x00, 0x01, 0x00, 0x00, 0x00, 0x1a, 0x18, 0x14, 0x3b,
    0x24, 0x00, 0x00, 0x00, 0x73, 0x6f, 0x63, 0x5f, 0x6c, 0x73, 0x74, 0x6d,
    0x5f, 0x31, 0x2f, 0x6c, 0x73, 0x74, 0x6d, 0x5f, 0x31, 0x2f, 0x6c, 0x73,
    0x74, 0x6d, 0x5f, 0x63, 0x65, 0x6c, 0x6c, 0x5f, 0x31, 0x33, 0x2f, 0x6d,
    0x75, 0x6c, 0x5f, 0x31, 0x00, 0x00, 0x00, 0x00, 0x02, 0x00, 0x00, 0x00,
    0x01, 0x00, 0x00, 0x00, 0x10, 0x00, 0x00, 0x00, 0x0e, 0x23, 0xff, 0xff,
    0x00, 0x00, 0x00, 0x01, 0x18, 0x00, 0x00, 0x00, 0x20, 0x00, 0x00, 0x00,
    0x3c, 0x00, 0x00, 0x00, 0xbf, 0x00, 0x00, 0x00, 0x00, 0x00, 0x00, 0x09,
    0x58, 0x00, 0x00, 0x00, 0x02, 0x00, 0x00, 0x00, 0xff, 0xff, 0xff, 0xff,
    0x10, 0x00, 0x00, 0x00, 0xf4, 0x22, 0xff, 0xff, 0x08, 0x00, 0x00, 0x00,
    0x10, 0x00, 0x00, 0x00, 0x01, 0x00, 0x00, 0x00, 0x00, 0x00, 0x00, 0x00,
    0x00, 0x00, 0x00, 0x00, 0x01, 0x00, 0x00, 0x00, 0x00, 0x00, 0x00, 0x3c,
    0x23, 0x00, 0x00, 0x00, 0x73, 0x6f, 0x63, 0x5f, 0x6c, 0x73, 0x74, 0x6d,
    0x5f, 0x31, 0x2f, 0x6c, 0x73, 0x74, 0x6d, 0x5f, 0x31, 0x2f, 0x6c, 0x73,
    0x74, 0x6d, 0x5f, 0x63, 0x65, 0x6c, 0x6c, 0x5f, 0x31, 0x33, 0x2f, 0x54,
    0x61, 0x6e, 0x68, 0x00, 0x02, 0x00, 0x00, 0x00, 0x01, 0x00, 0x00, 0x00,
    0x10, 0x00, 0x00, 0x00, 0x8e, 0x23, 0xff, 0xff, 0x00, 0x00, 0x00, 0x01,
    0x18, 0x00, 0x00, 0x00, 0x20, 0x00, 0x00, 0x00, 0x3c, 0x00, 0x00, 0x00,
    0xbe, 0x00, 0x00, 0x00, 0x00, 0x00, 0x00, 0x09, 0x60, 0x00, 0x00, 0x00,
    0x02, 0x00, 0x00, 0x00, 0xff, 0xff, 0xff, 0xff, 0x10, 0x00, 0x00, 0x00,
    0x74, 0x23, 0xff, 0xff, 0x08, 0x00, 0x00, 0x00, 0x10, 0x00, 0x00, 0x00,
    0x01, 0x00, 0x00, 0x00, 0x80, 0xff, 0xff, 0xff, 0xff, 0xff, 0xff, 0xff,
    0x01, 0x00, 0x00, 0x00, 0x00, 0x00, 0x80, 0x3b, 0x28, 0x00, 0x00, 0x00,
    0x73, 0x6f, 0x63, 0x5f, 0x6c, 0x73, 0x74, 0x6d, 0x5f, 0x31, 0x2f, 0x6c,
    0x73, 0x74, 0x6d, 0x5f, 0x31, 0x2f, 0x6c, 0x73, 0x74, 0x6d, 0x5f, 0x63,
    0x65, 0x6c, 0x6c, 0x5f, 0x31, 0x33, 0x2f, 0x53, 0x69, 0x67, 0x6d, 0x6f,
    0x69, 0x64, 0x5f, 0x32, 0x00, 0x00, 0x00, 0x00, 0x02, 0x00, 0x00, 0x00,
    0x01, 0x00, 0x00, 0x00, 0x10, 0x00, 0x00, 0x00, 0x16, 0x24, 0xff, 0xff,
    0x00, 0x00, 0x00, 0x01, 0x18, 0x00, 0x00, 0x00, 0x20, 0x00, 0x00, 0x00,
    0x3c, 0x00, 0x00, 0x00, 0xbd, 0x00, 0x00, 0x00, 0x00, 0x00, 0x00, 0x09,
    0x58, 0x00, 0x00, 0x00, 0x02, 0x00, 0x00, 0x00, 0xff, 0xff, 0xff, 0xff,
    0x10, 0x00, 0x00, 0x00, 0xfc, 0x23, 0xff, 0xff, 0x08, 0x00, 0x00, 0x00,
    0x10, 0x00, 0x00, 0x00, 0x01, 0x00, 0x00, 0x00, 0x39, 0x00, 0x00, 0x00,
    0x00, 0x00, 0x00, 0x00, 0x01, 0x00, 0x00, 0x00, 0x76, 0x5e, 0xe4, 0x3b,
    0x22, 0x00, 0x00, 0x00, 0x73, 0x6f, 0x63, 0x5f, 0x6c, 0x73, 0x74, 0x6d,
    0x5f, 0x31, 0x2f, 0x6c, 0x73, 0x74, 0x6d, 0x5f, 0x31, 0x2f, 0x6c, 0x73,
    0x74, 0x6d, 0x5f, 0x63, 0x65, 0x6c, 0x6c, 0x5f, 0x31, 0x33, 0x2f, 0x6d,
    0x75, 0x6c, 0x00, 0x00, 0x02, 0x00, 0x00, 0x00, 0x01, 0x00, 0x00, 0x00,
    0x10, 0x00, 0x00, 0x00, 0x96, 0x24, 0xff, 0xff, 0x00, 0x00, 0x00, 0x01,
    0x18, 0x00, 0x00, 0x00, 0x20, 0x00, 0x00, 0x00, 0x3c, 0x00, 0x00, 0x00,
    0xbc, 0x00, 0x00, 0x00, 0x00, 0x00, 0x00, 0x09, 0x60, 0x00, 0x00, 0x00,
    0x02, 0x00, 0x00, 0x00, 0xff, 0xff, 0xff, 0xff, 0x10, 0x00, 0x00, 0x00,
    0x7c, 0x24, 0xff, 0xff, 0x08, 0x00, 0x00, 0x00, 0x10, 0x00, 0x00, 0x00,
    0x01, 0x00, 0x00, 0x00, 0x80, 0xff, 0xff, 0xff, 0xff, 0xff, 0xff, 0xff,
    0x01, 0x00, 0x00, 0x00, 0x00, 0x00, 0x80, 0x3b, 0x28, 0x00, 0x00, 0x00,
    0x73, 0x6f, 0x63, 0x5f, 0x6c, 0x73, 0x74, 0x6d, 0x5f, 0x31, 0x2f, 0x6c,
    0x73, 0x74, 0x6d, 0x5f, 0x31, 0x2f, 0x6c, 0x73, 0x74, 0x6d, 0x5f, 0x63,
    0x65, 0x6c, 0x6c, 0x5f, 0x31, 0x33, 0x2f, 0x53, 0x69, 0x67, 0x6d, 0x6f,
    0x69, 0x64, 0x5f, 0x31, 0x00, 0x00, 0x00, 0x00, 0x02, 0x00, 0x00, 0x00,
    0x01, 0x00, 0x00, 0x00, 0x10, 0x00, 0x00, 0x00, 0x1e, 0x25, 0xff, 0xff,
    0x00, 0x00, 0x00, 0x01, 0x18, 0x00, 0x00, 0x00, 0x20, 0x00, 0x00, 0x00,
    0x40, 0x00, 0x00, 0x00, 0xbb, 0x00, 0x00, 0x00, 0x00, 0x00, 0x00, 0x09,
    0x60, 0x00, 0x00, 0x00, 0x02, 0x00, 0x00, 0x00, 0xff, 0xff, 0xff, 0xff,
    0x10, 0x00, 0x00, 0x00, 0x04, 0x25, 0xff, 0xff, 0x08, 0x00, 0x00, 0x00,
    0x14, 0x00, 0x00, 0x00, 0x01, 0x00, 0x00, 0x00, 0x80, 0xff, 0xff, 0xff,
    0xff, 0xff, 0xff, 0xff, 0x00, 0x00, 0x00, 0x00, 0x01, 0x00, 0x00, 0x00,
    0x00, 0x00, 0x80, 0x3b, 0x26, 0x00, 0x00, 0x00, 0x73, 0x6f, 0x63, 0x5f,
    0x6c, 0x73, 0x74, 0x6d, 0x5f, 0x31, 0x2f, 0x6c, 0x73, 0x74, 0x6d, 0x5f,
    0x31, 0x2f, 0x6c, 0x73, 0x74, 0x6d, 0x5f, 0x63, 0x65, 0x6c, 0x6c, 0x5f,
    0x31, 0x33, 0x2f, 0x53, 0x69, 0x67, 0x6d, 0x6f, 0x69, 0x64, 0x00, 0x00,
    0x02, 0x00, 0x00, 0x00, 0x01, 0x00, 0x00, 0x00, 0x10, 0x00, 0x00, 0x00,
    0xa6, 0x25, 0xff, 0xff, 0x00, 0x00, 0x00, 0x01, 0x18, 0x00, 0x00, 0x00,
    0x20, 0x00, 0x00, 0x00, 0x40, 0x00, 0x00, 0x00, 0xba, 0x00, 0x00, 0x00,
    0x00, 0x00, 0x00, 0x09, 0xd0, 0x00, 0x00, 0x00, 0x02, 0x00, 0x00, 0x00,
    0xff, 0xff, 0xff, 0xff, 0x10, 0x00, 0x00, 0x00, 0x8c, 0x25, 0xff, 0xff,
    0x08, 0x00, 0x00, 0x00, 0x14, 0x00, 0x00, 0x00, 0x01, 0x00, 0x00, 0x00,
    0xe2, 0xff, 0xff, 0xff, 0xff, 0xff, 0xff, 0xff, 0x00, 0x00, 0x00, 0x00,
    0x01, 0x00, 0x00, 0x00, 0x37, 0x32, 0x26, 0x3c, 0x97, 0x00, 0x00, 0x00,
    0x73, 0x6f, 0x63, 0x5f, 0x6c, 0x73, 0x74, 0x6d, 0x5f, 0x31, 0x2f, 0x6c,
    0x73, 0x74, 0x6d, 0x5f, 0x31, 0x2f, 0x6c, 0x73, 0x74, 0x6d, 0x5f, 0x63,
    0x65, 0x6c, 0x6c, 0x5f, 0x31, 0x33, 0x2f, 0x73, 0x70, 0x6c, 0x69, 0x74,
    0x3b, 0x73, 0x6f, 0x63, 0x5f, 0x6c, 0x73, 0x74, 0x6d, 0x5f, 0x31, 0x2f,
    0x6c, 0x73, 0x74, 0x6d, 0x5f, 0x31, 0x2f, 0x6c, 0x73, 0x74, 0x6d, 0x5f,
    0x63, 0x65, 0x6c, 0x6c, 0x5f, 0x31, 0x33, 0x2f, 0x73, 0x70, 0x6c, 0x69,
    0x74, 0x31, 0x3b, 0x73, 0x6f, 0x63, 0x5f, 0x6c, 0x73, 0x74, 0x6d, 0x5f,
    0x31, 0x2f, 0x6c, 0x73, 0x74, 0x6d, 0x5f, 0x31, 0x2f, 0x6c, 0x73, 0x74,
    0x6d, 0x5f, 0x63, 0x65, 0x6c, 0x6c, 0x5f, 0x31, 0x33, 0x2f, 0x73, 0x70,
    0x6c, 0x69, 0x74, 0x32, 0x3b, 0x73, 0x6f, 0x63, 0x5f, 0x6c, 0x73, 0x74,
    0x6d, 0x5f, 0x31, 0x2f, 0x6c, 0x73, 0x74, 0x6d, 0x5f, 0x31, 0x2f, 0x6c,
    0x73, 0x74, 0x6d, 0x5f, 0x63, 0x65, 0x6c, 0x6c, 0x5f, 0x31, 0x33, 0x2f,
    0x73, 0x70, 0x6c, 0x69, 0x74, 0x33, 0x33, 0x00, 0x02, 0x00, 0x00, 0x00,
    0x01, 0x00, 0x00, 0x00, 0x10, 0x00, 0x00, 0x00, 0x9e, 0x26, 0xff, 0xff,
    0x00, 0x00, 0x00, 0x01, 0x18, 0x00, 0x00, 0x00, 0x20, 0x00, 0x00, 0x00,
    0x40, 0x00, 0x00, 0x00, 0xb9, 0x00, 0x00, 0x00, 0x00, 0x00, 0x00, 0x09,
    0xd0, 0x00, 0x00, 0x00, 0x02, 0x00, 0x00, 0x00, 0xff, 0xff, 0xff, 0xff,
    0x10, 0x00, 0x00, 0x00, 0x84, 0x26, 0xff, 0xff, 0x08, 0x00, 0x00, 0x00,
    0x14, 0x00, 0x00, 0x00, 0x01, 0x00, 0x00, 0x00, 0xe2, 0xff, 0xff, 0xff,
    0xff, 0xff, 0xff, 0xff, 0x00, 0x00, 0x00, 0x00, 0x01, 0x00, 0x00, 0x00,
    0x37, 0x32, 0x26, 0x3c, 0x97, 0x00, 0x00, 0x00, 0x73, 0x6f, 0x63, 0x5f,
    0x6c, 0x73, 0x74, 0x6d, 0x5f, 0x31, 0x2f, 0x6c, 0x73, 0x74, 0x6d, 0x5f,
    0x31, 0x2f, 0x6c, 0x73, 0x74, 0x6d, 0x5f, 0x63, 0x65, 0x6c, 0x6c, 0x5f,
    0x31, 0x33, 0x2f, 0x73, 0x70, 0x6c, 0x69, 0x74, 0x3b, 0x73, 0x6f, 0x63,
    0x5f, 0x6c, 0x73, 0x74, 0x6d, 0x5f, 0x31, 0x2f, 0x6c, 0x73, 0x74, 0x6d,
    0x5f, 0x31, 0x2f, 0x6c, 0x73, 0x74, 0x6d, 0x5f, 0x63, 0x65, 0x6c, 0x6c,
    0x5f, 0x31, 0x33, 0x2f, 0x73, 0x70, 0x6c, 0x69, 0x74, 0x31, 0x3b, 0x73,
    0x6f, 0x63, 0x5f, 0x6c, 0x73, 0x74, 0x6d, 0x5f, 0x31, 0x2f, 0x6c, 0x73,
    0x74, 0x6d, 0x5f, 0x31, 0x2f, 0x6c, 0x73, 0x74, 0x6d, 0x5f, 0x63, 0x65,
    0x6c, 0x6c, 0x5f, 0x31, 0x33, 0x2f, 0x73, 0x70, 0x6c, 0x69, 0x74, 0x32,
    0x3b, 0x73, 0x6f, 0x63, 0x5f, 0x6c, 0x73, 0x74, 0x6d, 0x5f, 0x31, 0x2f,
    0x6c, 0x73, 0x74, 0x6d, 0x5f, 0x31, 0x2f, 0x6c, 0x73, 0x74, 0x6d, 0x5f,
    0x63, 0x65, 0x6c, 0x6c, 0x5f, 0x31, 0x33, 0x2f, 0x73, 0x70, 0x6c, 0x69,
    0x74, 0x33, 0x32, 0x00, 0x02, 0x00, 0x00, 0x00, 0x01, 0x00, 0x00, 0x00,
    0x10, 0x00, 0x00, 0x00, 0x96, 0x27, 0xff, 0xff, 0x00, 0x00, 0x00, 0x01,
    0x18, 0x00, 0x00, 0x00, 0x20, 0x00, 0x00, 0x00, 0x40, 0x00, 0x00, 0x00,
    0xb8, 0x00, 0x00, 0x00, 0x00, 0x00, 0x00, 0x09, 0xd0, 0x00, 0x00, 0x00,
    0x02, 0x00, 0x00, 0x00, 0xff, 0xff, 0xff, 0xff, 0x10, 0x00, 0x00, 0x00,
    0x7c, 0x27, 0xff, 0xff, 0x08, 0x00, 0x00, 0x00, 0x14, 0x00, 0x00, 0x00,
    0x01, 0x00, 0x00, 0x00, 0xe2, 0xff, 0xff, 0xff, 0xff, 0xff, 0xff, 0xff,
    0x00, 0x00, 0x00, 0x00, 0x01, 0x00, 0x00, 0x00, 0x37, 0x32, 0x26, 0x3c,
    0x97, 0x00, 0x00, 0x00, 0x73, 0x6f, 0x63, 0x5f, 0x6c, 0x73, 0x74, 0x6d,
    0x5f, 0x31, 0x2f, 0x6c, 0x73, 0x74, 0x6d, 0x5f, 0x31, 0x2f, 0x6c, 0x73,
    0x74, 0x6d, 0x5f, 0x63, 0x65, 0x6c, 0x6c, 0x5f, 0x31, 0x33, 0x2f, 0x73,
    0x70, 0x6c, 0x69, 0x74, 0x3b, 0x73, 0x6f, 0x63, 0x5f, 0x6c, 0x73, 0x74,
    0x6d, 0x5f, 0x31, 0x2f, 0x6c, 0x73, 0x74, 0x6d, 0x5f, 0x31, 0x2f, 0x6c,
    0x73, 0x74, 0x6d, 0x5f, 0x63, 0x65, 0x6c, 0x6c, 0x5f, 0x31, 0x33, 0x2f,
    0x73, 0x70, 0x6c, 0x69, 0x74, 0x31, 0x3b, 0x73, 0x6f, 0x63, 0x5f, 0x6c,
    0x73, 0x74, 0x6d, 0x5f, 0x31, 0x2f, 0x6c, 0x73, 0x74, 0x6d, 0x5f, 0x31,
    0x2f, 0x6c, 0x73, 0x74, 0x6d, 0x5f, 0x63, 0x65, 0x6c, 0x6c, 0x5f, 0x31,
    0x33, 0x2f, 0x73, 0x70, 0x6c, 0x69, 0x74, 0x32, 0x3b, 0x73, 0x6f, 0x63,
    0x5f, 0x6c, 0x73, 0x74, 0x6d, 0x5f, 0x31, 0x2f, 0x6c, 0x73, 0x74, 0x6d,
    0x5f, 0x31, 0x2f, 0x6c, 0x73, 0x74, 0x6d, 0x5f, 0x63, 0x65, 0x6c, 0x6c,
    0x5f, 0x31, 0x33, 0x2f, 0x73, 0x70, 0x6c, 0x69, 0x74, 0x33, 0x31, 0x00,
    0x02, 0x00, 0x00, 0x00, 0x01, 0x00, 0x00, 0x00, 0x10, 0x00, 0x00, 0x00,
    0x8e, 0x28, 0xff, 0xff, 0x00, 0x00, 0x00, 0x01, 0x18, 0x00, 0x00, 0x00,
    0x20, 0x00, 0x00, 0x00, 0x40, 0x00, 0x00, 0x00, 0xb7, 0x00, 0x00, 0x00,
    0x00, 0x00, 0x00, 0x09, 0xd0, 0x00, 0x00, 0x00, 0x02, 0x00, 0x00, 0x00,
    0xff, 0xff, 0xff, 0xff, 0x10, 0x00, 0x00, 0x00, 0x74, 0x28, 0xff, 0xff,
    0x08, 0x00, 0x00, 0x00, 0x14, 0x00, 0x00, 0x00, 0x01, 0x00, 0x00, 0x00,
    0xe2, 0xff, 0xff, 0xff, 0xff, 0xff, 0xff, 0xff, 0x00, 0x00, 0x00, 0x00,
    0x01, 0x00, 0x00, 0x00, 0x37, 0x32, 0x26, 0x3c, 0x96, 0x00, 0x00, 0x00,
    0x73, 0x6f, 0x63, 0x5f, 0x6c, 0x73, 0x74, 0x6d, 0x5f, 0x31, 0x2f, 0x6c,
    0x73, 0x74, 0x6d, 0x5f, 0x31, 0x2f, 0x6c, 0x73, 0x74, 0x6d, 0x5f, 0x63,
    0x65, 0x6c, 0x6c, 0x5f, 0x31, 0x33, 0x2f, 0x73, 0x70, 0x6c, 0x69, 0x74,
    0x3b, 0x73, 0x6f, 0x63, 0x5f, 0x6c, 0x73, 0x74, 0x6d, 0x5f, 0x31, 0x2f,
    0x6c, 0x73, 0x74, 0x6d, 0x5f, 0x31, 0x2f, 0x6c, 0x73, 0x74, 0x6d, 0x5f,
    0x63, 0x65, 0x6c, 0x6c, 0x5f, 0x31, 0x33, 0x2f, 0x73, 0x70, 0x6c, 0x69,
    0x74, 0x31, 0x3b, 0x73, 0x6f, 0x63, 0x5f, 0x6c, 0x73, 0x74, 0x6d, 0x5f,
    0x31, 0x2f, 0x6c, 0x73, 0x74, 0x6d, 0x5f, 0x31, 0x2f, 0x6c, 0x73, 0x74,
    0x6d, 0x5f, 0x63, 0x65, 0x6c, 0x6c, 0x5f, 0x31, 0x33, 0x2f, 0x73, 0x70,
    0x6c, 0x69, 0x74, 0x32, 0x3b, 0x73, 0x6f, 0x63, 0x5f, 0x6c, 0x73, 0x74,
    0x6d, 0x5f, 0x31, 0x2f, 0x6c, 0x73, 0x74, 0x6d, 0x5f, 0x31, 0x2f, 0x6c,
    0x73, 0x74, 0x6d, 0x5f, 0x63, 0x65, 0x6c, 0x6c, 0x5f, 0x31, 0x33, 0x2f,
    0x73, 0x70, 0x6c, 0x69, 0x74, 0x33, 0x00, 0x00, 0x02, 0x00, 0x00, 0x00,
    0x01, 0x00, 0x00, 0x00, 0x10, 0x00, 0x00, 0x00, 0x86, 0x29, 0xff, 0xff,
    0x00, 0x00, 0x00, 0x01, 0x18, 0x00, 0x00, 0x00, 0x20, 0x00, 0x00, 0x00,
    0x40, 0x00, 0x00, 0x00, 0xb6, 0x00, 0x00, 0x00, 0x00, 0x00, 0x00, 0x09,
    0x60, 0x00, 0x00, 0x00, 0x02, 0x00, 0x00, 0x00, 0xff, 0xff, 0xff, 0xff,
    0x40, 0x00, 0x00, 0x00, 0x6c, 0x29, 0xff, 0xff, 0x08, 0x00, 0x00, 0x00,
    0x14, 0x00, 0x00, 0x00, 0x01, 0x00, 0x00, 0x00, 0xe2, 0xff, 0xff, 0xff,
    0xff, 0xff, 0xff, 0xff, 0x00, 0x00, 0x00, 0x00, 0x01, 0x00, 0x00, 0x00,
    0x37, 0x32, 0x26, 0x3c, 0x26, 0x00, 0x00, 0x00, 0x73, 0x6f, 0x63, 0x5f,
    0x6c, 0x73, 0x74, 0x6d, 0x5f, 0x31, 0x2f, 0x6c, 0x73, 0x74, 0x6d, 0x5f,
    0x31, 0x2f, 0x6c, 0x73, 0x74, 0x6d, 0x5f, 0x63, 0x65, 0x6c, 0x6c, 0x5f,
    0x31, 0x33, 0x2f, 0x42, 0x69, 0x61, 0x73, 0x41, 0x64, 0x64, 0x00, 0x00,
    0x02, 0x00, 0x00, 0x00, 0x01, 0x00, 0x00, 0x00, 0x40, 0x00, 0x00, 0x00,
    0x0e, 0x2a, 0xff, 0xff, 0x00, 0x00, 0x00, 0x01, 0x18, 0x00, 0x00, 0x00,
    0x20, 0x00, 0x00, 0x00, 0x3c, 0x00, 0x00, 0x00, 0xb5, 0x00, 0x00, 0x00,
    0x00, 0x00, 0x00, 0x09, 0x58, 0x00, 0x00, 0x00, 0x02, 0x00, 0x00, 0x00,
    0xff, 0xff, 0xff, 0xff, 0x40, 0x00, 0x00, 0x00, 0xf4, 0x29, 0xff, 0xff,
    0x08, 0x00, 0x00, 0x00, 0x10, 0x00, 0x00, 0x00, 0x01, 0x00, 0x00, 0x00,
    0xe6, 0xff, 0xff, 0xff, 0xff, 0xff, 0xff, 0xff, 0x01, 0x00, 0x00, 0x00,
    0x31, 0x83, 0x2a, 0x3c, 0x22, 0x00, 0x00, 0x00, 0x73, 0x6f, 0x63, 0x5f,
    0x6c, 0x73, 0x74, 0x6d, 0x5f, 0x31, 0x2f, 0x6c, 0x73, 0x74, 0x6d, 0x5f,
    0x31, 0x2f, 0x6c, 0x73, 0x74, 0x6d, 0x5f, 0x63, 0x65, 0x6c, 0x6c, 0x5f,
    0x31, 0x33, 0x2f, 0x41, 0x64, 0x64, 0x00, 0x00, 0x02, 0x00, 0x00, 0x00,
    0x01, 0x00, 0x00, 0x00, 0x40, 0x00, 0x00, 0x00, 0x8e, 0x2a, 0xff, 0xff,
    0x00, 0x00, 0x00, 0x01, 0x18, 0x00, 0x00, 0x00, 0x20, 0x00, 0x00, 0x00,
    0x40, 0x00, 0x00, 0x00, 0xb4, 0x00, 0x00, 0x00, 0x00, 0x00, 0x00, 0x09,
    0x60, 0x00, 0x00, 0x00, 0x02, 0x00, 0x00, 0x00, 0xff, 0xff, 0xff, 0xff,
    0x40, 0x00, 0x00, 0x00, 0x74, 0x2a, 0xff, 0xff, 0x08, 0x00, 0x00, 0x00,
    0x14, 0x00, 0x00, 0x00, 0x01, 0x00, 0x00, 0x00, 0xeb, 0xff, 0xff, 0xff,
    0xff, 0xff, 0xff, 0xff, 0x00, 0x00, 0x00, 0x00, 0x01, 0x00, 0x00, 0x00,
    0x69, 0x61, 0x71, 0x3b, 0x27, 0x00, 0x00, 0x00, 0x73, 0x6f, 0x63, 0x5f,
    0x6c, 0x73, 0x74, 0x6d, 0x5f, 0x31, 0x2f, 0x6c, 0x73, 0x74, 0x6d, 0x5f,
    0x31, 0x2f, 0x6c, 0x73, 0x74, 0x6d, 0x5f, 0x63, 0x65, 0x6c, 0x6c, 0x5f,
    0x31, 0x33, 0x2f, 0x4d, 0x61, 0x74, 0x4d, 0x75, 0x6c, 0x5f, 0x31, 0x00,
    0x02, 0x00, 0x00, 0x00, 0x01, 0x00, 0x00, 0x00, 0x40, 0x00, 0x00, 0x00,
    0x16, 0x2b, 0xff, 0xff, 0x00, 0x00, 0x00, 0x01, 0x18, 0x00, 0x00, 0x00,
    0x20, 0x00, 0x00, 0x00, 0x40, 0x00, 0x00, 0x00, 0xb3, 0x00, 0x00, 0x00,
    0x00, 0x00, 0x00, 0x09, 0x60, 0x00, 0x00, 0x00, 0x02, 0x00, 0x00, 0x00,
    0xff, 0xff, 0xff, 0xff, 0x10, 0x00, 0x00, 0x00, 0xfc, 0x2a, 0xff, 0xff,
    0x08, 0x00, 0x00, 0x00, 0x14, 0x00, 0x00, 0x00, 0x01, 0x00, 0x00, 0x00,
    0x21, 0x00, 0x00, 0x00, 0x00, 0x00, 0x00, 0x00, 0x00, 0x00, 0x00, 0x00,
    0x01, 0x00, 0x00, 0x00, 0x9f, 0xda, 0x11, 0x3b, 0x24, 0x00, 0x00, 0x00,
    0x73, 0x6f, 0x63, 0x5f, 0x6c, 0x73, 0x74, 0x6d, 0x5f, 0x31, 0x2f, 0x6c,
    0x73, 0x74, 0x6d, 0x5f, 0x31, 0x2f, 0x6c, 0x73, 0x74, 0x6d, 0x5f, 0x63,
    0x65, 0x6c, 0x6c, 0x5f, 0x31, 0x31, 0x2f, 0x6d, 0x75, 0x6c, 0x5f, 0x32,
    0x00, 0x00, 0x00, 0x00, 0x02, 0x00, 0x00, 0x00, 0x01, 0x00, 0x00, 0x00,
    0x10, 0x00, 0x00, 0x00, 0x9e, 0x2b, 0xff, 0xff, 0x00, 0x00, 0x00, 0x01,
    0x18, 0x00, 0x00, 0x00, 0x20, 0x00, 0x00, 0x00, 0x40, 0x00, 0x00, 0x00,
    0xb2, 0x00, 0x00, 0x00, 0x00, 0x00, 0x00, 0x09, 0x60, 0x00, 0x00, 0x00,
    0x02, 0x00, 0x00, 0x00, 0xff, 0xff, 0xff, 0xff, 0x10, 0x00, 0x00, 0x00,
    0x84, 0x2b, 0xff, 0xff, 0x08, 0x00, 0x00, 0x00, 0x14, 0x00, 0x00, 0x00,
    0x01, 0x00, 0x00, 0x00, 0x00, 0x00, 0x00, 0x00, 0x00, 0x00, 0x00, 0x00,
    0x00, 0x00, 0x00, 0x00, 0x01, 0x00, 0x00, 0x00, 0x00, 0x00, 0x00, 0x3c,
    0x25, 0x00, 0x00, 0x00, 0x73, 0x6f, 0x63, 0x5f, 0x6c, 0x73, 0x74, 0x6d,
    0x5f, 0x31, 0x2f, 0x6c, 0x73, 0x74, 0x6d, 0x5f, 0x31, 0x2f, 0x6c, 0x73,
    0x74, 0x6d, 0x5f, 0x63, 0x65, 0x6c, 0x6c, 0x5f, 0x31, 0x31, 0x2f, 0x54,
    0x61, 0x6e, 0x68, 0x5f, 0x31, 0x00, 0x00, 0x00, 0x02, 0x00, 0x00, 0x00,
    0x01, 0x00, 0x00, 0x00, 0x10, 0x00, 0x00, 0x00, 0x26, 0x2c, 0xff, 0xff,
    0x00, 0x00, 0x00, 0x01, 0x18, 0x00, 0x00, 0x00, 0x20, 0x00, 0x00, 0x00,
    0x40, 0x00, 0x00, 0x00, 0xb1, 0x00, 0x00, 0x00, 0x00, 0x00, 0x00, 0x09,
    0x60, 0x00, 0x00, 0x00, 0x02, 0x00, 0x00, 0x00, 0xff, 0xff, 0xff, 0xff,
    0x10, 0x00, 0x00, 0x00, 0x0c, 0x2c, 0xff, 0xff, 0x08, 0x00, 0x00, 0x00,
    0x14, 0x00, 0x00, 0x00, 0x01, 0x00, 0x00, 0x00, 0x37, 0x00, 0x00, 0x00,
    0x00, 0x00, 0x00, 0x00, 0x00, 0x00, 0x00, 0x00, 0x01, 0x00, 0x00, 0x00,
    0x1c, 0x82, 0xd2, 0x3b, 0x24, 0x00, 0x00, 0x00, 0x73, 0x6f, 0x63, 0x5f,
    0x6c, 0x73, 0x74, 0x6d, 0x5f, 0x31, 0x2f, 0x6c, 0x73, 0x74, 0x6d, 0x5f,
    0x31, 0x2f, 0x6c, 0x73, 0x74, 0x6d, 0x5f, 0x63, 0x65, 0x6c, 0x6c, 0x5f,
    0x31, 0x31, 0x2f, 0x61, 0x64, 0x64, 0x5f, 0x31, 0x00, 0x00, 0x00, 0x00,
    0x02, 0x00, 0x00, 0x00, 0x01, 0x00, 0x00, 0x00, 0x10, 0x00, 0x00, 0x00,
    0xae, 0x2c, 0xff, 0xff, 0x00, 0x00, 0x00, 0x01, 0x18, 0x00, 0x00, 0x00,
    0x20, 0x00, 0x00, 0x00, 0x40, 0x00, 0x00, 0x00, 0xb0, 0x00, 0x00, 0x00,
    0x00, 0x00, 0x00, 0x09, 0x60, 0x00, 0x00, 0x00, 0x02, 0x00, 0x00, 0x00,
    0xff, 0xff, 0xff, 0xff, 0x10, 0x00, 0x00, 0x00, 0x94, 0x2c, 0xff, 0xff,
    0x08, 0x00, 0x00, 0x00, 0x14, 0x00, 0x00, 0x00, 0x01, 0x00, 0x00, 0x00,
    0x2e, 0x00, 0x00, 0x00, 0x00, 0x00, 0x00, 0x00, 0x00, 0x00, 0x00, 0x00,
    0x01, 0x00, 0x00, 0x00, 0xeb, 0x92, 0x10, 0x3b, 0x24, 0x00, 0x00, 0x00,
    0x73, 0x6f, 0x63, 0x5f, 0x6c, 0x73, 0x74, 0x6d, 0x5f, 0x31, 0x2f, 0x6c,
    0x73, 0x74, 0x6d, 0x5f, 0x31, 0x2f, 0x6c, 0x73, 0x74, 0x6d, 0x5f, 0x63,
    0x65, 0x6c, 0x6c, 0x5f, 0x31, 0x31, 0x2f, 0x6d, 0x75, 0x6c, 0x5f, 0x31,
    0x00, 0x00, 0x00, 0x00, 0x02, 0x00, 0x00, 0x00, 0x01, 0x00, 0x00, 0x00,
    0x10, 0x00, 0x00, 0x00, 0x36, 0x2d, 0xff, 0xff, 0x00, 0x00, 0x00, 0x01,
    0x18, 0x00, 0x00, 0x00, 0x20, 0x00, 0x00, 0x00, 0x3c, 0x00, 0x00, 0x00,
    0xaf, 0x00, 0x00, 0x00, 0x00, 0x00, 0x00, 0x09, 0x58, 0x00, 0x00, 0x00,
    0x02, 0x00, 0x00, 0x00, 0xff, 0xff, 0xff, 0xff, 0x10, 0x00, 0x00, 0x00,
    0x1c, 0x2d, 0xff, 0xff, 0x08, 0x00, 0x00, 0x00, 0x10, 0x00, 0x00, 0x00,
    0x01, 0x00, 0x00, 0x00, 0x00, 0x00, 0x00, 0x00, 0x00, 0x00, 0x00, 0x00,
    0x01, 0x00, 0x00, 0x00, 0x00, 0x00, 0x00, 0x3c, 0x23, 0x00, 0x00, 0x00,
    0x73, 0x6f, 0x63, 0x5f, 0x6c, 0x73, 0x74, 0x6d, 0x5f, 0x31, 0x2f, 0x6c,
    0x73, 0x74, 0x6d, 0x5f, 0x31, 0x2f, 0x6c, 0x73, 0x74, 0x6d, 0x5f, 0x63,
    0x65, 0x6c, 0x6c, 0x5f, 0x31, 0x31, 0x2f, 0x54, 0x61, 0x6e, 0x68, 0x00,
    0x02, 0x00, 0x00, 0x00, 0x01, 0x00, 0x00, 0x00, 0x10, 0x00, 0x00, 0x00,
    0xb6, 0x2d, 0xff, 0xff, 0x00, 0x00, 0x00, 0x01, 0x18, 0x00, 0x00, 0x00,
    0x20, 0x00, 0x00, 0x00, 0x3c, 0x00, 0x00, 0x00, 0xae, 0x00, 0x00, 0x00,
    0x00, 0x00, 0x00, 0x09, 0x60, 0x00, 0x00, 0x00, 0x02, 0x00, 0x00, 0x00,
    0xff, 0xff, 0xff, 0xff, 0x10, 0x00, 0x00, 0x00, 0x9c, 0x2d, 0xff, 0xff,
    0x08, 0x00, 0x00, 0x00, 0x10, 0x00, 0x00, 0x00, 0x01, 0x00, 0x00, 0x00,
    0x80, 0xff, 0xff, 0xff, 0xff, 0xff, 0xff, 0xff, 0x01, 0x00, 0x00, 0x00,
    0x00, 0x00, 0x80, 0x3b, 0x28, 0x00, 0x00, 0x00, 0x73, 0x6f, 0x63, 0x5f,
    0x6c, 0x73, 0x74, 0x6d, 0x5f, 0x31, 0x2f, 0x6c, 0x73, 0x74, 0x6d, 0x5f,
    0x31, 0x2f, 0x6c, 0x73, 0x74, 0x6d, 0x5f, 0x63, 0x65, 0x6c, 0x6c, 0x5f,
    0x31, 0x31, 0x2f, 0x53, 0x69, 0x67, 0x6d, 0x6f, 0x69, 0x64, 0x5f, 0x32,
    0x00, 0x00, 0x00, 0x00, 0x02, 0x00, 0x00, 0x00, 0x01, 0x00, 0x00, 0x00,
    0x10, 0x00, 0x00, 0x00, 0x3e, 0x2e, 0xff, 0xff, 0x00, 0x00, 0x00, 0x01,
    0x18, 0x00, 0x00, 0x00, 0x20, 0x00, 0x00, 0x00, 0x3c, 0x00, 0x00, 0x00,
    0xad, 0x00, 0x00, 0x00, 0x00, 0x00, 0x00, 0x09, 0x58, 0x00, 0x00, 0x00,
    0x02, 0x00, 0x00, 0x00, 0xff, 0xff, 0xff, 0xff, 0x10, 0x00, 0x00, 0x00,
    0x24, 0x2e, 0xff, 0xff, 0x08, 0x00, 0x00, 0x00, 0x10, 0x00, 0x00, 0x00,
    0x01, 0x00, 0x00, 0x00, 0x37, 0x00, 0x00, 0x00, 0x00, 0x00, 0x00, 0x00,
    0x01, 0x00, 0x00, 0x00, 0x1c, 0x82, 0xd2, 0x3b, 0x22, 0x00, 0x00, 0x00,
    0x73, 0x6f, 0x63, 0x5f, 0x6c, 0x73, 0x74, 0x6d, 0x5f, 0x31, 0x2f, 0x6c,
    0x73, 0x74, 0x6d, 0x5f, 0x31, 0x2f, 0x6c, 0x73, 0x74, 0x6d, 0x5f, 0x63,
    0x65, 0x6c, 0x6c, 0x5f, 0x31, 0x31, 0x2f, 0x6d, 0x75, 0x6c, 0x00, 0x00,
    0x02, 0x00, 0x00, 0x00, 0x01, 0x00, 0x00, 0x00, 0x10, 0x00, 0x00, 0x00,
    0xbe, 0x2e, 0xff, 0xff, 0x00, 0x00, 0x00, 0x01, 0x18, 0x00, 0x00, 0x00,
    0x20, 0x00, 0x00, 0x00, 0x3c, 0x00, 0x00, 0x00, 0xac, 0x00, 0x00, 0x00,
    0x00, 0x00, 0x00, 0x09, 0x60, 0x00, 0x00, 0x00, 0x02, 0x00, 0x00, 0x00,
    0xff, 0xff, 0xff, 0xff, 0x10, 0x00, 0x00, 0x00, 0xa4, 0x2e, 0xff, 0xff,
    0x08, 0x00, 0x00, 0x00, 0x10, 0x00, 0x00, 0x00, 0x01, 0x00, 0x00, 0x00,
    0x80, 0xff, 0xff, 0xff, 0xff, 0xff, 0xff, 0xff, 0x01, 0x00, 0x00, 0x00,
    0x00, 0x00, 0x80, 0x3b, 0x28, 0x00, 0x00, 0x00, 0x73, 0x6f, 0x63, 0x5f,
    0x6c, 0x73, 0x74, 0x6d, 0x5f, 0x31, 0x2f, 0x6c, 0x73, 0x74, 0x6d, 0x5f,
    0x31, 0x2f, 0x6c, 0x73, 0x74, 0x6d, 0x5f, 0x63, 0x65, 0x6c, 0x6c, 0x5f,
    0x31, 0x31, 0x2f, 0x53, 0x69, 0x67, 0x6d, 0x6f, 0x69, 0x64, 0x5f, 0x31,
    0x00, 0x00, 0x00, 0x00, 0x02, 0x00, 0x00, 0x00, 0x01, 0x00, 0x00, 0x00,
    0x10, 0x00, 0x00, 0x00, 0x46, 0x2f, 0xff, 0xff, 0x00, 0x00, 0x00, 0x01,
    0x18, 0x00, 0x00, 0x00, 0x20, 0x00, 0x00, 0x00, 0x40, 0x00, 0x00, 0x00,
    0xab, 0x00, 0x00, 0x00, 0x00, 0x00, 0x00, 0x09, 0x60, 0x00, 0x00, 0x00,
    0x02, 0x00, 0x00, 0x00, 0xff, 0xff, 0xff, 0xff, 0x10, 0x00, 0x00, 0x00,
    0x2c, 0x2f, 0xff, 0xff, 0x08, 0x00, 0x00, 0x00, 0x14, 0x00, 0x00, 0x00,
    0x01, 0x00, 0x00, 0x00, 0x80, 0xff, 0xff, 0xff, 0xff, 0xff, 0xff, 0xff,
    0x00, 0x00, 0x00, 0x00, 0x01, 0x00, 0x00, 0x00, 0x00, 0x00, 0x80, 0x3b,
    0x26, 0x00, 0x00, 0x00, 0x73, 0x6f, 0x63, 0x5f, 0x6c, 0x73, 0x74, 0x6d,
    0x5f, 0x31, 0x2f, 0x6c, 0x73, 0x74, 0x6d, 0x5f, 0x31, 0x2f, 0x6c, 0x73,
    0x74, 0x6d, 0x5f, 0x63, 0x65, 0x6c, 0x6c, 0x5f, 0x31, 0x31, 0x2f, 0x53,
    0x69, 0x67, 0x6d, 0x6f, 0x69, 0x64, 0x00, 0x00, 0x02, 0x00, 0x00, 0x00,
    0x01, 0x00, 0x00, 0x00, 0x10, 0x00, 0x00, 0x00, 0xce, 0x2f, 0xff, 0xff,
    0x00, 0x00, 0x00, 0x01, 0x18, 0x00, 0x00, 0x00, 0x20, 0x00, 0x00, 0x00,
    0x40, 0x00, 0x00, 0x00, 0xaa, 0x00, 0x00, 0x00, 0x00, 0x00, 0x00, 0x09,
    0xd0, 0x00, 0x00, 0x00, 0x02, 0x00, 0x00, 0x00, 0xff, 0xff, 0xff, 0xff,
    0x10, 0x00, 0x00, 0x00, 0xb4, 0x2f, 0xff, 0xff, 0x08, 0x00, 0x00, 0x00,
    0x14, 0x00, 0x00, 0x00, 0x01, 0x00, 0x00, 0x00, 0xe1, 0xff, 0xff, 0xff,
    0xff, 0xff, 0xff, 0xff, 0x00, 0x00, 0x00, 0x00, 0x01, 0x00, 0x00, 0x00,
    0xfb, 0x4a, 0x24, 0x3c, 0x97, 0x00, 0x00, 0x00, 0x73, 0x6f, 0x63, 0x5f,
    0x6c, 0x73, 0x74, 0x6d, 0x5f, 0x31, 0x2f, 0x6c, 0x73, 0x74, 0x6d, 0x5f,
    0x31, 0x2f, 0x6c, 0x73, 0x74, 0x6d, 0x5f, 0x63, 0x65, 0x6c, 0x6c, 0x5f,
    0x31, 0x31, 0x2f, 0x73, 0x70, 0x6c, 0x69, 0x74, 0x3b, 0x73, 0x6f, 0x63,
    0x5f, 0x6c, 0x73, 0x74, 0x6d, 0x5f, 0x31, 0x2f, 0x6c, 0x73, 0x74, 0x6d,
    0x5f, 0x31, 0x2f, 0x6c, 0x73, 0x74, 0x6d, 0x5f, 0x63, 0x65, 0x6c, 0x6c,
    0x5f, 0x31, 0x31, 0x2f, 0x73, 0x70, 0x6c, 0x69, 0x74, 0x31, 0x3b, 0x73,
    0x6f, 0x63, 0x5f, 0x6c, 0x73, 0x74, 0x6d, 0x5f, 0x31, 0x2f, 0x6c, 0x73,
    0x74, 0x6d, 0x5f, 0x31, 0x2f, 0x6c, 0x73, 0x74, 0x6d, 0x5f, 0x63, 0x65,
    0x6c, 0x6c, 0x5f, 0x31, 0x31, 0x2f, 0x73, 0x70, 0x6c, 0x69, 0x74, 0x32,
    0x3b, 0x73, 0x6f, 0x63, 0x5f, 0x6c, 0x73, 0x74, 0x6d, 0x5f, 0x31, 0x2f,
    0x6c, 0x73, 0x74, 0x6d, 0x5f, 0x31, 0x2f, 0x6c, 0x73, 0x74, 0x6d, 0x5f,
    0x63, 0x65, 0x6c, 0x6c, 0x5f, 0x31, 0x31, 0x2f, 0x73, 0x70, 0x6c, 0x69,
    0x74, 0x33, 0x33, 0x00, 0x02, 0x00, 0x00, 0x00, 0x01, 0x00, 0x00, 0x00,
    0x10, 0x00, 0x00, 0x00, 0xc6, 0x30, 0xff, 0xff, 0x00, 0x00, 0x00, 0x01,
    0x18, 0x00, 0x00, 0x00, 0x20, 0x00, 0x00, 0x00, 0x40, 0x00, 0x00, 0x00,
    0xa9, 0x00, 0x00, 0x00, 0x00, 0x00, 0x00, 0x09, 0xd0, 0x00, 0x00, 0x00,
    0x02, 0x00, 0x00, 0x00, 0xff, 0xff, 0xff, 0xff, 0x10, 0x00, 0x00, 0x00,
    0xac, 0x30, 0xff, 0xff, 0x08, 0x00, 0x00, 0x00, 0x14, 0x00, 0x00, 0x00,
    0x01, 0x00, 0x00, 0x00, 0xe1, 0xff, 0xff, 0xff, 0xff, 0xff, 0xff, 0xff,
    0x00, 0x00, 0x00, 0x00, 0x01, 0x00, 0x00, 0x00, 0xfb, 0x4a, 0x24, 0x3c,
    0x97, 0x00, 0x00, 0x00, 0x73, 0x6f, 0x63, 0x5f, 0x6c, 0x73, 0x74, 0x6d,
    0x5f, 0x31, 0x2f, 0x6c, 0x73, 0x74, 0x6d, 0x5f, 0x31, 0x2f, 0x6c, 0x73,
    0x74, 0x6d, 0x5f, 0x63, 0x65, 0x6c, 0x6c, 0x5f, 0x31, 0x31, 0x2f, 0x73,
    0x70, 0x6c, 0x69, 0x74, 0x3b, 0x73, 0x6f, 0x63, 0x5f, 0x6c, 0x73, 0x74,
    0x6d, 0x5f, 0x31, 0x2f, 0x6c, 0x73, 0x74, 0x6d, 0x5f, 0x31, 0x2f, 0x6c,
    0x73, 0x74, 0x6d, 0x5f, 0x63, 0x65, 0x6c, 0x6c, 0x5f, 0x31, 0x31, 0x2f,
    0x73, 0x70, 0x6c, 0x69, 0x74, 0x31, 0x3b, 0x73, 0x6f, 0x63, 0x5f, 0x6c,
    0x73, 0x74, 0x6d, 0x5f, 0x31, 0x2f, 0x6c, 0x73, 0x74, 0x6d, 0x5f, 0x31,
    0x2f, 0x6c, 0x73, 0x74, 0x6d, 0x5f, 0x63, 0x65, 0x6c, 0x6c, 0x5f, 0x31,
    0x31, 0x2f, 0x73, 0x70, 0x6c, 0x69, 0x74, 0x32, 0x3b, 0x73, 0x6f, 0x63,
    0x5f, 0x6c, 0x73, 0x74, 0x6d, 0x5f, 0x31, 0x2f, 0x6c, 0x73, 0x74, 0x6d,
    0x5f, 0x31, 0x2f, 0x6c, 0x73, 0x74, 0x6d, 0x5f, 0x63, 0x65, 0x6c, 0x6c,
    0x5f, 0x31, 0x31, 0x2f, 0x73, 0x70, 0x6c, 0x69, 0x74, 0x33, 0x32, 0x00,
    0x02, 0x00, 0x00, 0x00, 0x01, 0x00, 0x00, 0x00, 0x10, 0x00, 0x00, 0x00,
    0xbe, 0x31, 0xff, 0xff, 0x00, 0x00, 0x00, 0x01, 0x18, 0x00, 0x00, 0x00,
    0x20, 0x00, 0x00, 0x00, 0x40, 0x00, 0x00, 0x00, 0xa8, 0x00, 0x00, 0x00,
    0x00, 0x00, 0x00, 0x09, 0xd0, 0x00, 0x00, 0x00, 0x02, 0x00, 0x00, 0x00,
    0xff, 0xff, 0xff, 0xff, 0x10, 0x00, 0x00, 0x00, 0xa4, 0x31, 0xff, 0xff,
    0x08, 0x00, 0x00, 0x00, 0x14, 0x00, 0x00, 0x00, 0x01, 0x00, 0x00, 0x00,
    0xe1, 0xff, 0xff, 0xff, 0xff, 0xff, 0xff, 0xff, 0x00, 0x00, 0x00, 0x00,
    0x01, 0x00, 0x00, 0x00, 0xfb, 0x4a, 0x24, 0x3c, 0x97, 0x00, 0x00, 0x00,
    0x73, 0x6f, 0x63, 0x5f, 0x6c, 0x73, 0x74, 0x6d, 0x5f, 0x31, 0x2f, 0x6c,
    0x73, 0x74, 0x6d, 0x5f, 0x31, 0x2f, 0x6c, 0x73, 0x74, 0x6d, 0x5f, 0x63,
    0x65, 0x6c, 0x6c, 0x5f, 0x31, 0x31, 0x2f, 0x73, 0x70, 0x6c, 0x69, 0x74,
    0x3b, 0x73, 0x6f, 0x63, 0x5f, 0x6c, 0x73, 0x74, 0x6d, 0x5f, 0x31, 0x2f,
    0x6c, 0x73, 0x74, 0x6d, 0x5f, 0x31, 0x2f, 0x6c, 0x73, 0x74, 0x6d, 0x5f,
    0x63, 0x65, 0x6c, 0x6c, 0x5f, 0x31, 0x31, 0x2f, 0x73, 0x70, 0x6c, 0x69,
    0x74, 0x31, 0x3b, 0x73, 0x6f, 0x63, 0x5f, 0x6c, 0x73, 0x74, 0x6d, 0x5f,
    0x31, 0x2f, 0x6c, 0x73, 0x74, 0x6d, 0x5f, 0x31, 0x2f, 0x6c, 0x73, 0x74,
    0x6d, 0x5f, 0x63, 0x65, 0x6c, 0x6c, 0x5f, 0x31, 0x31, 0x2f, 0x73, 0x70,
    0x6c, 0x69, 0x74, 0x32, 0x3b, 0x73, 0x6f, 0x63, 0x5f, 0x6c, 0x73, 0x74,
    0x6d, 0x5f, 0x31, 0x2f, 0x6c, 0x73, 0x74, 0x6d, 0x5f, 0x31, 0x2f, 0x6c,
    0x73, 0x74, 0x6d, 0x5f, 0x63, 0x65, 0x6c, 0x6c, 0x5f, 0x31, 0x31, 0x2f,
    0x73, 0x70, 0x6c, 0x69, 0x74, 0x33, 0x31, 0x00, 0x02, 0x00, 0x00, 0x00,
    0x01, 0x00, 0x00, 0x00, 0x10, 0x00, 0x00, 0x00, 0xb6, 0x32, 0xff, 0xff,
    0x00, 0x00, 0x00, 0x01, 0x18, 0x00, 0x00, 0x00, 0x20, 0x00, 0x00, 0x00,
    0x40, 0x00, 0x00, 0x00, 0xa7, 0x00, 0x00, 0x00, 0x00, 0x00, 0x00, 0x09,
    0xd0, 0x00, 0x00, 0x00, 0x02, 0x00, 0x00, 0x00, 0xff, 0xff, 0xff, 0xff,
    0x10, 0x00, 0x00, 0x00, 0x9c, 0x32, 0xff, 0xff, 0x08, 0x00, 0x00, 0x00,
    0x14, 0x00, 0x00, 0x00, 0x01, 0x00, 0x00, 0x00, 0xe1, 0xff, 0xff, 0xff,
    0xff, 0xff, 0xff, 0xff, 0x00, 0x00, 0x00, 0x00, 0x01, 0x00, 0x00, 0x00,
    0xfb, 0x4a, 0x24, 0x3c, 0x96, 0x00, 0x00, 0x00, 0x73, 0x6f, 0x63, 0x5f,
    0x6c, 0x73, 0x74, 0x6d, 0x5f, 0x31, 0x2f, 0x6c, 0x73, 0x74, 0x6d, 0x5f,
    0x31, 0x2f, 0x6c, 0x73, 0x74, 0x6d, 0x5f, 0x63, 0x65, 0x6c, 0x6c, 0x5f,
    0x31, 0x31, 0x2f, 0x73, 0x70, 0x6c, 0x69, 0x74, 0x3b, 0x73, 0x6f, 0x63,
    0x5f, 0x6c, 0x73, 0x74, 0x6d, 0x5f, 0x31, 0x2f, 0x6c, 0x73, 0x74, 0x6d,
    0x5f, 0x31, 0x2f, 0x6c, 0x73, 0x74, 0x6d, 0x5f, 0x63, 0x65, 0x6c, 0x6c,
    0x5f, 0x31, 0x31, 0x2f, 0x73, 0x70, 0x6c, 0x69, 0x74, 0x31, 0x3b, 0x73,
    0x6f, 0x63, 0x5f, 0x6c, 0x73, 0x74, 0x6d, 0x5f, 0x31, 0x2f, 0x6c, 0x73,
    0x74, 0x6d, 0x5f, 0x31, 0x2f, 0x6c, 0x73, 0x74, 0x6d, 0x5f, 0x63, 0x65,
    0x6c, 0x6c, 0x5f, 0x31, 0x31, 0x2f, 0x73, 0x70, 0x6c, 0x69, 0x74, 0x32,
    0x3b, 0x73, 0x6f, 0x63, 0x5f, 0x6c, 0x73, 0x74, 0x6d, 0x5f, 0x31, 0x2f,
    0x6c, 0x73, 0x74, 0x6d, 0x5f, 0x31, 0x2f, 0x6c, 0x73, 0x74, 0x6d, 0x5f,
    0x63, 0x65, 0x6c, 0x6c, 0x5f, 0x31, 0x31, 0x2f, 0x73, 0x70, 0x6c, 0x69,
    0x74, 0x33, 0x00, 0x00, 0x02, 0x00, 0x00, 0x00, 0x01, 0x00, 0x00, 0x00,
    0x10, 0x00, 0x00, 0x00, 0xae, 0x33, 0xff, 0xff, 0x00, 0x00, 0x00, 0x01,
    0x18, 0x00, 0x00, 0x00, 0x20, 0x00, 0x00, 0x00, 0x40, 0x00, 0x00, 0x00,
    0xa6, 0x00, 0x00, 0x00, 0x00, 0x00, 0x00, 0x09, 0x60, 0x00, 0x00, 0x00,
    0x02, 0x00, 0x00, 0x00, 0xff, 0xff, 0xff, 0xff, 0x40, 0x00, 0x00, 0x00,
    0x94, 0x33, 0xff, 0xff, 0x08, 0x00, 0x00, 0x00, 0x14, 0x00, 0x00, 0x00,
    0x01, 0x00, 0x00, 0x00, 0xe1, 0xff, 0xff, 0xff, 0xff, 0xff, 0xff, 0xff,
    0x00, 0x00, 0x00, 0x00, 0x01, 0x00, 0x00, 0x00, 0xfb, 0x4a, 0x24, 0x3c,
    0x26, 0x00, 0x00, 0x00, 0x73, 0x6f, 0x63, 0x5f, 0x6c, 0x73, 0x74, 0x6d,
    0x5f, 0x31, 0x2f, 0x6c, 0x73, 0x74, 0x6d, 0x5f, 0x31, 0x2f, 0x6c, 0x73,
    0x74, 0x6d, 0x5f, 0x63, 0x65, 0x6c, 0x6c, 0x5f, 0x31, 0x31, 0x2f, 0x42,
    0x69, 0x61, 0x73, 0x41, 0x64, 0x64, 0x00, 0x00, 0x02, 0x00, 0x00, 0x00,
    0x01, 0x00, 0x00, 0x00, 0x40, 0x00, 0x00, 0x00, 0x36, 0x34, 0xff, 0xff,
    0x00, 0x00, 0x00, 0x01, 0x18, 0x00, 0x00, 0x00, 0x20, 0x00, 0x00, 0x00,
    0x3c, 0x00, 0x00, 0x00, 0xa5, 0x00, 0x00, 0x00, 0x00, 0x00, 0x00, 0x09,
    0x58, 0x00, 0x00, 0x00, 0x02, 0x00, 0x00, 0x00, 0xff, 0xff, 0xff, 0xff,
    0x40, 0x00, 0x00, 0x00, 0x1c, 0x34, 0xff, 0xff, 0x08, 0x00, 0x00, 0x00,
    0x10, 0x00, 0x00, 0x00, 0x01, 0x00, 0x00, 0x00, 0xe5, 0xff, 0xff, 0xff,
    0xff, 0xff, 0xff, 0xff, 0x01, 0x00, 0x00, 0x00, 0xf5, 0x9b, 0x28, 0x3c,
    0x22, 0x00, 0x00, 0x00, 0x73, 0x6f, 0x63, 0x5f, 0x6c, 0x73, 0x74, 0x6d,
    0x5f, 0x31, 0x2f, 0x6c, 0x73, 0x74, 0x6d, 0x5f, 0x31, 0x2f, 0x6c, 0x73,
    0x74, 0x6d, 0x5f, 0x63, 0x65, 0x6c, 0x6c, 0x5f, 0x31, 0x31, 0x2f, 0x41,
    0x64, 0x64, 0x00, 0x00, 0x02, 0x00, 0x00, 0x00, 0x01, 0x00, 0x00, 0x00,
    0x40, 0x00, 0x00, 0x00, 0xb6, 0x34, 0xff, 0xff, 0x00, 0x00, 0x00, 0x01,
    0x18, 0x00, 0x00, 0x00, 0x20, 0x00, 0x00, 0x00, 0x40, 0x00, 0x00, 0x00,
    0xa4, 0x00, 0x00, 0x00, 0x00, 0x00, 0x00, 0x09, 0x60, 0x00, 0x00, 0x00,
    0x02, 0x00, 0x00, 0x00, 0xff, 0xff, 0xff, 0xff, 0x40, 0x00, 0x00, 0x00,
    0x9c, 0x34, 0xff, 0xff, 0x08, 0x00, 0x00, 0x00, 0x14, 0x00, 0x00, 0x00,
    0x01, 0x00, 0x00, 0x00, 0xeb, 0xff, 0xff, 0xff, 0xff, 0xff, 0xff, 0xff,
    0x00, 0x00, 0x00, 0x00, 0x01, 0x00, 0x00, 0x00, 0xa7, 0xb5, 0x5f, 0x3b,
    0x27, 0x00, 0x00, 0x00, 0x73, 0x6f, 0x63, 0x5f, 0x6c, 0x73, 0x74, 0x6d,
    0x5f, 0x31, 0x2f, 0x6c, 0x73, 0x74, 0x6d, 0x5f, 0x31, 0x2f, 0x6c, 0x73,
    0x74, 0x6d, 0x5f, 0x63, 0x65, 0x6c, 0x6c, 0x5f, 0x31, 0x31, 0x2f, 0x4d,
    0x61, 0x74, 0x4d, 0x75, 0x6c, 0x5f, 0x31, 0x00, 0x02, 0x00, 0x00, 0x00,
    0x01, 0x00, 0x00, 0x00, 0x40, 0x00, 0x00, 0x00, 0x3e, 0x35, 0xff, 0xff,
    0x00, 0x00, 0x00, 0x01, 0x18, 0x00, 0x00, 0x00, 0x20, 0x00, 0x00, 0x00,
    0x3c, 0x00, 0x00, 0x00, 0xa3, 0x00, 0x00, 0x00, 0x00, 0x00, 0x00, 0x09,
    0x58, 0x00, 0x00, 0x00, 0x02, 0x00, 0x00, 0x00, 0xff, 0xff, 0xff, 0xff,
    0x10, 0x00, 0x00, 0x00, 0x24, 0x35, 0xff, 0xff, 0x08, 0x00, 0x00, 0x00,
    0x10, 0x00, 0x00, 0x00, 0x01, 0x00, 0x00, 0x00, 0x22, 0x00, 0x00, 0x00,
    0x00, 0x00, 0x00, 0x00, 0x01, 0x00, 0x00, 0x00, 0xca, 0x01, 0x0a, 0x3b,
    0x23, 0x00, 0x00, 0x00, 0x73, 0x6f, 0x63, 0x5f, 0x6c, 0x73, 0x74, 0x6d,
    0x5f, 0x31, 0x2f, 0x6c, 0x73, 0x74, 0x6d, 0x5f, 0x31, 0x2f, 0x6c, 0x73,
    0x74, 0x6d, 0x5f, 0x63, 0x65, 0x6c, 0x6c, 0x5f, 0x39, 0x2f, 0x6d, 0x75,
    0x6c, 0x5f, 0x32, 0x00, 0x02, 0x00, 0x00, 0x00, 0x01, 0x00, 0x00, 0x00,
    0x10, 0x00, 0x00, 0x00, 0xbe, 0x35, 0xff, 0xff, 0x00, 0x00, 0x00, 0x01,
    0x18, 0x00, 0x00, 0x00, 0x20, 0x00, 0x00, 0x00, 0x40, 0x00, 0x00, 0x00,
    0xa2, 0x00, 0x00, 0x00, 0x00, 0x00, 0x00, 0x09, 0x60, 0x00, 0x00, 0x00,
    0x02, 0x00, 0x00, 0x00, 0xff, 0xff, 0xff, 0xff, 0x10, 0x00, 0x00, 0x00,
    0xa4, 0x35, 0xff, 0xff, 0x08, 0x00, 0x00, 0x00, 0x14, 0x00, 0x00, 0x00,
    0x01, 0x00, 0x00, 0x00, 0x00, 0x00, 0x00, 0x00, 0x00, 0x00, 0x00, 0x00,
    0x00, 0x00, 0x00, 0x00, 0x01, 0x00, 0x00, 0x00, 0x00, 0x00, 0x00, 0x3c,
    0x24, 0x00, 0x00, 0x00, 0x73, 0x6f, 0x63, 0x5f, 0x6c, 0x73, 0x74, 0x6d,
    0x5f, 0x31, 0x2f, 0x6c, 0x73, 0x74, 0x6d, 0x5f, 0x31, 0x2f, 0x6c, 0x73,
    0x74, 0x6d, 0x5f, 0x63, 0x65, 0x6c, 0x6c, 0x5f, 0x39, 0x2f, 0x54, 0x61,
    0x6e, 0x68, 0x5f, 0x31, 0x00, 0x00, 0x00, 0x00, 0x02, 0x00, 0x00, 0x00,
    0x01, 0x00, 0x00, 0x00, 0x10, 0x00, 0x00, 0x00, 0x46, 0x36, 0xff, 0xff,
    0x00, 0x00, 0x00, 0x01, 0x18, 0x00, 0x00, 0x00, 0x20, 0x00, 0x00, 0x00,
    0x3c, 0x00, 0x00, 0x00, 0xa1, 0x00, 0x00, 0x00, 0x00, 0x00, 0x00, 0x09,
    0x58, 0x00, 0x00, 0x00, 0x02, 0x00, 0x00, 0x00, 0xff, 0xff, 0xff, 0xff,
    0x10, 0x00, 0x00, 0x00, 0x2c, 0x36, 0xff, 0xff, 0x08, 0x00, 0x00, 0x00,
    0x10, 0x00, 0x00, 0x00, 0x01, 0x00, 0x00, 0x00, 0x35, 0x00, 0x00, 0x00,
    0x00, 0x00, 0x00, 0x00, 0x01, 0x00, 0x00, 0x00, 0xc7, 0x5a, 0xbc, 0x3b,
    0x23, 0x00, 0x00, 0x00, 0x73, 0x6f, 0x63, 0x5f, 0x6c, 0x73, 0x74, 0x6d,
    0x5f, 0x31, 0x2f, 0x6c, 0x73, 0x74, 0x6d, 0x5f, 0x31, 0x2f, 0x6c, 0x73,
    0x74, 0x6d, 0x5f, 0x63, 0x65, 0x6c, 0x6c, 0x5f, 0x39, 0x2f, 0x61, 0x64,
    0x64, 0x5f, 0x31, 0x00, 0x02, 0x00, 0x00, 0x00, 0x01, 0x00, 0x00, 0x00,
    0x10, 0x00, 0x00, 0x00, 0xc6, 0x36, 0xff, 0xff, 0x00, 0x00, 0x00, 0x01,
    0x18, 0x00, 0x00, 0x00, 0x20, 0x00, 0x00, 0x00, 0x3c, 0x00, 0x00, 0x00,
    0xa0, 0x00, 0x00, 0x00, 0x00, 0x00, 0x00, 0x09, 0x58, 0x00, 0x00, 0x00,
    0x02, 0x00, 0x00, 0x00, 0xff, 0xff, 0xff, 0xff, 0x10, 0x00, 0x00, 0x00,
    0xac, 0x36, 0xff, 0xff, 0x08, 0x00, 0x00, 0x00, 0x10, 0x00, 0x00, 0x00,
    0x01, 0x00, 0x00, 0x00, 0x2d, 0x00, 0x00, 0x00, 0x00, 0x00, 0x00, 0x00,
    0x01, 0x00, 0x00, 0x00, 0x21, 0xd0, 0x0b, 0x3b, 0x23, 0x00, 0x00, 0x00,
    0x73, 0x6f, 0x63, 0x5f, 0x6c, 0x73, 0x74, 0x6d, 0x5f, 0x31, 0x2f, 0x6c,
    0x73, 0x74, 0x6d, 0x5f, 0x31, 0x2f, 0x6c, 0x73, 0x74, 0x6d, 0x5f, 0x63,
    0x65, 0x6c, 0x6c, 0x5f, 0x39, 0x2f, 0x6d, 0x75, 0x6c, 0x5f, 0x31, 0x00,
    0x02, 0x00, 0x00, 0x00, 0x01, 0x00, 0x00, 0x00, 0x10, 0x00, 0x00, 0x00,
    0x46, 0x37, 0xff, 0xff, 0x00, 0x00, 0x00, 0x01, 0x18, 0x00, 0x00, 0x00,
    0x20, 0x00, 0x00, 0x00, 0x3c, 0x00, 0x00, 0x00, 0x9f, 0x00, 0x00, 0x00,
    0x00, 0x00, 0x00, 0x09, 0x58, 0x00, 0x00, 0x00, 0x02, 0x00, 0x00, 0x00,
    0xff, 0xff, 0xff, 0xff, 0x10, 0x00, 0x00, 0x00, 0x2c, 0x37, 0xff, 0xff,
    0x08, 0x00, 0x00, 0x00, 0x10, 0x00, 0x00, 0x00, 0x01, 0x00, 0x00, 0x00,
    0x00, 0x00, 0x00, 0x00, 0x00, 0x00, 0x00, 0x00, 0x01, 0x00, 0x00, 0x00,
    0x00, 0x00, 0x00, 0x3c, 0x22, 0x00, 0x00, 0x00, 0x73, 0x6f, 0x63, 0x5f,
    0x6c, 0x73, 0x74, 0x6d, 0x5f, 0x31, 0x2f, 0x6c, 0x73, 0x74, 0x6d, 0x5f,
    0x31, 0x2f, 0x6c, 0x73, 0x74, 0x6d, 0x5f, 0x63, 0x65, 0x6c, 0x6c, 0x5f,
    0x39, 0x2f, 0x54, 0x61, 0x6e, 0x68, 0x00, 0x00, 0x02, 0x00, 0x00, 0x00,
    0x01, 0x00, 0x00, 0x00, 0x10, 0x00, 0x00, 0x00, 0xc6, 0x37, 0xff, 0xff,
    0x00, 0x00, 0x00, 0x01, 0x18, 0x00, 0x00, 0x00, 0x20, 0x00, 0x00, 0x00,
    0x40, 0x00, 0x00, 0x00, 0x9e, 0x00, 0x00, 0x00, 0x00, 0x00, 0x00, 0x09,
    0x60, 0x00, 0x00, 0x00, 0x02, 0x00, 0x00, 0x00, 0xff, 0xff, 0xff, 0xff,
    0x10, 0x00, 0x00, 0x00, 0xac, 0x37, 0xff, 0xff, 0x08, 0x00, 0x00, 0x00,
    0x14, 0x00, 0x00, 0x00, 0x01, 0x00, 0x00, 0x00, 0x80, 0xff, 0xff, 0xff,
    0xff, 0xff, 0xff, 0xff, 0x00, 0x00, 0x00, 0x00, 0x01, 0x00, 0x00, 0x00,
    0x00, 0x00, 0x80, 0x3b, 0x27, 0x00, 0x00, 0x00, 0x73, 0x6f, 0x63, 0x5f,
    0x6c, 0x73, 0x74, 0x6d, 0x5f, 0x31, 0x2f, 0x6c, 0x73, 0x74, 0x6d, 0x5f,
    0x31, 0x2f, 0x6c, 0x73, 0x74, 0x6d, 0x5f, 0x63, 0x65, 0x6c, 0x6c, 0x5f,
    0x39, 0x2f, 0x53, 0x69, 0x67, 0x6d, 0x6f, 0x69, 0x64, 0x5f, 0x32, 0x00,
    0x02, 0x00, 0x00, 0x00, 0x01, 0x00, 0x00, 0x00, 0x10, 0x00, 0x00, 0x00,
    0x4e, 0x38, 0xff, 0xff, 0x00, 0x00, 0x00, 0x01, 0x18, 0x00, 0x00, 0x00,
    0x20, 0x00, 0x00, 0x00, 0x3c, 0x00, 0x00, 0x00, 0x9d, 0x00, 0x00, 0x00,
    0x00, 0x00, 0x00, 0x09, 0x58, 0x00, 0x00, 0x00, 0x02, 0x00, 0x00, 0x00,
    0xff, 0xff, 0xff, 0xff, 0x10, 0x00, 0x00, 0x00, 0x34, 0x38, 0xff, 0xff,
    0x08, 0x00, 0x00, 0x00, 0x10, 0x00, 0x00, 0x00, 0x01, 0x00, 0x00, 0x00,
    0x35, 0x00, 0x00, 0x00, 0x00, 0x00, 0x00, 0x00, 0x01, 0x00, 0x00, 0x00,
    0xc7, 0x5a, 0xbc, 0x3b, 0x21, 0x00, 0x00, 0x00, 0x73, 0x6f, 0x63, 0x5f,
    0x6c, 0x73, 0x74, 0x6d, 0x5f, 0x31, 0x2f, 0x6c, 0x73, 0x74, 0x6d, 0x5f,
    0x31, 0x2f, 0x6c, 0x73, 0x74, 0x6d, 0x5f, 0x63, 0x65, 0x6c, 0x6c, 0x5f,
    0x39, 0x2f, 0x6d, 0x75, 0x6c, 0x00, 0x00, 0x00, 0x02, 0x00, 0x00, 0x00,
    0x01, 0x00, 0x00, 0x00, 0x10, 0x00, 0x00, 0x00, 0xce, 0x38, 0xff, 0xff,
    0x00, 0x00, 0x00, 0x01, 0x18, 0x00, 0x00, 0x00, 0x20, 0x00, 0x00, 0x00,
    0x40, 0x00, 0x00, 0x00, 0x9c, 0x00, 0x00, 0x00, 0x00, 0x00, 0x00, 0x09,
    0x60, 0x00, 0x00, 0x00, 0x02, 0x00, 0x00, 0x00, 0xff, 0xff, 0xff, 0xff,
    0x10, 0x00, 0x00, 0x00, 0xb4, 0x38, 0xff, 0xff, 0x08, 0x00, 0x00, 0x00,
    0x14, 0x00, 0x00, 0x00, 0x01, 0x00, 0x00, 0x00, 0x80, 0xff, 0xff, 0xff,
    0xff, 0xff, 0xff, 0xff, 0x00, 0x00, 0x00, 0x00, 0x01, 0x00, 0x00, 0x00,
    0x00, 0x00, 0x80, 0x3b, 0x27, 0x00, 0x00, 0x00, 0x73, 0x6f, 0x63, 0x5f,
    0x6c, 0x73, 0x74, 0x6d, 0x5f, 0x31, 0x2f, 0x6c, 0x73, 0x74, 0x6d, 0x5f,
    0x31, 0x2f, 0x6c, 0x73, 0x74, 0x6d, 0x5f, 0x63, 0x65, 0x6c, 0x6c, 0x5f,
    0x39, 0x2f, 0x53, 0x69, 0x67, 0x6d, 0x6f, 0x69, 0x64, 0x5f, 0x31, 0x00,
    0x02, 0x00, 0x00, 0x00, 0x01, 0x00, 0x00, 0x00, 0x10, 0x00, 0x00, 0x00,
    0x56, 0x39, 0xff, 0xff, 0x00, 0x00, 0x00, 0x01, 0x18, 0x00, 0x00, 0x00,
    0x20, 0x00, 0x00, 0x00, 0x40, 0x00, 0x00, 0x00, 0x9b, 0x00, 0x00, 0x00,
    0x00, 0x00, 0x00, 0x09, 0x60, 0x00, 0x00, 0x00, 0x02, 0x00, 0x00, 0x00,
    0xff, 0xff, 0xff, 0xff, 0x10, 0x00, 0x00, 0x00, 0x3c, 0x39, 0xff, 0xff,
    0x08, 0x00, 0x00, 0x00, 0x14, 0x00, 0x00, 0x00, 0x01, 0x00, 0x00, 0x00,
    0x80, 0xff, 0xff, 0xff, 0xff, 0xff, 0xff, 0xff, 0x00, 0x00, 0x00, 0x00,
    0x01, 0x00, 0x00, 0x00, 0x00, 0x00, 0x80, 0x3b, 0x25, 0x00, 0x00, 0x00,
    0x73, 0x6f, 0x63, 0x5f, 0x6c, 0x73, 0x74, 0x6d, 0x5f, 0x31, 0x2f, 0x6c,
    0x73, 0x74, 0x6d, 0x5f, 0x31, 0x2f, 0x6c, 0x73, 0x74, 0x6d, 0x5f, 0x63,
    0x65, 0x6c, 0x6c, 0x5f, 0x39, 0x2f, 0x53, 0x69, 0x67, 0x6d, 0x6f, 0x69,
    0x64, 0x00, 0x00, 0x00, 0x02, 0x00, 0x00, 0x00, 0x01, 0x00, 0x00, 0x00,
    0x10, 0x00, 0x00, 0x00, 0xde, 0x39, 0xff, 0xff, 0x00, 0x00, 0x00, 0x01,
    0x18, 0x00, 0x00, 0x00, 0x20, 0x00, 0x00, 0x00, 0x3c, 0x00, 0x00, 0x00,
    0x9a, 0x00, 0x00, 0x00, 0x00, 0x00, 0x00, 0x09, 0xc8, 0x00, 0x00, 0x00,
    0x02, 0x00, 0x00, 0x00, 0xff, 0xff, 0xff, 0xff, 0x10, 0x00, 0x00, 0x00,
    0xc4, 0x39, 0xff, 0xff, 0x08, 0x00, 0x00, 0x00, 0x10, 0x00, 0x00, 0x00,
    0x01, 0x00, 0x00, 0x00, 0xe0, 0xff, 0xff, 0xff, 0xff, 0xff, 0xff, 0xff,
    0x01, 0x00, 0x00, 0x00, 0x2d, 0xca, 0x21, 0x3c, 0x93, 0x00, 0x00, 0x00,
    0x73, 0x6f, 0x63, 0x5f, 0x6c, 0x73, 0x74, 0x6d, 0x5f, 0x31, 0x2f, 0x6c,
    0x73, 0x74, 0x6d, 0x5f, 0x31, 0x2f, 0x6c, 0x73, 0x74, 0x6d, 0x5f, 0x63,
    0x65, 0x6c, 0x6c, 0x5f, 0x39, 0x2f, 0x73, 0x70, 0x6c, 0x69, 0x74, 0x3b,
    0x73, 0x6f, 0x63, 0x5f, 0x6c, 0x73, 0x74, 0x6d, 0x5f, 0x31, 0x2f, 0x6c,
    0x73, 0x74, 0x6d, 0x5f, 0x31, 0x2f, 0x6c, 0x73, 0x74, 0x6d, 0x5f, 0x63,
    0x65, 0x6c, 0x6c, 0x5f, 0x39, 0x2f, 0x73, 0x70, 0x6c, 0x69, 0x74, 0x31,
    0x3b, 0x73, 0x6f, 0x63, 0x5f, 0x6c, 0x73, 0x74, 0x6d, 0x5f, 0x31, 0x2f,
    0x6c, 0x73, 0x74, 0x6d, 0x5f, 0x31, 0x2f, 0x6c, 0x73, 0x74, 0x6d, 0x5f,
    0x63, 0x65, 0x6c, 0x6c, 0x5f, 0x39, 0x2f, 0x73, 0x70, 0x6c, 0x69, 0x74,
    0x32, 0x3b, 0x73, 0x6f, 0x63, 0x5f, 0x6c, 0x73, 0x74, 0x6d, 0x5f, 0x31,
    0x2f, 0x6c, 0x73, 0x74, 0x6d, 0x5f, 0x31, 0x2f, 0x6c, 0x73, 0x74, 0x6d,
    0x5f, 0x63, 0x65, 0x6c, 0x6c, 0x5f, 0x39, 0x2f, 0x73, 0x70, 0x6c, 0x69,
    0x74, 0x33, 0x33, 0x00, 0x02, 0x00, 0x00, 0x00, 0x01, 0x00, 0x00, 0x00,
    0x10, 0x00, 0x00, 0x00, 0xce, 0x3a, 0xff, 0xff, 0x00, 0x00, 0x00, 0x01,
    0x18, 0x00, 0x00, 0x00, 0x20, 0x00, 0x00, 0x00, 0x3c, 0x00, 0x00, 0x00,
    0x99, 0x00, 0x00, 0x00, 0x00, 0x00, 0x00, 0x09, 0xc8, 0x00, 0x00, 0x00,
    0x02, 0x00, 0x00, 0x00, 0xff, 0xff, 0xff, 0xff, 0x10, 0x00, 0x00, 0x00,
    0xb4, 0x3a, 0xff, 0xff, 0x08, 0x00, 0x00, 0x00, 0x10, 0x00, 0x00, 0x00,
    0x01, 0x00, 0x00, 0x00, 0xe0, 0xff, 0xff, 0xff, 0xff, 0xff, 0xff, 0xff,
    0x01, 0x00, 0x00, 0x00, 0x2d, 0xca, 0x21, 0x3c, 0x93, 0x00, 0x00, 0x00,
    0x73, 0x6f, 0x63, 0x5f, 0x6c, 0x73, 0x74, 0x6d, 0x5f, 0x31, 0x2f, 0x6c,
    0x73, 0x74, 0x6d, 0x5f, 0x31, 0x2f, 0x6c, 0x73, 0x74, 0x6d, 0x5f, 0x63,
    0x65, 0x6c, 0x6c, 0x5f, 0x39, 0x2f, 0x73, 0x70, 0x6c, 0x69, 0x74, 0x3b,
    0x73, 0x6f, 0x63, 0x5f, 0x6c, 0x73, 0x74, 0x6d, 0x5f, 0x31, 0x2f, 0x6c,
    0x73, 0x74, 0x6d, 0x5f, 0x31, 0x2f, 0x6c, 0x73, 0x74, 0x6d, 0x5f, 0x63,
    0x65, 0x6c, 0x6c, 0x5f, 0x39, 0x2f, 0x73, 0x70, 0x6c, 0x69, 0x74, 0x31,
    0x3b, 0x73, 0x6f, 0x63, 0x5f, 0x6c, 0x73, 0x74, 0x6d, 0x5f, 0x31, 0x2f,
    0x6c, 0x73, 0x74, 0x6d, 0x5f, 0x31, 0x2f, 0x6c, 0x73, 0x74, 0x6d, 0x5f,
    0x63, 0x65, 0x6c, 0x6c, 0x5f, 0x39, 0x2f, 0x73, 0x70, 0x6c, 0x69, 0x74,
    0x32, 0x3b, 0x73, 0x6f, 0x63, 0x5f, 0x6c, 0x73, 0x74, 0x6d, 0x5f, 0x31,
    0x2f, 0x6c, 0x73, 0x74, 0x6d, 0x5f, 0x31, 0x2f, 0x6c, 0x73, 0x74, 0x6d,
    0x5f, 0x63, 0x65, 0x6c, 0x6c, 0x5f, 0x39, 0x2f, 0x73, 0x70, 0x6c, 0x69,
    0x74, 0x33, 0x32, 0x00, 0x02, 0x00, 0x00, 0x00, 0x01, 0x00, 0x00, 0x00,
    0x10, 0x00, 0x00, 0x00, 0xbe, 0x3b, 0xff, 0xff, 0x00, 0x00, 0x00, 0x01,
    0x18, 0x00, 0x00, 0x00, 0x20, 0x00, 0x00, 0x00, 0x3c, 0x00, 0x00, 0x00,
    0x98, 0x00, 0x00, 0x00, 0x00, 0x00, 0x00, 0x09, 0xc8, 0x00, 0x00, 0x00,
    0x02, 0x00, 0x00, 0x00, 0xff, 0xff, 0xff, 0xff, 0x10, 0x00, 0x00, 0x00,
    0xa4, 0x3b, 0xff, 0xff, 0x08, 0x00, 0x00, 0x00, 0x10, 0x00, 0x00, 0x00,
    0x01, 0x00, 0x00, 0x00, 0xe0, 0xff, 0xff, 0xff, 0xff, 0xff, 0xff, 0xff,
    0x01, 0x00, 0x00, 0x00, 0x2d, 0xca, 0x21, 0x3c, 0x93, 0x00, 0x00, 0x00,
    0x73, 0x6f, 0x63, 0x5f, 0x6c, 0x73, 0x74, 0x6d, 0x5f, 0x31, 0x2f, 0x6c,
    0x73, 0x74, 0x6d, 0x5f, 0x31, 0x2f, 0x6c, 0x73, 0x74, 0x6d, 0x5f, 0x63,
    0x65, 0x6c, 0x6c, 0x5f, 0x39, 0x2f, 0x73, 0x70, 0x6c, 0x69, 0x74, 0x3b,
    0x73, 0x6f, 0x63, 0x5f, 0x6c, 0x73, 0x74, 0x6d, 0x5f, 0x31, 0x2f, 0x6c,
    0x73, 0x74, 0x6d, 0x5f, 0x31, 0x2f, 0x6c, 0x73, 0x74, 0x6d, 0x5f, 0x63,
    0x65, 0x6c, 0x6c, 0x5f, 0x39, 0x2f, 0x73, 0x70, 0x6c, 0x69, 0x74, 0x31,
    0x3b, 0x73, 0x6f, 0x63, 0x5f, 0x6c, 0x73, 0x74, 0x6d, 0x5f, 0x31, 0x2f,
    0x6c, 0x73, 0x74, 0x6d, 0x5f, 0x31, 0x2f, 0x6c, 0x73, 0x74, 0x6d, 0x5f,
    0x63, 0x65, 0x6c, 0x6c, 0x5f, 0x39, 0x2f, 0x73, 0x70, 0x6c, 0x69, 0x74,
    0x32, 0x3b, 0x73, 0x6f, 0x63, 0x5f, 0x6c, 0x73, 0x74, 0x6d, 0x5f, 0x31,
    0x2f, 0x6c, 0x73, 0x74, 0x6d, 0x5f, 0x31, 0x2f, 0x6c, 0x73, 0x74, 0x6d,
    0x5f, 0x63, 0x65, 0x6c, 0x6c, 0x5f, 0x39, 0x2f, 0x73, 0x70, 0x6c, 0x69,
    0x74, 0x33, 0x31, 0x00, 0x02, 0x00, 0x00, 0x00, 0x01, 0x00, 0x00, 0x00,
    0x10, 0x00, 0x00, 0x00, 0xae, 0x3c, 0xff, 0xff, 0x00, 0x00, 0x00, 0x01,
    0x18, 0x00, 0x00, 0x00, 0x20, 0x00, 0x00, 0x00, 0x3c, 0x00, 0x00, 0x00,
    0x97, 0x00, 0x00, 0x00, 0x00, 0x00, 0x00, 0x09, 0xc8, 0x00, 0x00, 0x00,
    0x02, 0x00, 0x00, 0x00, 0xff, 0xff, 0xff, 0xff, 0x10, 0x00, 0x00, 0x00,
    0x94, 0x3c, 0xff, 0xff, 0x08, 0x00, 0x00, 0x00, 0x10, 0x00, 0x00, 0x00,
    0x01, 0x00, 0x00, 0x00, 0xe0, 0xff, 0xff, 0xff, 0xff, 0xff, 0xff, 0xff,
    0x01, 0x00, 0x00, 0x00, 0x2d, 0xca, 0x21, 0x3c, 0x92, 0x00, 0x00, 0x00,
    0x73, 0x6f, 0x63, 0x5f, 0x6c, 0x73, 0x74, 0x6d, 0x5f, 0x31, 0x2f, 0x6c,
    0x73, 0x74, 0x6d, 0x5f, 0x31, 0x2f, 0x6c, 0x73, 0x74, 0x6d, 0x5f, 0x63,
    0x65, 0x6c, 0x6c, 0x5f, 0x39, 0x2f, 0x73, 0x70, 0x6c, 0x69, 0x74, 0x3b,
    0x73, 0x6f, 0x63, 0x5f, 0x6c, 0x73, 0x74, 0x6d, 0x5f, 0x31, 0x2f, 0x6c,
    0x73, 0x74, 0x6d, 0x5f, 0x31, 0x2f, 0x6c, 0x73, 0x74, 0x6d, 0x5f, 0x63,
    0x65, 0x6c, 0x6c, 0x5f, 0x39, 0x2f, 0x73, 0x70, 0x6c, 0x69, 0x74, 0x31,
    0x3b, 0x73, 0x6f, 0x63, 0x5f, 0x6c, 0x73, 0x74, 0x6d, 0x5f, 0x31, 0x2f,
    0x6c, 0x73, 0x74, 0x6d, 0x5f, 0x31, 0x2f, 0x6c, 0x73, 0x74, 0x6d, 0x5f,
    0x63, 0x65, 0x6c, 0x6c, 0x5f, 0x39, 0x2f, 0x73, 0x70, 0x6c, 0x69, 0x74,
    0x32, 0x3b, 0x73, 0x6f, 0x63, 0x5f, 0x6c, 0x73, 0x74, 0x6d, 0x5f, 0x31,
    0x2f, 0x6c, 0x73, 0x74, 0x6d, 0x5f, 0x31, 0x2f, 0x6c, 0x73, 0x74, 0x6d,
    0x5f, 0x63, 0x65, 0x6c, 0x6c, 0x5f, 0x39, 0x2f, 0x73, 0x70, 0x6c, 0x69,
    0x74, 0x33, 0x00, 0x00, 0x02, 0x00, 0x00, 0x00, 0x01, 0x00, 0x00, 0x00,
    0x10, 0x00, 0x00, 0x00, 0x9e, 0x3d, 0xff, 0xff, 0x00, 0x00, 0x00, 0x01,
    0x18, 0x00, 0x00, 0x00, 0x20, 0x00, 0x00, 0x00, 0x40, 0x00, 0x00, 0x00,
    0x96, 0x00, 0x00, 0x00, 0x00, 0x00, 0x00, 0x09, 0x60, 0x00, 0x00, 0x00,
    0x02, 0x00, 0x00, 0x00, 0xff, 0xff, 0xff, 0xff, 0x40, 0x00, 0x00, 0x00,
    0x84, 0x3d, 0xff, 0xff, 0x08, 0x00, 0x00, 0x00, 0x14, 0x00, 0x00, 0x00,
    0x01, 0x00, 0x00, 0x00, 0xe0, 0xff, 0xff, 0xff, 0xff, 0xff, 0xff, 0xff,
    0x00, 0x00, 0x00, 0x00, 0x01, 0x00, 0x00, 0x00, 0x2d, 0xca, 0x21, 0x3c,
    0x25, 0x00, 0x00, 0x00, 0x73, 0x6f, 0x63, 0x5f, 0x6c, 0x73, 0x74, 0x6d,
    0x5f, 0x31, 0x2f, 0x6c, 0x73, 0x74, 0x6d, 0x5f, 0x31, 0x2f, 0x6c, 0x73,
    0x74, 0x6d, 0x5f, 0x63, 0x65, 0x6c, 0x6c, 0x5f, 0x39, 0x2f, 0x42, 0x69,
    0x61, 0x73, 0x41, 0x64, 0x64, 0x00, 0x00, 0x00, 0x02, 0x00, 0x00, 0x00,
    0x01, 0x00, 0x00, 0x00, 0x40, 0x00, 0x00, 0x00, 0x26, 0x3e, 0xff, 0xff,
    0x00, 0x00, 0x00, 0x01, 0x18, 0x00, 0x00, 0x00, 0x20, 0x00, 0x00, 0x00,
    0x3c, 0x00, 0x00, 0x00, 0x95, 0x00, 0x00, 0x00, 0x00, 0x00, 0x00, 0x09,
    0x58, 0x00, 0x00, 0x00, 0x02, 0x00, 0x00, 0x00, 0xff, 0xff, 0xff, 0xff,
    0x40, 0x00, 0x00, 0x00, 0x0c, 0x3e, 0xff, 0xff, 0x08, 0x00, 0x00, 0x00,
    0x10, 0x00, 0x00, 0x00, 0x01, 0x00, 0x00, 0x00, 0xe4, 0xff, 0xff, 0xff,
    0xff, 0xff, 0xff, 0xff, 0x01, 0x00, 0x00, 0x00, 0x27, 0x1b, 0x26, 0x3c,
    0x21, 0x00, 0x00, 0x00, 0x73, 0x6f, 0x63, 0x5f, 0x6c, 0x73, 0x74, 0x6d,
    0x5f, 0x31, 0x2f, 0x6c, 0x73, 0x74, 0x6d, 0x5f, 0x31, 0x2f, 0x6c, 0x73,
    0x74, 0x6d, 0x5f, 0x63, 0x65, 0x6c, 0x6c, 0x5f, 0x39, 0x2f, 0x41, 0x64,
    0x64, 0x00, 0x00, 0x00, 0x02, 0x00, 0x00, 0x00, 0x01, 0x00, 0x00, 0x00,
    0x40, 0x00, 0x00, 0x00, 0xa6, 0x3e, 0xff, 0xff, 0x00, 0x00, 0x00, 0x01,
    0x18, 0x00, 0x00, 0x00, 0x20, 0x00, 0x00, 0x00, 0x40, 0x00, 0x00, 0x00,
    0x94, 0x00, 0x00, 0x00, 0x00, 0x00, 0x00, 0x09, 0x60, 0x00, 0x00, 0x00,
    0x02, 0x00, 0x00, 0x00, 0xff, 0xff, 0xff, 0xff, 0x40, 0x00, 0x00, 0x00,
    0x8c, 0x3e, 0xff, 0xff, 0x08, 0x00, 0x00, 0x00, 0x14, 0x00, 0x00, 0x00,
    0x01, 0x00, 0x00, 0x00, 0xf1, 0xff, 0xff, 0xff, 0xff, 0xff, 0xff, 0xff,
    0x00, 0x00, 0x00, 0x00, 0x01, 0x00, 0x00, 0x00, 0x50, 0xbf, 0x12, 0x3c,
    0x24, 0x00, 0x00, 0x00, 0x73, 0x6f, 0x63, 0x5f, 0x6c, 0x73, 0x74, 0x6d,
    0x5f, 0x31, 0x2f, 0x6c, 0x73, 0x74, 0x6d, 0x5f, 0x31, 0x2f, 0x6c, 0x73,
    0x74, 0x6d, 0x5f, 0x63, 0x65, 0x6c, 0x6c, 0x5f, 0x39, 0x2f, 0x4d, 0x61,
    0x74, 0x4d, 0x75, 0x6c, 0x00, 0x00, 0x00, 0x00, 0x02, 0x00, 0x00, 0x00,
    0x01, 0x00, 0x00, 0x00, 0x40, 0x00, 0x00, 0x00, 0x2e, 0x3f, 0xff, 0xff,
    0x00, 0x00, 0x00, 0x01, 0x18, 0x00, 0x00, 0x00, 0x20, 0x00, 0x00, 0x00,
    0x40, 0x00, 0x00, 0x00, 0x93, 0x00, 0x00, 0x00, 0x00, 0x00, 0x00, 0x09,
    0x60, 0x00, 0x00, 0x00, 0x02, 0x00, 0x00, 0x00, 0xff, 0xff, 0xff, 0xff,
    0x40, 0x00, 0x00, 0x00, 0x14, 0x3f, 0xff, 0xff, 0x08, 0x00, 0x00, 0x00,
    0x14, 0x00, 0x00, 0x00, 0x01, 0x00, 0x00, 0x00, 0xec, 0xff, 0xff, 0xff,
    0xff, 0xff, 0xff, 0xff, 0x00, 0x00, 0x00, 0x00, 0x01, 0x00, 0x00, 0x00,
    0x69, 0xf7, 0x47, 0x3b, 0x26, 0x00, 0x00, 0x00, 0x73, 0x6f, 0x63, 0x5f,
    0x6c, 0x73, 0x74, 0x6d, 0x5f, 0x31, 0x2f, 0x6c, 0x73, 0x74, 0x6d, 0x5f,
    0x31, 0x2f, 0x6c, 0x73, 0x74, 0x6d, 0x5f, 0x63, 0x65, 0x6c, 0x6c, 0x5f,
    0x39, 0x2f, 0x4d, 0x61, 0x74, 0x4d, 0x75, 0x6c, 0x5f, 0x31, 0x00, 0x00,
    0x02, 0x00, 0x00, 0x00, 0x01, 0x00, 0x00, 0x00, 0x40, 0x00, 0x00, 0x00,
    0xb6, 0x3f, 0xff, 0xff, 0x00, 0x00, 0x00, 0x01, 0x18, 0x00, 0x00, 0x00,
    0x20, 0x00, 0x00, 0x00, 0x3c, 0x00, 0x00, 0x00, 0x92, 0x00, 0x00, 0x00,
    0x00, 0x00, 0x00, 0x09, 0x58, 0x00, 0x00, 0x00, 0x02, 0x00, 0x00, 0x00,
    0xff, 0xff, 0xff, 0xff, 0x10, 0x00, 0x00, 0x00, 0x9c, 0x3f, 0xff, 0xff,
    0x08, 0x00, 0x00, 0x00, 0x10, 0x00, 0x00, 0x00, 0x01, 0x00, 0x00, 0x00,
    0x23, 0x00, 0x00, 0x00, 0x00, 0x00, 0x00, 0x00, 0x01, 0x00, 0x00, 0x00,
    0x49, 0xe5, 0xfb, 0x3a, 0x23, 0x00, 0x00, 0x00, 0x73, 0x6f, 0x63, 0x5f,
    0x6c, 0x73, 0x74, 0x6d, 0x5f, 0x31, 0x2f, 0x6c, 0x73, 0x74, 0x6d, 0x5f,
    0x31, 0x2f, 0x6c, 0x73, 0x74, 0x6d, 0x5f, 0x63, 0x65, 0x6c, 0x6c, 0x5f,
    0x37, 0x2f, 0x6d, 0x75, 0x6c, 0x5f, 0x32, 0x00, 0x02, 0x00, 0x00, 0x00,
    0x01, 0x00, 0x00, 0x00, 0x10, 0x00, 0x00, 0x00, 0x36, 0x40, 0xff, 0xff,
    0x00, 0x00, 0x00, 0x01, 0x18, 0x00, 0x00, 0x00, 0x20, 0x00, 0x00, 0x00,
    0x40, 0x00, 0x00, 0x00, 0x91, 0x00, 0x00, 0x00, 0x00, 0x00, 0x00, 0x09,
    0x60, 0x00, 0x00, 0x00, 0x02, 0x00, 0x00, 0x00, 0xff, 0xff, 0xff, 0xff,
    0x10, 0x00, 0x00, 0x00, 0x1c, 0x40, 0xff, 0xff, 0x08, 0x00, 0x00, 0x00,
    0x14, 0x00, 0x00, 0x00, 0x01, 0x00, 0x00, 0x00, 0x00, 0x00, 0x00, 0x00,
    0x00, 0x00, 0x00, 0x00, 0x00, 0x00, 0x00, 0x00, 0x01, 0x00, 0x00, 0x00,
    0x00, 0x00, 0x00, 0x3c, 0x24, 0x00, 0x00, 0x00, 0x73, 0x6f, 0x63, 0x5f,
    0x6c, 0x73, 0x74, 0x6d, 0x5f, 0x31, 0x2f, 0x6c, 0x73, 0x74, 0x6d, 0x5f,
    0x31, 0x2f, 0x6c, 0x73, 0x74, 0x6d, 0x5f, 0x63, 0x65, 0x6c, 0x6c, 0x5f,
    0x37, 0x2f, 0x54, 0x61, 0x6e, 0x68, 0x5f, 0x31, 0x00, 0x00, 0x00, 0x00,
    0x02, 0x00, 0x00, 0x00, 0x01, 0x00, 0x00, 0x00, 0x10, 0x00, 0x00, 0x00,
    0xbe, 0x40, 0xff, 0xff, 0x00, 0x00, 0x00, 0x01, 0x18, 0x00, 0x00, 0x00,
    0x20, 0x00, 0x00, 0x00, 0x3c, 0x00, 0x00, 0x00, 0x90, 0x00, 0x00, 0x00,
    0x00, 0x00, 0x00, 0x09, 0x58, 0x00, 0x00, 0x00, 0x02, 0x00, 0x00, 0x00,
    0xff, 0xff, 0xff, 0xff, 0x10, 0x00, 0x00, 0x00, 0xa4, 0x40, 0xff, 0xff,
    0x08, 0x00, 0x00, 0x00, 0x10, 0x00, 0x00, 0x00, 0x01, 0x00, 0x00, 0x00,
    0x32, 0x00, 0x00, 0x00, 0x00, 0x00, 0x00, 0x00, 0x01, 0x00, 0x00, 0x00,
    0xc7, 0x52, 0xa1, 0x3b, 0x23, 0x00, 0x00, 0x00, 0x73, 0x6f, 0x63, 0x5f,
    0x6c, 0x73, 0x74, 0x6d, 0x5f, 0x31, 0x2f, 0x6c, 0x73, 0x74, 0x6d, 0x5f,
    0x31, 0x2f, 0x6c, 0x73, 0x74, 0x6d, 0x5f, 0x63, 0x65, 0x6c, 0x6c, 0x5f,
    0x37, 0x2f, 0x61, 0x64, 0x64, 0x5f, 0x31, 0x00, 0x02, 0x00, 0x00, 0x00,
    0x01, 0x00, 0x00, 0x00, 0x10, 0x00, 0x00, 0x00, 0x3e, 0x41, 0xff, 0xff,
    0x00, 0x00, 0x00, 0x01, 0x18, 0x00, 0x00, 0x00, 0x20, 0x00, 0x00, 0x00,
    0x3c, 0x00, 0x00, 0x00, 0x8f, 0x00, 0x00, 0x00, 0x00, 0x00, 0x00, 0x09,
    0x58, 0x00, 0x00, 0x00, 0x02, 0x00, 0x00, 0x00, 0xff, 0xff, 0xff, 0xff,
    0x10, 0x00, 0x00, 0x00, 0x24, 0x41, 0xff, 0xff, 0x08, 0x00, 0x00, 0x00,
    0x10, 0x00, 0x00, 0x00, 0x01, 0x00, 0x00, 0x00, 0x2c, 0x00, 0x00, 0x00,
    0x00, 0x00, 0x00, 0x00, 0x01, 0x00, 0x00, 0x00, 0xc7, 0x4d, 0x05, 0x3b,
    0x23, 0x00, 0x00, 0x00, 0x73, 0x6f, 0x63, 0x5f, 0x6c, 0x73, 0x74, 0x6d,
    0x5f, 0x31, 0x2f, 0x6c, 0x73, 0x74, 0x6d, 0x5f, 0x31, 0x2f, 0x6c, 0x73,
    0x74, 0x6d, 0x5f, 0x63, 0x65, 0x6c, 0x6c, 0x5f, 0x37, 0x2f, 0x6d, 0x75,
    0x6c, 0x5f, 0x31, 0x00, 0x02, 0x00, 0x00, 0x00, 0x01, 0x00, 0x00, 0x00,
    0x10, 0x00, 0x00, 0x00, 0xbe, 0x41, 0xff, 0xff, 0x00, 0x00, 0x00, 0x01,
    0x18, 0x00, 0x00, 0x00, 0x20, 0x00, 0x00, 0x00, 0x3c, 0x00, 0x00, 0x00,
    0x8e, 0x00, 0x00, 0x00, 0x00, 0x00, 0x00, 0x09, 0x58, 0x00, 0x00, 0x00,
    0x02, 0x00, 0x00, 0x00, 0xff, 0xff, 0xff, 0xff, 0x10, 0x00, 0x00, 0x00,
    0xa4, 0x41, 0xff, 0xff, 0x08, 0x00, 0x00, 0x00, 0x10, 0x00, 0x00, 0x00,
    0x01, 0x00, 0x00, 0x00, 0x00, 0x00, 0x00, 0x00, 0x00, 0x00, 0x00, 0x00,
    0x01, 0x00, 0x00, 0x00, 0x00, 0x00, 0x00, 0x3c, 0x22, 0x00, 0x00, 0x00,
    0x73, 0x6f, 0x63, 0x5f, 0x6c, 0x73, 0x74, 0x6d, 0x5f, 0x31, 0x2f, 0x6c,
    0x73, 0x74, 0x6d, 0x5f, 0x31, 0x2f, 0x6c, 0x73, 0x74, 0x6d, 0x5f, 0x63,
    0x65, 0x6c, 0x6c, 0x5f, 0x37, 0x2f, 0x54, 0x61, 0x6e, 0x68, 0x00, 0x00,
    0x02, 0x00, 0x00, 0x00, 0x01, 0x00, 0x00, 0x00, 0x10, 0x00, 0x00, 0x00,
    0x3e, 0x42, 0xff, 0xff, 0x00, 0x00, 0x00, 0x01, 0x18, 0x00, 0x00, 0x00,
    0x20, 0x00, 0x00, 0x00, 0x40, 0x00, 0x00, 0x00, 0x8d, 0x00, 0x00, 0x00,
    0x00, 0x00, 0x00, 0x09, 0x60, 0x00, 0x00, 0x00, 0x02, 0x00, 0x00, 0x00,
    0xff, 0xff, 0xff, 0xff, 0x10, 0x00, 0x00, 0x00, 0x24, 0x42, 0xff, 0xff,
    0x08, 0x00, 0x00, 0x00, 0x14, 0x00, 0x00, 0x00, 0x01, 0x00, 0x00, 0x00,
    0x80, 0xff, 0xff, 0xff, 0xff, 0xff, 0xff, 0xff, 0x00, 0x00, 0x00, 0x00,
    0x01, 0x00, 0x00, 0x00, 0x00, 0x00, 0x80, 0x3b, 0x27, 0x00, 0x00, 0x00,
    0x73, 0x6f, 0x63, 0x5f, 0x6c, 0x73, 0x74, 0x6d, 0x5f, 0x31, 0x2f, 0x6c,
    0x73, 0x74, 0x6d, 0x5f, 0x31, 0x2f, 0x6c, 0x73, 0x74, 0x6d, 0x5f, 0x63,
    0x65, 0x6c, 0x6c, 0x5f, 0x37, 0x2f, 0x53, 0x69, 0x67, 0x6d, 0x6f, 0x69,
    0x64, 0x5f, 0x32, 0x00, 0x02, 0x00, 0x00, 0x00, 0x01, 0x00, 0x00, 0x00,
    0x10, 0x00, 0x00, 0x00, 0xc6, 0x42, 0xff, 0xff, 0x00, 0x00, 0x00, 0x01,
    0x18, 0x00, 0x00, 0x00, 0x20, 0x00, 0x00, 0x00, 0x3c, 0x00, 0x00, 0x00,
    0x8c, 0x00, 0x00, 0x00, 0x00, 0x00, 0x00, 0x09, 0x58, 0x00, 0x00, 0x00,
    0x02, 0x00, 0x00, 0x00, 0xff, 0xff, 0xff, 0xff, 0x10, 0x00, 0x00, 0x00,
    0xac, 0x42, 0xff, 0xff, 0x08, 0x00, 0x00, 0x00, 0x10, 0x00, 0x00, 0x00,
    0x01, 0x00, 0x00, 0x00, 0x32, 0x00, 0x00, 0x00, 0x00, 0x00, 0x00, 0x00,
    0x01, 0x00, 0x00, 0x00, 0xc7, 0x52, 0xa1, 0x3b, 0x21, 0x00, 0x00, 0x00,
    0x73, 0x6f, 0x63, 0x5f, 0x6c, 0x73, 0x74, 0x6d, 0x5f, 0x31, 0x2f, 0x6c,
    0x73, 0x74, 0x6d, 0x5f, 0x31, 0x2f, 0x6c, 0x73, 0x74, 0x6d, 0x5f, 0x63,
    0x65, 0x6c, 0x6c, 0x5f, 0x37, 0x2f, 0x6d, 0x75, 0x6c, 0x00, 0x00, 0x00,
    0x02, 0x00, 0x00, 0x00, 0x01, 0x00, 0x00, 0x00, 0x10, 0x00, 0x00, 0x00,
    0x46, 0x43, 0xff, 0xff, 0x00, 0x00, 0x00, 0x01, 0x18, 0x00, 0x00, 0x00,
    0x20, 0x00, 0x00, 0x00, 0x40, 0x00, 0x00, 0x00, 0x8b, 0x00, 0x00, 0x00,
    0x00, 0x00, 0x00, 0x09, 0x60, 0x00, 0x00, 0x00, 0x02, 0x00, 0x00, 0x00,
    0xff, 0xff, 0xff, 0xff, 0x10, 0x00, 0x00, 0x00, 0x2c, 0x43, 0xff, 0xff,
    0x08, 0x00, 0x00, 0x00, 0x14, 0x00, 0x00, 0x00, 0x01, 0x00, 0x00, 0x00,
    0x80, 0xff, 0xff, 0xff, 0xff, 0xff, 0xff, 0xff, 0x00, 0x00, 0x00, 0x00,
    0x01, 0x00, 0x00, 0x00, 0x00, 0x00, 0x80, 0x3b, 0x27, 0x00, 0x00, 0x00,
    0x73, 0x6f, 0x63, 0x5f, 0x6c, 0x73, 0x74, 0x6d, 0x5f, 0x31, 0x2f, 0x6c,
    0x73, 0x74, 0x6d, 0x5f, 0x31, 0x2f, 0x6c, 0x73, 0x74, 0x6d, 0x5f, 0x63,
    0x65, 0x6c, 0x6c, 0x5f, 0x37, 0x2f, 0x53, 0x69, 0x67, 0x6d, 0x6f, 0x69,
    0x64, 0x5f, 0x31, 0x00, 0x02, 0x00, 0x00, 0x00, 0x01, 0x00, 0x00, 0x00,
    0x10, 0x00, 0x00, 0x00, 0xce, 0x43, 0xff, 0xff, 0x00, 0x00, 0x00, 0x01,
    0x18, 0x00, 0x00, 0x00, 0x20, 0x00, 0x00, 0x00, 0x40, 0x00, 0x00, 0x00,
    0x8a, 0x00, 0x00, 0x00, 0x00, 0x00, 0x00, 0x09, 0x60, 0x00, 0x00, 0x00,
    0x02, 0x00, 0x00, 0x00, 0xff, 0xff, 0xff, 0xff, 0x10, 0x00, 0x00, 0x00,
    0xb4, 0x43, 0xff, 0xff, 0x08, 0x00, 0x00, 0x00, 0x14, 0x00, 0x00, 0x00,
    0x01, 0x00, 0x00, 0x00, 0x80, 0xff, 0xff, 0xff, 0xff, 0xff, 0xff, 0xff,
    0x00, 0x00, 0x00, 0x00, 0x01, 0x00, 0x00, 0x00, 0x00, 0x00, 0x80, 0x3b,
    0x25, 0x00, 0x00, 0x00, 0x73, 0x6f, 0x63, 0x5f, 0x6c, 0x73, 0x74, 0x6d,
    0x5f, 0x31, 0x2f, 0x6c, 0x73, 0x74, 0x6d, 0x5f, 0x31, 0x2f, 0x6c, 0x73,
    0x74, 0x6d, 0x5f, 0x63, 0x65, 0x6c, 0x6c, 0x5f, 0x37, 0x2f, 0x53, 0x69,
    0x67, 0x6d, 0x6f, 0x69, 0x64, 0x00, 0x00, 0x00, 0x02, 0x00, 0x00, 0x00,
    0x01, 0x00, 0x00, 0x00, 0x10, 0x00, 0x00, 0x00, 0x56, 0x44, 0xff, 0xff,
    0x00, 0x00, 0x00, 0x01, 0x18, 0x00, 0x00, 0x00, 0x20, 0x00, 0x00, 0x00,
    0x3c, 0x00, 0x00, 0x00, 0x89, 0x00, 0x00, 0x00, 0x00, 0x00, 0x00, 0x09,
    0xc8, 0x00, 0x00, 0x00, 0x02, 0x00, 0x00, 0x00, 0xff, 0xff, 0xff, 0xff,
    0x10, 0x00, 0x00, 0x00, 0x3c, 0x44, 0xff, 0xff, 0x08, 0x00, 0x00, 0x00,
    0x10, 0x00, 0x00, 0x00, 0x01, 0x00, 0x00, 0x00, 0xde, 0xff, 0xff, 0xff,
    0xff, 0xff, 0xff, 0xff, 0x01, 0x00, 0x00, 0x00, 0xf0, 0x85, 0x1e, 0x3c,
    0x93, 0x00, 0x00, 0x00, 0x73, 0x6f, 0x63, 0x5f, 0x6c, 0x73, 0x74, 0x6d,
    0x5f, 0x31, 0x2f, 0x6c, 0x73, 0x74, 0x6d, 0x5f, 0x31, 0x2f, 0x6c, 0x73,
    0x74, 0x6d, 0x5f, 0x63, 0x65, 0x6c, 0x6c, 0x5f, 0x37, 0x2f, 0x73, 0x70,
    0x6c, 0x69, 0x74, 0x3b, 0x73, 0x6f, 0x63, 0x5f, 0x6c, 0x73, 0x74, 0x6d,
    0x5f, 0x31, 0x2f, 0x6c, 0x73, 0x74, 0x6d, 0x5f, 0x31, 0x2f, 0x6c, 0x73,
    0x74, 0x6d, 0x5f, 0x63, 0x65, 0x6c, 0x6c, 0x5f, 0x37, 0x2f, 0x73, 0x70,
    0x6c, 0x69, 0x74, 0x31, 0x3b, 0x73, 0x6f, 0x63, 0x5f, 0x6c, 0x73, 0x74,
    0x6d, 0x5f, 0x31, 0x2f, 0x6c, 0x73, 0x74, 0x6d, 0x5f, 0x31, 0x2f, 0x6c,
    0x73, 0x74, 0x6d, 0x5f, 0x63, 0x65, 0x6c, 0x6c, 0x5f, 0x37, 0x2f, 0x73,
    0x70, 0x6c, 0x69, 0x74, 0x32, 0x3b, 0x73, 0x6f, 0x63, 0x5f, 0x6c, 0x73,
    0x74, 0x6d, 0x5f, 0x31, 0x2f, 0x6c, 0x73, 0x74, 0x6d, 0x5f, 0x31, 0x2f,
    0x6c, 0x73, 0x74, 0x6d, 0x5f, 0x63, 0x65, 0x6c, 0x6c, 0x5f, 0x37, 0x2f,
    0x73, 0x70, 0x6c, 0x69, 0x74, 0x33, 0x33, 0x00, 0x02, 0x00, 0x00, 0x00,
    0x01, 0x00, 0x00, 0x00, 0x10, 0x00, 0x00, 0x00, 0x46, 0x45, 0xff, 0xff,
    0x00, 0x00, 0x00, 0x01, 0x18, 0x00, 0x00, 0x00, 0x20, 0x00, 0x00, 0x00,
    0x3c, 0x00, 0x00, 0x00, 0x88, 0x00, 0x00, 0x00, 0x00, 0x00, 0x00, 0x09,
    0xc8, 0x00, 0x00, 0x00, 0x02, 0x00, 0x00, 0x00, 0xff, 0xff, 0xff, 0xff,
    0x10, 0x00, 0x00, 0x00, 0x2c, 0x45, 0xff, 0xff, 0x08, 0x00, 0x00, 0x00,
    0x10, 0x00, 0x00, 0x00, 0x01, 0x00, 0x00, 0x00, 0xde, 0xff, 0xff, 0xff,
    0xff, 0xff, 0xff, 0xff, 0x01, 0x00, 0x00, 0x00, 0xf0, 0x85, 0x1e, 0x3c,
    0x93, 0x00, 0x00, 0x00, 0x73, 0x6f, 0x63, 0x5f, 0x6c, 0x73, 0x74, 0x6d,
    0x5f, 0x31, 0x2f, 0x6c, 0x73, 0x74, 0x6d, 0x5f, 0x31, 0x2f, 0x6c, 0x73,
    0x74, 0x6d, 0x5f, 0x63, 0x65, 0x6c, 0x6c, 0x5f, 0x37, 0x2f, 0x73, 0x70,
    0x6c, 0x69, 0x74, 0x3b, 0x73, 0x6f, 0x63, 0x5f, 0x6c, 0x73, 0x74, 0x6d,
    0x5f, 0x31, 0x2f, 0x6c, 0x73, 0x74, 0x6d, 0x5f, 0x31, 0x2f, 0x6c, 0x73,
    0x74, 0x6d, 0x5f, 0x63, 0x65, 0x6c, 0x6c, 0x5f, 0x37, 0x2f, 0x73, 0x70,
    0x6c, 0x69, 0x74, 0x31, 0x3b, 0x73, 0x6f, 0x63, 0x5f, 0x6c, 0x73, 0x74,
    0x6d, 0x5f, 0x31, 0x2f, 0x6c, 0x73, 0x74, 0x6d, 0x5f, 0x31, 0x2f, 0x6c,
    0x73, 0x74, 0x6d, 0x5f, 0x63, 0x65, 0x6c, 0x6c, 0x5f, 0x37, 0x2f, 0x73,
    0x70, 0x6c, 0x69, 0x74, 0x32, 0x3b, 0x73, 0x6f, 0x63, 0x5f, 0x6c, 0x73,
    0x74, 0x6d, 0x5f, 0x31, 0x2f, 0x6c, 0x73, 0x74, 0x6d, 0x5f, 0x31, 0x2f,
    0x6c, 0x73, 0x74, 0x6d, 0x5f, 0x63, 0x65, 0x6c, 0x6c, 0x5f, 0x37, 0x2f,
    0x73, 0x70, 0x6c, 0x69, 0x74, 0x33, 0x32, 0x00, 0x02, 0x00, 0x00, 0x00,
    0x01, 0x00, 0x00, 0x00, 0x10, 0x00, 0x00, 0x00, 0x36, 0x46, 0xff, 0xff,
    0x00, 0x00, 0x00, 0x01, 0x18, 0x00, 0x00, 0x00, 0x20, 0x00, 0x00, 0x00,
    0x3c, 0x00, 0x00, 0x00, 0x87, 0x00, 0x00, 0x00, 0x00, 0x00, 0x00, 0x09,
    0xc8, 0x00, 0x00, 0x00, 0x02, 0x00, 0x00, 0x00, 0xff, 0xff, 0xff, 0xff,
    0x10, 0x00, 0x00, 0x00, 0x1c, 0x46, 0xff, 0xff, 0x08, 0x00, 0x00, 0x00,
    0x10, 0x00, 0x00, 0x00, 0x01, 0x00, 0x00, 0x00, 0xde, 0xff, 0xff, 0xff,
    0xff, 0xff, 0xff, 0xff, 0x01, 0x00, 0x00, 0x00, 0xf0, 0x85, 0x1e, 0x3c,
    0x93, 0x00, 0x00, 0x00, 0x73, 0x6f, 0x63, 0x5f, 0x6c, 0x73, 0x74, 0x6d,
    0x5f, 0x31, 0x2f, 0x6c, 0x73, 0x74, 0x6d, 0x5f, 0x31, 0x2f, 0x6c, 0x73,
    0x74, 0x6d, 0x5f, 0x63, 0x65, 0x6c, 0x6c, 0x5f, 0x37, 0x2f, 0x73, 0x70,
    0x6c, 0x69, 0x74, 0x3b, 0x73, 0x6f, 0x63, 0x5f, 0x6c, 0x73, 0x74, 0x6d,
    0x5f, 0x31, 0x2f, 0x6c, 0x73, 0x74, 0x6d, 0x5f, 0x31, 0x2f, 0x6c, 0x73,
    0x74, 0x6d, 0x5f, 0x63, 0x65, 0x6c, 0x6c, 0x5f, 0x37, 0x2f, 0x73, 0x70,
    0x6c, 0x69, 0x74, 0x31, 0x3b, 0x73, 0x6f, 0x63, 0x5f, 0x6c, 0x73, 0x74,
    0x6d, 0x5f, 0x31, 0x2f, 0x6c, 0x73, 0x74, 0x6d, 0x5f, 0x31, 0x2f, 0x6c,
    0x73, 0x74, 0x6d, 0x5f, 0x63, 0x65, 0x6c, 0x6c, 0x5f, 0x37, 0x2f, 0x73,
    0x70, 0x6c, 0x69, 0x74, 0x32, 0x3b, 0x73, 0x6f, 0x63, 0x5f, 0x6c, 0x73,
    0x74, 0x6d, 0x5f, 0x31, 0x2f, 0x6c, 0x73, 0x74, 0x6d, 0x5f, 0x31, 0x2f,
    0x6c, 0x73, 0x74, 0x6d, 0x5f, 0x63, 0x65, 0x6c, 0x6c, 0x5f, 0x37, 0x2f,
    0x73, 0x70, 0x6c, 0x69, 0x74, 0x33, 0x31, 0x00, 0x02, 0x00, 0x00, 0x00,
    0x01, 0x00, 0x00, 0x00, 0x10, 0x00, 0x00, 0x00, 0x26, 0x47, 0xff, 0xff,
    0x00, 0x00, 0x00, 0x01, 0x18, 0x00, 0x00, 0x00, 0x20, 0x00, 0x00, 0x00,
    0x3c, 0x00, 0x00, 0x00, 0x86, 0x00, 0x00, 0x00, 0x00, 0x00, 0x00, 0x09,
    0xc8, 0x00, 0x00, 0x00, 0x02, 0x00, 0x00, 0x00, 0xff, 0xff, 0xff, 0xff,
    0x10, 0x00, 0x00, 0x00, 0x0c, 0x47, 0xff, 0xff, 0x08, 0x00, 0x00, 0x00,
    0x10, 0x00, 0x00, 0x00, 0x01, 0x00, 0x00, 0x00, 0xde, 0xff, 0xff, 0xff,
    0xff, 0xff, 0xff, 0xff, 0x01, 0x00, 0x00, 0x00, 0xf0, 0x85, 0x1e, 0x3c,
    0x92, 0x00, 0x00, 0x00, 0x73, 0x6f, 0x63, 0x5f, 0x6c, 0x73, 0x74, 0x6d,
    0x5f, 0x31, 0x2f, 0x6c, 0x73, 0x74, 0x6d, 0x5f, 0x31, 0x2f, 0x6c, 0x73,
    0x74, 0x6d, 0x5f, 0x63, 0x65, 0x6c, 0x6c, 0x5f, 0x37, 0x2f, 0x73, 0x70,
    0x6c, 0x69, 0x74, 0x3b, 0x73, 0x6f, 0x63, 0x5f, 0x6c, 0x73, 0x74, 0x6d,
    0x5f, 0x31, 0x2f, 0x6c, 0x73, 0x74, 0x6d, 0x5f, 0x31, 0x2f, 0x6c, 0x73,
    0x74, 0x6d, 0x5f, 0x63, 0x65, 0x6c, 0x6c, 0x5f, 0x37, 0x2f, 0x73, 0x70,
    0x6c, 0x69, 0x74, 0x31, 0x3b, 0x73, 0x6f, 0x63, 0x5f, 0x6c, 0x73, 0x74,
    0x6d, 0x5f, 0x31, 0x2f, 0x6c, 0x73, 0x74, 0x6d, 0x5f, 0x31, 0x2f, 0x6c,
    0x73, 0x74, 0x6d, 0x5f, 0x63, 0x65, 0x6c, 0x6c, 0x5f, 0x37, 0x2f, 0x73,
    0x70, 0x6c, 0x69, 0x74, 0x32, 0x3b, 0x73, 0x6f, 0x63, 0x5f, 0x6c, 0x73,
    0x74, 0x6d, 0x5f, 0x31, 0x2f, 0x6c, 0x73, 0x74, 0x6d, 0x5f, 0x31, 0x2f,
    0x6c, 0x73, 0x74, 0x6d, 0x5f, 0x63, 0x65, 0x6c, 0x6c, 0x5f, 0x37, 0x2f,
    0x73, 0x70, 0x6c, 0x69, 0x74, 0x33, 0x00, 0x00, 0x02, 0x00, 0x00, 0x00,
    0x01, 0x00, 0x00, 0x00, 0x10, 0x00, 0x00, 0x00, 0x16, 0x48, 0xff, 0xff,
    0x00, 0x00, 0x00, 0x01, 0x18, 0x00, 0x00, 0x00, 0x20, 0x00, 0x00, 0x00,
    0x40, 0x00, 0x00, 0x00, 0x85, 0x00, 0x00, 0x00, 0x00, 0x00, 0x00, 0x09,
    0x60, 0x00, 0x00, 0x00, 0x02, 0x00, 0x00, 0x00, 0xff, 0xff, 0xff, 0xff,
    0x40, 0x00, 0x00, 0x00, 0xfc, 0x47, 0xff, 0xff, 0x08, 0x00, 0x00, 0x00,
    0x14, 0x00, 0x00, 0x00, 0x01, 0x00, 0x00, 0x00, 0xde, 0xff, 0xff, 0xff,
    0xff, 0xff, 0xff, 0xff, 0x00, 0x00, 0x00, 0x00, 0x01, 0x00, 0x00, 0x00,
    0xf0, 0x85, 0x1e, 0x3c, 0x25, 0x00, 0x00, 0x00, 0x73, 0x6f, 0x63, 0x5f,
    0x6c, 0x73, 0x74, 0x6d, 0x5f, 0x31, 0x2f, 0x6c, 0x73, 0x74, 0x6d, 0x5f,
    0x31, 0x2f, 0x6c, 0x73, 0x74, 0x6d, 0x5f, 0x63, 0x65, 0x6c, 0x6c, 0x5f,
    0x37, 0x2f, 0x42, 0x69, 0x61, 0x73, 0x41, 0x64, 0x64, 0x00, 0x00, 0x00,
    0x02, 0x00, 0x00, 0x00, 0x01, 0x00, 0x00, 0x00, 0x40, 0x00, 0x00, 0x00,
    0x9e, 0x48, 0xff, 0xff, 0x00, 0x00, 0x00, 0x01, 0x18, 0x00, 0x00, 0x00,
    0x20, 0x00, 0x00, 0x00, 0x3c, 0x00, 0x00, 0x00, 0x84, 0x00, 0x00, 0x00,
    0x00, 0x00, 0x00, 0x09, 0x58, 0x00, 0x00, 0x00, 0x02, 0x00, 0x00, 0x00,
    0xff, 0xff, 0xff, 0xff, 0x40, 0x00, 0x00, 0x00, 0x84, 0x48, 0xff, 0xff,
    0x08, 0x00, 0x00, 0x00, 0x10, 0x00, 0x00, 0x00, 0x01, 0x00, 0x00, 0x00,
    0xe3, 0xff, 0xff, 0xff, 0xff, 0xff, 0xff, 0xff, 0x01, 0x00, 0x00, 0x00,
    0xea, 0xd6, 0x22, 0x3c, 0x21, 0x00, 0x00, 0x00, 0x73, 0x6f, 0x63, 0x5f,
    0x6c, 0x73, 0x74, 0x6d, 0x5f, 0x31, 0x2f, 0x6c, 0x73, 0x74, 0x6d, 0x5f,
    0x31, 0x2f, 0x6c, 0x73, 0x74, 0x6d, 0x5f, 0x63, 0x65, 0x6c, 0x6c, 0x5f,
    0x37, 0x2f, 0x41, 0x64, 0x64, 0x00, 0x00, 0x00, 0x02, 0x00, 0x00, 0x00,
    0x01, 0x00, 0x00, 0x00, 0x40, 0x00, 0x00, 0x00, 0x1e, 0x49, 0xff, 0xff,
    0x00, 0x00, 0x00, 0x01, 0x18, 0x00, 0x00, 0x00, 0x20, 0x00, 0x00, 0x00,
    0x40, 0x00, 0x00, 0x00, 0x83, 0x00, 0x00, 0x00, 0x00, 0x00, 0x00, 0x09,
    0x60, 0x00, 0x00, 0x00, 0x02, 0x00, 0x00, 0x00, 0xff, 0xff, 0xff, 0xff,
    0x40, 0x00, 0x00, 0x00, 0x04, 0x49, 0xff, 0xff, 0x08, 0x00, 0x00, 0x00,
    0x14, 0x00, 0x00, 0x00, 0x01, 0x00, 0x00, 0x00, 0xf3, 0xff, 0xff, 0xff,
    0xff, 0xff, 0xff, 0xff, 0x00, 0x00, 0x00, 0x00, 0x01, 0x00, 0x00, 0x00,
    0x5e, 0x00, 0x0c, 0x3c, 0x24, 0x00, 0x00, 0x00, 0x73, 0x6f, 0x63, 0x5f,
    0x6c, 0x73, 0x74, 0x6d, 0x5f, 0x31, 0x2f, 0x6c, 0x73, 0x74, 0x6d, 0x5f,
    0x31, 0x2f, 0x6c, 0x73, 0x74, 0x6d, 0x5f, 0x63, 0x65, 0x6c, 0x6c, 0x5f,
    0x37, 0x2f, 0x4d, 0x61, 0x74, 0x4d, 0x75, 0x6c, 0x00, 0x00, 0x00, 0x00,
    0x02, 0x00, 0x00, 0x00, 0x01, 0x00, 0x00, 0x00, 0x40, 0x00, 0x00, 0x00,
    0xa6, 0x49, 0xff, 0xff, 0x00, 0x00, 0x00, 0x01, 0x18, 0x00, 0x00, 0x00,
    0x20, 0x00, 0x00, 0x00, 0x40, 0x00, 0x00, 0x00, 0x82, 0x00, 0x00, 0x00,
    0x00, 0x00, 0x00, 0x09, 0x60, 0x00, 0x00, 0x00, 0x02, 0x00, 0x00, 0x00,
    0xff, 0xff, 0xff, 0xff, 0x40, 0x00, 0x00, 0x00, 0x8c, 0x49, 0xff, 0xff,
    0x08, 0x00, 0x00, 0x00, 0x14, 0x00, 0x00, 0x00, 0x01, 0x00, 0x00, 0x00,
    0xff, 0xff, 0xff, 0xff, 0xff, 0xff, 0xff, 0xff, 0x00, 0x00, 0x00, 0x00,
    0x01, 0x00, 0x00, 0x00, 0xf3, 0xf6, 0x7a, 0x3c, 0x25, 0x00, 0x00, 0x00,
    0x73, 0x6f, 0x63, 0x5f, 0x6c, 0x73, 0x74, 0x6d, 0x5f, 0x31, 0x2f, 0x6c,
    0x73, 0x74, 0x6d, 0x5f, 0x31, 0x2f, 0x6c, 0x73, 0x74, 0x6d, 0x5f, 0x63,
    0x65, 0x6c, 0x6c, 0x5f, 0x36, 0x33, 0x2f, 0x4d, 0x61, 0x74, 0x4d, 0x75,
    0x6c, 0x00, 0x00, 0x00, 0x02, 0x00, 0x00, 0x00, 0x01, 0x00, 0x00, 0x00,
    0x40, 0x00, 0x00, 0x00, 0x2e, 0x4a, 0xff, 0xff, 0x00, 0x00, 0x00, 0x01,
    0x18, 0x00, 0x00, 0x00, 0x20, 0x00, 0x00, 0x00, 0x40, 0x00, 0x00, 0x00,
    0x81, 0x00, 0x00, 0x00, 0x00, 0x00, 0x00, 0x09, 0x60, 0x00, 0x00, 0x00,
    0x02, 0x00, 0x00, 0x00, 0xff, 0xff, 0xff, 0xff, 0x40, 0x00, 0x00, 0x00,
    0x14, 0x4a, 0xff, 0xff, 0x08, 0x00, 0x00, 0x00, 0x14, 0x00, 0x00, 0x00,
    0x01, 0x00, 0x00, 0x00, 0xff, 0xff, 0xff, 0xff, 0xff, 0xff, 0xff, 0xff,
    0x00, 0x00, 0x00, 0x00, 0x01, 0x00, 0x00, 0x00, 0x76, 0x8a, 0x7f, 0x3c,
    0x25, 0x00, 0x00, 0x00, 0x73, 0x6f, 0x63, 0x5f, 0x6c, 0x73, 0x74, 0x6d,
    0x5f, 0x31, 0x2f, 0x6c, 0x73, 0x74, 0x6d, 0x5f, 0x31, 0x2f, 0x6c, 0x73,
    0x74, 0x6d, 0x5f, 0x63, 0x65, 0x6c, 0x6c, 0x5f, 0x36, 0x31, 0x2f, 0x4d,
    0x61, 0x74, 0x4d, 0x75, 0x6c, 0x00, 0x00, 0x00, 0x02, 0x00, 0x00, 0x00,
    0x01, 0x00, 0x00, 0x00, 0x40, 0x00, 0x00, 0x00, 0xb6, 0x4a, 0xff, 0xff,
    0x00, 0x00, 0x00, 0x01, 0x18, 0x00, 0x00, 0x00, 0x20, 0x00, 0x00, 0x00,
    0x40, 0x00, 0x00, 0x00, 0x80, 0x00, 0x00, 0x00, 0x00, 0x00, 0x00, 0x09,
    0x60, 0x00, 0x00, 0x00, 0x02, 0x00, 0x00, 0x00, 0xff, 0xff, 0xff, 0xff,
    0x40, 0x00, 0x00, 0x00, 0x9c, 0x4a, 0xff, 0xff, 0x08, 0x00, 0x00, 0x00,
    0x14, 0x00, 0x00, 0x00, 0x01, 0x00, 0x00, 0x00, 0xfd, 0xff, 0xff, 0xff,
    0xff, 0xff, 0xff, 0xff, 0x00, 0x00, 0x00, 0x00, 0x01, 0x00, 0x00, 0x00,
    0xb3, 0xd7, 0x80, 0x3c, 0x25, 0x00, 0x00, 0x00, 0x73, 0x6f, 0x63, 0x5f,
    0x6c, 0x73, 0x74, 0x6d, 0x5f, 0x31, 0x2f, 0x6c, 0x73, 0x74, 0x6d, 0x5f,
    0x31, 0x2f, 0x6c, 0x73, 0x74, 0x6d, 0x5f, 0x63, 0x65, 0x6c, 0x6c, 0x5f,
    0x35, 0x39, 0x2f, 0x4d, 0x61, 0x74, 0x4d, 0x75, 0x6c, 0x00, 0x00, 0x00,
    0x02, 0x00, 0x00, 0x00, 0x01, 0x00, 0x00, 0x00, 0x40, 0x00, 0x00, 0x00,
    0x3e, 0x4b, 0xff, 0xff, 0x00, 0x00, 0x00, 0x01, 0x18, 0x00, 0x00, 0x00,
    0x20, 0x00, 0x00, 0x00, 0x40, 0x00, 0x00, 0x00, 0x7f, 0x00, 0x00, 0x00,
    0x00, 0x00, 0x00, 0x09, 0x60, 0x00, 0x00, 0x00, 0x02, 0x00, 0x00, 0x00,
    0xff, 0xff, 0xff, 0xff, 0x40, 0x00, 0x00, 0x00, 0x24, 0x4b, 0xff, 0xff,
    0x08, 0x00, 0x00, 0x00, 0x14, 0x00, 0x00, 0x00, 0x01, 0x00, 0x00, 0x00,
    0xf9, 0xff, 0xff, 0xff, 0xff, 0xff, 0xff, 0xff, 0x00, 0x00, 0x00, 0x00,
    0x01, 0x00, 0x00, 0x00, 0x27, 0x23, 0x7e, 0x3c, 0x25, 0x00, 0x00, 0x00,
    0x73, 0x6f, 0x63, 0x5f, 0x6c, 0x73, 0x74, 0x6d, 0x5f, 0x31, 0x2f, 0x6c,
    0x73, 0x74, 0x6d, 0x5f, 0x31, 0x2f, 0x6c, 0x73, 0x74, 0x6d, 0x5f, 0x63,
    0x65, 0x6c, 0x6c, 0x5f, 0x35, 0x37, 0x2f, 0x4d, 0x61, 0x74, 0x4d, 0x75,
    0x6c, 0x00, 0x00, 0x00, 0x02, 0x00, 0x00, 0x00, 0x01, 0x00, 0x00, 0x00,
    0x40, 0x00, 0x00, 0x00, 0xc6, 0x4b, 0xff, 0xff, 0x00, 0x00, 0x00, 0x01,
    0x18, 0x00, 0x00, 0x00, 0x20, 0x00, 0x00, 0x00, 0x40, 0x00, 0x00, 0x00,
    0x7e, 0x00, 0x00, 0x00, 0x00, 0x00, 0x00, 0x09, 0x60, 0x00, 0x00, 0x00,
    0x02, 0x00, 0x00, 0x00, 0xff, 0xff, 0xff, 0xff, 0x40, 0x00, 0x00, 0x00,
    0xac, 0x4b, 0xff, 0xff, 0x08, 0x00, 0x00, 0x00, 0x14, 0x00, 0x00, 0x00,
    0x01, 0x00, 0x00, 0x00, 0xfc, 0xff, 0xff, 0xff, 0xff, 0xff, 0xff, 0xff,
    0x00, 0x00, 0x00, 0x00, 0x01, 0x00, 0x00, 0x00, 0x0e, 0xf6, 0x4c, 0x3c,
    0x25, 0x00, 0x00, 0x00, 0x73, 0x6f, 0x63, 0x5f, 0x6c, 0x73, 0x74, 0x6d,
    0x5f, 0x31, 0x2f, 0x6c, 0x73, 0x74, 0x6d, 0x5f, 0x31, 0x2f, 0x6c, 0x73,
    0x74, 0x6d, 0x5f, 0x63, 0x65, 0x6c, 0x6c, 0x5f, 0x35, 0x35, 0x2f, 0x4d,
    0x61, 0x74, 0x4d, 0x75, 0x6c, 0x00, 0x00, 0x00, 0x02, 0x00, 0x00, 0x00,
    0x01, 0x00, 0x00, 0x00, 0x40, 0x00, 0x00, 0x00, 0x4e, 0x4c, 0xff, 0xff,
    0x00, 0x00, 0x00, 0x01, 0x18, 0x00, 0x00, 0x00, 0x20, 0x00, 0x00, 0x00,
    0x40, 0x00, 0x00, 0x00, 0x7d, 0x00, 0x00, 0x00, 0x00, 0x00, 0x00, 0x09,
    0x60, 0x00, 0x00, 0x00, 0x02, 0x00, 0x00, 0x00, 0xff, 0xff, 0xff, 0xff,
    0x40, 0x00, 0x00, 0x00, 0x34, 0x4c, 0xff, 0xff, 0x08, 0x00, 0x00, 0x00,
    0x14, 0x00, 0x00, 0x00, 0x01, 0x00, 0x00, 0x00, 0xf9, 0xff, 0xff, 0xff,
    0xff, 0xff, 0xff, 0xff, 0x00, 0x00, 0x00, 0x00, 0x01, 0x00, 0x00, 0x00,
    0xc5, 0x22, 0x3c, 0x3c, 0x25, 0x00, 0x00, 0x00, 0x73, 0x6f, 0x63, 0x5f,
    0x6c, 0x73, 0x74, 0x6d, 0x5f, 0x31, 0x2f, 0x6c, 0x73, 0x74, 0x6d, 0x5f,
    0x31, 0x2f, 0x6c, 0x73, 0x74, 0x6d, 0x5f, 0x63, 0x65, 0x6c, 0x6c, 0x5f,
    0x35, 0x33, 0x2f, 0x4d, 0x61, 0x74, 0x4d, 0x75, 0x6c, 0x00, 0x00, 0x00,
    0x02, 0x00, 0x00, 0x00, 0x01, 0x00, 0x00, 0x00, 0x40, 0x00, 0x00, 0x00,
    0xd6, 0x4c, 0xff, 0xff, 0x00, 0x00, 0x00, 0x01, 0x18, 0x00, 0x00, 0x00,
    0x20, 0x00, 0x00, 0x00, 0x40, 0x00, 0x00, 0x00, 0x7c, 0x00, 0x00, 0x00,
    0x00, 0x00, 0x00, 0x09, 0x60, 0x00, 0x00, 0x00, 0x02, 0x00, 0x00, 0x00,
    0xff, 0xff, 0xff, 0xff, 0x40, 0x00, 0x00, 0x00, 0xbc, 0x4c, 0xff, 0xff,
    0x08, 0x00, 0x00, 0x00, 0x14, 0x00, 0x00, 0x00, 0x01, 0x00, 0x00, 0x00,
    0xf7, 0xff, 0xff, 0xff, 0xff, 0xff, 0xff, 0xff, 0x00, 0x00, 0x00, 0x00,
    0x01, 0x00, 0x00, 0x00, 0xd6, 0x17, 0x2e, 0x3c, 0x25, 0x00, 0x00, 0x00,
    0x73, 0x6f, 0x63, 0x5f, 0x6c, 0x73, 0x74, 0x6d, 0x5f, 0x31, 0x2f, 0x6c,
    0x73, 0x74, 0x6d, 0x5f, 0x31, 0x2f, 0x6c, 0x73, 0x74, 0x6d, 0x5f, 0x63,
    0x65, 0x6c, 0x6c, 0x5f, 0x35, 0x31, 0x2f, 0x4d, 0x61, 0x74, 0x4d, 0x75,
    0x6c, 0x00, 0x00, 0x00, 0x02, 0x00, 0x00, 0x00, 0x01, 0x00, 0x00, 0x00,
    0x40, 0x00, 0x00, 0x00, 0x5e, 0x4d, 0xff, 0xff, 0x00, 0x00, 0x00, 0x01,
    0x18, 0x00, 0x00, 0x00, 0x20, 0x00, 0x00, 0x00, 0x40, 0x00, 0x00, 0x00,
    0x7b, 0x00, 0x00, 0x00, 0x00, 0x00, 0x00, 0x09, 0x60, 0x00, 0x00, 0x00,
    0x02, 0x00, 0x00, 0x00, 0xff, 0xff, 0xff, 0xff, 0x40, 0x00, 0x00, 0x00,
    0x44, 0x4d, 0xff, 0xff, 0x08, 0x00, 0x00, 0x00, 0x14, 0x00, 0x00, 0x00,
    0x01, 0x00, 0x00, 0x00, 0xec, 0xff, 0xff, 0xff, 0xff, 0xff, 0xff, 0xff,
    0x00, 0x00, 0x00, 0x00, 0x01, 0x00, 0x00, 0x00, 0xb3, 0x1f, 0x28, 0x3b,
    0x26, 0x00, 0x00, 0x00, 0x73, 0x6f, 0x63, 0x5f, 0x6c, 0x73, 0x74, 0x6d,
    0x5f, 0x31, 0x2f, 0x6c, 0x73, 0x74, 0x6d, 0x5f, 0x31, 0x2f, 0x6c, 0x73,
    0x74, 0x6d, 0x5f, 0x63, 0x65, 0x6c, 0x6c, 0x5f, 0x37, 0x2f, 0x4d, 0x61,
    0x74, 0x4d, 0x75, 0x6c, 0x5f, 0x31, 0x00, 0x00, 0x02, 0x00, 0x00, 0x00,
    0x01, 0x00, 0x00, 0x00, 0x40, 0x00, 0x00, 0x00, 0xe6, 0x4d, 0xff, 0xff,
    0x00, 0x00, 0x00, 0x01, 0x18, 0x00, 0x00, 0x00, 0x20, 0x00, 0x00, 0x00,
    0x3c, 0x00, 0x00, 0x00, 0x7a, 0x00, 0x00, 0x00, 0x00, 0x00, 0x00, 0x09,
    0x58, 0x00, 0x00, 0x00, 0x02, 0x00, 0x00, 0x00, 0xff, 0xff, 0xff, 0xff,
    0x10, 0x00, 0x00, 0x00, 0xcc, 0x4d, 0xff, 0xff, 0x08, 0x00, 0x00, 0x00,
    0x10, 0x00, 0x00, 0x00, 0x01, 0x00, 0x00, 0x00, 0x23, 0x00, 0x00, 0x00,
    0x00, 0x00, 0x00, 0x00, 0x01, 0x00, 0x00, 0x00, 0x2f, 0x51, 0xd7, 0x3a,
    0x23, 0x00, 0x00, 0x00, 0x73, 0x6f, 0x63, 0x5f, 0x6c, 0x73, 0x74, 0x6d,
    0x5f, 0x31, 0x2f, 0x6c, 0x73, 0x74, 0x6d, 0x5f, 0x31, 0x2f, 0x6c, 0x73,
    0x74, 0x6d, 0x5f, 0x63, 0x65, 0x6c, 0x6c, 0x5f, 0x35, 0x2f, 0x6d, 0x75,
    0x6c, 0x5f, 0x32, 0x00, 0x02, 0x00, 0x00, 0x00, 0x01, 0x00, 0x00, 0x00,
    0x10, 0x00, 0x00, 0x00, 0x66, 0x4e, 0xff, 0xff, 0x00, 0x00, 0x00, 0x01,
    0x18, 0x00, 0x00, 0x00, 0x20, 0x00, 0x00, 0x00, 0x40, 0x00, 0x00, 0x00,
    0x79, 0x00, 0x00, 0x00, 0x00, 0x00, 0x00, 0x09, 0x60, 0x00, 0x00, 0x00,
    0x02, 0x00, 0x00, 0x00, 0xff, 0xff, 0xff, 0xff, 0x10, 0x00, 0x00, 0x00,
    0x4c, 0x4e, 0xff, 0xff, 0x08, 0x00, 0x00, 0x00, 0x14, 0x00, 0x00, 0x00,
    0x01, 0x00, 0x00, 0x00, 0x00, 0x00, 0x00, 0x00, 0x00, 0x00, 0x00, 0x00,
    0x00, 0x00, 0x00, 0x00, 0x01, 0x00, 0x00, 0x00, 0x00, 0x00, 0x00, 0x3c,
    0x24, 0x00, 0x00, 0x00, 0x73, 0x6f, 0x63, 0x5f, 0x6c, 0x73, 0x74, 0x6d,
    0x5f, 0x31, 0x2f, 0x6c, 0x73, 0x74, 0x6d, 0x5f, 0x31, 0x2f, 0x6c, 0x73,
    0x74, 0x6d, 0x5f, 0x63, 0x65, 0x6c, 0x6c, 0x5f, 0x35, 0x2f, 0x54, 0x61,
    0x6e, 0x68, 0x5f, 0x31, 0x00, 0x00, 0x00, 0x00, 0x02, 0x00, 0x00, 0x00,
    0x01, 0x00, 0x00, 0x00, 0x10, 0x00, 0x00, 0x00, 0xee, 0x4e, 0xff, 0xff,
    0x00, 0x00, 0x00, 0x01, 0x18, 0x00, 0x00, 0x00, 0x20, 0x00, 0x00, 0x00,
    0x3c, 0x00, 0x00, 0x00, 0x78, 0x00, 0x00, 0x00, 0x00, 0x00, 0x00, 0x09,
    0x58, 0x00, 0x00, 0x00, 0x02, 0x00, 0x00, 0x00, 0xff, 0xff, 0xff, 0xff,
    0x10, 0x00, 0x00, 0x00, 0xd4, 0x4e, 0xff, 0xff, 0x08, 0x00, 0x00, 0x00,
    0x10, 0x00, 0x00, 0x00, 0x01, 0x00, 0x00, 0x00, 0x2e, 0x00, 0x00, 0x00,
    0x00, 0x00, 0x00, 0x00, 0x01, 0x00, 0x00, 0x00, 0x72, 0x04, 0x81, 0x3b,
    0x23, 0x00, 0x00, 0x00, 0x73, 0x6f, 0x63, 0x5f, 0x6c, 0x73, 0x74, 0x6d,
    0x5f, 0x31, 0x2f, 0x6c, 0x73, 0x74, 0x6d, 0x5f, 0x31, 0x2f, 0x6c, 0x73,
    0x74, 0x6d, 0x5f, 0x63, 0x65, 0x6c, 0x6c, 0x5f, 0x35, 0x2f, 0x61, 0x64,
    0x64, 0x5f, 0x31, 0x00, 0x02, 0x00, 0x00, 0x00, 0x01, 0x00, 0x00, 0x00,
    0x10, 0x00, 0x00, 0x00, 0x6e, 0x4f, 0xff, 0xff, 0x00, 0x00, 0x00, 0x01,
    0x18, 0x00, 0x00, 0x00, 0x20, 0x00, 0x00, 0x00, 0x3c, 0x00, 0x00, 0x00,
    0x77, 0x00, 0x00, 0x00, 0x00, 0x00, 0x00, 0x09, 0x58, 0x00, 0x00, 0x00,
    0x02, 0x00, 0x00, 0x00, 0xff, 0xff, 0xff, 0xff, 0x10, 0x00, 0x00, 0x00,
    0x54, 0x4f, 0xff, 0xff, 0x08, 0x00, 0x00, 0x00, 0x10, 0x00, 0x00, 0x00,
    0x01, 0x00, 0x00, 0x00, 0x2b, 0x00, 0x00, 0x00, 0x00, 0x00, 0x00, 0x00,
    0x01, 0x00, 0x00, 0x00, 0x78, 0xb3, 0xf8, 0x3a, 0x23, 0x00, 0x00, 0x00,
    0x73, 0x6f, 0x63, 0x5f, 0x6c, 0x73, 0x74, 0x6d, 0x5f, 0x31, 0x2f, 0x6c,
    0x73, 0x74, 0x6d, 0x5f, 0x31, 0x2f, 0x6c, 0x73, 0x74, 0x6d, 0x5f, 0x63,
    0x65, 0x6c, 0x6c, 0x5f, 0x35, 0x2f, 0x6d, 0x75, 0x6c, 0x5f, 0x31, 0x00,
    0x02, 0x00, 0x00, 0x00, 0x01, 0x00, 0x00, 0x00, 0x10, 0x00, 0x00, 0x00,
    0xee, 0x4f, 0xff, 0xff, 0x00, 0x00, 0x00, 0x01, 0x18, 0x00, 0x00, 0x00,
    0x20, 0x00, 0x00, 0x00, 0x3c, 0x00, 0x00, 0x00, 0x76, 0x00, 0x00, 0x00,
    0x00, 0x00, 0x00, 0x09, 0x58, 0x00, 0x00, 0x00, 0x02, 0x00, 0x00, 0x00,
    0xff, 0xff, 0xff, 0xff, 0x10, 0x00, 0x00, 0x00, 0xd4, 0x4f, 0xff, 0xff,
    0x08, 0x00, 0x00, 0x00, 0x10, 0x00, 0x00, 0x00, 0x01, 0x00, 0x00, 0x00,
    0x00, 0x00, 0x00, 0x00, 0x00, 0x00, 0x00, 0x00, 0x01, 0x00, 0x00, 0x00,
    0x00, 0x00, 0x00, 0x3c, 0x22, 0x00, 0x00, 0x00, 0x73, 0x6f, 0x63, 0x5f,
    0x6c, 0x73, 0x74, 0x6d, 0x5f, 0x31, 0x2f, 0x6c, 0x73, 0x74, 0x6d, 0x5f,
    0x31, 0x2f, 0x6c, 0x73, 0x74, 0x6d, 0x5f, 0x63, 0x65, 0x6c, 0x6c, 0x5f,
    0x35, 0x2f, 0x54, 0x61, 0x6e, 0x68, 0x00, 0x00, 0x02, 0x00, 0x00, 0x00,
    0x01, 0x00, 0x00, 0x00, 0x10, 0x00, 0x00, 0x00, 0x6e, 0x50, 0xff, 0xff,
    0x00, 0x00, 0x00, 0x01, 0x18, 0x00, 0x00, 0x00, 0x20, 0x00, 0x00, 0x00,
    0x40, 0x00, 0x00, 0x00, 0x75, 0x00, 0x00, 0x00, 0x00, 0x00, 0x00, 0x09,
    0x60, 0x00, 0x00, 0x00, 0x02, 0x00, 0x00, 0x00, 0xff, 0xff, 0xff, 0xff,
    0x10, 0x00, 0x00, 0x00, 0x54, 0x50, 0xff, 0xff, 0x08, 0x00, 0x00, 0x00,
    0x14, 0x00, 0x00, 0x00, 0x01, 0x00, 0x00, 0x00, 0x80, 0xff, 0xff, 0xff,
    0xff, 0xff, 0xff, 0xff, 0x00, 0x00, 0x00, 0x00, 0x01, 0x00, 0x00, 0x00,
    0x00, 0x00, 0x80, 0x3b, 0x27, 0x00, 0x00, 0x00, 0x73, 0x6f, 0x63, 0x5f,
    0x6c, 0x73, 0x74, 0x6d, 0x5f, 0x31, 0x2f, 0x6c, 0x73, 0x74, 0x6d, 0x5f,
    0x31, 0x2f, 0x6c, 0x73, 0x74, 0x6d, 0x5f, 0x63, 0x65, 0x6c, 0x6c, 0x5f,
    0x35, 0x2f, 0x53, 0x69, 0x67, 0x6d, 0x6f, 0x69, 0x64, 0x5f, 0x32, 0x00,
    0x02, 0x00, 0x00, 0x00, 0x01, 0x00, 0x00, 0x00, 0x10, 0x00, 0x00, 0x00,
    0xf6, 0x50, 0xff, 0xff, 0x00, 0x00, 0x00, 0x01, 0x18, 0x00, 0x00, 0x00,
    0x20, 0x00, 0x00, 0x00, 0x3c, 0x00, 0x00, 0x00, 0x74, 0x00, 0x00, 0x00,
    0x00, 0x00, 0x00, 0x09, 0x58, 0x00, 0x00, 0x00, 0x02, 0x00, 0x00, 0x00,
    0xff, 0xff, 0xff, 0xff, 0x10, 0x00, 0x00, 0x00, 0xdc, 0x50, 0xff, 0xff,
    0x08, 0x00, 0x00, 0x00, 0x10, 0x00, 0x00, 0x00, 0x01, 0x00, 0x00, 0x00,
    0x2e, 0x00, 0x00, 0x00, 0x00, 0x00, 0x00, 0x00, 0x01, 0x00, 0x00, 0x00,
    0x72, 0x04, 0x81, 0x3b, 0x21, 0x00, 0x00, 0x00, 0x73, 0x6f, 0x63, 0x5f,
    0x6c, 0x73, 0x74, 0x6d, 0x5f, 0x31, 0x2f, 0x6c, 0x73, 0x74, 0x6d, 0x5f,
    0x31, 0x2f, 0x6c, 0x73, 0x74, 0x6d, 0x5f, 0x63, 0x65, 0x6c, 0x6c, 0x5f,
    0x35, 0x2f, 0x6d, 0x75, 0x6c, 0x00, 0x00, 0x00, 0x02, 0x00, 0x00, 0x00,
    0x01, 0x00, 0x00, 0x00, 0x10, 0x00, 0x00, 0x00, 0x76, 0x51, 0xff, 0xff,
    0x00, 0x00, 0x00, 0x01, 0x18, 0x00, 0x00, 0x00, 0x20, 0x00, 0x00, 0x00,
    0x40, 0x00, 0x00, 0x00, 0x73, 0x00, 0x00, 0x00, 0x00, 0x00, 0x00, 0x09,
    0x60, 0x00, 0x00, 0x00, 0x02, 0x00, 0x00, 0x00, 0xff, 0xff, 0xff, 0xff,
    0x10, 0x00, 0x00, 0x00, 0x5c, 0x51, 0xff, 0xff, 0x08, 0x00, 0x00, 0x00,
    0x14, 0x00, 0x00, 0x00, 0x01, 0x00, 0x00, 0x00, 0x80, 0xff, 0xff, 0xff,
    0xff, 0xff, 0xff, 0xff, 0x00, 0x00, 0x00, 0x00, 0x01, 0x00, 0x00, 0x00,
    0x00, 0x00, 0x80, 0x3b, 0x27, 0x00, 0x00, 0x00, 0x73, 0x6f, 0x63, 0x5f,
    0x6c, 0x73, 0x74, 0x6d, 0x5f, 0x31, 0x2f, 0x6c, 0x73, 0x74, 0x6d, 0x5f,
    0x31, 0x2f, 0x6c, 0x73, 0x74, 0x6d, 0x5f, 0x63, 0x65, 0x6c, 0x6c, 0x5f,
    0x35, 0x2f, 0x53, 0x69, 0x67, 0x6d, 0x6f, 0x69, 0x64, 0x5f, 0x31, 0x00,
    0x02, 0x00, 0x00, 0x00, 0x01, 0x00, 0x00, 0x00, 0x10, 0x00, 0x00, 0x00,
    0xfe, 0x51, 0xff, 0xff, 0x00, 0x00, 0x00, 0x01, 0x18, 0x00, 0x00, 0x00,
    0x20, 0x00, 0x00, 0x00, 0x40, 0x00, 0x00, 0x00, 0x72, 0x00, 0x00, 0x00,
    0x00, 0x00, 0x00, 0x09, 0x60, 0x00, 0x00, 0x00, 0x02, 0x00, 0x00, 0x00,
    0xff, 0xff, 0xff, 0xff, 0x10, 0x00, 0x00, 0x00, 0xe4, 0x51, 0xff, 0xff,
    0x08, 0x00, 0x00, 0x00, 0x14, 0x00, 0x00, 0x00, 0x01, 0x00, 0x00, 0x00,
    0x80, 0xff, 0xff, 0xff, 0xff, 0xff, 0xff, 0xff, 0x00, 0x00, 0x00, 0x00,
    0x01, 0x00, 0x00, 0x00, 0x00, 0x00, 0x80, 0x3b, 0x25, 0x00, 0x00, 0x00,
    0x73, 0x6f, 0x63, 0x5f, 0x6c, 0x73, 0x74, 0x6d, 0x5f, 0x31, 0x2f, 0x6c,
    0x73, 0x74, 0x6d, 0x5f, 0x31, 0x2f, 0x6c, 0x73, 0x74, 0x6d, 0x5f, 0x63,
    0x65, 0x6c, 0x6c, 0x5f, 0x35, 0x2f, 0x53, 0x69, 0x67, 0x6d, 0x6f, 0x69,
    0x64, 0x00, 0x00, 0x00, 0x02, 0x00, 0x00, 0x00, 0x01, 0x00, 0x00, 0x00,
    0x10, 0x00, 0x00, 0x00, 0x86, 0x52, 0xff, 0xff, 0x00, 0x00, 0x00, 0x01,
    0x18, 0x00, 0x00, 0x00, 0x20, 0x00, 0x00, 0x00, 0x3c, 0x00, 0x00, 0x00,
    0x71, 0x00, 0x00, 0x00, 0x00, 0x00, 0x00, 0x09, 0xc8, 0x00, 0x00, 0x00,
    0x02, 0x00, 0x00, 0x00, 0xff, 0xff, 0xff, 0xff, 0x10, 0x00, 0x00, 0x00,
    0x6c, 0x52, 0xff, 0xff, 0x08, 0x00, 0x00, 0x00, 0x10, 0x00, 0x00, 0x00,
    0x01, 0x00, 0x00, 0x00, 0xdd, 0xff, 0xff, 0xff, 0xff, 0xff, 0xff, 0xff,
    0x01, 0x00, 0x00, 0x00, 0xd0, 0x54, 0x1a, 0x3c, 0x93, 0x00, 0x00, 0x00,
    0x73, 0x6f, 0x63, 0x5f, 0x6c, 0x73, 0x74, 0x6d, 0x5f, 0x31, 0x2f, 0x6c,
    0x73, 0x74, 0x6d, 0x5f, 0x31, 0x2f, 0x6c, 0x73, 0x74, 0x6d, 0x5f, 0x63,
    0x65, 0x6c, 0x6c, 0x5f, 0x35, 0x2f, 0x73, 0x70, 0x6c, 0x69, 0x74, 0x3b,
    0x73, 0x6f, 0x63, 0x5f, 0x6c, 0x73, 0x74, 0x6d, 0x5f, 0x31, 0x2f, 0x6c,
    0x73, 0x74, 0x6d, 0x5f, 0x31, 0x2f, 0x6c, 0x73, 0x74, 0x6d, 0x5f, 0x63,
    0x65, 0x6c, 0x6c, 0x5f, 0x35, 0x2f, 0x73, 0x70, 0x6c, 0x69, 0x74, 0x31,
    0x3b, 0x73, 0x6f, 0x63, 0x5f, 0x6c, 0x73, 0x74, 0x6d, 0x5f, 0x31, 0x2f,
    0x6c, 0x73, 0x74, 0x6d, 0x5f, 0x31, 0x2f, 0x6c, 0x73, 0x74, 0x6d, 0x5f,
    0x63, 0x65, 0x6c, 0x6c, 0x5f, 0x35, 0x2f, 0x73, 0x70, 0x6c, 0x69, 0x74,
    0x32, 0x3b, 0x73, 0x6f, 0x63, 0x5f, 0x6c, 0x73, 0x74, 0x6d, 0x5f, 0x31,
    0x2f, 0x6c, 0x73, 0x74, 0x6d, 0x5f, 0x31, 0x2f, 0x6c, 0x73, 0x74, 0x6d,
    0x5f, 0x63, 0x65, 0x6c, 0x6c, 0x5f, 0x35, 0x2f, 0x73, 0x70, 0x6c, 0x69,
    0x74, 0x33, 0x33, 0x00, 0x02, 0x00, 0x00, 0x00, 0x01, 0x00, 0x00, 0x00,
    0x10, 0x00, 0x00, 0x00, 0x76, 0x53, 0xff, 0xff, 0x00, 0x00, 0x00, 0x01,
    0x18, 0x00, 0x00, 0x00, 0x20, 0x00, 0x00, 0x00, 0x3c, 0x00, 0x00, 0x00,
    0x70, 0x00, 0x00, 0x00, 0x00, 0x00, 0x00, 0x09, 0xc8, 0x00, 0x00, 0x00,
    0x02, 0x00, 0x00, 0x00, 0xff, 0xff, 0xff, 0xff, 0x10, 0x00, 0x00, 0x00,
    0x5c, 0x53, 0xff, 0xff, 0x08, 0x00, 0x00, 0x00, 0x10, 0x00, 0x00, 0x00,
    0x01, 0x00, 0x00, 0x00, 0xdd, 0xff, 0xff, 0xff, 0xff, 0xff, 0xff, 0xff,
    0x01, 0x00, 0x00, 0x00, 0xd0, 0x54, 0x1a, 0x3c, 0x93, 0x00, 0x00, 0x00,
    0x73, 0x6f, 0x63, 0x5f, 0x6c, 0x73, 0x74, 0x6d, 0x5f, 0x31, 0x2f, 0x6c,
    0x73, 0x74, 0x6d, 0x5f, 0x31, 0x2f, 0x6c, 0x73, 0x74, 0x6d, 0x5f, 0x63,
    0x65, 0x6c, 0x6c, 0x5f, 0x35, 0x2f, 0x73, 0x70, 0x6c, 0x69, 0x74, 0x3b,
    0x73, 0x6f, 0x63, 0x5f, 0x6c, 0x73, 0x74, 0x6d, 0x5f, 0x31, 0x2f, 0x6c,
    0x73, 0x74, 0x6d, 0x5f, 0x31, 0x2f, 0x6c, 0x73, 0x74, 0x6d, 0x5f, 0x63,
    0x65, 0x6c, 0x6c, 0x5f, 0x35, 0x2f, 0x73, 0x70, 0x6c, 0x69, 0x74, 0x31,
    0x3b, 0x73, 0x6f, 0x63, 0x5f, 0x6c, 0x73, 0x74, 0x6d, 0x5f, 0x31, 0x2f,
    0x6c, 0x73, 0x74, 0x6d, 0x5f, 0x31, 0x2f, 0x6c, 0x73, 0x74, 0x6d, 0x5f,
    0x63, 0x65, 0x6c, 0x6c, 0x5f, 0x35, 0x2f, 0x73, 0x70, 0x6c, 0x69, 0x74,
    0x32, 0x3b, 0x73, 0x6f, 0x63, 0x5f, 0x6c, 0x73, 0x74, 0x6d, 0x5f, 0x31,
    0x2f, 0x6c, 0x73, 0x74, 0x6d, 0x5f, 0x31, 0x2f, 0x6c, 0x73, 0x74, 0x6d,
    0x5f, 0x63, 0x65, 0x6c, 0x6c, 0x5f, 0x35, 0x2f, 0x73, 0x70, 0x6c, 0x69,
    0x74, 0x33, 0x32, 0x00, 0x02, 0x00, 0x00, 0x00, 0x01, 0x00, 0x00, 0x00,
    0x10, 0x00, 0x00, 0x00, 0x66, 0x54, 0xff, 0xff, 0x00, 0x00, 0x00, 0x01,
    0x18, 0x00, 0x00, 0x00, 0x20, 0x00, 0x00, 0x00, 0x3c, 0x00, 0x00, 0x00,
    0x6f, 0x00, 0x00, 0x00, 0x00, 0x00, 0x00, 0x09, 0xc8, 0x00, 0x00, 0x00,
    0x02, 0x00, 0x00, 0x00, 0xff, 0xff, 0xff, 0xff, 0x10, 0x00, 0x00, 0x00,
    0x4c, 0x54, 0xff, 0xff, 0x08, 0x00, 0x00, 0x00, 0x10, 0x00, 0x00, 0x00,
    0x01, 0x00, 0x00, 0x00, 0xdd, 0xff, 0xff, 0xff, 0xff, 0xff, 0xff, 0xff,
    0x01, 0x00, 0x00, 0x00, 0xd0, 0x54, 0x1a, 0x3c, 0x93, 0x00, 0x00, 0x00,
    0x73, 0x6f, 0x63, 0x5f, 0x6c, 0x73, 0x74, 0x6d, 0x5f, 0x31, 0x2f, 0x6c,
    0x73, 0x74, 0x6d, 0x5f, 0x31, 0x2f, 0x6c, 0x73, 0x74, 0x6d, 0x5f, 0x63,
    0x65, 0x6c, 0x6c, 0x5f, 0x35, 0x2f, 0x73, 0x70, 0x6c, 0x69, 0x74, 0x3b,
    0x73, 0x6f, 0x63, 0x5f, 0x6c, 0x73, 0x74, 0x6d, 0x5f, 0x31, 0x2f, 0x6c,
    0x73, 0x74, 0x6d, 0x5f, 0x31, 0x2f, 0x6c, 0x73, 0x74, 0x6d, 0x5f, 0x63,
    0x65, 0x6c, 0x6c, 0x5f, 0x35, 0x2f, 0x73, 0x70, 0x6c, 0x69, 0x74, 0x31,
    0x3b, 0x73, 0x6f, 0x63, 0x5f, 0x6c, 0x73, 0x74, 0x6d, 0x5f, 0x31, 0x2f,
    0x6c, 0x73, 0x74, 0x6d, 0x5f, 0x31, 0x2f, 0x6c, 0x73, 0x74, 0x6d, 0x5f,
    0x63, 0x65, 0x6c, 0x6c, 0x5f, 0x35, 0x2f, 0x73, 0x70, 0x6c, 0x69, 0x74,
    0x32, 0x3b, 0x73, 0x6f, 0x63, 0x5f, 0x6c, 0x73, 0x74, 0x6d, 0x5f, 0x31,
    0x2f, 0x6c, 0x73, 0x74, 0x6d, 0x5f, 0x31, 0x2f, 0x6c, 0x73, 0x74, 0x6d,
    0x5f, 0x63, 0x65, 0x6c, 0x6c, 0x5f, 0x35, 0x2f, 0x73, 0x70, 0x6c, 0x69,
    0x74, 0x33, 0x31, 0x00, 0x02, 0x00, 0x00, 0x00, 0x01, 0x00, 0x00, 0x00,
    0x10, 0x00, 0x00, 0x00, 0x56, 0x55, 0xff, 0xff, 0x00, 0x00, 0x00, 0x01,
    0x18, 0x00, 0x00, 0x00, 0x20, 0x00, 0x00, 0x00, 0x3c, 0x00, 0x00, 0x00,
    0x6e, 0x00, 0x00, 0x00, 0x00, 0x00, 0x00, 0x09, 0xc8, 0x00, 0x00, 0x00,
    0x02, 0x00, 0x00, 0x00, 0xff, 0xff, 0xff, 0xff, 0x10, 0x00, 0x00, 0x00,
    0x3c, 0x55, 0xff, 0xff, 0x08, 0x00, 0x00, 0x00, 0x10, 0x00, 0x00, 0x00,
    0x01, 0x00, 0x00, 0x00, 0xdd, 0xff, 0xff, 0xff, 0xff, 0xff, 0xff, 0xff,
    0x01, 0x00, 0x00, 0x00, 0xd0, 0x54, 0x1a, 0x3c, 0x92, 0x00, 0x00, 0x00,
    0x73, 0x6f, 0x63, 0x5f, 0x6c, 0x73, 0x74, 0x6d, 0x5f, 0x31, 0x2f, 0x6c,
    0x73, 0x74, 0x6d, 0x5f, 0x31, 0x2f, 0x6c, 0x73, 0x74, 0x6d, 0x5f, 0x63,
    0x65, 0x6c, 0x6c, 0x5f, 0x35, 0x2f, 0x73, 0x70, 0x6c, 0x69, 0x74, 0x3b,
    0x73, 0x6f, 0x63, 0x5f, 0x6c, 0x73, 0x74, 0x6d, 0x5f, 0x31, 0x2f, 0x6c,
    0x73, 0x74, 0x6d, 0x5f, 0x31, 0x2f, 0x6c, 0x73, 0x74, 0x6d, 0x5f, 0x63,
    0x65, 0x6c, 0x6c, 0x5f, 0x35, 0x2f, 0x73, 0x70, 0x6c, 0x69, 0x74, 0x31,
    0x3b, 0x73, 0x6f, 0x63, 0x5f, 0x6c, 0x73, 0x74, 0x6d, 0x5f, 0x31, 0x2f,
    0x6c, 0x73, 0x74, 0x6d, 0x5f, 0x31, 0x2f, 0x6c, 0x73, 0x74, 0x6d, 0x5f,
    0x63, 0x65, 0x6c, 0x6c, 0x5f, 0x35, 0x2f, 0x73, 0x70, 0x6c, 0x69, 0x74,
    0x32, 0x3b, 0x73, 0x6f, 0x63, 0x5f, 0x6c, 0x73, 0x74, 0x6d, 0x5f, 0x31,
    0x2f, 0x6c, 0x73, 0x74, 0x6d, 0x5f, 0x31, 0x2f, 0x6c, 0x73, 0x74, 0x6d,
    0x5f, 0x63, 0x65, 0x6c, 0x6c, 0x5f, 0x35, 0x2f, 0x73, 0x70, 0x6c, 0x69,
    0x74, 0x33, 0x00, 0x00, 0x02, 0x00, 0x00, 0x00, 0x01, 0x00, 0x00, 0x00,
    0x10, 0x00, 0x00, 0x00, 0x46, 0x56, 0xff, 0xff, 0x00, 0x00, 0x00, 0x01,
    0x18, 0x00, 0x00, 0x00, 0x20, 0x00, 0x00, 0x00, 0x40, 0x00, 0x00, 0x00,
    0x6d, 0x00, 0x00, 0x00, 0x00, 0x00, 0x00, 0x09, 0x60, 0x00, 0x00, 0x00,
    0x02, 0x00, 0x00, 0x00, 0xff, 0xff, 0xff, 0xff, 0x40, 0x00, 0x00, 0x00,
    0x2c, 0x56, 0xff, 0xff, 0x08, 0x00, 0x00, 0x00, 0x14, 0x00, 0x00, 0x00,
    0x01, 0x00, 0x00, 0x00, 0xdd, 0xff, 0xff, 0xff, 0xff, 0xff, 0xff, 0xff,
    0x00, 0x00, 0x00, 0x00, 0x01, 0x00, 0x00, 0x00, 0xd0, 0x54, 0x1a, 0x3c,
    0x25, 0x00, 0x00, 0x00, 0x73, 0x6f, 0x63, 0x5f, 0x6c, 0x73, 0x74, 0x6d,
    0x5f, 0x31, 0x2f, 0x6c, 0x73, 0x74, 0x6d, 0x5f, 0x31, 0x2f, 0x6c, 0x73,
    0x74, 0x6d, 0x5f, 0x63, 0x65, 0x6c, 0x6c, 0x5f, 0x35, 0x2f, 0x42, 0x69,
    0x61, 0x73, 0x41, 0x64, 0x64, 0x00, 0x00, 0x00, 0x02, 0x00, 0x00, 0x00,
    0x01, 0x00, 0x00, 0x00, 0x40, 0x00, 0x00, 0x00, 0xce, 0x56, 0xff, 0xff,
    0x00, 0x00, 0x00, 0x01, 0x18, 0x00, 0x00, 0x00, 0x20, 0x00, 0x00, 0x00,
    0x3c, 0x00, 0x00, 0x00, 0x6c, 0x00, 0x00, 0x00, 0x00, 0x00, 0x00, 0x09,
    0x58, 0x00, 0x00, 0x00, 0x02, 0x00, 0x00, 0x00, 0xff, 0xff, 0xff, 0xff,
    0x40, 0x00, 0x00, 0x00, 0xb4, 0x56, 0xff, 0xff, 0x08, 0x00, 0x00, 0x00,
    0x10, 0x00, 0x00, 0x00, 0x01, 0x00, 0x00, 0x00, 0xe1, 0xff, 0xff, 0xff,
    0xff, 0xff, 0xff, 0xff, 0x01, 0x00, 0x00, 0x00, 0xca, 0xa5, 0x1e, 0x3c,
    0x21, 0x00, 0x00, 0x00, 0x73, 0x6f, 0x63, 0x5f, 0x6c, 0x73, 0x74, 0x6d,
    0x5f, 0x31, 0x2f, 0x6c, 0x73, 0x74, 0x6d, 0x5f, 0x31, 0x2f, 0x6c, 0x73,
    0x74, 0x6d, 0x5f, 0x63, 0x65, 0x6c, 0x6c, 0x5f, 0x35, 0x2f, 0x41, 0x64,
    0x64, 0x00, 0x00, 0x00, 0x02, 0x00, 0x00, 0x00, 0x01, 0x00, 0x00, 0x00,
    0x40, 0x00, 0x00, 0x00, 0x4e, 0x57, 0xff, 0xff, 0x00, 0x00, 0x00, 0x01,
    0x18, 0x00, 0x00, 0x00, 0x20, 0x00, 0x00, 0x00, 0x40, 0x00, 0x00, 0x00,
    0x6b, 0x00, 0x00, 0x00, 0x00, 0x00, 0x00, 0x09, 0x60, 0x00, 0x00, 0x00,
    0x02, 0x00, 0x00, 0x00, 0xff, 0xff, 0xff, 0xff, 0x40, 0x00, 0x00, 0x00,
    0x34, 0x57, 0xff, 0xff, 0x08, 0x00, 0x00, 0x00, 0x14, 0x00, 0x00, 0x00,
    0x01, 0x00, 0x00, 0x00, 0xf6, 0xff, 0xff, 0xff, 0xff, 0xff, 0xff, 0xff,
    0x00, 0x00, 0x00, 0x00, 0x01, 0x00, 0x00, 0x00, 0x93, 0x5e, 0x03, 0x3c,
    0x24, 0x00, 0x00, 0x00, 0x73, 0x6f, 0x63, 0x5f, 0x6c, 0x73, 0x74, 0x6d,
    0x5f, 0x31, 0x2f, 0x6c, 0x73, 0x74, 0x6d, 0x5f, 0x31, 0x2f, 0x6c, 0x73,
    0x74, 0x6d, 0x5f, 0x63, 0x65, 0x6c, 0x6c, 0x5f, 0x35, 0x2f, 0x4d, 0x61,
    0x74, 0x4d, 0x75, 0x6c, 0x00, 0x00, 0x00, 0x00, 0x02, 0x00, 0x00, 0x00,
    0x01, 0x00, 0x00, 0x00, 0x40, 0x00, 0x00, 0x00, 0xd6, 0x57, 0xff, 0xff,
    0x00, 0x00, 0x00, 0x01, 0x18, 0x00, 0x00, 0x00, 0x20, 0x00, 0x00, 0x00,
    0x40, 0x00, 0x00, 0x00, 0x6a, 0x00, 0x00, 0x00, 0x00, 0x00, 0x00, 0x09,
    0x60, 0x00, 0x00, 0x00, 0x02, 0x00, 0x00, 0x00, 0xff, 0xff, 0xff, 0xff,
    0x40, 0x00, 0x00, 0x00, 0xbc, 0x57, 0xff, 0xff, 0x08, 0x00, 0x00, 0x00,
    0x14, 0x00, 0x00, 0x00, 0x01, 0x00, 0x00, 0x00, 0xef, 0xff, 0xff, 0xff,
    0xff, 0xff, 0xff, 0xff, 0x00, 0x00, 0x00, 0x00, 0x01, 0x00, 0x00, 0x00,
    0x45, 0x93, 0x28, 0x3c, 0x25, 0x00, 0x00, 0x00, 0x73, 0x6f, 0x63, 0x5f,
    0x6c, 0x73, 0x74, 0x6d, 0x5f, 0x31, 0x2f, 0x6c, 0x73, 0x74, 0x6d, 0x5f,
    0x31, 0x2f, 0x6c, 0x73, 0x74, 0x6d, 0x5f, 0x63, 0x65, 0x6c, 0x6c, 0x5f,
    0x34, 0x39, 0x2f, 0x4d, 0x61, 0x74, 0x4d, 0x75, 0x6c, 0x00, 0x00, 0x00,
    0x02, 0x00, 0x00, 0x00, 0x01, 0x00, 0x00, 0x00, 0x40, 0x00, 0x00, 0x00,
    0x5e, 0x58, 0xff, 0xff, 0x00, 0x00, 0x00, 0x01, 0x18, 0x00, 0x00, 0x00,
    0x20, 0x00, 0x00, 0x00, 0x40, 0x00, 0x00, 0x00, 0x69, 0x00, 0x00, 0x00,
    0x00, 0x00, 0x00, 0x09, 0x60, 0x00, 0x00, 0x00, 0x02, 0x00, 0x00, 0x00,
    0xff, 0xff, 0xff, 0xff, 0x40, 0x00, 0x00, 0x00, 0x44, 0x58, 0xff, 0xff,
    0x08, 0x00, 0x00, 0x00, 0x14, 0x00, 0x00, 0x00, 0x01, 0x00, 0x00, 0x00,
    0xed, 0xff, 0xff, 0xff, 0xff, 0xff, 0xff, 0xff, 0x00, 0x00, 0x00, 0x00,
    0x01, 0x00, 0x00, 0x00, 0x52, 0xea, 0x25, 0x3c, 0x25, 0x00, 0x00, 0x00,
    0x73, 0x6f, 0x63, 0x5f, 0x6c, 0x73, 0x74, 0x6d, 0x5f, 0x31, 0x2f, 0x6c,
    0x73, 0x74, 0x6d, 0x5f, 0x31, 0x2f, 0x6c, 0x73, 0x74, 0x6d, 0x5f, 0x63,
    0x65, 0x6c, 0x6c, 0x5f, 0x34, 0x37, 0x2f, 0x4d, 0x61, 0x74, 0x4d, 0x75,
    0x6c, 0x00, 0x00, 0x00, 0x02, 0x00, 0x00, 0x00, 0x01, 0x00, 0x00, 0x00,
    0x40, 0x00, 0x00, 0x00, 0xe6, 0x58, 0xff, 0xff, 0x00, 0x00, 0x00, 0x01,
    0x18, 0x00, 0x00, 0x00, 0x20, 0x00, 0x00, 0x00, 0x40, 0x00, 0x00, 0x00,
    0x68, 0x00, 0x00, 0x00, 0x00, 0x00, 0x00, 0x09, 0x60, 0x00, 0x00, 0x00,
    0x02, 0x00, 0x00, 0x00, 0xff, 0xff, 0xff, 0xff, 0x40, 0x00, 0x00, 0x00,
    0xcc, 0x58, 0xff, 0xff, 0x08, 0x00, 0x00, 0x00, 0x14, 0x00, 0x00, 0x00,
    0x01, 0x00, 0x00, 0x00, 0xed, 0xff, 0xff, 0xff, 0xff, 0xff, 0xff, 0xff,
    0x00, 0x00, 0x00, 0x00, 0x01, 0x00, 0x00, 0x00, 0x35, 0xf5, 0x25, 0x3c,
    0x25, 0x00, 0x00, 0x00, 0x73, 0x6f, 0x63, 0x5f, 0x6c, 0x73, 0x74, 0x6d,
    0x5f, 0x31, 0x2f, 0x6c, 0x73, 0x74, 0x6d, 0x5f, 0x31, 0x2f, 0x6c, 0x73,
    0x74, 0x6d, 0x5f, 0x63, 0x65, 0x6c, 0x6c, 0x5f, 0x34, 0x35, 0x2f, 0x4d,
    0x61, 0x74, 0x4d, 0x75, 0x6c, 0x00, 0x00, 0x00, 0x02, 0x00, 0x00, 0x00,
    0x01, 0x00, 0x00, 0x00, 0x40, 0x00, 0x00, 0x00, 0x6e, 0x59, 0xff, 0xff,
    0x00, 0x00, 0x00, 0x01, 0x18, 0x00, 0x00, 0x00, 0x20, 0x00, 0x00, 0x00,
    0x40, 0x00, 0x00, 0x00, 0x67, 0x00, 0x00, 0x00, 0x00, 0x00, 0x00, 0x09,
    0x60, 0x00, 0x00, 0x00, 0x02, 0x00, 0x00, 0x00, 0xff, 0xff, 0xff, 0xff,
    0x40, 0x00, 0x00, 0x00, 0x54, 0x59, 0xff, 0xff, 0x08, 0x00, 0x00, 0x00,
    0x14, 0x00, 0x00, 0x00, 0x01, 0x00, 0x00, 0x00, 0xed, 0xff, 0xff, 0xff,
    0xff, 0xff, 0xff, 0xff, 0x00, 0x00, 0x00, 0x00, 0x01, 0x00, 0x00, 0x00,
    0x23, 0x01, 0x26, 0x3c, 0x25, 0x00, 0x00, 0x00, 0x73, 0x6f, 0x63, 0x5f,
    0x6c, 0x73, 0x74, 0x6d, 0x5f, 0x31, 0x2f, 0x6c, 0x73, 0x74, 0x6d, 0x5f,
    0x31, 0x2f, 0x6c, 0x73, 0x74, 0x6d, 0x5f, 0x63, 0x65, 0x6c, 0x6c, 0x5f,
    0x34, 0x33, 0x2f, 0x4d, 0x61, 0x74, 0x4d, 0x75, 0x6c, 0x00, 0x00, 0x00,
    0x02, 0x00, 0x00, 0x00, 0x01, 0x00, 0x00, 0x00, 0x40, 0x00, 0x00, 0x00,
    0xf6, 0x59, 0xff, 0xff, 0x00, 0x00, 0x00, 0x01, 0x18, 0x00, 0x00, 0x00,
    0x20, 0x00, 0x00, 0x00, 0x40, 0x00, 0x00, 0x00, 0x66, 0x00, 0x00, 0x00,
    0x00, 0x00, 0x00, 0x09, 0x60, 0x00, 0x00, 0x00, 0x02, 0x00, 0x00, 0x00,
    0xff, 0xff, 0xff, 0xff, 0x40, 0x00, 0x00, 0x00, 0xdc, 0x59, 0xff, 0xff,
    0x08, 0x00, 0x00, 0x00, 0x14, 0x00, 0x00, 0x00, 0x01, 0x00, 0x00, 0x00,
    0xed, 0xff, 0xff, 0xff, 0xff, 0xff, 0xff, 0xff, 0x00, 0x00, 0x00, 0x00,
    0x01, 0x00, 0x00, 0x00, 0x7c, 0x0d, 0x26, 0x3c, 0x25, 0x00, 0x00, 0x00,
    0x73, 0x6f, 0x63, 0x5f, 0x6c, 0x73, 0x74, 0x6d, 0x5f, 0x31, 0x2f, 0x6c,
    0x73, 0x74, 0x6d, 0x5f, 0x31, 0x2f, 0x6c, 0x73, 0x74, 0x6d, 0x5f, 0x63,
    0x65, 0x6c, 0x6c, 0x5f, 0x34, 0x31, 0x2f, 0x4d, 0x61, 0x74, 0x4d, 0x75,
    0x6c, 0x00, 0x00, 0x00, 0x02, 0x00, 0x00, 0x00, 0x01, 0x00, 0x00, 0x00,
    0x40, 0x00, 0x00, 0x00, 0x7e, 0x5a, 0xff, 0xff, 0x00, 0x00, 0x00, 0x01,
    0x18, 0x00, 0x00, 0x00, 0x20, 0x00, 0x00, 0x00, 0x40, 0x00, 0x00, 0x00,
    0x65, 0x00, 0x00, 0x00, 0x00, 0x00, 0x00, 0x09, 0x60, 0x00, 0x00, 0x00,
    0x02, 0x00, 0x00, 0x00, 0xff, 0xff, 0xff, 0xff, 0x40, 0x00, 0x00, 0x00,
    0x64, 0x5a, 0xff, 0xff, 0x08, 0x00, 0x00, 0x00, 0x14, 0x00, 0x00, 0x00,
    0x01, 0x00, 0x00, 0x00, 0xed, 0xff, 0xff, 0xff, 0xff, 0xff, 0xff, 0xff,
    0x00, 0x00, 0x00, 0x00, 0x01, 0x00, 0x00, 0x00, 0x3a, 0x19, 0x26, 0x3c,
    0x25, 0x00, 0x00, 0x00, 0x73, 0x6f, 0x63, 0x5f, 0x6c, 0x73, 0x74, 0x6d,
    0x5f, 0x31, 0x2f, 0x6c, 0x73, 0x74, 0x6d, 0x5f, 0x31, 0x2f, 0x6c, 0x73,
    0x74, 0x6d, 0x5f, 0x63, 0x65, 0x6c, 0x6c, 0x5f, 0x33, 0x39, 0x2f, 0x4d,
    0x61, 0x74, 0x4d, 0x75, 0x6c, 0x00, 0x00, 0x00, 0x02, 0x00, 0x00, 0x00,
    0x01, 0x00, 0x00, 0x00, 0x40, 0x00, 0x00, 0x00, 0x06, 0x5b, 0xff, 0xff,
    0x00, 0x00, 0x00, 0x01, 0x18, 0x00, 0x00, 0x00, 0x20, 0x00, 0x00, 0x00,
    0x40, 0x00, 0x00, 0x00, 0x64, 0x00, 0x00, 0x00, 0x00, 0x00, 0x00, 0x09,
    0x60, 0x00, 0x00, 0x00, 0x02, 0x00, 0x00, 0x00, 0xff, 0xff, 0xff, 0xff,
    0x40, 0x00, 0x00, 0x00, 0xec, 0x5a, 0xff, 0xff, 0x08, 0x00, 0x00, 0x00,
    0x14, 0x00, 0x00, 0x00, 0x01, 0x00, 0x00, 0x00, 0xed, 0xff, 0xff, 0xff,
    0xff, 0xff, 0xff, 0xff, 0x00, 0x00, 0x00, 0x00, 0x01, 0x00, 0x00, 0x00,
    0xc7, 0x22, 0x26, 0x3c, 0x25, 0x00, 0x00, 0x00, 0x73, 0x6f, 0x63, 0x5f,
    0x6c, 0x73, 0x74, 0x6d, 0x5f, 0x31, 0x2f, 0x6c, 0x73, 0x74, 0x6d, 0x5f,
    0x31, 0x2f, 0x6c, 0x73, 0x74, 0x6d, 0x5f, 0x63, 0x65, 0x6c, 0x6c, 0x5f,
    0x33, 0x37, 0x2f, 0x4d, 0x61, 0x74, 0x4d, 0x75, 0x6c, 0x00, 0x00, 0x00,
    0x02, 0x00, 0x00, 0x00, 0x01, 0x00, 0x00, 0x00, 0x40, 0x00, 0x00, 0x00,
    0x8e, 0x5b, 0xff, 0xff, 0x00, 0x00, 0x00, 0x01, 0x18, 0x00, 0x00, 0x00,
    0x20, 0x00, 0x00, 0x00, 0x40, 0x00, 0x00, 0x00, 0x63, 0x00, 0x00, 0x00,
    0x00, 0x00, 0x00, 0x09, 0x60, 0x00, 0x00, 0x00, 0x02, 0x00, 0x00, 0x00,
    0xff, 0xff, 0xff, 0xff, 0x40, 0x00, 0x00, 0x00, 0x74, 0x5b, 0xff, 0xff,
    0x08, 0x00, 0x00, 0x00, 0x14, 0x00, 0x00, 0x00, 0x01, 0x00, 0x00, 0x00,
    0xed, 0xff, 0xff, 0xff, 0xff, 0xff, 0xff, 0xff, 0x00, 0x00, 0x00, 0x00,
    0x01, 0x00, 0x00, 0x00, 0xd9, 0x27, 0x26, 0x3c, 0x25, 0x00, 0x00, 0x00,
    0x73, 0x6f, 0x63, 0x5f, 0x6c, 0x73, 0x74, 0x6d, 0x5f, 0x31, 0x2f, 0x6c,
    0x73, 0x74, 0x6d, 0x5f, 0x31, 0x2f, 0x6c, 0x73, 0x74, 0x6d, 0x5f, 0x63,
    0x65, 0x6c, 0x6c, 0x5f, 0x33, 0x35, 0x2f, 0x4d, 0x61, 0x74, 0x4d, 0x75,
    0x6c, 0x00, 0x00, 0x00, 0x02, 0x00, 0x00, 0x00, 0x01, 0x00, 0x00, 0x00,
    0x40, 0x00, 0x00, 0x00, 0x16, 0x5c, 0xff, 0xff, 0x00, 0x00, 0x00, 0x01,
    0x18, 0x00, 0x00, 0x00, 0x20, 0x00, 0x00, 0x00, 0x40, 0x00, 0x00, 0x00,
    0x62, 0x00, 0x00, 0x00, 0x00, 0x00, 0x00, 0x09, 0x60, 0x00, 0x00, 0x00,
    0x02, 0x00, 0x00, 0x00, 0xff, 0xff, 0xff, 0xff, 0x40, 0x00, 0x00, 0x00,
    0xfc, 0x5b, 0xff, 0xff, 0x08, 0x00, 0x00, 0x00, 0x14, 0x00, 0x00, 0x00,
    0x01, 0x00, 0x00, 0x00, 0xed, 0xff, 0xff, 0xff, 0xff, 0xff, 0xff, 0xff,
    0x00, 0x00, 0x00, 0x00, 0x01, 0x00, 0x00, 0x00, 0x2f, 0x25, 0x26, 0x3c,
    0x25, 0x00, 0x00, 0x00, 0x73, 0x6f, 0x63, 0x5f, 0x6c, 0x73, 0x74, 0x6d,
    0x5f, 0x31, 0x2f, 0x6c, 0x73, 0x74, 0x6d, 0x5f, 0x31, 0x2f, 0x6c, 0x73,
    0x74, 0x6d, 0x5f, 0x63, 0x65, 0x6c, 0x6c, 0x5f, 0x33, 0x33, 0x2f, 0x4d,
    0x61, 0x74, 0x4d, 0x75, 0x6c, 0x00, 0x00, 0x00, 0x02, 0x00, 0x00, 0x00,
    0x01, 0x00, 0x00, 0x00, 0x40, 0x00, 0x00, 0x00, 0x9e, 0x5c, 0xff, 0xff,
    0x00, 0x00, 0x00, 0x01, 0x18, 0x00, 0x00, 0x00, 0x20, 0x00, 0x00, 0x00,
    0x40, 0x00, 0x00, 0x00, 0x61, 0x00, 0x00, 0x00, 0x00, 0x00, 0x00, 0x09,
    0x60, 0x00, 0x00, 0x00, 0x02, 0x00, 0x00, 0x00, 0xff, 0xff, 0xff, 0xff,
    0x40, 0x00, 0x00, 0x00, 0x84, 0x5c, 0xff, 0xff, 0x08, 0x00, 0x00, 0x00,
    0x14, 0x00, 0x00, 0x00, 0x01, 0x00, 0x00, 0x00, 0xed, 0xff, 0xff, 0xff,
    0xff, 0xff, 0xff, 0xff, 0x00, 0x00, 0x00, 0x00, 0x01, 0x00, 0x00, 0x00,
    0x55, 0x16, 0x26, 0x3c, 0x25, 0x00, 0x00, 0x00, 0x73, 0x6f, 0x63, 0x5f,
    0x6c, 0x73, 0x74, 0x6d, 0x5f, 0x31, 0x2f, 0x6c, 0x73, 0x74, 0x6d, 0x5f,
    0x31, 0x2f, 0x6c, 0x73, 0x74, 0x6d, 0x5f, 0x63, 0x65, 0x6c, 0x6c, 0x5f,
    0x33, 0x31, 0x2f, 0x4d, 0x61, 0x74, 0x4d, 0x75, 0x6c, 0x00, 0x00, 0x00,
    0x02, 0x00, 0x00, 0x00, 0x01, 0x00, 0x00, 0x00, 0x40, 0x00, 0x00, 0x00,
    0x26, 0x5d, 0xff, 0xff, 0x00, 0x00, 0x00, 0x01, 0x18, 0x00, 0x00, 0x00,
    0x20, 0x00, 0x00, 0x00, 0x40, 0x00, 0x00, 0x00, 0x60, 0x00, 0x00, 0x00,
    0x00, 0x00, 0x00, 0x09, 0x60, 0x00, 0x00, 0x00, 0x02, 0x00, 0x00, 0x00,
    0xff, 0xff, 0xff, 0xff, 0x40, 0x00, 0x00, 0x00, 0x0c, 0x5d, 0xff, 0xff,
    0x08, 0x00, 0x00, 0x00, 0x14, 0x00, 0x00, 0x00, 0x01, 0x00, 0x00, 0x00,
    0xed, 0xff, 0xff, 0xff, 0xff, 0xff, 0xff, 0xff, 0x00, 0x00, 0x00, 0x00,
    0x01, 0x00, 0x00, 0x00, 0x68, 0x5e, 0xfb, 0x3a, 0x26, 0x00, 0x00, 0x00,
    0x73, 0x6f, 0x63, 0x5f, 0x6c, 0x73, 0x74, 0x6d, 0x5f, 0x31, 0x2f, 0x6c,
    0x73, 0x74, 0x6d, 0x5f, 0x31, 0x2f, 0x6c, 0x73, 0x74, 0x6d, 0x5f, 0x63,
    0x65, 0x6c, 0x6c, 0x5f, 0x35, 0x2f, 0x4d, 0x61, 0x74, 0x4d, 0x75, 0x6c,
    0x5f, 0x31, 0x00, 0x00, 0x02, 0x00, 0x00, 0x00, 0x01, 0x00, 0x00, 0x00,
    0x40, 0x00, 0x00, 0x00, 0xae, 0x5d, 0xff, 0xff, 0x00, 0x00, 0x00, 0x01,
    0x18, 0x00, 0x00, 0x00, 0x20, 0x00, 0x00, 0x00, 0x3c, 0x00, 0x00, 0x00,
    0x5f, 0x00, 0x00, 0x00, 0x00, 0x00, 0x00, 0x09, 0x58, 0x00, 0x00, 0x00,
    0x02, 0x00, 0x00, 0x00, 0xff, 0xff, 0xff, 0xff, 0x10, 0x00, 0x00, 0x00,
    0x94, 0x5d, 0xff, 0xff, 0x08, 0x00, 0x00, 0x00, 0x10, 0x00, 0x00, 0x00,
    0x01, 0x00, 0x00, 0x00, 0x22, 0x00, 0x00, 0x00, 0x00, 0x00, 0x00, 0x00,
    0x01, 0x00, 0x00, 0x00, 0x81, 0xe3, 0xa1, 0x3a, 0x23, 0x00, 0x00, 0x00,
    0x73, 0x6f, 0x63, 0x5f, 0x6c, 0x73, 0x74, 0x6d, 0x5f, 0x31, 0x2f, 0x6c,
    0x73, 0x74, 0x6d, 0x5f, 0x31, 0x2f, 0x6c, 0x73, 0x74, 0x6d, 0x5f, 0x63,
    0x65, 0x6c, 0x6c, 0x5f, 0x33, 0x2f, 0x6d, 0x75, 0x6c, 0x5f, 0x32, 0x00,
    0x02, 0x00, 0x00, 0x00, 0x01, 0x00, 0x00, 0x00, 0x10, 0x00, 0x00, 0x00,
    0x2e, 0x5e, 0xff, 0xff, 0x00, 0x00, 0x00, 0x01, 0x18, 0x00, 0x00, 0x00,
    0x20, 0x00, 0x00, 0x00, 0x40, 0x00, 0x00, 0x00, 0x5e, 0x00, 0x00, 0x00,
    0x00, 0x00, 0x00, 0x09, 0x60, 0x00, 0x00, 0x00, 0x02, 0x00, 0x00, 0x00,
    0xff, 0xff, 0xff, 0xff, 0x10, 0x00, 0x00, 0x00, 0x14, 0x5e, 0xff, 0xff,
    0x08, 0x00, 0x00, 0x00, 0x14, 0x00, 0x00, 0x00, 0x01, 0x00, 0x00, 0x00,
    0x00, 0x00, 0x00, 0x00, 0x00, 0x00, 0x00, 0x00, 0x00, 0x00, 0x00, 0x00,
    0x01, 0x00, 0x00, 0x00, 0x00, 0x00, 0x00, 0x3c, 0x24, 0x00, 0x00, 0x00,
    0x73, 0x6f, 0x63, 0x5f, 0x6c, 0x73, 0x74, 0x6d, 0x5f, 0x31, 0x2f, 0x6c,
    0x73, 0x74, 0x6d, 0x5f, 0x31, 0x2f, 0x6c, 0x73, 0x74, 0x6d, 0x5f, 0x63,
    0x65, 0x6c, 0x6c, 0x5f, 0x33, 0x2f, 0x54, 0x61, 0x6e, 0x68, 0x5f, 0x31,
    0x00, 0x00, 0x00, 0x00, 0x02, 0x00, 0x00, 0x00, 0x01, 0x00, 0x00, 0x00,
    0x10, 0x00, 0x00, 0x00, 0xb6, 0x5e, 0xff, 0xff, 0x00, 0x00, 0x00, 0x01,
    0x18, 0x00, 0x00, 0x00, 0x20, 0x00, 0x00, 0x00, 0x3c, 0x00, 0x00, 0x00,
    0x5d, 0x00, 0x00, 0x00, 0x00, 0x00, 0x00, 0x09, 0x58, 0x00, 0x00, 0x00,
    0x02, 0x00, 0x00, 0x00, 0xff, 0xff, 0xff, 0xff, 0x10, 0x00, 0x00, 0x00,
    0x9c, 0x5e, 0xff, 0xff, 0x08, 0x00, 0x00, 0x00, 0x10, 0x00, 0x00, 0x00,
    0x01, 0x00, 0x00, 0x00, 0x29, 0x00, 0x00, 0x00, 0x00, 0x00, 0x00, 0x00,
    0x01, 0x00, 0x00, 0x00, 0x05, 0x9f, 0x36, 0x3b, 0x23, 0x00, 0x00, 0x00,
    0x73, 0x6f, 0x63, 0x5f, 0x6c, 0x73, 0x74, 0x6d, 0x5f, 0x31, 0x2f, 0x6c,
    0x73, 0x74, 0x6d, 0x5f, 0x31, 0x2f, 0x6c, 0x73, 0x74, 0x6d, 0x5f, 0x63,
    0x65, 0x6c, 0x6c, 0x5f, 0x33, 0x2f, 0x61, 0x64, 0x64, 0x5f, 0x31, 0x00,
    0x02, 0x00, 0x00, 0x00, 0x01, 0x00, 0x00, 0x00, 0x10, 0x00, 0x00, 0x00,
    0x36, 0x5f, 0xff, 0xff, 0x00, 0x00, 0x00, 0x01, 0x18, 0x00, 0x00, 0x00,
    0x20, 0x00, 0x00, 0x00, 0x3c, 0x00, 0x00, 0x00, 0x5c, 0x00, 0x00, 0x00,
    0x00, 0x00, 0x00, 0x09, 0x58, 0x00, 0x00, 0x00, 0x02, 0x00, 0x00, 0x00,
    0xff, 0xff, 0xff, 0xff, 0x10, 0x00, 0x00, 0x00, 0x1c, 0x5f, 0xff, 0xff,
    0x08, 0x00, 0x00, 0x00, 0x10, 0x00, 0x00, 0x00, 0x01, 0x00, 0x00, 0x00,
    0x28, 0x00, 0x00, 0x00, 0x00, 0x00, 0x00, 0x00, 0x01, 0x00, 0x00, 0x00,
    0x5e, 0x3a, 0xe0, 0x3a, 0x23, 0x00, 0x00, 0x00, 0x73, 0x6f, 0x63, 0x5f,
    0x6c, 0x73, 0x74, 0x6d, 0x5f, 0x31, 0x2f, 0x6c, 0x73, 0x74, 0x6d, 0x5f,
    0x31, 0x2f, 0x6c, 0x73, 0x74, 0x6d, 0x5f, 0x63, 0x65, 0x6c, 0x6c, 0x5f,
    0x33, 0x2f, 0x6d, 0x75, 0x6c, 0x5f, 0x31, 0x00, 0x02, 0x00, 0x00, 0x00,
    0x01, 0x00, 0x00, 0x00, 0x10, 0x00, 0x00, 0x00, 0xb6, 0x5f, 0xff, 0xff,
    0x00, 0x00, 0x00, 0x01, 0x18, 0x00, 0x00, 0x00, 0x20, 0x00, 0x00, 0x00,
    0x3c, 0x00, 0x00, 0x00, 0x5b, 0x00, 0x00, 0x00, 0x00, 0x00, 0x00, 0x09,
    0x58, 0x00, 0x00, 0x00, 0x02, 0x00, 0x00, 0x00, 0xff, 0xff, 0xff, 0xff,
    0x10, 0x00, 0x00, 0x00, 0x9c, 0x5f, 0xff, 0xff, 0x08, 0x00, 0x00, 0x00,
    0x10, 0x00, 0x00, 0x00, 0x01, 0x00, 0x00, 0x00, 0x00, 0x00, 0x00, 0x00,
    0x00, 0x00, 0x00, 0x00, 0x01, 0x00, 0x00, 0x00, 0x00, 0x00, 0x00, 0x3c,
    0x22, 0x00, 0x00, 0x00, 0x73, 0x6f, 0x63, 0x5f, 0x6c, 0x73, 0x74, 0x6d,
    0x5f, 0x31, 0x2f, 0x6c, 0x73, 0x74, 0x6d, 0x5f, 0x31, 0x2f, 0x6c, 0x73,
    0x74, 0x6d, 0x5f, 0x63, 0x65, 0x6c, 0x6c, 0x5f, 0x33, 0x2f, 0x54, 0x61,
    0x6e, 0x68, 0x00, 0x00, 0x02, 0x00, 0x00, 0x00, 0x01, 0x00, 0x00, 0x00,
    0x10, 0x00, 0x00, 0x00, 0x36, 0x60, 0xff, 0xff, 0x00, 0x00, 0x00, 0x01,
    0x18, 0x00, 0x00, 0x00, 0x20, 0x00, 0x00, 0x00, 0x40, 0x00, 0x00, 0x00,
    0x5a, 0x00, 0x00, 0x00, 0x00, 0x00, 0x00, 0x09, 0x60, 0x00, 0x00, 0x00,
    0x02, 0x00, 0x00, 0x00, 0xff, 0xff, 0xff, 0xff, 0x10, 0x00, 0x00, 0x00,
    0x1c, 0x60, 0xff, 0xff, 0x08, 0x00, 0x00, 0x00, 0x14, 0x00, 0x00, 0x00,
    0x01, 0x00, 0x00, 0x00, 0x80, 0xff, 0xff, 0xff, 0xff, 0xff, 0xff, 0xff,
    0x00, 0x00, 0x00, 0x00, 0x01, 0x00, 0x00, 0x00, 0x00, 0x00, 0x80, 0x3b,
    0x27, 0x00, 0x00, 0x00, 0x73, 0x6f, 0x63, 0x5f, 0x6c, 0x73, 0x74, 0x6d,
    0x5f, 0x31, 0x2f, 0x6c, 0x73, 0x74, 0x6d, 0x5f, 0x31, 0x2f, 0x6c, 0x73,
    0x74, 0x6d, 0x5f, 0x63, 0x65, 0x6c, 0x6c, 0x5f, 0x33, 0x2f, 0x53, 0x69,
    0x67, 0x6d, 0x6f, 0x69, 0x64, 0x5f, 0x32, 0x00, 0x02, 0x00, 0x00, 0x00,
    0x01, 0x00, 0x00, 0x00, 0x10, 0x00, 0x00, 0x00, 0xbe, 0x60, 0xff, 0xff,
    0x00, 0x00, 0x00, 0x01, 0x18, 0x00, 0x00, 0x00, 0x20, 0x00, 0x00, 0x00,
    0x3c, 0x00, 0x00, 0x00, 0x59, 0x00, 0x00, 0x00, 0x00, 0x00, 0x00, 0x09,
    0x58, 0x00, 0x00, 0x00, 0x02, 0x00, 0x00, 0x00, 0xff, 0xff, 0xff, 0xff,
    0x10, 0x00, 0x00, 0x00, 0xa4, 0x60, 0xff, 0xff, 0x08, 0x00, 0x00, 0x00,
    0x10, 0x00, 0x00, 0x00, 0x01, 0x00, 0x00, 0x00, 0x29, 0x00, 0x00, 0x00,
    0x00, 0x00, 0x00, 0x00, 0x01, 0x00, 0x00, 0x00, 0x05, 0x9f, 0x36, 0x3b,
    0x21, 0x00, 0x00, 0x00, 0x73, 0x6f, 0x63, 0x5f, 0x6c, 0x73, 0x74, 0x6d,
    0x5f, 0x31, 0x2f, 0x6c, 0x73, 0x74, 0x6d, 0x5f, 0x31, 0x2f, 0x6c, 0x73,
    0x74, 0x6d, 0x5f, 0x63, 0x65, 0x6c, 0x6c, 0x5f, 0x33, 0x2f, 0x6d, 0x75,
    0x6c, 0x00, 0x00, 0x00, 0x02, 0x00, 0x00, 0x00, 0x01, 0x00, 0x00, 0x00,
    0x10, 0x00, 0x00, 0x00, 0x3e, 0x61, 0xff, 0xff, 0x00, 0x00, 0x00, 0x01,
    0x18, 0x00, 0x00, 0x00, 0x20, 0x00, 0x00, 0x00, 0x40, 0x00, 0x00, 0x00,
    0x58, 0x00, 0x00, 0x00, 0x00, 0x00, 0x00, 0x09, 0x60, 0x00, 0x00, 0x00,
    0x02, 0x00, 0x00, 0x00, 0xff, 0xff, 0xff, 0xff, 0x10, 0x00, 0x00, 0x00,
    0x24, 0x61, 0xff, 0xff, 0x08, 0x00, 0x00, 0x00, 0x14, 0x00, 0x00, 0x00,
    0x01, 0x00, 0x00, 0x00, 0x80, 0xff, 0xff, 0xff, 0xff, 0xff, 0xff, 0xff,
    0x00, 0x00, 0x00, 0x00, 0x01, 0x00, 0x00, 0x00, 0x00, 0x00, 0x80, 0x3b,
    0x27, 0x00, 0x00, 0x00, 0x73, 0x6f, 0x63, 0x5f, 0x6c, 0x73, 0x74, 0x6d,
    0x5f, 0x31, 0x2f, 0x6c, 0x73, 0x74, 0x6d, 0x5f, 0x31, 0x2f, 0x6c, 0x73,
    0x74, 0x6d, 0x5f, 0x63, 0x65, 0x6c, 0x6c, 0x5f, 0x33, 0x2f, 0x53, 0x69,
    0x67, 0x6d, 0x6f, 0x69, 0x64, 0x5f, 0x31, 0x00, 0x02, 0x00, 0x00, 0x00,
    0x01, 0x00, 0x00, 0x00, 0x10, 0x00, 0x00, 0x00, 0xc6, 0x61, 0xff, 0xff,
    0x00, 0x00, 0x00, 0x01, 0x18, 0x00, 0x00, 0x00, 0x20, 0x00, 0x00, 0x00,
    0x40, 0x00, 0x00, 0x00, 0x57, 0x00, 0x00, 0x00, 0x00, 0x00, 0x00, 0x09,
    0x60, 0x00, 0x00, 0x00, 0x02, 0x00, 0x00, 0x00, 0xff, 0xff, 0xff, 0xff,
    0x10, 0x00, 0x00, 0x00, 0xac, 0x61, 0xff, 0xff, 0x08, 0x00, 0x00, 0x00,
    0x14, 0x00, 0x00, 0x00, 0x01, 0x00, 0x00, 0x00, 0x80, 0xff, 0xff, 0xff,
    0xff, 0xff, 0xff, 0xff, 0x00, 0x00, 0x00, 0x00, 0x01, 0x00, 0x00, 0x00,
    0x00, 0x00, 0x80, 0x3b, 0x25, 0x00, 0x00, 0x00, 0x73, 0x6f, 0x63, 0x5f,
    0x6c, 0x73, 0x74, 0x6d, 0x5f, 0x31, 0x2f, 0x6c, 0x73, 0x74, 0x6d, 0x5f,
    0x31, 0x2f, 0x6c, 0x73, 0x74, 0x6d, 0x5f, 0x63, 0x65, 0x6c, 0x6c, 0x5f,
    0x33, 0x2f, 0x53, 0x69, 0x67, 0x6d, 0x6f, 0x69, 0x64, 0x00, 0x00, 0x00,
    0x02, 0x00, 0x00, 0x00, 0x01, 0x00, 0x00, 0x00, 0x10, 0x00, 0x00, 0x00,
    0x4e, 0x62, 0xff, 0xff, 0x00, 0x00, 0x00, 0x01, 0x18, 0x00, 0x00, 0x00,
    0x20, 0x00, 0x00, 0x00, 0x3c, 0x00, 0x00, 0x00, 0x56, 0x00, 0x00, 0x00,
    0x00, 0x00, 0x00, 0x09, 0xc8, 0x00, 0x00, 0x00, 0x02, 0x00, 0x00, 0x00,
    0xff, 0xff, 0xff, 0xff, 0x10, 0x00, 0x00, 0x00, 0x34, 0x62, 0xff, 0xff,
    0x08, 0x00, 0x00, 0x00, 0x10, 0x00, 0x00, 0x00, 0x01, 0x00, 0x00, 0x00,
    0xdb, 0xff, 0xff, 0xff, 0xff, 0xff, 0xff, 0xff, 0x01, 0x00, 0x00, 0x00,
    0xf4, 0x23, 0x15, 0x3c, 0x93, 0x00, 0x00, 0x00, 0x73, 0x6f, 0x63, 0x5f,
    0x6c, 0x73, 0x74, 0x6d, 0x5f, 0x31, 0x2f, 0x6c, 0x73, 0x74, 0x6d, 0x5f,
    0x31, 0x2f, 0x6c, 0x73, 0x74, 0x6d, 0x5f, 0x63, 0x65, 0x6c, 0x6c, 0x5f,
    0x33, 0x2f, 0x73, 0x70, 0x6c, 0x69, 0x74, 0x3b, 0x73, 0x6f, 0x63, 0x5f,
    0x6c, 0x73, 0x74, 0x6d, 0x5f, 0x31, 0x2f, 0x6c, 0x73, 0x74, 0x6d, 0x5f,
    0x31, 0x2f, 0x6c, 0x73, 0x74, 0x6d, 0x5f, 0x63, 0x65, 0x6c, 0x6c, 0x5f,
    0x33, 0x2f, 0x73, 0x70, 0x6c, 0x69, 0x74, 0x31, 0x3b, 0x73, 0x6f, 0x63,
    0x5f, 0x6c, 0x73, 0x74, 0x6d, 0x5f, 0x31, 0x2f, 0x6c, 0x73, 0x74, 0x6d,
    0x5f, 0x31, 0x2f, 0x6c, 0x73, 0x74, 0x6d, 0x5f, 0x63, 0x65, 0x6c, 0x6c,
    0x5f, 0x33, 0x2f, 0x73, 0x70, 0x6c, 0x69, 0x74, 0x32, 0x3b, 0x73, 0x6f,
    0x63, 0x5f, 0x6c, 0x73, 0x74, 0x6d, 0x5f, 0x31, 0x2f, 0x6c, 0x73, 0x74,
    0x6d, 0x5f, 0x31, 0x2f, 0x6c, 0x73, 0x74, 0x6d, 0x5f, 0x63, 0x65, 0x6c,
    0x6c, 0x5f, 0x33, 0x2f, 0x73, 0x70, 0x6c, 0x69, 0x74, 0x33, 0x33, 0x00,
    0x02, 0x00, 0x00, 0x00, 0x01, 0x00, 0x00, 0x00, 0x10, 0x00, 0x00, 0x00,
    0x3e, 0x63, 0xff, 0xff, 0x00, 0x00, 0x00, 0x01, 0x18, 0x00, 0x00, 0x00,
    0x20, 0x00, 0x00, 0x00, 0x3c, 0x00, 0x00, 0x00, 0x55, 0x00, 0x00, 0x00,
    0x00, 0x00, 0x00, 0x09, 0xc8, 0x00, 0x00, 0x00, 0x02, 0x00, 0x00, 0x00,
    0xff, 0xff, 0xff, 0xff, 0x10, 0x00, 0x00, 0x00, 0x24, 0x63, 0xff, 0xff,
    0x08, 0x00, 0x00, 0x00, 0x10, 0x00, 0x00, 0x00, 0x01, 0x00, 0x00, 0x00,
    0xdb, 0xff, 0xff, 0xff, 0xff, 0xff, 0xff, 0xff, 0x01, 0x00, 0x00, 0x00,
    0xf4, 0x23, 0x15, 0x3c, 0x93, 0x00, 0x00, 0x00, 0x73, 0x6f, 0x63, 0x5f,
    0x6c, 0x73, 0x74, 0x6d, 0x5f, 0x31, 0x2f, 0x6c, 0x73, 0x74, 0x6d, 0x5f,
    0x31, 0x2f, 0x6c, 0x73, 0x74, 0x6d, 0x5f, 0x63, 0x65, 0x6c, 0x6c, 0x5f,
    0x33, 0x2f, 0x73, 0x70, 0x6c, 0x69, 0x74, 0x3b, 0x73, 0x6f, 0x63, 0x5f,
    0x6c, 0x73, 0x74, 0x6d, 0x5f, 0x31, 0x2f, 0x6c, 0x73, 0x74, 0x6d, 0x5f,
    0x31, 0x2f, 0x6c, 0x73, 0x74, 0x6d, 0x5f, 0x63, 0x65, 0x6c, 0x6c, 0x5f,
    0x33, 0x2f, 0x73, 0x70, 0x6c, 0x69, 0x74, 0x31, 0x3b, 0x73, 0x6f, 0x63,
    0x5f, 0x6c, 0x73, 0x74, 0x6d, 0x5f, 0x31, 0x2f, 0x6c, 0x73, 0x74, 0x6d,
    0x5f, 0x31, 0x2f, 0x6c, 0x73, 0x74, 0x6d, 0x5f, 0x63, 0x65, 0x6c, 0x6c,
    0x5f, 0x33, 0x2f, 0x73, 0x70, 0x6c, 0x69, 0x74, 0x32, 0x3b, 0x73, 0x6f,
    0x63, 0x5f, 0x6c, 0x73, 0x74, 0x6d, 0x5f, 0x31, 0x2f, 0x6c, 0x73, 0x74,
    0x6d, 0x5f, 0x31, 0x2f, 0x6c, 0x73, 0x74, 0x6d, 0x5f, 0x63, 0x65, 0x6c,
    0x6c, 0x5f, 0x33, 0x2f, 0x73, 0x70, 0x6c, 0x69, 0x74, 0x33, 0x32, 0x00,
    0x02, 0x00, 0x00, 0x00, 0x01, 0x00, 0x00, 0x00, 0x10, 0x00, 0x00, 0x00,
    0x2e, 0x64, 0xff, 0xff, 0x00, 0x00, 0x00, 0x01, 0x18, 0x00, 0x00, 0x00,
    0x20, 0x00, 0x00, 0x00, 0x3c, 0x00, 0x00, 0x00, 0x54, 0x00, 0x00, 0x00,
    0x00, 0x00, 0x00, 0x09, 0xc8, 0x00, 0x00, 0x00, 0x02, 0x00, 0x00, 0x00,
    0xff, 0xff, 0xff, 0xff, 0x10, 0x00, 0x00, 0x00, 0x14, 0x64, 0xff, 0xff,
    0x08, 0x00, 0x00, 0x00, 0x10, 0x00, 0x00, 0x00, 0x01, 0x00, 0x00, 0x00,
    0xdb, 0xff, 0xff, 0xff, 0xff, 0xff, 0xff, 0xff, 0x01, 0x00, 0x00, 0x00,
    0xf4, 0x23, 0x15, 0x3c, 0x93, 0x00, 0x00, 0x00, 0x73, 0x6f, 0x63, 0x5f,
    0x6c, 0x73, 0x74, 0x6d, 0x5f, 0x31, 0x2f, 0x6c, 0x73, 0x74, 0x6d, 0x5f,
    0x31, 0x2f, 0x6c, 0x73, 0x74, 0x6d, 0x5f, 0x63, 0x65, 0x6c, 0x6c, 0x5f,
    0x33, 0x2f, 0x73, 0x70, 0x6c, 0x69, 0x74, 0x3b, 0x73, 0x6f, 0x63, 0x5f,
    0x6c, 0x73, 0x74, 0x6d, 0x5f, 0x31, 0x2f, 0x6c, 0x73, 0x74, 0x6d, 0x5f,
    0x31, 0x2f, 0x6c, 0x73, 0x74, 0x6d, 0x5f, 0x63, 0x65, 0x6c, 0x6c, 0x5f,
    0x33, 0x2f, 0x73, 0x70, 0x6c, 0x69, 0x74, 0x31, 0x3b, 0x73, 0x6f, 0x63,
    0x5f, 0x6c, 0x73, 0x74, 0x6d, 0x5f, 0x31, 0x2f, 0x6c, 0x73, 0x74, 0x6d,
    0x5f, 0x31, 0x2f, 0x6c, 0x73, 0x74, 0x6d, 0x5f, 0x63, 0x65, 0x6c, 0x6c,
    0x5f, 0x33, 0x2f, 0x73, 0x70, 0x6c, 0x69, 0x74, 0x32, 0x3b, 0x73, 0x6f,
    0x63, 0x5f, 0x6c, 0x73, 0x74, 0x6d, 0x5f, 0x31, 0x2f, 0x6c, 0x73, 0x74,
    0x6d, 0x5f, 0x31, 0x2f, 0x6c, 0x73, 0x74, 0x6d, 0x5f, 0x63, 0x65, 0x6c,
    0x6c, 0x5f, 0x33, 0x2f, 0x73, 0x70, 0x6c, 0x69, 0x74, 0x33, 0x31, 0x00,
    0x02, 0x00, 0x00, 0x00, 0x01, 0x00, 0x00, 0x00, 0x10, 0x00, 0x00, 0x00,
    0x1e, 0x65, 0xff, 0xff, 0x00, 0x00, 0x00, 0x01, 0x18, 0x00, 0x00, 0x00,
    0x20, 0x00, 0x00, 0x00, 0x3c, 0x00, 0x00, 0x00, 0x53, 0x00, 0x00, 0x00,
    0x00, 0x00, 0x00, 0x09, 0xc8, 0x00, 0x00, 0x00, 0x02, 0x00, 0x00, 0x00,
    0xff, 0xff, 0xff, 0xff, 0x10, 0x00, 0x00, 0x00, 0x04, 0x65, 0xff, 0xff,
    0x08, 0x00, 0x00, 0x00, 0x10, 0x00, 0x00, 0x00, 0x01, 0x00, 0x00, 0x00,
    0xdb, 0xff, 0xff, 0xff, 0xff, 0xff, 0xff, 0xff, 0x01, 0x00, 0x00, 0x00,
    0xf4, 0x23, 0x15, 0x3c, 0x92, 0x00, 0x00, 0x00, 0x73, 0x6f, 0x63, 0x5f,
    0x6c, 0x73, 0x74, 0x6d, 0x5f, 0x31, 0x2f, 0x6c, 0x73, 0x74, 0x6d, 0x5f,
    0x31, 0x2f, 0x6c, 0x73, 0x74, 0x6d, 0x5f, 0x63, 0x65, 0x6c, 0x6c, 0x5f,
    0x33, 0x2f, 0x73, 0x70, 0x6c, 0x69, 0x74, 0x3b, 0x73, 0x6f, 0x63, 0x5f,
    0x6c, 0x73, 0x74, 0x6d, 0x5f, 0x31, 0x2f, 0x6c, 0x73, 0x74, 0x6d, 0x5f,
    0x31, 0x2f, 0x6c, 0x73, 0x74, 0x6d, 0x5f, 0x63, 0x65, 0x6c, 0x6c, 0x5f,
    0x33, 0x2f, 0x73, 0x70, 0x6c, 0x69, 0x74, 0x31, 0x3b, 0x73, 0x6f, 0x63,
    0x5f, 0x6c, 0x73, 0x74, 0x6d, 0x5f, 0x31, 0x2f, 0x6c, 0x73, 0x74, 0x6d,
    0x5f, 0x31, 0x2f, 0x6c, 0x73, 0x74, 0x6d, 0x5f, 0x63, 0x65, 0x6c, 0x6c,
    0x5f, 0x33, 0x2f, 0x73, 0x70, 0x6c, 0x69, 0x74, 0x32, 0x3b, 0x73, 0x6f,
    0x63, 0x5f, 0x6c, 0x73, 0x74, 0x6d, 0x5f, 0x31, 0x2f, 0x6c, 0x73, 0x74,
    0x6d, 0x5f, 0x31, 0x2f, 0x6c, 0x73, 0x74, 0x6d, 0x5f, 0x63, 0x65, 0x6c,
    0x6c, 0x5f, 0x33, 0x2f, 0x73, 0x70, 0x6c, 0x69, 0x74, 0x33, 0x00, 0x00,
    0x02, 0x00, 0x00, 0x00, 0x01, 0x00, 0x00, 0x00, 0x10, 0x00, 0x00, 0x00,
    0x0e, 0x66, 0xff, 0xff, 0x00, 0x00, 0x00, 0x01, 0x18, 0x00, 0x00, 0x00,
    0x20, 0x00, 0x00, 0x00, 0x40, 0x00, 0x00, 0x00, 0x52, 0x00, 0x00, 0x00,
    0x00, 0x00, 0x00, 0x09, 0x60, 0x00, 0x00, 0x00, 0x02, 0x00, 0x00, 0x00,
    0xff, 0xff, 0xff, 0xff, 0x40, 0x00, 0x00, 0x00, 0xf4, 0x65, 0xff, 0xff,
    0x08, 0x00, 0x00, 0x00, 0x14, 0x00, 0x00, 0x00, 0x01, 0x00, 0x00, 0x00,
    0xdb, 0xff, 0xff, 0xff, 0xff, 0xff, 0xff, 0xff, 0x00, 0x00, 0x00, 0x00,
    0x01, 0x00, 0x00, 0x00, 0xf4, 0x23, 0x15, 0x3c, 0x25, 0x00, 0x00, 0x00,
    0x73, 0x6f, 0x63, 0x5f, 0x6c, 0x73, 0x74, 0x6d, 0x5f, 0x31, 0x2f, 0x6c,
    0x73, 0x74, 0x6d, 0x5f, 0x31, 0x2f, 0x6c, 0x73, 0x74, 0x6d, 0x5f, 0x63,
    0x65, 0x6c, 0x6c, 0x5f, 0x33, 0x2f, 0x42, 0x69, 0x61, 0x73, 0x41, 0x64,
    0x64, 0x00, 0x00, 0x00, 0x02, 0x00, 0x00, 0x00, 0x01, 0x00, 0x00, 0x00,
    0x40, 0x00, 0x00, 0x00, 0x96, 0x66, 0xff, 0xff, 0x00, 0x00, 0x00, 0x01,
    0x18, 0x00, 0x00, 0x00, 0x20, 0x00, 0x00, 0x00, 0x3c, 0x00, 0x00, 0x00,
    0x51, 0x00, 0x00, 0x00, 0x00, 0x00, 0x00, 0x09, 0x58, 0x00, 0x00, 0x00,
    0x02, 0x00, 0x00, 0x00, 0xff, 0xff, 0xff, 0xff, 0x40, 0x00, 0x00, 0x00,
    0x7c, 0x66, 0xff, 0xff, 0x08, 0x00, 0x00, 0x00, 0x10, 0x00, 0x00, 0x00,
    0x01, 0x00, 0x00, 0x00, 0xe0, 0xff, 0xff, 0xff, 0xff, 0xff, 0xff, 0xff,
    0x01, 0x00, 0x00, 0x00, 0xee, 0x74, 0x19, 0x3c, 0x21, 0x00, 0x00, 0x00,
    0x73, 0x6f, 0x63, 0x5f, 0x6c, 0x73, 0x74, 0x6d, 0x5f, 0x31, 0x2f, 0x6c,
    0x73, 0x74, 0x6d, 0x5f, 0x31, 0x2f, 0x6c, 0x73, 0x74, 0x6d, 0x5f, 0x63,
    0x65, 0x6c, 0x6c, 0x5f, 0x33, 0x2f, 0x41, 0x64, 0x64, 0x00, 0x00, 0x00,
    0x02, 0x00, 0x00, 0x00, 0x01, 0x00, 0x00, 0x00, 0x40, 0x00, 0x00, 0x00,
    0x16, 0x67, 0xff, 0xff, 0x00, 0x00, 0x00, 0x01, 0x18, 0x00, 0x00, 0x00,
    0x20, 0x00, 0x00, 0x00, 0x40, 0x00, 0x00, 0x00, 0x50, 0x00, 0x00, 0x00,
    0x00, 0x00, 0x00, 0x09, 0x60, 0x00, 0x00, 0x00, 0x02, 0x00, 0x00, 0x00,
    0xff, 0xff, 0xff, 0xff, 0x40, 0x00, 0x00, 0x00, 0xfc, 0x66, 0xff, 0xff,
    0x08, 0x00, 0x00, 0x00, 0x14, 0x00, 0x00, 0x00, 0x01, 0x00, 0x00, 0x00,
    0xfa, 0xff, 0xff, 0xff, 0xff, 0xff, 0xff, 0xff, 0x00, 0x00, 0x00, 0x00,
    0x01, 0x00, 0x00, 0x00, 0x07, 0x25, 0xf1, 0x3b, 0x24, 0x00, 0x00, 0x00,
    0x73, 0x6f, 0x63, 0x5f, 0x6c, 0x73, 0x74, 0x6d, 0x5f, 0x31, 0x2f, 0x6c,
    0x73, 0x74, 0x6d, 0x5f, 0x31, 0x2f, 0x6c, 0x73, 0x74, 0x6d, 0x5f, 0x63,
    0x65, 0x6c, 0x6c, 0x5f, 0x33, 0x2f, 0x4d, 0x61, 0x74, 0x4d, 0x75, 0x6c,
    0x00, 0x00, 0x00, 0x00, 0x02, 0x00, 0x00, 0x00, 0x01, 0x00, 0x00, 0x00,
    0x40, 0x00, 0x00, 0x00, 0x9e, 0x67, 0xff, 0xff, 0x00, 0x00, 0x00, 0x01,
    0x18, 0x00, 0x00, 0x00, 0x20, 0x00, 0x00, 0x00, 0x40, 0x00, 0x00, 0x00,
    0x4f, 0x00, 0x00, 0x00, 0x00, 0x00, 0x00, 0x09, 0x60, 0x00, 0x00, 0x00,
    0x02, 0x00, 0x00, 0x00, 0xff, 0xff, 0xff, 0xff, 0x40, 0x00, 0x00, 0x00,
    0x84, 0x67, 0xff, 0xff, 0x08, 0x00, 0x00, 0x00, 0x14, 0x00, 0x00, 0x00,
    0x01, 0x00, 0x00, 0x00, 0xed, 0xff, 0xff, 0xff, 0xff, 0xff, 0xff, 0xff,
    0x00, 0x00, 0x00, 0x00, 0x01, 0x00, 0x00, 0x00, 0x49, 0xf5, 0x25, 0x3c,
    0x25, 0x00, 0x00, 0x00, 0x73, 0x6f, 0x63, 0x5f, 0x6c, 0x73, 0x74, 0x6d,
    0x5f, 0x31, 0x2f, 0x6c, 0x73, 0x74, 0x6d, 0x5f, 0x31, 0x2f, 0x6c, 0x73,
    0x74, 0x6d, 0x5f, 0x63, 0x65, 0x6c, 0x6c, 0x5f, 0x32, 0x39, 0x2f, 0x4d,
    0x61, 0x74, 0x4d, 0x75, 0x6c, 0x00, 0x00, 0x00, 0x02, 0x00, 0x00, 0x00,
    0x01, 0x00, 0x00, 0x00, 0x40, 0x00, 0x00, 0x00, 0x26, 0x68, 0xff, 0xff,
    0x00, 0x00, 0x00, 0x01, 0x18, 0x00, 0x00, 0x00, 0x20, 0x00, 0x00, 0x00,
    0x40, 0x00, 0x00, 0x00, 0x4e, 0x00, 0x00, 0x00, 0x00, 0x00, 0x00, 0x09,
    0x60, 0x00, 0x00, 0x00, 0x02, 0x00, 0x00, 0x00, 0xff, 0xff, 0xff, 0xff,
    0x40, 0x00, 0x00, 0x00, 0x0c, 0x68, 0xff, 0xff, 0x08, 0x00, 0x00, 0x00,
    0x14, 0x00, 0x00, 0x00, 0x01, 0x00, 0x00, 0x00, 0xed, 0xff, 0xff, 0xff,
    0xff, 0xff, 0xff, 0xff, 0x00, 0x00, 0x00, 0x00, 0x01, 0x00, 0x00, 0x00,
    0x12, 0xba, 0x25, 0x3c, 0x25, 0x00, 0x00, 0x00, 0x73, 0x6f, 0x63, 0x5f,
    0x6c, 0x73, 0x74, 0x6d, 0x5f, 0x31, 0x2f, 0x6c, 0x73, 0x74, 0x6d, 0x5f,
    0x31, 0x2f, 0x6c, 0x73, 0x74, 0x6d, 0x5f, 0x63, 0x65, 0x6c, 0x6c, 0x5f,
    0x32, 0x37, 0x2f, 0x4d, 0x61, 0x74, 0x4d, 0x75, 0x6c, 0x00, 0x00, 0x00,
    0x02, 0x00, 0x00, 0x00, 0x01, 0x00, 0x00, 0x00, 0x40, 0x00, 0x00, 0x00,
    0xae, 0x68, 0xff, 0xff, 0x00, 0x00, 0x00, 0x01, 0x18, 0x00, 0x00, 0x00,
    0x20, 0x00, 0x00, 0x00, 0x40, 0x00, 0x00, 0x00, 0x4d, 0x00, 0x00, 0x00,
    0x00, 0x00, 0x00, 0x09, 0x60, 0x00, 0x00, 0x00, 0x02, 0x00, 0x00, 0x00,
    0xff, 0xff, 0xff, 0xff, 0x40, 0x00, 0x00, 0x00, 0x94, 0x68, 0xff, 0xff,
    0x08, 0x00, 0x00, 0x00, 0x14, 0x00, 0x00, 0x00, 0x01, 0x00, 0x00, 0x00,
    0xed, 0xff, 0xff, 0xff, 0xff, 0xff, 0xff, 0xff, 0x00, 0x00, 0x00, 0x00,
    0x01, 0x00, 0x00, 0x00, 0x43, 0x5a, 0x25, 0x3c, 0x25, 0x00, 0x00, 0x00,
    0x73, 0x6f, 0x63, 0x5f, 0x6c, 0x73, 0x74, 0x6d, 0x5f, 0x31, 0x2f, 0x6c,
    0x73, 0x74, 0x6d, 0x5f, 0x31, 0x2f, 0x6c, 0x73, 0x74, 0x6d, 0x5f, 0x63,
    0x65, 0x6c, 0x6c, 0x5f, 0x32, 0x35, 0x2f, 0x4d, 0x61, 0x74, 0x4d, 0x75,
    0x6c, 0x00, 0x00, 0x00, 0x02, 0x00, 0x00, 0x00, 0x01, 0x00, 0x00, 0x00,
    0x40, 0x00, 0x00, 0x00, 0x36, 0x69, 0xff, 0xff, 0x00, 0x00, 0x00, 0x01,
    0x18, 0x00, 0x00, 0x00, 0x20, 0x00, 0x00, 0x00, 0x40, 0x00, 0x00, 0x00,
    0x4c, 0x00, 0x00, 0x00, 0x00, 0x00, 0x00, 0x09, 0x60, 0x00, 0x00, 0x00,
    0x02, 0x00, 0x00, 0x00, 0xff, 0xff, 0xff, 0xff, 0x40, 0x00, 0x00, 0x00,
    0x1c, 0x69, 0xff, 0xff, 0x08, 0x00, 0x00, 0x00, 0x14, 0x00, 0x00, 0x00,
    0x01, 0x00, 0x00, 0x00, 0xed, 0xff, 0xff, 0xff, 0xff, 0xff, 0xff, 0xff,
    0x00, 0x00, 0x00, 0x00, 0x01, 0x00, 0x00, 0x00, 0x64, 0xc8, 0x24, 0x3c,
    0x25, 0x00, 0x00, 0x00, 0x73, 0x6f, 0x63, 0x5f, 0x6c, 0x73, 0x74, 0x6d,
    0x5f, 0x31, 0x2f, 0x6c, 0x73, 0x74, 0x6d, 0x5f, 0x31, 0x2f, 0x6c, 0x73,
    0x74, 0x6d, 0x5f, 0x63, 0x65, 0x6c, 0x6c, 0x5f, 0x32, 0x33, 0x2f, 0x4d,
    0x61, 0x74, 0x4d, 0x75, 0x6c, 0x00, 0x00, 0x00, 0x02, 0x00, 0x00, 0x00,
    0x01, 0x00, 0x00, 0x00, 0x40, 0x00, 0x00, 0x00, 0xbe, 0x69, 0xff, 0xff,
    0x00, 0x00, 0x00, 0x01, 0x18, 0x00, 0x00, 0x00, 0x20, 0x00, 0x00, 0x00,
    0x40, 0x00, 0x00, 0x00, 0x4b, 0x00, 0x00, 0x00, 0x00, 0x00, 0x00, 0x09,
    0x60, 0x00, 0x00, 0x00, 0x02, 0x00, 0x00, 0x00, 0xff, 0xff, 0xff, 0xff,
    0x40, 0x00, 0x00, 0x00, 0xa4, 0x69, 0xff, 0xff, 0x08, 0x00, 0x00, 0x00,
    0x14, 0x00, 0x00, 0x00, 0x01, 0x00, 0x00, 0x00, 0xee, 0xff, 0xff, 0xff,
    0xff, 0xff, 0xff, 0xff, 0x00, 0x00, 0x00, 0x00, 0x01, 0x00, 0x00, 0x00,
    0x31, 0xf3, 0x23, 0x3c, 0x25, 0x00, 0x00, 0x00, 0x73, 0x6f, 0x63, 0x5f,
    0x6c, 0x73, 0x74, 0x6d, 0x5f, 0x31, 0x2f, 0x6c, 0x73, 0x74, 0x6d, 0x5f,
    0x31, 0x2f, 0x6c, 0x73, 0x74, 0x6d, 0x5f, 0x63, 0x65, 0x6c, 0x6c, 0x5f,
    0x32, 0x31, 0x2f, 0x4d, 0x61, 0x74, 0x4d, 0x75, 0x6c, 0x00, 0x00, 0x00,
    0x02, 0x00, 0x00, 0x00, 0x01, 0x00, 0x00, 0x00, 0x40, 0x00, 0x00, 0x00,
    0x46, 0x6a, 0xff, 0xff, 0x00, 0x00, 0x00, 0x01, 0x18, 0x00, 0x00, 0x00,
    0x20, 0x00, 0x00, 0x00, 0x40, 0x00, 0x00, 0x00, 0x4a, 0x00, 0x00, 0x00,
    0x00, 0x00, 0x00, 0x09, 0x60, 0x00, 0x00, 0x00, 0x02, 0x00, 0x00, 0x00,
    0xff, 0xff, 0xff, 0xff, 0x40, 0x00, 0x00, 0x00, 0x2c, 0x6a, 0xff, 0xff,
    0x08, 0x00, 0x00, 0x00, 0x14, 0x00, 0x00, 0x00, 0x01, 0x00, 0x00, 0x00,
    0xee, 0xff, 0xff, 0xff, 0xff, 0xff, 0xff, 0xff, 0x00, 0x00, 0x00, 0x00,
    0x01, 0x00, 0x00, 0x00, 0xc3, 0xc4, 0x22, 0x3c, 0x25, 0x00, 0x00, 0x00,
    0x73, 0x6f, 0x63, 0x5f, 0x6c, 0x73, 0x74, 0x6d, 0x5f, 0x31, 0x2f, 0x6c,
    0x73, 0x74, 0x6d, 0x5f, 0x31, 0x2f, 0x6c, 0x73, 0x74, 0x6d, 0x5f, 0x63,
    0x65, 0x6c, 0x6c, 0x5f, 0x31, 0x39, 0x2f, 0x4d, 0x61, 0x74, 0x4d, 0x75,
    0x6c, 0x00, 0x00, 0x00, 0x02, 0x00, 0x00, 0x00, 0x01, 0x00, 0x00, 0x00,
    0x40, 0x00, 0x00, 0x00, 0xce, 0x6a, 0xff, 0xff, 0x00, 0x00, 0x00, 0x01,
    0x18, 0x00, 0x00, 0x00, 0x20, 0x00, 0x00, 0x00, 0x40, 0x00, 0x00, 0x00,
    0x49, 0x00, 0x00, 0x00, 0x00, 0x00, 0x00, 0x09, 0x60, 0x00, 0x00, 0x00,
    0x02, 0x00, 0x00, 0x00, 0xff, 0xff, 0xff, 0xff, 0x40, 0x00, 0x00, 0x00,
    0xb4, 0x6a, 0xff, 0xff, 0x08, 0x00, 0x00, 0x00, 0x14, 0x00, 0x00, 0x00,
    0x01, 0x00, 0x00, 0x00, 0xee, 0xff, 0xff, 0xff, 0xff, 0xff, 0xff, 0xff,
    0x00, 0x00, 0x00, 0x00, 0x01, 0x00, 0x00, 0x00, 0x7a, 0x21, 0x21, 0x3c,
    0x25, 0x00, 0x00, 0x00, 0x73, 0x6f, 0x63, 0x5f, 0x6c, 0x73, 0x74, 0x6d,
    0x5f, 0x31, 0x2f, 0x6c, 0x73, 0x74, 0x6d, 0x5f, 0x31, 0x2f, 0x6c, 0x73,
    0x74, 0x6d, 0x5f, 0x63, 0x65, 0x6c, 0x6c, 0x5f, 0x31, 0x37, 0x2f, 0x4d,
    0x61, 0x74, 0x4d, 0x75, 0x6c, 0x00, 0x00, 0x00, 0x02, 0x00, 0x00, 0x00,
    0x01, 0x00, 0x00, 0x00, 0x40, 0x00, 0x00, 0x00, 0x56, 0x6b, 0xff, 0xff,
    0x00, 0x00, 0x00, 0x01, 0x18, 0x00, 0x00, 0x00, 0x20, 0x00, 0x00, 0x00,
    0x40, 0x00, 0x00, 0x00, 0x48, 0x00, 0x00, 0x00, 0x00, 0x00, 0x00, 0x09,
    0x60, 0x00, 0x00, 0x00, 0x02, 0x00, 0x00, 0x00, 0xff, 0xff, 0xff, 0xff,
    0x40, 0x00, 0x00, 0x00, 0x3c, 0x6b, 0xff, 0xff, 0x08, 0x00, 0x00, 0x00,
    0x14, 0x00, 0x00, 0x00, 0x01, 0x00, 0x00, 0x00, 0xef, 0xff, 0xff, 0xff,
    0xff, 0xff, 0xff, 0xff, 0x00, 0x00, 0x00, 0x00, 0x01, 0x00, 0x00, 0x00,
    0xaa, 0xe6, 0x1e, 0x3c, 0x25, 0x00, 0x00, 0x00, 0x73, 0x6f, 0x63, 0x5f,
    0x6c, 0x73, 0x74, 0x6d, 0x5f, 0x31, 0x2f, 0x6c, 0x73, 0x74, 0x6d, 0x5f,
    0x31, 0x2f, 0x6c, 0x73, 0x74, 0x6d, 0x5f, 0x63, 0x65, 0x6c, 0x6c, 0x5f,
    0x31, 0x35, 0x2f, 0x4d, 0x61, 0x74, 0x4d, 0x75, 0x6c, 0x00, 0x00, 0x00,
    0x02, 0x00, 0x00, 0x00, 0x01, 0x00, 0x00, 0x00, 0x40, 0x00, 0x00, 0x00,
    0xde, 0x6b, 0xff, 0xff, 0x00, 0x00, 0x00, 0x01, 0x18, 0x00, 0x00, 0x00,
    0x20, 0x00, 0x00, 0x00, 0x40, 0x00, 0x00, 0x00, 0x47, 0x00, 0x00, 0x00,
    0x00, 0x00, 0x00, 0x09, 0x60, 0x00, 0x00, 0x00, 0x02, 0x00, 0x00, 0x00,
    0xff, 0xff, 0xff, 0xff, 0x40, 0x00, 0x00, 0x00, 0xc4, 0x6b, 0xff, 0xff,
    0x08, 0x00, 0x00, 0x00, 0x14, 0x00, 0x00, 0x00, 0x01, 0x00, 0x00, 0x00,
    0xef, 0xff, 0xff, 0xff, 0xff, 0xff, 0xff, 0xff, 0x00, 0x00, 0x00, 0x00,
    0x01, 0x00, 0x00, 0x00, 0xef, 0xe8, 0x1b, 0x3c, 0x25, 0x00, 0x00, 0x00,
    0x73, 0x6f, 0x63, 0x5f, 0x6c, 0x73, 0x74, 0x6d, 0x5f, 0x31, 0x2f, 0x6c,
    0x73, 0x74, 0x6d, 0x5f, 0x31, 0x2f, 0x6c, 0x73, 0x74, 0x6d, 0x5f, 0x63,
    0x65, 0x6c, 0x6c, 0x5f, 0x31, 0x33, 0x2f, 0x4d, 0x61, 0x74, 0x4d, 0x75,
    0x6c, 0x00, 0x00, 0x00, 0x02, 0x00, 0x00, 0x00, 0x01, 0x00, 0x00, 0x00,
    0x40, 0x00, 0x00, 0x00, 0x66, 0x6c, 0xff, 0xff, 0x00, 0x00, 0x00, 0x01,
    0x18, 0x00, 0x00, 0x00, 0x20, 0x00, 0x00, 0x00, 0x40, 0x00, 0x00, 0x00,
    0x46, 0x00, 0x00, 0x00, 0x00, 0x00, 0x00, 0x09, 0x60, 0x00, 0x00, 0x00,
    0x02, 0x00, 0x00, 0x00, 0xff, 0xff, 0xff, 0xff, 0x40, 0x00, 0x00, 0x00,
    0x4c, 0x6c, 0xff, 0xff, 0x08, 0x00, 0x00, 0x00, 0x14, 0x00, 0x00, 0x00,
    0x01, 0x00, 0x00, 0x00, 0xf0, 0xff, 0xff, 0xff, 0xff, 0xff, 0xff, 0xff,
    0x00, 0x00, 0x00, 0x00, 0x01, 0x00, 0x00, 0x00, 0x24, 0xf2, 0x17, 0x3c,
    0x25, 0x00, 0x00, 0x00, 0x73, 0x6f, 0x63, 0x5f, 0x6c, 0x73, 0x74, 0x6d,
    0x5f, 0x31, 0x2f, 0x6c, 0x73, 0x74, 0x6d, 0x5f, 0x31, 0x2f, 0x6c, 0x73,
    0x74, 0x6d, 0x5f, 0x63, 0x65, 0x6c, 0x6c, 0x5f, 0x31, 0x31, 0x2f, 0x4d,
    0x61, 0x74, 0x4d, 0x75, 0x6c, 0x00, 0x00, 0x00, 0x02, 0x00, 0x00, 0x00,
    0x01, 0x00, 0x00, 0x00, 0x40, 0x00, 0x00, 0x00, 0xee, 0x6c, 0xff, 0xff,
    0x00, 0x00, 0x00, 0x01, 0x18, 0x00, 0x00, 0x00, 0x20, 0x00, 0x00, 0x00,
    0x40, 0x00, 0x00, 0x00, 0x45, 0x00, 0x00, 0x00, 0x00, 0x00, 0x00, 0x09,
    0x60, 0x00, 0x00, 0x00, 0x02, 0x00, 0x00, 0x00, 0xff, 0xff, 0xff, 0xff,
    0x40, 0x00, 0x00, 0x00, 0xd4, 0x6c, 0xff, 0xff, 0x08, 0x00, 0x00, 0x00,
    0x14, 0x00, 0x00, 0x00, 0x01, 0x00, 0x00, 0x00, 0xed, 0xff, 0xff, 0xff,
    0xff, 0xff, 0xff, 0xff, 0x00, 0x00, 0x00, 0x00, 0x01, 0x00, 0x00, 0x00,
    0xf4, 0x47, 0x8c, 0x3a, 0x26, 0x00, 0x00, 0x00, 0x73, 0x6f, 0x63, 0x5f,
    0x6c, 0x73, 0x74, 0x6d, 0x5f, 0x31, 0x2f, 0x6c, 0x73, 0x74, 0x6d, 0x5f,
    0x31, 0x2f, 0x6c, 0x73, 0x74, 0x6d, 0x5f, 0x63, 0x65, 0x6c, 0x6c, 0x5f,
    0x33, 0x2f, 0x4d, 0x61, 0x74, 0x4d, 0x75, 0x6c, 0x5f, 0x31, 0x00, 0x00,
    0x02, 0x00, 0x00, 0x00, 0x01, 0x00, 0x00, 0x00, 0x40, 0x00, 0x00, 0x00,
    0x76, 0x6d, 0xff, 0xff, 0x00, 0x00, 0x00, 0x01, 0x18, 0x00, 0x00, 0x00,
    0x20, 0x00, 0x00, 0x00, 0x3c, 0x00, 0x00, 0x00, 0x44, 0x00, 0x00, 0x00,
    0x00, 0x00, 0x00, 0x09, 0x58, 0x00, 0x00, 0x00, 0x02, 0x00, 0x00, 0x00,
    0xff, 0xff, 0xff, 0xff, 0x10, 0x00, 0x00, 0x00, 0x5c, 0x6d, 0xff, 0xff,
    0x08, 0x00, 0x00, 0x00, 0x10, 0x00, 0x00, 0x00, 0x01, 0x00, 0x00, 0x00,
    0x21, 0x00, 0x00, 0x00, 0x00, 0x00, 0x00, 0x00, 0x01, 0x00, 0x00, 0x00,
    0xb8, 0x63, 0x32, 0x3a, 0x23, 0x00, 0x00, 0x00, 0x73, 0x6f, 0x63, 0x5f,
    0x6c, 0x73, 0x74, 0x6d, 0x5f, 0x31, 0x2f, 0x6c, 0x73, 0x74, 0x6d, 0x5f,
    0x31, 0x2f, 0x6c, 0x73, 0x74, 0x6d, 0x5f, 0x63, 0x65, 0x6c, 0x6c, 0x5f,
    0x31, 0x2f, 0x6d, 0x75, 0x6c, 0x5f, 0x32, 0x00, 0x02, 0x00, 0x00, 0x00,
    0x01, 0x00, 0x00, 0x00, 0x10, 0x00, 0x00, 0x00, 0xf6, 0x6d, 0xff, 0xff,
    0x00, 0x00, 0x00, 0x01, 0x18, 0x00, 0x00, 0x00, 0x20, 0x00, 0x00, 0x00,
    0x40, 0x00, 0x00, 0x00, 0x43, 0x00, 0x00, 0x00, 0x00, 0x00, 0x00, 0x09,
    0x60, 0x00, 0x00, 0x00, 0x02, 0x00, 0x00, 0x00, 0xff, 0xff, 0xff, 0xff,
    0x10, 0x00, 0x00, 0x00, 0xdc, 0x6d, 0xff, 0xff, 0x08, 0x00, 0x00, 0x00,
    0x14, 0x00, 0x00, 0x00, 0x01, 0x00, 0x00, 0x00, 0x00, 0x00, 0x00, 0x00,
    0x00, 0x00, 0x00, 0x00, 0x00, 0x00, 0x00, 0x00, 0x01, 0x00, 0x00, 0x00,
    0x00, 0x00, 0x00, 0x3c, 0x24, 0x00, 0x00, 0x00, 0x73, 0x6f, 0x63, 0x5f,
    0x6c, 0x73, 0x74, 0x6d, 0x5f, 0x31, 0x2f, 0x6c, 0x73, 0x74, 0x6d, 0x5f,
    0x31, 0x2f, 0x6c, 0x73, 0x74, 0x6d, 0x5f, 0x63, 0x65, 0x6c, 0x6c, 0x5f,
    0x31, 0x2f, 0x54, 0x61, 0x6e, 0x68, 0x5f, 0x31, 0x00, 0x00, 0x00, 0x00,
    0x02, 0x00, 0x00, 0x00, 0x01, 0x00, 0x00, 0x00, 0x10, 0x00, 0x00, 0x00,
    0x7e, 0x6e, 0xff, 0xff, 0x00, 0x00, 0x00, 0x01, 0x18, 0x00, 0x00, 0x00,
    0x20, 0x00, 0x00, 0x00, 0x3c, 0x00, 0x00, 0x00, 0x42, 0x00, 0x00, 0x00,
    0x00, 0x00, 0x00, 0x09, 0x58, 0x00, 0x00, 0x00, 0x02, 0x00, 0x00, 0x00,
    0xff, 0xff, 0xff, 0xff, 0x10, 0x00, 0x00, 0x00, 0x64, 0x6e, 0xff, 0xff,
    0x08, 0x00, 0x00, 0x00, 0x10, 0x00, 0x00, 0x00, 0x01, 0x00, 0x00, 0x00,
    0x24, 0x00, 0x00, 0x00, 0x00, 0x00, 0x00, 0x00, 0x01, 0x00, 0x00, 0x00,
    0x91, 0x30, 0xc1, 0x3a, 0x23, 0x00, 0x00, 0x00, 0x73, 0x6f, 0x63, 0x5f,
    0x6c, 0x73, 0x74, 0x6d, 0x5f, 0x31, 0x2f, 0x6c, 0x73, 0x74, 0x6d, 0x5f,
    0x31, 0x2f, 0x6c, 0x73, 0x74, 0x6d, 0x5f, 0x63, 0x65, 0x6c, 0x6c, 0x5f,
    0x31, 0x2f, 0x61, 0x64, 0x64, 0x5f, 0x31, 0x00, 0x02, 0x00, 0x00, 0x00,
    0x01, 0x00, 0x00, 0x00, 0x10, 0x00, 0x00, 0x00, 0xfe, 0x6e, 0xff, 0xff,
    0x00, 0x00, 0x00, 0x01, 0x18, 0x00, 0x00, 0x00, 0x20, 0x00, 0x00, 0x00,
    0x3c, 0x00, 0x00, 0x00, 0x41, 0x00, 0x00, 0x00, 0x00, 0x00, 0x00, 0x09,
    0x58, 0x00, 0x00, 0x00, 0x02, 0x00, 0x00, 0x00, 0xff, 0xff, 0xff, 0xff,
    0x10, 0x00, 0x00, 0x00, 0xe4, 0x6e, 0xff, 0xff, 0x08, 0x00, 0x00, 0x00,
    0x10, 0x00, 0x00, 0x00, 0x01, 0x00, 0x00, 0x00, 0x24, 0x00, 0x00, 0x00,
    0x00, 0x00, 0x00, 0x00, 0x01, 0x00, 0x00, 0x00, 0x91, 0x30, 0xc1, 0x3a,
    0x23, 0x00, 0x00, 0x00, 0x73, 0x6f, 0x63, 0x5f, 0x6c, 0x73, 0x74, 0x6d,
    0x5f, 0x31, 0x2f, 0x6c, 0x73, 0x74, 0x6d, 0x5f, 0x31, 0x2f, 0x6c, 0x73,
    0x74, 0x6d, 0x5f, 0x63, 0x65, 0x6c, 0x6c, 0x5f, 0x31, 0x2f, 0x6d, 0x75,
    0x6c, 0x5f, 0x31, 0x00, 0x02, 0x00, 0x00, 0x00, 0x01, 0x00, 0x00, 0x00,
    0x10, 0x00, 0x00, 0x00, 0x7e, 0x6f, 0xff, 0xff, 0x00, 0x00, 0x00, 0x01,
    0x18, 0x00, 0x00, 0x00, 0x20, 0x00, 0x00, 0x00, 0x3c, 0x00, 0x00, 0x00,
    0x40, 0x00, 0x00, 0x00, 0x00, 0x00, 0x00, 0x09, 0x58, 0x00, 0x00, 0x00,
    0x02, 0x00, 0x00, 0x00, 0xff, 0xff, 0xff, 0xff, 0x10, 0x00, 0x00, 0x00,
    0x64, 0x6f, 0xff, 0xff, 0x08, 0x00, 0x00, 0x00, 0x10, 0x00, 0x00, 0x00,
    0x01, 0x00, 0x00, 0x00, 0x00, 0x00, 0x00, 0x00, 0x00, 0x00, 0x00, 0x00,
    0x01, 0x00, 0x00, 0x00, 0x00, 0x00, 0x00, 0x3c, 0x22, 0x00, 0x00, 0x00,
    0x73, 0x6f, 0x63, 0x5f, 0x6c, 0x73, 0x74, 0x6d, 0x5f, 0x31, 0x2f, 0x6c,
    0x73, 0x74, 0x6d, 0x5f, 0x31, 0x2f, 0x6c, 0x73, 0x74, 0x6d, 0x5f, 0x63,
    0x65, 0x6c, 0x6c, 0x5f, 0x31, 0x2f, 0x54, 0x61, 0x6e, 0x68, 0x00, 0x00,
    0x02, 0x00, 0x00, 0x00, 0x01, 0x00, 0x00, 0x00, 0x10, 0x00, 0x00, 0x00,
    0xfe, 0x6f, 0xff, 0xff, 0x00, 0x00, 0x00, 0x01, 0x18, 0x00, 0x00, 0x00,
    0x20, 0x00, 0x00, 0x00, 0x40, 0x00, 0x00, 0x00, 0x3f, 0x00, 0x00, 0x00,
    0x00, 0x00, 0x00, 0x09, 0x60, 0x00, 0x00, 0x00, 0x02, 0x00, 0x00, 0x00,
    0xff, 0xff, 0xff, 0xff, 0x10, 0x00, 0x00, 0x00, 0xe4, 0x6f, 0xff, 0xff,
    0x08, 0x00, 0x00, 0x00, 0x14, 0x00, 0x00, 0x00, 0x01, 0x00, 0x00, 0x00,
    0x80, 0xff, 0xff, 0xff, 0xff, 0xff, 0xff, 0xff, 0x00, 0x00, 0x00, 0x00,
    0x01, 0x00, 0x00, 0x00, 0x00, 0x00, 0x80, 0x3b, 0x27, 0x00, 0x00, 0x00,
    0x73, 0x6f, 0x63, 0x5f, 0x6c, 0x73, 0x74, 0x6d, 0x5f, 0x31, 0x2f, 0x6c,
    0x73, 0x74, 0x6d, 0x5f, 0x31, 0x2f, 0x6c, 0x73, 0x74, 0x6d, 0x5f, 0x63,
    0x65, 0x6c, 0x6c, 0x5f, 0x31, 0x2f, 0x53, 0x69, 0x67, 0x6d, 0x6f, 0x69,
    0x64, 0x5f, 0x32, 0x00, 0x02, 0x00, 0x00, 0x00, 0x01, 0x00, 0x00, 0x00,
    0x10, 0x00, 0x00, 0x00, 0x86, 0x70, 0xff, 0xff, 0x00, 0x00, 0x00, 0x01,
    0x18, 0x00, 0x00, 0x00, 0x20, 0x00, 0x00, 0x00, 0x3c, 0x00, 0x00, 0x00,
    0x3e, 0x00, 0x00, 0x00, 0x00, 0x00, 0x00, 0x09, 0x58, 0x00, 0x00, 0x00,
    0x02, 0x00, 0x00, 0x00, 0xff, 0xff, 0xff, 0xff, 0x10, 0x00, 0x00, 0x00,
    0x6c, 0x70, 0xff, 0xff, 0x08, 0x00, 0x00, 0x00, 0x10, 0x00, 0x00, 0x00,
    0x01, 0x00, 0x00, 0x00, 0x24, 0x00, 0x00, 0x00, 0x00, 0x00, 0x00, 0x00,
    0x01, 0x00, 0x00, 0x00, 0x91, 0x30, 0xc1, 0x3a, 0x21, 0x00, 0x00, 0x00,
    0x73, 0x6f, 0x63, 0x5f, 0x6c, 0x73, 0x74, 0x6d, 0x5f, 0x31, 0x2f, 0x6c,
    0x73, 0x74, 0x6d, 0x5f, 0x31, 0x2f, 0x6c, 0x73, 0x74, 0x6d, 0x5f, 0x63,
    0x65, 0x6c, 0x6c, 0x5f, 0x31, 0x2f, 0x6d, 0x75, 0x6c, 0x00, 0x00, 0x00,
    0x02, 0x00, 0x00, 0x00, 0x01, 0x00, 0x00, 0x00, 0x10, 0x00, 0x00, 0x00,
    0x06, 0x71, 0xff, 0xff, 0x00, 0x00, 0x00, 0x01, 0x18, 0x00, 0x00, 0x00,
    0x20, 0x00, 0x00, 0x00, 0x40, 0x00, 0x00, 0x00, 0x3d, 0x00, 0x00, 0x00,
    0x00, 0x00, 0x00, 0x09, 0x60, 0x00, 0x00, 0x00, 0x02, 0x00, 0x00, 0x00,
    0xff, 0xff, 0xff, 0xff, 0x10, 0x00, 0x00, 0x00, 0xec, 0x70, 0xff, 0xff,
    0x08, 0x00, 0x00, 0x00, 0x14, 0x00, 0x00, 0x00, 0x01, 0x00, 0x00, 0x00,
    0x80, 0xff, 0xff, 0xff, 0xff, 0xff, 0xff, 0xff, 0x00, 0x00, 0x00, 0x00,
    0x01, 0x00, 0x00, 0x00, 0x00, 0x00, 0x80, 0x3b, 0x27, 0x00, 0x00, 0x00,
    0x73, 0x6f, 0x63, 0x5f, 0x6c, 0x73, 0x74, 0x6d, 0x5f, 0x31, 0x2f, 0x6c,
    0x73, 0x74, 0x6d, 0x5f, 0x31, 0x2f, 0x6c, 0x73, 0x74, 0x6d, 0x5f, 0x63,
    0x65, 0x6c, 0x6c, 0x5f, 0x31, 0x2f, 0x53, 0x69, 0x67, 0x6d, 0x6f, 0x69,
    0x64, 0x5f, 0x31, 0x00, 0x02, 0x00, 0x00, 0x00, 0x01, 0x00, 0x00, 0x00,
    0x10, 0x00, 0x00, 0x00, 0x8e, 0x71, 0xff, 0xff, 0x00, 0x00, 0x00, 0x01,
    0x18, 0x00, 0x00, 0x00, 0x20, 0x00, 0x00, 0x00, 0x40, 0x00, 0x00, 0x00,
    0x3c, 0x00, 0x00, 0x00, 0x00, 0x00, 0x00, 0x09, 0x60, 0x00, 0x00, 0x00,
    0x02, 0x00, 0x00, 0x00, 0xff, 0xff, 0xff, 0xff, 0x10, 0x00, 0x00, 0x00,
    0x74, 0x71, 0xff, 0xff, 0x08, 0x00, 0x00, 0x00, 0x14, 0x00, 0x00, 0x00,
    0x01, 0x00, 0x00, 0x00, 0x80, 0xff, 0xff, 0xff, 0xff, 0xff, 0xff, 0xff,
    0x00, 0x00, 0x00, 0x00, 0x01, 0x00, 0x00, 0x00, 0x00, 0x00, 0x80, 0x3b,
    0x25, 0x00, 0x00, 0x00, 0x73, 0x6f, 0x63, 0x5f, 0x6c, 0x73, 0x74, 0x6d,
    0x5f, 0x31, 0x2f, 0x6c, 0x73, 0x74, 0x6d, 0x5f, 0x31, 0x2f, 0x6c, 0x73,
    0x74, 0x6d, 0x5f, 0x63, 0x65, 0x6c, 0x6c, 0x5f, 0x31, 0x2f, 0x53, 0x69,
    0x67, 0x6d, 0x6f, 0x69, 0x64, 0x00, 0x00, 0x00, 0x02, 0x00, 0x00, 0x00,
    0x01, 0x00, 0x00, 0x00, 0x10, 0x00, 0x00, 0x00, 0x16, 0x72, 0xff, 0xff,
    0x00, 0x00, 0x00, 0x01, 0x18, 0x00, 0x00, 0x00, 0x20, 0x00, 0x00, 0x00,
    0x3c, 0x00, 0x00, 0x00, 0x3b, 0x00, 0x00, 0x00, 0x00, 0x00, 0x00, 0x09,
    0xc8, 0x00, 0x00, 0x00, 0x02, 0x00, 0x00, 0x00, 0xff, 0xff, 0xff, 0xff,
    0x10, 0x00, 0x00, 0x00, 0xfc, 0x71, 0xff, 0xff, 0x08, 0x00, 0x00, 0x00,
    0x10, 0x00, 0x00, 0x00, 0x01, 0x00, 0x00, 0x00, 0xdb, 0xff, 0xff, 0xff,
    0xff, 0xff, 0xff, 0xff, 0x01, 0x00, 0x00, 0x00, 0x3c, 0xf5, 0x0d, 0x3c,
    0x93, 0x00, 0x00, 0x00, 0x73, 0x6f, 0x63, 0x5f, 0x6c, 0x73, 0x74, 0x6d,
    0x5f, 0x31, 0x2f, 0x6c, 0x73, 0x74, 0x6d, 0x5f, 0x31, 0x2f, 0x6c, 0x73,
    0x74, 0x6d, 0x5f, 0x63, 0x65, 0x6c, 0x6c, 0x5f, 0x31, 0x2f, 0x73, 0x70,
    0x6c, 0x69, 0x74, 0x3b, 0x73, 0x6f, 0x63, 0x5f, 0x6c, 0x73, 0x74, 0x6d,
    0x5f, 0x31, 0x2f, 0x6c, 0x73, 0x74, 0x6d, 0x5f, 0x31, 0x2f, 0x6c, 0x73,
    0x74, 0x6d, 0x5f, 0x63, 0x65, 0x6c, 0x6c, 0x5f, 0x31, 0x2f, 0x73, 0x70,
    0x6c, 0x69, 0x74, 0x31, 0x3b, 0x73, 0x6f, 0x63, 0x5f, 0x6c, 0x73, 0x74,
    0x6d, 0x5f, 0x31, 0x2f, 0x6c, 0x73, 0x74, 0x6d, 0x5f, 0x31, 0x2f, 0x6c,
    0x73, 0x74, 0x6d, 0x5f, 0x63, 0x65, 0x6c, 0x6c, 0x5f, 0x31, 0x2f, 0x73,
    0x70, 0x6c, 0x69, 0x74, 0x32, 0x3b, 0x73, 0x6f, 0x63, 0x5f, 0x6c, 0x73,
    0x74, 0x6d, 0x5f, 0x31, 0x2f, 0x6c, 0x73, 0x74, 0x6d, 0x5f, 0x31, 0x2f,
    0x6c, 0x73, 0x74, 0x6d, 0x5f, 0x63, 0x65, 0x6c, 0x6c, 0x5f, 0x31, 0x2f,
    0x73, 0x70, 0x6c, 0x69, 0x74, 0x33, 0x33, 0x00, 0x02, 0x00, 0x00, 0x00,
    0x01, 0x00, 0x00, 0x00, 0x10, 0x00, 0x00, 0x00, 0x06, 0x73, 0xff, 0xff,
    0x00, 0x00, 0x00, 0x01, 0x18, 0x00, 0x00, 0x00, 0x20, 0x00, 0x00, 0x00,
    0x3c, 0x00, 0x00, 0x00, 0x3a, 0x00, 0x00, 0x00, 0x00, 0x00, 0x00, 0x09,
    0xc8, 0x00, 0x00, 0x00, 0x02, 0x00, 0x00, 0x00, 0xff, 0xff, 0xff, 0xff,
    0x10, 0x00, 0x00, 0x00, 0xec, 0x72, 0xff, 0xff, 0x08, 0x00, 0x00, 0x00,
    0x10, 0x00, 0x00, 0x00, 0x01, 0x00, 0x00, 0x00, 0xdb, 0xff, 0xff, 0xff,
    0xff, 0xff, 0xff, 0xff, 0x01, 0x00, 0x00, 0x00, 0x3c, 0xf5, 0x0d, 0x3c,
    0x93, 0x00, 0x00, 0x00, 0x73, 0x6f, 0x63, 0x5f, 0x6c, 0x73, 0x74, 0x6d,
    0x5f, 0x31, 0x2f, 0x6c, 0x73, 0x74, 0x6d, 0x5f, 0x31, 0x2f, 0x6c, 0x73,
    0x74, 0x6d, 0x5f, 0x63, 0x65, 0x6c, 0x6c, 0x5f, 0x31, 0x2f, 0x73, 0x70,
    0x6c, 0x69, 0x74, 0x3b, 0x73, 0x6f, 0x63, 0x5f, 0x6c, 0x73, 0x74, 0x6d,
    0x5f, 0x31, 0x2f, 0x6c, 0x73, 0x74, 0x6d, 0x5f, 0x31, 0x2f, 0x6c, 0x73,
    0x74, 0x6d, 0x5f, 0x63, 0x65, 0x6c, 0x6c, 0x5f, 0x31, 0x2f, 0x73, 0x70,
    0x6c, 0x69, 0x74, 0x31, 0x3b, 0x73, 0x6f, 0x63, 0x5f, 0x6c, 0x73, 0x74,
    0x6d, 0x5f, 0x31, 0x2f, 0x6c, 0x73, 0x74, 0x6d, 0x5f, 0x31, 0x2f, 0x6c,
    0x73, 0x74, 0x6d, 0x5f, 0x63, 0x65, 0x6c, 0x6c, 0x5f, 0x31, 0x2f, 0x73,
    0x70, 0x6c, 0x69, 0x74, 0x32, 0x3b, 0x73, 0x6f, 0x63, 0x5f, 0x6c, 0x73,
    0x74, 0x6d, 0x5f, 0x31, 0x2f, 0x6c, 0x73, 0x74, 0x6d, 0x5f, 0x31, 0x2f,
    0x6c, 0x73, 0x74, 0x6d, 0x5f, 0x63, 0x65, 0x6c, 0x6c, 0x5f, 0x31, 0x2f,
    0x73, 0x70, 0x6c, 0x69, 0x74, 0x33, 0x32, 0x00, 0x02, 0x00, 0x00, 0x00,
    0x01, 0x00, 0x00, 0x00, 0x10, 0x00, 0x00, 0x00, 0xf6, 0x73, 0xff, 0xff,
    0x00, 0x00, 0x00, 0x01, 0x18, 0x00, 0x00, 0x00, 0x20, 0x00, 0x00, 0x00,
    0x3c, 0x00, 0x00, 0x00, 0x39, 0x00, 0x00, 0x00, 0x00, 0x00, 0x00, 0x09,
    0xc8, 0x00, 0x00, 0x00, 0x02, 0x00, 0x00, 0x00, 0xff, 0xff, 0xff, 0xff,
    0x10, 0x00, 0x00, 0x00, 0xdc, 0x73, 0xff, 0xff, 0x08, 0x00, 0x00, 0x00,
    0x10, 0x00, 0x00, 0x00, 0x01, 0x00, 0x00, 0x00, 0xdb, 0xff, 0xff, 0xff,
    0xff, 0xff, 0xff, 0xff, 0x01, 0x00, 0x00, 0x00, 0x3c, 0xf5, 0x0d, 0x3c,
    0x93, 0x00, 0x00, 0x00, 0x73, 0x6f, 0x63, 0x5f, 0x6c, 0x73, 0x74, 0x6d,
    0x5f, 0x31, 0x2f, 0x6c, 0x73, 0x74, 0x6d, 0x5f, 0x31, 0x2f, 0x6c, 0x73,
    0x74, 0x6d, 0x5f, 0x63, 0x65, 0x6c, 0x6c, 0x5f, 0x31, 0x2f, 0x73, 0x70,
    0x6c, 0x69, 0x74, 0x3b, 0x73, 0x6f, 0x63, 0x5f, 0x6c, 0x73, 0x74, 0x6d,
    0x5f, 0x31, 0x2f, 0x6c, 0x73, 0x74, 0x6d, 0x5f, 0x31, 0x2f, 0x6c, 0x73,
    0x74, 0x6d, 0x5f, 0x63, 0x65, 0x6c, 0x6c, 0x5f, 0x31, 0x2f, 0x73, 0x70,
    0x6c, 0x69, 0x74, 0x31, 0x3b, 0x73, 0x6f, 0x63, 0x5f, 0x6c, 0x73, 0x74,
    0x6d, 0x5f, 0x31, 0x2f, 0x6c, 0x73, 0x74, 0x6d, 0x5f, 0x31, 0x2f, 0x6c,
    0x73, 0x74, 0x6d, 0x5f, 0x63, 0x65, 0x6c, 0x6c, 0x5f, 0x31, 0x2f, 0x73,
    0x70, 0x6c, 0x69, 0x74, 0x32, 0x3b, 0x73, 0x6f, 0x63, 0x5f, 0x6c, 0x73,
    0x74, 0x6d, 0x5f, 0x31, 0x2f, 0x6c, 0x73, 0x74, 0x6d, 0x5f, 0x31, 0x2f,
    0x6c, 0x73, 0x74, 0x6d, 0x5f, 0x63, 0x65, 0x6c, 0x6c, 0x5f, 0x31, 0x2f,
    0x73, 0x70, 0x6c, 0x69, 0x74, 0x33, 0x31, 0x00, 0x02, 0x00, 0x00, 0x00,
    0x01, 0x00, 0x00, 0x00, 0x10, 0x00, 0x00, 0x00, 0xe6, 0x74, 0xff, 0xff,
    0x00, 0x00, 0x00, 0x01, 0x18, 0x00, 0x00, 0x00, 0x20, 0x00, 0x00, 0x00,
    0x3c, 0x00, 0x00, 0x00, 0x38, 0x00, 0x00, 0x00, 0x00, 0x00, 0x00, 0x09,
    0xc8, 0x00, 0x00, 0x00, 0x02, 0x00, 0x00, 0x00, 0xff, 0xff, 0xff, 0xff,
    0x10, 0x00, 0x00, 0x00, 0xcc, 0x74, 0xff, 0xff, 0x08, 0x00, 0x00, 0x00,
    0x10, 0x00, 0x00, 0x00, 0x01, 0x00, 0x00, 0x00, 0xdb, 0xff, 0xff, 0xff,
    0xff, 0xff, 0xff, 0xff, 0x01, 0x00, 0x00, 0x00, 0x3c, 0xf5, 0x0d, 0x3c,
    0x92, 0x00, 0x00, 0x00, 0x73, 0x6f, 0x63, 0x5f, 0x6c, 0x73, 0x74, 0x6d,
    0x5f, 0x31, 0x2f, 0x6c, 0x73, 0x74, 0x6d, 0x5f, 0x31, 0x2f, 0x6c, 0x73,
    0x74, 0x6d, 0x5f, 0x63, 0x65, 0x6c, 0x6c, 0x5f, 0x31, 0x2f, 0x73, 0x70,
    0x6c, 0x69, 0x74, 0x3b, 0x73, 0x6f, 0x63, 0x5f, 0x6c, 0x73, 0x74, 0x6d,
    0x5f, 0x31, 0x2f, 0x6c, 0x73, 0x74, 0x6d, 0x5f, 0x31, 0x2f, 0x6c, 0x73,
    0x74, 0x6d, 0x5f, 0x63, 0x65, 0x6c, 0x6c, 0x5f, 0x31, 0x2f, 0x73, 0x70,
    0x6c, 0x69, 0x74, 0x31, 0x3b, 0x73, 0x6f, 0x63, 0x5f, 0x6c, 0x73, 0x74,
    0x6d, 0x5f, 0x31, 0x2f, 0x6c, 0x73, 0x74, 0x6d, 0x5f, 0x31, 0x2f, 0x6c,
    0x73, 0x74, 0x6d, 0x5f, 0x63, 0x65, 0x6c, 0x6c, 0x5f, 0x31, 0x2f, 0x73,
    0x70, 0x6c, 0x69, 0x74, 0x32, 0x3b, 0x73, 0x6f, 0x63, 0x5f, 0x6c, 0x73,
    0x74, 0x6d, 0x5f, 0x31, 0x2f, 0x6c, 0x73, 0x74, 0x6d, 0x5f, 0x31, 0x2f,
    0x6c, 0x73, 0x74, 0x6d, 0x5f, 0x63, 0x65, 0x6c, 0x6c, 0x5f, 0x31, 0x2f,
    0x73, 0x70, 0x6c, 0x69, 0x74, 0x33, 0x00, 0x00, 0x02, 0x00, 0x00, 0x00,
    0x01, 0x00, 0x00, 0x00, 0x10, 0x00, 0x00, 0x00, 0xd6, 0x75, 0xff, 0xff,
    0x00, 0x00, 0x00, 0x01, 0x18, 0x00, 0x00, 0x00, 0x20, 0x00, 0x00, 0x00,
    0x40, 0x00, 0x00, 0x00, 0x37, 0x00, 0x00, 0x00, 0x00, 0x00, 0x00, 0x09,
    0x60, 0x00, 0x00, 0x00, 0x02, 0x00, 0x00, 0x00, 0xff, 0xff, 0xff, 0xff,
    0x40, 0x00, 0x00, 0x00, 0xbc, 0x75, 0xff, 0xff, 0x08, 0x00, 0x00, 0x00,
    0x14, 0x00, 0x00, 0x00, 0x01, 0x00, 0x00, 0x00, 0xdb, 0xff, 0xff, 0xff,
    0xff, 0xff, 0xff, 0xff, 0x00, 0x00, 0x00, 0x00, 0x01, 0x00, 0x00, 0x00,
    0x3c, 0xf5, 0x0d, 0x3c, 0x25, 0x00, 0x00, 0x00, 0x73, 0x6f, 0x63, 0x5f,
    0x6c, 0x73, 0x74, 0x6d, 0x5f, 0x31, 0x2f, 0x6c, 0x73, 0x74, 0x6d, 0x5f,
    0x31, 0x2f, 0x6c, 0x73, 0x74, 0x6d, 0x5f, 0x63, 0x65, 0x6c, 0x6c, 0x5f,
    0x31, 0x2f, 0x42, 0x69, 0x61, 0x73, 0x41, 0x64, 0x64, 0x00, 0x00, 0x00,
    0x02, 0x00, 0x00, 0x00, 0x01, 0x00, 0x00, 0x00, 0x40, 0x00, 0x00, 0x00,
    0x5e, 0x76, 0xff, 0xff, 0x00, 0x00, 0x00, 0x01, 0x18, 0x00, 0x00, 0x00,
    0x20, 0x00, 0x00, 0x00, 0x3c, 0x00, 0x00, 0x00, 0x36, 0x00, 0x00, 0x00,
    0x00, 0x00, 0x00, 0x09, 0x58, 0x00, 0x00, 0x00, 0x02, 0x00, 0x00, 0x00,
    0xff, 0xff, 0xff, 0xff, 0x40, 0x00, 0x00, 0x00, 0x44, 0x76, 0xff, 0xff,
    0x08, 0x00, 0x00, 0x00, 0x10, 0x00, 0x00, 0x00, 0x01, 0x00, 0x00, 0x00,
    0xdf, 0xff, 0xff, 0xff, 0xff, 0xff, 0xff, 0xff, 0x01, 0x00, 0x00, 0x00,
    0x36, 0x46, 0x12, 0x3c, 0x21, 0x00, 0x00, 0x00, 0x73, 0x6f, 0x63, 0x5f,
    0x6c, 0x73, 0x74, 0x6d, 0x5f, 0x31, 0x2f, 0x6c, 0x73, 0x74, 0x6d, 0x5f,
    0x31, 0x2f, 0x6c, 0x73, 0x74, 0x6d, 0x5f, 0x63, 0x65, 0x6c, 0x6c, 0x5f,
    0x31, 0x2f, 0x41, 0x64, 0x64, 0x00, 0x00, 0x00, 0x02, 0x00, 0x00, 0x00,
    0x01, 0x00, 0x00, 0x00, 0x40, 0x00, 0x00, 0x00, 0xde, 0x76, 0xff, 0xff,
    0x00, 0x00, 0x00, 0x01, 0x18, 0x00, 0x00, 0x00, 0x20, 0x00, 0x00, 0x00,
    0x40, 0x00, 0x00, 0x00, 0x35, 0x00, 0x00, 0x00, 0x00, 0x00, 0x00, 0x09,
    0x60, 0x00, 0x00, 0x00, 0x02, 0x00, 0x00, 0x00, 0xff, 0xff, 0xff, 0xff,
    0x40, 0x00, 0x00, 0x00, 0xc4, 0x76, 0xff, 0xff, 0x08, 0x00, 0x00, 0x00,
    0x14, 0x00, 0x00, 0x00, 0x01, 0x00, 0x00, 0x00, 0x08, 0x00, 0x00, 0x00,
    0x00, 0x00, 0x00, 0x00, 0x00, 0x00, 0x00, 0x00, 0x01, 0x00, 0x00, 0x00,
    0xa3, 0xe4, 0xcc, 0x3b, 0x24, 0x00, 0x00, 0x00, 0x73, 0x6f, 0x63, 0x5f,
    0x6c, 0x73, 0x74, 0x6d, 0x5f, 0x31, 0x2f, 0x6c, 0x73, 0x74, 0x6d, 0x5f,
    0x31, 0x2f, 0x6c, 0x73, 0x74, 0x6d, 0x5f, 0x63, 0x65, 0x6c, 0x6c, 0x5f,
    0x31, 0x2f, 0x4d, 0x61, 0x74, 0x4d, 0x75, 0x6c, 0x00, 0x00, 0x00, 0x00,
    0x02, 0x00, 0x00, 0x00, 0x01, 0x00, 0x00, 0x00, 0x40, 0x00, 0x00, 0x00,
    0x66, 0x77, 0xff, 0xff, 0x00, 0x00, 0x00, 0x01, 0x18, 0x00, 0x00, 0x00,
    0x20, 0x00, 0x00, 0x00, 0x40, 0x00, 0x00, 0x00, 0x34, 0x00, 0x00, 0x00,
    0x00, 0x00, 0x00, 0x09, 0x60, 0x00, 0x00, 0x00, 0x02, 0x00, 0x00, 0x00,
    0xff, 0xff, 0xff, 0xff, 0x40, 0x00, 0x00, 0x00, 0x4c, 0x77, 0xff, 0xff,
    0x08, 0x00, 0x00, 0x00, 0x14, 0x00, 0x00, 0x00, 0x01, 0x00, 0x00, 0x00,
    0x00, 0x00, 0x00, 0x00, 0x00, 0x00, 0x00, 0x00, 0x00, 0x00, 0x00, 0x00,
    0x01, 0x00, 0x00, 0x00, 0x7b, 0xbe, 0x06, 0x32, 0x26, 0x00, 0x00, 0x00,
    0x73, 0x6f, 0x63, 0x5f, 0x6c, 0x73, 0x74, 0x6d, 0x5f, 0x31, 0x2f, 0x6c,
    0x73, 0x74, 0x6d, 0x5f, 0x31, 0x2f, 0x6c, 0x73, 0x74, 0x6d, 0x5f, 0x63,
    0x65, 0x6c, 0x6c, 0x5f, 0x31, 0x2f, 0x4d, 0x61, 0x74, 0x4d, 0x75, 0x6c,
    0x5f, 0x31, 0x00, 0x00, 0x02, 0x00, 0x00, 0x00, 0x01, 0x00, 0x00, 0x00,
    0x40, 0x00, 0x00, 0x00, 0xee, 0x77, 0xff, 0xff, 0x00, 0x00, 0x00, 0x01,
    0x18, 0x00, 0x00, 0x00, 0x20, 0x00, 0x00, 0x00, 0x3c, 0x00, 0x00, 0x00,
    0x33, 0x00, 0x00, 0x00, 0x00, 0x00, 0x00, 0x09, 0x4c, 0x00, 0x00, 0x00,
    0x02, 0x00, 0x00, 0x00, 0xff, 0xff, 0xff, 0xff, 0x10, 0x00, 0x00, 0x00,
    0xd4, 0x77, 0xff, 0xff, 0x08, 0x00, 0x00, 0x00, 0x10, 0x00, 0x00, 0x00,
    0x01, 0x00, 0x00, 0x00, 0x00, 0x00, 0x00, 0x00, 0x00, 0x00, 0x00, 0x00,
    0x01, 0x00, 0x00, 0x00, 0x7b, 0xbe, 0x06, 0x32, 0x17, 0x00, 0x00, 0x00,
    0x73, 0x6f, 0x63, 0x5f, 0x6c, 0x73, 0x74, 0x6d, 0x5f, 0x31, 0x2f, 0x6c,
    0x73, 0x74, 0x6d, 0x5f, 0x31, 0x2f, 0x7a, 0x65, 0x72, 0x6f, 0x73, 0x00,
    0x02, 0x00, 0x00, 0x00, 0x01, 0x00, 0x00, 0x00, 0x10, 0x00, 0x00, 0x00,
    0xd2, 0x78, 0xff, 0xff, 0x00, 0x00, 0x00, 0x01, 0x14, 0x00, 0x00, 0x00,
    0x14, 0x00, 0x00, 0x00, 0x32, 0x00, 0x00, 0x00, 0x00, 0x00, 0x00, 0x02,
    0x2c, 0x00, 0x00, 0x00, 0xbc, 0x78, 0xff, 0xff, 0x1e, 0x00, 0x00, 0x00,
    0x73, 0x6f, 0x63, 0x5f, 0x6c, 0x73, 0x74, 0x6d, 0x5f, 0x31, 0x2f, 0x6c,
    0x73, 0x74, 0x6d, 0x5f, 0x31, 0x2f, 0x7a, 0x65, 0x72, 0x6f, 0x73, 0x2f,
    0x70, 0x61, 0x63, 0x6b, 0x65, 0x64, 0x00, 0x00, 0x01, 0x00, 0x00, 0x00,
    0x02, 0x00, 0x00, 0x00, 0xae, 0x78, 0xff, 0xff, 0x00, 0x00, 0x00, 0x01,
    0x18, 0x00, 0x00, 0x00, 0x20, 0x00, 0x00, 0x00, 0x40, 0x00, 0x00, 0x00,
    0x31, 0x00, 0x00, 0x00, 0x00, 0x00, 0x00, 0x09, 0xb0, 0x03, 0x00, 0x00,
    0x02, 0x00, 0x00, 0x00, 0xff, 0xff, 0xff, 0xff, 0x03, 0x00, 0x00, 0x00,
    0x94, 0x78, 0xff, 0xff, 0x08, 0x00, 0x00, 0x00, 0x14, 0x00, 0x00, 0x00,
    0x01, 0x00, 0x00, 0x00, 0xf7, 0xff, 0xff, 0xff, 0xff, 0xff, 0xff, 0xff,
    0x00, 0x00, 0x00, 0x00, 0x01, 0x00, 0x00, 0x00, 0xe0, 0x92, 0xd5, 0x3b,
    0x76, 0x03, 0x00, 0x00, 0x73, 0x6f, 0x63, 0x5f, 0x6c, 0x73, 0x74, 0x6d,
    0x5f, 0x31, 0x2f, 0x6c, 0x73, 0x74, 0x6d, 0x5f, 0x31, 0x2f, 0x75, 0x6e,
    0x73, 0x74, 0x61, 0x63, 0x6b, 0x3b, 0x73, 0x6f, 0x63, 0x5f, 0x6c, 0x73,
    0x74, 0x6d, 0x5f, 0x31, 0x2f, 0x6c, 0x73, 0x74, 0x6d, 0x5f, 0x31, 0x2f,
    0x75, 0x6e, 0x73, 0x74, 0x61, 0x63, 0x6b, 0x31, 0x3b, 0x73, 0x6f, 0x63,
    0x5f, 0x6c, 0x73, 0x74, 0x6d, 0x5f, 0x31, 0x2f, 0x6c, 0x73, 0x74, 0x6d,
    0x5f, 0x31, 0x2f, 0x75, 0x6e, 0x73, 0x74, 0x61, 0x63, 0x6b, 0x32, 0x3b,
    0x73, 0x6f, 0x63, 0x5f, 0x6c, 0x73, 0x74, 0x6d, 0x5f, 0x31, 0x2f, 0x6c,
    0x73, 0x74, 0x6d, 0x5f, 0x31, 0x2f, 0x75, 0x6e, 0x73, 0x74, 0x61, 0x63,
    0x6b, 0x33, 0x3b, 0x73, 0x6f, 0x63, 0x5f, 0x6c, 0x73, 0x74, 0x6d, 0x5f,
    0x31, 0x2f, 0x6c, 0x73, 0x74, 0x6d, 0x5f, 0x31, 0x2f, 0x75, 0x6e, 0x73,
    0x74, 0x61, 0x63, 0x6b, 0x34, 0x3b, 0x73, 0x6f, 0x63, 0x5f, 0x6c, 0x73,
    0x74, 0x6d, 0x5f, 0x31, 0x2f, 0x6c, 0x73, 0x74, 0x6d, 0x5f, 0x31, 0x2f,
    0x75, 0x6e, 0x73, 0x74, 0x61, 0x63, 0x6b, 0x35, 0x3b, 0x73, 0x6f, 0x63,
    0x5f, 0x6c, 0x73, 0x74, 0x6d, 0x5f, 0x31, 0x2f, 0x6c, 0x73, 0x74, 0x6d,
    0x5f, 0x31, 0x2f, 0x75, 0x6e, 0x73, 0x74, 0x61, 0x63, 0x6b, 0x36, 0x3b,
    0x73, 0x6f, 0x63, 0x5f, 0x6c, 0x73, 0x74, 0x6d, 0x5f, 0x31, 0x2f, 0x6c,
    0x73, 0x74, 0x6d, 0x5f, 0x31, 0x2f, 0x75, 0x6e, 0x73, 0x74, 0x61, 0x63,
    0x6b, 0x37, 0x3b, 0x73, 0x6f, 0x63, 0x5f, 0x6c, 0x73, 0x74, 0x6d, 0x5f,
    0x31, 0x2f, 0x6c, 0x73, 0x74, 0x6d, 0x5f, 0x31, 0x2f, 0x75, 0x6e, 0x73,
    0x74, 0x61, 0x63, 0x6b, 0x38, 0x3b, 0x73, 0x6f, 0x63, 0x5f, 0x6c, 0x73,
    0x74, 0x6d, 0x5f, 0x31, 0x2f, 0x6c, 0x73, 0x74, 0x6d, 0x5f, 0x31, 0x2f,
    0x75, 0x6e, 0x73, 0x74, 0x61, 0x63, 0x6b, 0x39, 0x3b, 0x73, 0x6f, 0x63,
    0x5f, 0x6c, 0x73, 0x74, 0x6d, 0x5f, 0x31, 0x2f, 0x6c, 0x73, 0x74, 0x6d,
    0x5f, 0x31, 0x2f, 0x75, 0x6e, 0x73, 0x74, 0x61, 0x63, 0x6b, 0x31, 0x30,
    0x3b, 0x73, 0x6f, 0x63, 0x5f, 0x6c, 0x73, 0x74, 0x6d, 0x5f, 0x31, 0x2f,
    0x6c, 0x73, 0x74, 0x6d, 0x5f, 0x31, 0x2f, 0x75, 0x6e, 0x73, 0x74, 0x61,
    0x63, 0x6b, 0x31, 0x31, 0x3b, 0x73, 0x6f, 0x63, 0x5f, 0x6c, 0x73, 0x74,
    0x6d, 0x5f, 0x31, 0x2f, 0x6c, 0x73, 0x74, 0x6d, 0x5f, 0x31, 0x2f, 0x75,
    0x6e, 0x73, 0x74, 0x61, 0x63, 0x6b, 0x31, 0x32, 0x3b, 0x73, 0x6f, 0x63,
    0x5f, 0x6c, 0x73, 0x74, 0x6d, 0x5f, 0x31, 0x2f, 0x6c, 0x73, 0x74, 0x6d,
    0x5f, 0x31, 0x2f, 0x75, 0x6e, 0x73, 0x74, 0x61, 0x63, 0x6b, 0x31, 0x33,
    0x3b, 0x73, 0x6f, 0x63, 0x5f, 0x6c, 0x73, 0x74, 0x6d, 0x5f, 0x31, 0x2f,
    0x6c, 0x73, 0x74, 0x6d, 0x5f, 0x31, 0x2f, 0x75, 0x6e, 0x73, 0x74, 0x61,
    0x63, 0x6b, 0x31, 0x34, 0x3b, 0x73, 0x6f, 0x63, 0x5f, 0x6c, 0x73, 0x74,
    0x6d, 0x5f, 0x31, 0x2f, 0x6c, 0x73, 0x74, 0x6d, 0x5f, 0x31, 0x2f, 0x75,
    0x6e, 0x73, 0x74, 0x61, 0x63, 0x6b, 0x31, 0x35, 0x3b, 0x73, 0x6f, 0x63,
    0x5f, 0x6c, 0x73, 0x74, 0x6d, 0x5f, 0x31, 0x2f, 0x6c, 0x73, 0x74, 0x6d,
    0x5f, 0x31, 0x2f, 0x75, 0x6e, 0x73, 0x74, 0x61, 0x63, 0x6b, 0x31, 0x36,
    0x3b, 0x73, 0x6f, 0x63, 0x5f, 0x6c, 0x73, 0x74, 0x6d, 0x5f, 0x31, 0x2f,
    0x6c, 0x73, 0x74, 0x6d, 0x5f, 0x31, 0x2f, 0x75, 0x6e, 0x73, 0x74, 0x61,
    0x63, 0x6b, 0x31, 0x37, 0x3b, 0x73, 0x6f, 0x63, 0x5f, 0x6c, 0x73, 0x74,
    0x6d, 0x5f, 0x31, 0x2f, 0x6c, 0x73, 0x74, 0x6d, 0x5f, 0x31, 0x2f, 0x75,
    0x6e, 0x73, 0x74, 0x61, 0x63, 0x6b, 0x31, 0x38, 0x3b, 0x73, 0x6f, 0x63,
    0x5f, 0x6c, 0x73, 0x74, 0x6d, 0x5f, 0x31, 0x2f, 0x6c, 0x73, 0x74, 0x6d,
    0x5f, 0x31, 0x2f, 0x75, 0x6e, 0x73, 0x74, 0x61, 0x63, 0x6b, 0x31, 0x39,
    0x3b, 0x73, 0x6f, 0x63, 0x5f, 0x6c, 0x73, 0x74, 0x6d, 0x5f, 0x31, 0x2f,
    0x6c, 0x73, 0x74, 0x6d, 0x5f, 0x31, 0x2f, 0x75, 0x6e, 0x73, 0x74, 0x61,
    0x63, 0x6b, 0x32, 0x30, 0x3b, 0x73, 0x6f, 0x63, 0x5f, 0x6c, 0x73, 0x74,
    0x6d, 0x5f, 0x31, 0x2f, 0x6c, 0x73, 0x74, 0x6d, 0x5f, 0x31, 0x2f, 0x75,
    0x6e, 0x73, 0x74, 0x61, 0x63, 0x6b, 0x32, 0x31, 0x3b, 0x73, 0x6f, 0x63,
    0x5f, 0x6c, 0x73, 0x74, 0x6d, 0x5f, 0x31, 0x2f, 0x6c, 0x73, 0x74, 0x6d,
    0x5f, 0x31, 0x2f, 0x75, 0x6e, 0x73, 0x74, 0x61, 0x63, 0x6b, 0x32, 0x32,
    0x3b, 0x73, 0x6f, 0x63, 0x5f, 0x6c, 0x73, 0x74, 0x6d, 0x5f, 0x31, 0x2f,
    0x6c, 0x73, 0x74, 0x6d, 0x5f, 0x31, 0x2f, 0x75, 0x6e, 0x73, 0x74, 0x61,
    0x63, 0x6b, 0x32, 0x33, 0x3b, 0x73, 0x6f, 0x63, 0x5f, 0x6c, 0x73, 0x74,
    0x6d, 0x5f, 0x31, 0x2f, 0x6c, 0x73, 0x74, 0x6d, 0x5f, 0x31, 0x2f, 0x75,
    0x6e, 0x73, 0x74, 0x61, 0x63, 0x6b, 0x32, 0x34, 0x3b, 0x73, 0x6f, 0x63,
    0x5f, 0x6c, 0x73, 0x74, 0x6d, 0x5f, 0x31, 0x2f, 0x6c, 0x73, 0x74, 0x6d,
    0x5f, 0x31, 0x2f, 0x75, 0x6e, 0x73, 0x74, 0x61, 0x63, 0x6b, 0x32, 0x35,
    0x3b, 0x73, 0x6f, 0x63, 0x5f, 0x6c, 0x73, 0x74, 0x6d, 0x5f, 0x31, 0x2f,
    0x6c, 0x73, 0x74, 0x6d, 0x5f, 0x31, 0x2f, 0x75, 0x6e, 0x73, 0x74, 0x61,
    0x63, 0x6b, 0x32, 0x36, 0x3b, 0x73, 0x6f, 0x63, 0x5f, 0x6c, 0x73, 0x74,
    0x6d, 0x5f, 0x31, 0x2f, 0x6c, 0x73, 0x74, 0x6d, 0x5f, 0x31, 0x2f, 0x75,
    0x6e, 0x73, 0x74, 0x61, 0x63, 0x6b, 0x32, 0x37, 0x3b, 0x73, 0x6f, 0x63,
    0x5f, 0x6c, 0x73, 0x74, 0x6d, 0x5f, 0x31, 0x2f, 0x6c, 0x73, 0x74, 0x6d,
    0x5f, 0x31, 0x2f, 0x75, 0x6e, 0x73, 0x74, 0x61, 0x63, 0x6b, 0x32, 0x38,
    0x3b, 0x73, 0x6f, 0x63, 0x5f, 0x6c, 0x73, 0x74, 0x6d, 0x5f, 0x31, 0x2f,
    0x6c, 0x73, 0x74, 0x6d, 0x5f, 0x31, 0x2f, 0x75, 0x6e, 0x73, 0x74, 0x61,
    0x63, 0x6b, 0x32, 0x39, 0x3b, 0x73, 0x6f, 0x63, 0x5f, 0x6c, 0x73, 0x74,
    0x6d, 0x5f, 0x31, 0x2f, 0x6c, 0x73, 0x74, 0x6d, 0x5f, 0x31, 0x2f, 0x75,
    0x6e, 0x73, 0x74, 0x61, 0x63, 0x6b, 0x33, 0x30, 0x3b, 0x73, 0x6f, 0x63,
    0x5f, 0x6c, 0x73, 0x74, 0x6d, 0x5f, 0x31, 0x2f, 0x6c, 0x73, 0x74, 0x6d,
    0x5f, 0x31, 0x2f, 0x75, 0x6e, 0x73, 0x74, 0x61, 0x63, 0x6b, 0x33, 0x31,
    0x33, 0x31, 0x00, 0x00, 0x02, 0x00, 0x00, 0x00, 0x01, 0x00, 0x00, 0x00,
    0x03, 0x00, 0x00, 0x00, 0x86, 0x7c, 0xff, 0xff, 0x00, 0x00, 0x00, 0x01,
    0x18, 0x00, 0x00, 0x00, 0x20, 0x00, 0x00, 0x00, 0x40, 0x00, 0x00, 0x00,
    0x30, 0x00, 0x00, 0x00, 0x00, 0x00, 0x00, 0x09, 0xb0, 0x03, 0x00, 0x00,
    0x02, 0x00, 0x00, 0x00, 0xff, 0xff, 0xff, 0xff, 0x03, 0x00, 0x00, 0x00,
    0x6c, 0x7c, 0xff, 0xff, 0x08, 0x00, 0x00, 0x00, 0x14, 0x00, 0x00, 0x00,
    0x01, 0x00, 0x00, 0x00, 0xf7, 0xff, 0xff, 0xff, 0xff, 0xff, 0xff, 0xff,
    0x00, 0x00, 0x00, 0x00, 0x01, 0x00, 0x00, 0x00, 0xe0, 0x92, 0xd5, 0x3b,
    0x76, 0x03, 0x00, 0x00, 0x73, 0x6f, 0x63, 0x5f, 0x6c, 0x73, 0x74, 0x6d,
    0x5f, 0x31, 0x2f, 0x6c, 0x73, 0x74, 0x6d, 0x5f, 0x31, 0x2f, 0x75, 0x6e,
    0x73, 0x74, 0x61, 0x63, 0x6b, 0x3b, 0x73, 0x6f, 0x63, 0x5f, 0x6c, 0x73,
    0x74, 0x6d, 0x5f, 0x31, 0x2f, 0x6c, 0x73, 0x74, 0x6d, 0x5f, 0x31, 0x2f,
    0x75, 0x6e, 0x73, 0x74, 0x61, 0x63, 0x6b, 0x31, 0x3b, 0x73, 0x6f, 0x63,
    0x5f, 0x6c, 0x73, 0x74, 0x6d, 0x5f, 0x31, 0x2f, 0x6c, 0x73, 0x74, 0x6d,
    0x5f, 0x31, 0x2f, 0x75, 0x6e, 0x73, 0x74, 0x61, 0x63, 0x6b, 0x32, 0x3b,
    0x73, 0x6f, 0x63, 0x5f, 0x6c, 0x73, 0x74, 0x6d, 0x5f, 0x31, 0x2f, 0x6c,
    0x73, 0x74, 0x6d, 0x5f, 0x31, 0x2f, 0x75, 0x6e, 0x73, 0x74, 0x61, 0x63,
    0x6b, 0x33, 0x3b, 0x73, 0x6f, 0x63, 0x5f, 0x6c, 0x73, 0x74, 0x6d, 0x5f,
    0x31, 0x2f, 0x6c, 0x73, 0x74, 0x6d, 0x5f, 0x31, 0x2f, 0x75, 0x6e, 0x73,
    0x74, 0x61, 0x63, 0x6b, 0x34, 0x3b, 0x73, 0x6f, 0x63, 0x5f, 0x6c, 0x73,
    0x74, 0x6d, 0x5f, 0x31, 0x2f, 0x6c, 0x73, 0x74, 0x6d, 0x5f, 0x31, 0x2f,
    0x75, 0x6e, 0x73, 0x74, 0x61, 0x63, 0x6b, 0x35, 0x3b, 0x73, 0x6f, 0x63,
    0x5f, 0x6c, 0x73, 0x74, 0x6d, 0x5f, 0x31, 0x2f, 0x6c, 0x73, 0x74, 0x6d,
    0x5f, 0x31, 0x2f, 0x75, 0x6e, 0x73, 0x74, 0x61, 0x63, 0x6b, 0x36, 0x3b,
    0x73, 0x6f, 0x63, 0x5f, 0x6c, 0x73, 0x74, 0x6d, 0x5f, 0x31, 0x2f, 0x6c,
    0x73, 0x74, 0x6d, 0x5f, 0x31, 0x2f, 0x75, 0x6e, 0x73, 0x74, 0x61, 0x63,
    0x6b, 0x37, 0x3b, 0x73, 0x6f, 0x63, 0x5f, 0x6c, 0x73, 0x74, 0x6d, 0x5f,
    0x31, 0x2f, 0x6c, 0x73, 0x74, 0x6d, 0x5f, 0x31, 0x2f, 0x75, 0x6e, 0x73,
    0x74, 0x61, 0x63, 0x6b, 0x38, 0x3b, 0x73, 0x6f, 0x63, 0x5f, 0x6c, 0x73,
    0x74, 0x6d, 0x5f, 0x31, 0x2f, 0x6c, 0x73, 0x74, 0x6d, 0x5f, 0x31, 0x2f,
    0x75, 0x6e, 0x73, 0x74, 0x61, 0x63, 0x6b, 0x39, 0x3b, 0x73, 0x6f, 0x63,
    0x5f, 0x6c, 0x73, 0x74, 0x6d, 0x5f, 0x31, 0x2f, 0x6c, 0x73, 0x74, 0x6d,
    0x5f, 0x31, 0x2f, 0x75, 0x6e, 0x73, 0x74, 0x61, 0x63, 0x6b, 0x31, 0x30,
    0x3b, 0x73, 0x6f, 0x63, 0x5f, 0x6c, 0x73, 0x74, 0x6d, 0x5f, 0x31, 0x2f,
    0x6c, 0x73, 0x74, 0x6d, 0x5f, 0x31, 0x2f, 0x75, 0x6e, 0x73, 0x74, 0x61,
    0x63, 0x6b, 0x31, 0x31, 0x3b, 0x73, 0x6f, 0x63, 0x5f, 0x6c, 0x73, 0x74,
    0x6d, 0x5f, 0x31, 0x2f, 0x6c, 0x73, 0x74, 0x6d, 0x5f, 0x31, 0x2f, 0x75,
    0x6e, 0x73, 0x74, 0x61, 0x63, 0x6b, 0x31, 0x32, 0x3b, 0x73, 0x6f, 0x63,
    0x5f, 0x6c, 0x73, 0x74, 0x6d, 0x5f, 0x31, 0x2f, 0x6c, 0x73, 0x74, 0x6d,
    0x5f, 0x31, 0x2f, 0x75, 0x6e, 0x73, 0x74, 0x61, 0x63, 0x6b, 0x31, 0x33,
    0x3b, 0x73, 0x6f, 0x63, 0x5f, 0x6c, 0x73, 0x74, 0x6d, 0x5f, 0x31, 0x2f,
    0x6c, 0x73, 0x74, 0x6d, 0x5f, 0x31, 0x2f, 0x75, 0x6e, 0x73, 0x74, 0x61,
    0x63, 0x6b, 0x31, 0x34, 0x3b, 0x73, 0x6f, 0x63, 0x5f, 0x6c, 0x73, 0x74,
    0x6d, 0x5f, 0x31, 0x2f, 0x6c, 0x73, 0x74, 0x6d, 0x5f, 0x31, 0x2f, 0x75,
    0x6e, 0x73, 0x74, 0x61, 0x63, 0x6b, 0x31, 0x35, 0x3b, 0x73, 0x6f, 0x63,
    0x5f, 0x6c, 0x73, 0x74, 0x6d, 0x5f, 0x31, 0x2f, 0x6c, 0x73, 0x74, 0x6d,
    0x5f, 0x31, 0x2f, 0x75, 0x6e, 0x73, 0x74, 0x61, 0x63, 0x6b, 0x31, 0x36,
    0x3b, 0x73, 0x6f, 0x63, 0x5f, 0x6c, 0x73, 0x74, 0x6d, 0x5f, 0x31, 0x2f,
    0x6c, 0x73, 0x74, 0x6d, 0x5f, 0x31, 0x2f, 0x75, 0x6e, 0x73, 0x74, 0x61,
    0x63, 0x6b, 0x31, 0x37, 0x3b, 0x73, 0x6f, 0x63, 0x5f, 0x6c, 0x73, 0x74,
    0x6d, 0x5f, 0x31, 0x2f, 0x6c, 0x73, 0x74, 0x6d, 0x5f, 0x31, 0x2f, 0x75,
    0x6e, 0x73, 0x74, 0x61, 0x63, 0x6b, 0x31, 0x38, 0x3b, 0x73, 0x6f, 0x63,
    0x5f, 0x6c, 0x73, 0x74, 0x6d, 0x5f, 0x31, 0x2f, 0x6c, 0x73, 0x74, 0x6d,
    0x5f, 0x31, 0x2f, 0x75, 0x6e, 0x73, 0x74, 0x61, 0x63, 0x6b, 0x31, 0x39,
    0x3b, 0x73, 0x6f, 0x63, 0x5f, 0x6c, 0x73, 0x74, 0x6d, 0x5f, 0x31, 0x2f,
    0x6c, 0x73, 0x74, 0x6d, 0x5f, 0x31, 0x2f, 0x75, 0x6e, 0x73, 0x74, 0x61,
    0x63, 0x6b, 0x32, 0x30, 0x3b, 0x73, 0x6f, 0x63, 0x5f, 0x6c, 0x73, 0x74,
    0x6d, 0x5f, 0x31, 0x2f, 0x6c, 0x73, 0x74, 0x6d, 0x5f, 0x31, 0x2f, 0x75,
    0x6e, 0x73, 0x74, 0x61, 0x63, 0x6b, 0x32, 0x31, 0x3b, 0x73, 0x6f, 0x63,
    0x5f, 0x6c, 0x73, 0x74, 0x6d, 0x5f, 0x31, 0x2f, 0x6c, 0x73, 0x74, 0x6d,
    0x5f, 0x31, 0x2f, 0x75, 0x6e, 0x73, 0x74, 0x61, 0x63, 0x6b, 0x32, 0x32,
    0x3b, 0x73, 0x6f, 0x63, 0x5f, 0x6c, 0x73, 0x74, 0x6d, 0x5f, 0x31, 0x2f,
    0x6c, 0x73, 0x74, 0x6d, 0x5f, 0x31, 0x2f, 0x75, 0x6e, 0x73, 0x74, 0x61,
    0x63, 0x6b, 0x32, 0x33, 0x3b, 0x73, 0x6f, 0x63, 0x5f, 0x6c, 0x73, 0x74,
    0x6d, 0x5f, 0x31, 0x2f, 0x6c, 0x73, 0x74, 0x6d, 0x5f, 0x31, 0x2f, 0x75,
    0x6e, 0x73, 0x74, 0x61, 0x63, 0x6b, 0x32, 0x34, 0x3b, 0x73, 0x6f, 0x63,
    0x5f, 0x6c, 0x73, 0x74, 0x6d, 0x5f, 0x31, 0x2f, 0x6c, 0x73, 0x74, 0x6d,
    0x5f, 0x31, 0x2f, 0x75, 0x6e, 0x73, 0x74, 0x61, 0x63, 0x6b, 0x32, 0x35,
    0x3b, 0x73, 0x6f, 0x63, 0x5f, 0x6c, 0x73, 0x74, 0x6d, 0x5f, 0x31, 0x2f,
    0x6c, 0x73, 0x74, 0x6d, 0x5f, 0x31, 0x2f, 0x75, 0x6e, 0x73, 0x74, 0x61,
    0x63, 0x6b, 0x32, 0x36, 0x3b, 0x73, 0x6f, 0x63, 0x5f, 0x6c, 0x73, 0x74,
    0x6d, 0x5f, 0x31, 0x2f, 0x6c, 0x73, 0x74, 0x6d, 0x5f, 0x31, 0x2f, 0x75,
    0x6e, 0x73, 0x74, 0x61, 0x63, 0x6b, 0x32, 0x37, 0x3b, 0x73, 0x6f, 0x63,
    0x5f, 0x6c, 0x73, 0x74, 0x6d, 0x5f, 0x31, 0x2f, 0x6c, 0x73, 0x74, 0x6d,
    0x5f, 0x31, 0x2f, 0x75, 0x6e, 0x73, 0x74, 0x61, 0x63, 0x6b, 0x32, 0x38,
    0x3b, 0x73, 0x6f, 0x63, 0x5f, 0x6c, 0x73, 0x74, 0x6d, 0x5f, 0x31, 0x2f,
    0x6c, 0x73, 0x74, 0x6d, 0x5f, 0x31, 0x2f, 0x75, 0x6e, 0x73, 0x74, 0x61,
    0x63, 0x6b, 0x32, 0x39, 0x3b, 0x73, 0x6f, 0x63, 0x5f, 0x6c, 0x73, 0x74,
    0x6d, 0x5f, 0x31, 0x2f, 0x6c, 0x73, 0x74, 0x6d, 0x5f, 0x31, 0x2f, 0x75,
    0x6e, 0x73, 0x74, 0x61, 0x63, 0x6b, 0x33, 0x30, 0x3b, 0x73, 0x6f, 0x63,
    0x5f, 0x6c, 0x73, 0x74, 0x6d, 0x5f, 0x31, 0x2f, 0x6c, 0x73, 0x74, 0x6d,
    0x5f, 0x31, 0x2f, 0x75, 0x6e, 0x73, 0x74, 0x61, 0x63, 0x6b, 0x33, 0x31,
    0x33, 0x30, 0x00, 0x00, 0x02, 0x00, 0x00, 0x00, 0x01, 0x00, 0x00, 0x00,
    0x03, 0x00, 0x00, 0x00, 0x5e, 0x80, 0xff, 0xff, 0x00, 0x00, 0x00, 0x01,
    0x18, 0x00, 0x00, 0x00, 0x20, 0x00, 0x00, 0x00, 0x40, 0x00, 0x00, 0x00,
    0x2f, 0x00, 0x00, 0x00, 0x00, 0x00, 0x00, 0x09, 0xb0, 0x03, 0x00, 0x00,
    0x02, 0x00, 0x00, 0x00, 0xff, 0xff, 0xff, 0xff, 0x03, 0x00, 0x00, 0x00,
    0x44, 0x80, 0xff, 0xff, 0x08, 0x00, 0x00, 0x00, 0x14, 0x00, 0x00, 0x00,
    0x01, 0x00, 0x00, 0x00, 0xf7, 0xff, 0xff, 0xff, 0xff, 0xff, 0xff, 0xff,
    0x00, 0x00, 0x00, 0x00, 0x01, 0x00, 0x00, 0x00, 0xe0, 0x92, 0xd5, 0x3b,
    0x76, 0x03, 0x00, 0x00, 0x73, 0x6f, 0x63, 0x5f, 0x6c, 0x73, 0x74, 0x6d,
    0x5f, 0x31, 0x2f, 0x6c, 0x73, 0x74, 0x6d, 0x5f, 0x31, 0x2f, 0x75, 0x6e,
    0x73, 0x74, 0x61, 0x63, 0x6b, 0x3b, 0x73, 0x6f, 0x63, 0x5f, 0x6c, 0x73,
    0x74, 0x6d, 0x5f, 0x31, 0x2f, 0x6c, 0x73, 0x74, 0x6d, 0x5f, 0x31, 0x2f,
    0x75, 0x6e, 0x73, 0x74, 0x61, 0x63, 0x6b, 0x31, 0x3b, 0x73, 0x6f, 0x63,
    0x5f, 0x6c, 0x73, 0x74, 0x6d, 0x5f, 0x31, 0x2f, 0x6c, 0x73, 0x74, 0x6d,
    0x5f, 0x31, 0x2f, 0x75, 0x6e, 0x73, 0x74, 0x61, 0x63, 0x6b, 0x32, 0x3b,
    0x73, 0x6f, 0x63, 0x5f, 0x6c, 0x73, 0x74, 0x6d, 0x5f, 0x31, 0x2f, 0x6c,
    0x73, 0x74, 0x6d, 0x5f, 0x31, 0x2f, 0x75, 0x6e, 0x73, 0x74, 0x61, 0x63,
    0x6b, 0x33, 0x3b, 0x73, 0x6f, 0x63, 0x5f, 0x6c, 0x73, 0x74, 0x6d, 0x5f,
    0x31, 0x2f, 0x6c, 0x73, 0x74, 0x6d, 0x5f, 0x31, 0x2f, 0x75, 0x6e, 0x73,
    0x74, 0x61, 0x63, 0x6b, 0x34, 0x3b, 0x73, 0x6f, 0x63, 0x5f, 0x6c, 0x73,
    0x74, 0x6d, 0x5f, 0x31, 0x2f, 0x6c, 0x73, 0x74, 0x6d, 0x5f, 0x31, 0x2f,
    0x75, 0x6e, 0x73, 0x74, 0x61, 0x63, 0x6b, 0x35, 0x3b, 0x73, 0x6f, 0x63,
    0x5f, 0x6c, 0x73, 0x74, 0x6d, 0x5f, 0x31, 0x2f, 0x6c, 0x73, 0x74, 0x6d,
    0x5f, 0x31, 0x2f, 0x75, 0x6e, 0x73, 0x74, 0x61, 0x63, 0x6b, 0x36, 0x3b,
    0x73, 0x6f, 0x63, 0x5f, 0x6c, 0x73, 0x74, 0x6d, 0x5f, 0x31, 0x2f, 0x6c,
    0x73, 0x74, 0x6d, 0x5f, 0x31, 0x2f, 0x75, 0x6e, 0x73, 0x74, 0x61, 0x63,
    0x6b, 0x37, 0x3b, 0x73, 0x6f, 0x63, 0x5f, 0x6c, 0x73, 0x74, 0x6d, 0x5f,
    0x31, 0x2f, 0x6c, 0x73, 0x74, 0x6d, 0x5f, 0x31, 0x2f, 0x75, 0x6e, 0x73,
    0x74, 0x61, 0x63, 0x6b, 0x38, 0x3b, 0x73, 0x6f, 0x63, 0x5f, 0x6c, 0x73,
    0x74, 0x6d, 0x5f, 0x31, 0x2f, 0x6c, 0x73, 0x74, 0x6d, 0x5f, 0x31, 0x2f,
    0x75, 0x6e, 0x73, 0x74, 0x61, 0x63, 0x6b, 0x39, 0x3b, 0x73, 0x6f, 0x63,
    0x5f, 0x6c, 0x73, 0x74, 0x6d, 0x5f, 0x31, 0x2f, 0x6c, 0x73, 0x74, 0x6d,
    0x5f, 0x31, 0x2f, 0x75, 0x6e, 0x73, 0x74, 0x61, 0x63, 0x6b, 0x31, 0x30,
    0x3b, 0x73, 0x6f, 0x63, 0x5f, 0x6c, 0x73, 0x74, 0x6d, 0x5f, 0x31, 0x2f,
    0x6c, 0x73, 0x74, 0x6d, 0x5f, 0x31, 0x2f, 0x75, 0x6e, 0x73, 0x74, 0x61,
    0x63, 0x6b, 0x31, 0x31, 0x3b, 0x73, 0x6f, 0x63, 0x5f, 0x6c, 0x73, 0x74,
    0x6d, 0x5f, 0x31, 0x2f, 0x6c, 0x73, 0x74, 0x6d, 0x5f, 0x31, 0x2f, 0x75,
    0x6e, 0x73, 0x74, 0x61, 0x63, 0x6b, 0x31, 0x32, 0x3b, 0x73, 0x6f, 0x63,
    0x5f, 0x6c, 0x73, 0x74, 0x6d, 0x5f, 0x31, 0x2f, 0x6c, 0x73, 0x74, 0x6d,
    0x5f, 0x31, 0x2f, 0x75, 0x6e, 0x73, 0x74, 0x61, 0x63, 0x6b, 0x31, 0x33,
    0x3b, 0x73, 0x6f, 0x63, 0x5f, 0x6c, 0x73, 0x74, 0x6d, 0x5f, 0x31, 0x2f,
    0x6c, 0x73, 0x74, 0x6d, 0x5f, 0x31, 0x2f, 0x75, 0x6e, 0x73, 0x74, 0x61,
    0x63, 0x6b, 0x31, 0x34, 0x3b, 0x73, 0x6f, 0x63, 0x5f, 0x6c, 0x73, 0x74,
    0x6d, 0x5f, 0x31, 0x2f, 0x6c, 0x73, 0x74, 0x6d, 0x5f, 0x31, 0x2f, 0x75,
    0x6e, 0x73, 0x74, 0x61, 0x63, 0x6b, 0x31, 0x35, 0x3b, 0x73, 0x6f, 0x63,
    0x5f, 0x6c, 0x73, 0x74, 0x6d, 0x5f, 0x31, 0x2f, 0x6c, 0x73, 0x74, 0x6d,
    0x5f, 0x31, 0x2f, 0x75, 0x6e, 0x73, 0x74, 0x61, 0x63, 0x6b, 0x31, 0x36,
    0x3b, 0x73, 0x6f, 0x63, 0x5f, 0x6c, 0x73, 0x74, 0x6d, 0x5f, 0x31, 0x2f,
    0x6c, 0x73, 0x74, 0x6d, 0x5f, 0x31, 0x2f, 0x75, 0x6e, 0x73, 0x74, 0x61,
    0x63, 0x6b, 0x31, 0x37, 0x3b, 0x73, 0x6f, 0x63, 0x5f, 0x6c, 0x73, 0x74,
    0x6d, 0x5f, 0x31, 0x2f, 0x6c, 0x73, 0x74, 0x6d, 0x5f, 0x31, 0x2f, 0x75,
    0x6e, 0x73, 0x74, 0x61, 0x63, 0x6b, 0x31, 0x38, 0x3b, 0x73, 0x6f, 0x63,
    0x5f, 0x6c, 0x73, 0x74, 0x6d, 0x5f, 0x31, 0x2f, 0x6c, 0x73, 0x74, 0x6d,
    0x5f, 0x31, 0x2f, 0x75, 0x6e, 0x73, 0x74, 0x61, 0x63, 0x6b, 0x31, 0x39,
    0x3b, 0x73, 0x6f, 0x63, 0x5f, 0x6c, 0x73, 0x74, 0x6d, 0x5f, 0x31, 0x2f,
    0x6c, 0x73, 0x74, 0x6d, 0x5f, 0x31, 0x2f, 0x75, 0x6e, 0x73, 0x74, 0x61,
    0x63, 0x6b, 0x32, 0x30, 0x3b, 0x73, 0x6f, 0x63, 0x5f, 0x6c, 0x73, 0x74,
    0x6d, 0x5f, 0x31, 0x2f, 0x6c, 0x73, 0x74, 0x6d, 0x5f, 0x31, 0x2f, 0x75,
    0x6e, 0x73, 0x74, 0x61, 0x63, 0x6b, 0x32, 0x31, 0x3b, 0x73, 0x6f, 0x63,
    0x5f, 0x6c, 0x73, 0x74, 0x6d, 0x5f, 0x31, 0x2f, 0x6c, 0x73, 0x74, 0x6d,
    0x5f, 0x31, 0x2f, 0x75, 0x6e, 0x73, 0x74, 0x61, 0x63, 0x6b, 0x32, 0x32,
    0x3b, 0x73, 0x6f, 0x63, 0x5f, 0x6c, 0x73, 0x74, 0x6d, 0x5f, 0x31, 0x2f,
    0x6c, 0x73, 0x74, 0x6d, 0x5f, 0x31, 0x2f, 0x75, 0x6e, 0x73, 0x74, 0x61,
    0x63, 0x6b, 0x32, 0x33, 0x3b, 0x73, 0x6f, 0x63, 0x5f, 0x6c, 0x73, 0x74,
    0x6d, 0x5f, 0x31, 0x2f, 0x6c, 0x73, 0x74, 0x6d, 0x5f, 0x31, 0x2f, 0x75,
    0x6e, 0x73, 0x74, 0x61, 0x63, 0x6b, 0x32, 0x34, 0x3b, 0x73, 0x6f, 0x63,
    0x5f, 0x6c, 0x73, 0x74, 0x6d, 0x5f, 0x31, 0x2f, 0x6c, 0x73, 0x74, 0x6d,
    0x5f, 0x31, 0x2f, 0x75, 0x6e, 0x73, 0x74, 0x61, 0x63, 0x6b, 0x32, 0x35,
    0x3b, 0x73, 0x6f, 0x63, 0x5f, 0x6c, 0x73, 0x74, 0x6d, 0x5f, 0x31, 0x2f,
    0x6c, 0x73, 0x74, 0x6d, 0x5f, 0x31, 0x2f, 0x75, 0x6e, 0x73, 0x74, 0x61,
    0x63, 0x6b, 0x32, 0x36, 0x3b, 0x73, 0x6f, 0x63, 0x5f, 0x6c, 0x73, 0x74,
    0x6d, 0x5f, 0x31, 0x2f, 0x6c, 0x73, 0x74, 0x6d, 0x5f, 0x31, 0x2f, 0x75,
    0x6e, 0x73, 0x74, 0x61, 0x63, 0x6b, 0x32, 0x37, 0x3b, 0x73, 0x6f, 0x63,
    0x5f, 0x6c, 0x73, 0x74, 0x6d, 0x5f, 0x31, 0x2f, 0x6c, 0x73, 0x74, 0x6d,
    0x5f, 0x31, 0x2f, 0x75, 0x6e, 0x73, 0x74, 0x61, 0x63, 0x6b, 0x32, 0x38,
    0x3b, 0x73, 0x6f, 0x63, 0x5f, 0x6c, 0x73, 0x74, 0x6d, 0x5f, 0x31, 0x2f,
    0x6c, 0x73, 0x74, 0x6d, 0x5f, 0x31, 0x2f, 0x75, 0x6e, 0x73, 0x74, 0x61,
    0x63, 0x6b, 0x32, 0x39, 0x3b, 0x73, 0x6f, 0x63, 0x5f, 0x6c, 0x73, 0x74,
    0x6d, 0x5f, 0x31, 0x2f, 0x6c, 0x73, 0x74, 0x6d, 0x5f, 0x31, 0x2f, 0x75,
    0x6e, 0x73, 0x74, 0x61, 0x63, 0x6b, 0x33, 0x30, 0x3b, 0x73, 0x6f, 0x63,
    0x5f, 0x6c, 0x73, 0x74, 0x6d, 0x5f, 0x31, 0x2f, 0x6c, 0x73, 0x74, 0x6d,
    0x5f, 0x31, 0x2f, 0x75, 0x6e, 0x73, 0x74, 0x61, 0x63, 0x6b, 0x33, 0x31,
    0x32, 0x39, 0x00, 0x00, 0x02, 0x00, 0x00, 0x00, 0x01, 0x00, 0x00, 0x00,
    0x03, 0x00, 0x00, 0x00, 0x36, 0x84, 0xff, 0xff, 0x00, 0x00, 0x00, 0x01,
    0x18, 0x00, 0x00, 0x00, 0x20, 0x00, 0x00, 0x00, 0x40, 0x00, 0x00, 0x00,
    0x2e, 0x00, 0x00, 0x00, 0x00, 0x00, 0x00, 0x09, 0xb0, 0x03, 0x00, 0x00,
    0x02, 0x00, 0x00, 0x00, 0xff, 0xff, 0xff, 0xff, 0x03, 0x00, 0x00, 0x00,
    0x1c, 0x84, 0xff, 0xff, 0x08, 0x00, 0x00, 0x00, 0x14, 0x00, 0x00, 0x00,
    0x01, 0x00, 0x00, 0x00, 0xf7, 0xff, 0xff, 0xff, 0xff, 0xff, 0xff, 0xff,
    0x00, 0x00, 0x00, 0x00, 0x01, 0x00, 0x00, 0x00, 0xe0, 0x92, 0xd5, 0x3b,
    0x76, 0x03, 0x00, 0x00, 0x73, 0x6f, 0x63, 0x5f, 0x6c, 0x73, 0x74, 0x6d,
    0x5f, 0x31, 0x2f, 0x6c, 0x73, 0x74, 0x6d, 0x5f, 0x31, 0x2f, 0x75, 0x6e,
    0x73, 0x74, 0x61, 0x63, 0x6b, 0x3b, 0x73, 0x6f, 0x63, 0x5f, 0x6c, 0x73,
    0x74, 0x6d, 0x5f, 0x31, 0x2f, 0x6c, 0x73, 0x74, 0x6d, 0x5f, 0x31, 0x2f,
    0x75, 0x6e, 0x73, 0x74, 0x61, 0x63, 0x6b, 0x31, 0x3b, 0x73, 0x6f, 0x63,
    0x5f, 0x6c, 0x73, 0x74, 0x6d, 0x5f, 0x31, 0x2f, 0x6c, 0x73, 0x74, 0x6d,
    0x5f, 0x31, 0x2f, 0x75, 0x6e, 0x73, 0x74, 0x61, 0x63, 0x6b, 0x32, 0x3b,
    0x73, 0x6f, 0x63, 0x5f, 0x6c, 0x73, 0x74, 0x6d, 0x5f, 0x31, 0x2f, 0x6c,
    0x73, 0x74, 0x6d, 0x5f, 0x31, 0x2f, 0x75, 0x6e, 0x73, 0x74, 0x61, 0x63,
    0x6b, 0x33, 0x3b, 0x73, 0x6f, 0x63, 0x5f, 0x6c, 0x73, 0x74, 0x6d, 0x5f,
    0x31, 0x2f, 0x6c, 0x73, 0x74, 0x6d, 0x5f, 0x31, 0x2f, 0x75, 0x6e, 0x73,
    0x74, 0x61, 0x63, 0x6b, 0x34, 0x3b, 0x73, 0x6f, 0x63, 0x5f, 0x6c, 0x73,
    0x74, 0x6d, 0x5f, 0x31, 0x2f, 0x6c, 0x73, 0x74, 0x6d, 0x5f, 0x31, 0x2f,
    0x75, 0x6e, 0x73, 0x74, 0x61, 0x63, 0x6b, 0x35, 0x3b, 0x73, 0x6f, 0x63,
    0x5f, 0x6c, 0x73, 0x74, 0x6d, 0x5f, 0x31, 0x2f, 0x6c, 0x73, 0x74, 0x6d,
    0x5f, 0x31, 0x2f, 0x75, 0x6e, 0x73, 0x74, 0x61, 0x63, 0x6b, 0x36, 0x3b,
    0x73, 0x6f, 0x63, 0x5f, 0x6c, 0x73, 0x74, 0x6d, 0x5f, 0x31, 0x2f, 0x6c,
    0x73, 0x74, 0x6d, 0x5f, 0x31, 0x2f, 0x75, 0x6e, 0x73, 0x74, 0x61, 0x63,
    0x6b, 0x37, 0x3b, 0x73, 0x6f, 0x63, 0x5f, 0x6c, 0x73, 0x74, 0x6d, 0x5f,
    0x31, 0x2f, 0x6c, 0x73, 0x74, 0x6d, 0x5f, 0x31, 0x2f, 0x75, 0x6e, 0x73,
    0x74, 0x61, 0x63, 0x6b, 0x38, 0x3b, 0x73, 0x6f, 0x63, 0x5f, 0x6c, 0x73,
    0x74, 0x6d, 0x5f, 0x31, 0x2f, 0x6c, 0x73, 0x74, 0x6d, 0x5f, 0x31, 0x2f,
    0x75, 0x6e, 0x73, 0x74, 0x61, 0x63, 0x6b, 0x39, 0x3b, 0x73, 0x6f, 0x63,
    0x5f, 0x6c, 0x73, 0x74, 0x6d, 0x5f, 0x31, 0x2f, 0x6c, 0x73, 0x74, 0x6d,
    0x5f, 0x31, 0x2f, 0x75, 0x6e, 0x73, 0x74, 0x61, 0x63, 0x6b, 0x31, 0x30,
    0x3b, 0x73, 0x6f, 0x63, 0x5f, 0x6c, 0x73, 0x74, 0x6d, 0x5f, 0x31, 0x2f,
    0x6c, 0x73, 0x74, 0x6d, 0x5f, 0x31, 0x2f, 0x75, 0x6e, 0x73, 0x74, 0x61,
    0x63, 0x6b, 0x31, 0x31, 0x3b, 0x73, 0x6f, 0x63, 0x5f, 0x6c, 0x73, 0x74,
    0x6d, 0x5f, 0x31, 0x2f, 0x6c, 0x73, 0x74, 0x6d, 0x5f, 0x31, 0x2f, 0x75,
    0x6e, 0x73, 0x74, 0x61, 0x63, 0x6b, 0x31, 0x32, 0x3b, 0x73, 0x6f, 0x63,
    0x5f, 0x6c, 0x73, 0x74, 0x6d, 0x5f, 0x31, 0x2f, 0x6c, 0x73, 0x74, 0x6d,
    0x5f, 0x31, 0x2f, 0x75, 0x6e, 0x73, 0x74, 0x61, 0x63, 0x6b, 0x31, 0x33,
    0x3b, 0x73, 0x6f, 0x63, 0x5f, 0x6c, 0x73, 0x74, 0x6d, 0x5f, 0x31, 0x2f,
    0x6c, 0x73, 0x74, 0x6d, 0x5f, 0x31, 0x2f, 0x75, 0x6e, 0x73, 0x74, 0x61,
    0x63, 0x6b, 0x31, 0x34, 0x3b, 0x73, 0x6f, 0x63, 0x5f, 0x6c, 0x73, 0x74,
    0x6d, 0x5f, 0x31, 0x2f, 0x6c, 0x73, 0x74, 0x6d, 0x5f, 0x31, 0x2f, 0x75,
    0x6e, 0x73, 0x74, 0x61, 0x63, 0x6b, 0x31, 0x35, 0x3b, 0x73, 0x6f, 0x63,
    0x5f, 0x6c, 0x73, 0x74, 0x6d, 0x5f, 0x31, 0x2f, 0x6c, 0x73, 0x74, 0x6d,
    0x5f, 0x31, 0x2f, 0x75, 0x6e, 0x73, 0x74, 0x61, 0x63, 0x6b, 0x31, 0x36,
    0x3b, 0x73, 0x6f, 0x63, 0x5f, 0x6c, 0x73, 0x74, 0x6d, 0x5f, 0x31, 0x2f,
    0x6c, 0x73, 0x74, 0x6d, 0x5f, 0x31, 0x2f, 0x75, 0x6e, 0x73, 0x74, 0x61,
    0x63, 0x6b, 0x31, 0x37, 0x3b, 0x73, 0x6f, 0x63, 0x5f, 0x6c, 0x73, 0x74,
    0x6d, 0x5f, 0x31, 0x2f, 0x6c, 0x73, 0x74, 0x6d, 0x5f, 0x31, 0x2f, 0x75,
    0x6e, 0x73, 0x74, 0x61, 0x63, 0x6b, 0x31, 0x38, 0x3b, 0x73, 0x6f, 0x63,
    0x5f, 0x6c, 0x73, 0x74, 0x6d, 0x5f, 0x31, 0x2f, 0x6c, 0x73, 0x74, 0x6d,
    0x5f, 0x31, 0x2f, 0x75, 0x6e, 0x73, 0x74, 0x61, 0x63, 0x6b, 0x31, 0x39,
    0x3b, 0x73, 0x6f, 0x63, 0x5f, 0x6c, 0x73, 0x74, 0x6d, 0x5f, 0x31, 0x2f,
    0x6c, 0x73, 0x74, 0x6d, 0x5f, 0x31, 0x2f, 0x75, 0x6e, 0x73, 0x74, 0x61,
    0x63, 0x6b, 0x32, 0x30, 0x3b, 0x73, 0x6f, 0x63, 0x5f, 0x6c, 0x73, 0x74,
    0x6d, 0x5f, 0x31, 0x2f, 0x6c, 0x73, 0x74, 0x6d, 0x5f, 0x31, 0x2f, 0x75,
    0x6e, 0x73, 0x74, 0x61, 0x63, 0x6b, 0x32, 0x31, 0x3b, 0x73, 0x6f, 0x63,
    0x5f, 0x6c, 0x73, 0x74, 0x6d, 0x5f, 0x31, 0x2f, 0x6c, 0x73, 0x74, 0x6d,
    0x5f, 0x31, 0x2f, 0x75, 0x6e, 0x73, 0x74, 0x61, 0x63, 0x6b, 0x32, 0x32,
    0x3b, 0x73, 0x6f, 0x63, 0x5f, 0x6c, 0x73, 0x74, 0x6d, 0x5f, 0x31, 0x2f,
    0x6c, 0x73, 0x74, 0x6d, 0x5f, 0x31, 0x2f, 0x75, 0x6e, 0x73, 0x74, 0x61,
    0x63, 0x6b, 0x32, 0x33, 0x3b, 0x73, 0x6f, 0x63, 0x5f, 0x6c, 0x73, 0x74,
    0x6d, 0x5f, 0x31, 0x2f, 0x6c, 0x73, 0x74, 0x6d, 0x5f, 0x31, 0x2f, 0x75,
    0x6e, 0x73, 0x74, 0x61, 0x63, 0x6b, 0x32, 0x34, 0x3b, 0x73, 0x6f, 0x63,
    0x5f, 0x6c, 0x73, 0x74, 0x6d, 0x5f, 0x31, 0x2f, 0x6c, 0x73, 0x74, 0x6d,
    0x5f, 0x31, 0x2f, 0x75, 0x6e, 0x73, 0x74, 0x61, 0x63, 0x6b, 0x32, 0x35,
    0x3b, 0x73, 0x6f, 0x63, 0x5f, 0x6c, 0x73, 0x74, 0x6d, 0x5f, 0x31, 0x2f,
    0x6c, 0x73, 0x74, 0x6d, 0x5f, 0x31, 0x2f, 0x75, 0x6e, 0x73, 0x74, 0x61,
    0x63, 0x6b, 0x32, 0x36, 0x3b, 0x73, 0x6f, 0x63, 0x5f, 0x6c, 0x73, 0x74,
    0x6d, 0x5f, 0x31, 0x2f, 0x6c, 0x73, 0x74, 0x6d, 0x5f, 0x31, 0x2f, 0x75,
    0x6e, 0x73, 0x74, 0x61, 0x63, 0x6b, 0x32, 0x37, 0x3b, 0x73, 0x6f, 0x63,
    0x5f, 0x6c, 0x73, 0x74, 0x6d, 0x5f, 0x31, 0x2f, 0x6c, 0x73, 0x74, 0x6d,
    0x5f, 0x31, 0x2f, 0x75, 0x6e, 0x73, 0x74, 0x61, 0x63, 0x6b, 0x32, 0x38,
    0x3b, 0x73, 0x6f, 0x63, 0x5f, 0x6c, 0x73, 0x74, 0x6d, 0x5f, 0x31, 0x2f,
    0x6c, 0x73, 0x74, 0x6d, 0x5f, 0x31, 0x2f, 0x75, 0x6e, 0x73, 0x74, 0x61,
    0x63, 0x6b, 0x32, 0x39, 0x3b, 0x73, 0x6f, 0x63, 0x5f, 0x6c, 0x73, 0x74,
    0x6d, 0x5f, 0x31, 0x2f, 0x6c, 0x73, 0x74, 0x6d, 0x5f, 0x31, 0x2f, 0x75,
    0x6e, 0x73, 0x74, 0x61, 0x63, 0x6b, 0x33, 0x30, 0x3b, 0x73, 0x6f, 0x63,
    0x5f, 0x6c, 0x73, 0x74, 0x6d, 0x5f, 0x31, 0x2f, 0x6c, 0x73, 0x74, 0x6d,
    0x5f, 0x31, 0x2f, 0x75, 0x6e, 0x73, 0x74, 0x61, 0x63, 0x6b, 0x33, 0x31,
    0x32, 0x38, 0x00, 0x00, 0x02, 0x00, 0x00, 0x00, 0x01, 0x00, 0x00, 0x00,
    0x03, 0x00, 0x00, 0x00, 0x0e, 0x88, 0xff, 0xff, 0x00, 0x00, 0x00, 0x01,
    0x18, 0x00, 0x00, 0x00, 0x20, 0x00, 0x00, 0x00, 0x40, 0x00, 0x00, 0x00,
    0x2d, 0x00, 0x00, 0x00, 0x00, 0x00, 0x00, 0x09, 0xb0, 0x03, 0x00, 0x00,
    0x02, 0x00, 0x00, 0x00, 0xff, 0xff, 0xff, 0xff, 0x03, 0x00, 0x00, 0x00,
    0xf4, 0x87, 0xff, 0xff, 0x08, 0x00, 0x00, 0x00, 0x14, 0x00, 0x00, 0x00,
    0x01, 0x00, 0x00, 0x00, 0xf7, 0xff, 0xff, 0xff, 0xff, 0xff, 0xff, 0xff,
    0x00, 0x00, 0x00, 0x00, 0x01, 0x00, 0x00, 0x00, 0xe0, 0x92, 0xd5, 0x3b,
    0x76, 0x03, 0x00, 0x00, 0x73, 0x6f, 0x63, 0x5f, 0x6c, 0x73, 0x74, 0x6d,
    0x5f, 0x31, 0x2f, 0x6c, 0x73, 0x74, 0x6d, 0x5f, 0x31, 0x2f, 0x75, 0x6e,
    0x73, 0x74, 0x61, 0x63, 0x6b, 0x3b, 0x73, 0x6f, 0x63, 0x5f, 0x6c, 0x73,
    0x74, 0x6d, 0x5f, 0x31, 0x2f, 0x6c, 0x73, 0x74, 0x6d, 0x5f, 0x31, 0x2f,
    0x75, 0x6e, 0x73, 0x74, 0x61, 0x63, 0x6b, 0x31, 0x3b, 0x73, 0x6f, 0x63,
    0x5f, 0x6c, 0x73, 0x74, 0x6d, 0x5f, 0x31, 0x2f, 0x6c, 0x73, 0x74, 0x6d,
    0x5f, 0x31, 0x2f, 0x75, 0x6e, 0x73, 0x74, 0x61, 0x63, 0x6b, 0x32, 0x3b,
    0x73, 0x6f, 0x63, 0x5f, 0x6c, 0x73, 0x74, 0x6d, 0x5f, 0x31, 0x2f, 0x6c,
    0x73, 0x74, 0x6d, 0x5f, 0x31, 0x2f, 0x75, 0x6e, 0x73, 0x74, 0x61, 0x63,
    0x6b, 0x33, 0x3b, 0x73, 0x6f, 0x63, 0x5f, 0x6c, 0x73, 0x74, 0x6d, 0x5f,
    0x31, 0x2f, 0x6c, 0x73, 0x74, 0x6d, 0x5f, 0x31, 0x2f, 0x75, 0x6e, 0x73,
    0x74, 0x61, 0x63, 0x6b, 0x34, 0x3b, 0x73, 0x6f, 0x63, 0x5f, 0x6c, 0x73,
    0x74, 0x6d, 0x5f, 0x31, 0x2f, 0x6c, 0x73, 0x74, 0x6d, 0x5f, 0x31, 0x2f,
    0x75, 0x6e, 0x73, 0x74, 0x61, 0x63, 0x6b, 0x35, 0x3b, 0x73, 0x6f, 0x63,
    0x5f, 0x6c, 0x73, 0x74, 0x6d, 0x5f, 0x31, 0x2f, 0x6c, 0x73, 0x74, 0x6d,
    0x5f, 0x31, 0x2f, 0x75, 0x6e, 0x73, 0x74, 0x61, 0x63, 0x6b, 0x36, 0x3b,
    0x73, 0x6f, 0x63, 0x5f, 0x6c, 0x73, 0x74, 0x6d, 0x5f, 0x31, 0x2f, 0x6c,
    0x73, 0x74, 0x6d, 0x5f, 0x31, 0x2f, 0x75, 0x6e, 0x73, 0x74, 0x61, 0x63,
    0x6b, 0x37, 0x3b, 0x73, 0x6f, 0x63, 0x5f, 0x6c, 0x73, 0x74, 0x6d, 0x5f,
    0x31, 0x2f, 0x6c, 0x73, 0x74, 0x6d, 0x5f, 0x31, 0x2f, 0x75, 0x6e, 0x73,
    0x74, 0x61, 0x63, 0x6b, 0x38, 0x3b, 0x73, 0x6f, 0x63, 0x5f, 0x6c, 0x73,
    0x74, 0x6d, 0x5f, 0x31, 0x2f, 0x6c, 0x73, 0x74, 0x6d, 0x5f, 0x31, 0x2f,
    0x75, 0x6e, 0x73, 0x74, 0x61, 0x63, 0x6b, 0x39, 0x3b, 0x73, 0x6f, 0x63,
    0x5f, 0x6c, 0x73, 0x74, 0x6d, 0x5f, 0x31, 0x2f, 0x6c, 0x73, 0x74, 0x6d,
    0x5f, 0x31, 0x2f, 0x75, 0x6e, 0x73, 0x74, 0x61, 0x63, 0x6b, 0x31, 0x30,
    0x3b, 0x73, 0x6f, 0x63, 0x5f, 0x6c, 0x73, 0x74, 0x6d, 0x5f, 0x31, 0x2f,
    0x6c, 0x73, 0x74, 0x6d, 0x5f, 0x31, 0x2f, 0x75, 0x6e, 0x73, 0x74, 0x61,
    0x63, 0x6b, 0x31, 0x31, 0x3b, 0x73, 0x6f, 0x63, 0x5f, 0x6c, 0x73, 0x74,
    0x6d, 0x5f, 0x31, 0x2f, 0x6c, 0x73, 0x74, 0x6d, 0x5f, 0x31, 0x2f, 0x75,
    0x6e, 0x73, 0x74, 0x61, 0x63, 0x6b, 0x31, 0x32, 0x3b, 0x73, 0x6f, 0x63,
    0x5f, 0x6c, 0x73, 0x74, 0x6d, 0x5f, 0x31, 0x2f, 0x6c, 0x73, 0x74, 0x6d,
    0x5f, 0x31, 0x2f, 0x75, 0x6e, 0x73, 0x74, 0x61, 0x63, 0x6b, 0x31, 0x33,
    0x3b, 0x73, 0x6f, 0x63, 0x5f, 0x6c, 0x73, 0x74, 0x6d, 0x5f, 0x31, 0x2f,
    0x6c, 0x73, 0x74, 0x6d, 0x5f, 0x31, 0x2f, 0x75, 0x6e, 0x73, 0x74, 0x61,
    0x63, 0x6b, 0x31, 0x34, 0x3b, 0x73, 0x6f, 0x63, 0x5f, 0x6c, 0x73, 0x74,
    0x6d, 0x5f, 0x31, 0x2f, 0x6c, 0x73, 0x74, 0x6d, 0x5f, 0x31, 0x2f, 0x75,
    0x6e, 0x73, 0x74, 0x61, 0x63, 0x6b, 0x31, 0x35, 0x3b, 0x73, 0x6f, 0x63,
    0x5f, 0x6c, 0x73, 0x74, 0x6d, 0x5f, 0x31, 0x2f, 0x6c, 0x73, 0x74, 0x6d,
    0x5f, 0x31, 0x2f, 0x75, 0x6e, 0x73, 0x74, 0x61, 0x63, 0x6b, 0x31, 0x36,
    0x3b, 0x73, 0x6f, 0x63, 0x5f, 0x6c, 0x73, 0x74, 0x6d, 0x5f, 0x31, 0x2f,
    0x6c, 0x73, 0x74, 0x6d, 0x5f, 0x31, 0x2f, 0x75, 0x6e, 0x73, 0x74, 0x61,
    0x63, 0x6b, 0x31, 0x37, 0x3b, 0x73, 0x6f, 0x63, 0x5f, 0x6c, 0x73, 0x74,
    0x6d, 0x5f, 0x31, 0x2f, 0x6c, 0x73, 0x74, 0x6d, 0x5f, 0x31, 0x2f, 0x75,
    0x6e, 0x73, 0x74, 0x61, 0x63, 0x6b, 0x31, 0x38, 0x3b, 0x73, 0x6f, 0x63,
    0x5f, 0x6c, 0x73, 0x74, 0x6d, 0x5f, 0x31, 0x2f, 0x6c, 0x73, 0x74, 0x6d,
    0x5f, 0x31, 0x2f, 0x75, 0x6e, 0x73, 0x74, 0x61, 0x63, 0x6b, 0x31, 0x39,
    0x3b, 0x73, 0x6f, 0x63, 0x5f, 0x6c, 0x73, 0x74, 0x6d, 0x5f, 0x31, 0x2f,
    0x6c, 0x73, 0x74, 0x6d, 0x5f, 0x31, 0x2f, 0x75, 0x6e, 0x73, 0x74, 0x61,
    0x63, 0x6b, 0x32, 0x30, 0x3b, 0x73, 0x6f, 0x63, 0x5f, 0x6c, 0x73, 0x74,
    0x6d, 0x5f, 0x31, 0x2f, 0x6c, 0x73, 0x74, 0x6d, 0x5f, 0x31, 0x2f, 0x75,
    0x6e, 0x73, 0x74, 0x61, 0x63, 0x6b, 0x32, 0x31, 0x3b, 0x73, 0x6f, 0x63,
    0x5f, 0x6c, 0x73, 0x74, 0x6d, 0x5f, 0x31, 0x2f, 0x6c, 0x73, 0x74, 0x6d,
    0x5f, 0x31, 0x2f, 0x75, 0x6e, 0x73, 0x74, 0x61, 0x63, 0x6b, 0x32, 0x32,
    0x3b, 0x73, 0x6f, 0x63, 0x5f, 0x6c, 0x73, 0x74, 0x6d, 0x5f, 0x31, 0x2f,
    0x6c, 0x73, 0x74, 0x6d, 0x5f, 0x31, 0x2f, 0x75, 0x6e, 0x73, 0x74, 0x61,
    0x63, 0x6b, 0x32, 0x33, 0x3b, 0x73, 0x6f, 0x63, 0x5f, 0x6c, 0x73, 0x74,
    0x6d, 0x5f, 0x31, 0x2f, 0x6c, 0x73, 0x74, 0x6d, 0x5f, 0x31, 0x2f, 0x75,
    0x6e, 0x73, 0x74, 0x61, 0x63, 0x6b, 0x32, 0x34, 0x3b, 0x73, 0x6f, 0x63,
    0x5f, 0x6c, 0x73, 0x74, 0x6d, 0x5f, 0x31, 0x2f, 0x6c, 0x73, 0x74, 0x6d,
    0x5f, 0x31, 0x2f, 0x75, 0x6e, 0x73, 0x74, 0x61, 0x63, 0x6b, 0x32, 0x35,
    0x3b, 0x73, 0x6f, 0x63, 0x5f, 0x6c, 0x73, 0x74, 0x6d, 0x5f, 0x31, 0x2f,
    0x6c, 0x73, 0x74, 0x6d, 0x5f, 0x31, 0x2f, 0x75, 0x6e, 0x73, 0x74, 0x61,
    0x63, 0x6b, 0x32, 0x36, 0x3b, 0x73, 0x6f, 0x63, 0x5f, 0x6c, 0x73, 0x74,
    0x6d, 0x5f, 0x31, 0x2f, 0x6c, 0x73, 0x74, 0x6d, 0x5f, 0x31, 0x2f, 0x75,
    0x6e, 0x73, 0x74, 0x61, 0x63, 0x6b, 0x32, 0x37, 0x3b, 0x73, 0x6f, 0x63,
    0x5f, 0x6c, 0x73, 0x74, 0x6d, 0x5f, 0x31, 0x2f, 0x6c, 0x73, 0x74, 0x6d,
    0x5f, 0x31, 0x2f, 0x75, 0x6e, 0x73, 0x74, 0x61, 0x63, 0x6b, 0x32, 0x38,
    0x3b, 0x73, 0x6f, 0x63, 0x5f, 0x6c, 0x73, 0x74, 0x6d, 0x5f, 0x31, 0x2f,
    0x6c, 0x73, 0x74, 0x6d, 0x5f, 0x31, 0x2f, 0x75, 0x6e, 0x73, 0x74, 0x61,
    0x63, 0x6b, 0x32, 0x39, 0x3b, 0x73, 0x6f, 0x63, 0x5f, 0x6c, 0x73, 0x74,
    0x6d, 0x5f, 0x31, 0x2f, 0x6c, 0x73, 0x74, 0x6d, 0x5f, 0x31, 0x2f, 0x75,
    0x6e, 0x73, 0x74, 0x61, 0x63, 0x6b, 0x33, 0x30, 0x3b, 0x73, 0x6f, 0x63,
    0x5f, 0x6c, 0x73, 0x74, 0x6d, 0x5f, 0x31, 0x2f, 0x6c, 0x73, 0x74, 0x6d,
    0x5f, 0x31, 0x2f, 0x75, 0x6e, 0x73, 0x74, 0x61, 0x63, 0x6b, 0x33, 0x31,
    0x32, 0x37, 0x00, 0x00, 0x02, 0x00, 0x00, 0x00, 0x01, 0x00, 0x00, 0x00,
    0x03, 0x00, 0x00, 0x00, 0xe6, 0x8b, 0xff, 0xff, 0x00, 0x00, 0x00, 0x01,
    0x18, 0x00, 0x00, 0x00, 0x20, 0x00, 0x00, 0x00, 0x40, 0x00, 0x00, 0x00,
    0x2c, 0x00, 0x00, 0x00, 0x00, 0x00, 0x00, 0x09, 0xb0, 0x03, 0x00, 0x00,
    0x02, 0x00, 0x00, 0x00, 0xff, 0xff, 0xff, 0xff, 0x03, 0x00, 0x00, 0x00,
    0xcc, 0x8b, 0xff, 0xff, 0x08, 0x00, 0x00, 0x00, 0x14, 0x00, 0x00, 0x00,
    0x01, 0x00, 0x00, 0x00, 0xf7, 0xff, 0xff, 0xff, 0xff, 0xff, 0xff, 0xff,
    0x00, 0x00, 0x00, 0x00, 0x01, 0x00, 0x00, 0x00, 0xe0, 0x92, 0xd5, 0x3b,
    0x76, 0x03, 0x00, 0x00, 0x73, 0x6f, 0x63, 0x5f, 0x6c, 0x73, 0x74, 0x6d,
    0x5f, 0x31, 0x2f, 0x6c, 0x73, 0x74, 0x6d, 0x5f, 0x31, 0x2f, 0x75, 0x6e,
    0x73, 0x74, 0x61, 0x63, 0x6b, 0x3b, 0x73, 0x6f, 0x63, 0x5f, 0x6c, 0x73,
    0x74, 0x6d, 0x5f, 0x31, 0x2f, 0x6c, 0x73, 0x74, 0x6d, 0x5f, 0x31, 0x2f,
    0x75, 0x6e, 0x73, 0x74, 0x61, 0x63, 0x6b, 0x31, 0x3b, 0x73, 0x6f, 0x63,
    0x5f, 0x6c, 0x73, 0x74, 0x6d, 0x5f, 0x31, 0x2f, 0x6c, 0x73, 0x74, 0x6d,
    0x5f, 0x31, 0x2f, 0x75, 0x6e, 0x73, 0x74, 0x61, 0x63, 0x6b, 0x32, 0x3b,
    0x73, 0x6f, 0x63, 0x5f, 0x6c, 0x73, 0x74, 0x6d, 0x5f, 0x31, 0x2f, 0x6c,
    0x73, 0x74, 0x6d, 0x5f, 0x31, 0x2f, 0x75, 0x6e, 0x73, 0x74, 0x61, 0x63,
    0x6b, 0x33, 0x3b, 0x73, 0x6f, 0x63, 0x5f, 0x6c, 0x73, 0x74, 0x6d, 0x5f,
    0x31, 0x2f, 0x6c, 0x73, 0x74, 0x6d, 0x5f, 0x31, 0x2f, 0x75, 0x6e, 0x73,
    0x74, 0x61, 0x63, 0x6b, 0x34, 0x3b, 0x73, 0x6f, 0x63, 0x5f, 0x6c, 0x73,
    0x74, 0x6d, 0x5f, 0x31, 0x2f, 0x6c, 0x73, 0x74, 0x6d, 0x5f, 0x31, 0x2f,
    0x75, 0x6e, 0x73, 0x74, 0x61, 0x63, 0x6b, 0x35, 0x3b, 0x73, 0x6f, 0x63,
    0x5f, 0x6c, 0x73, 0x74, 0x6d, 0x5f, 0x31, 0x2f, 0x6c, 0x73, 0x74, 0x6d,
    0x5f, 0x31, 0x2f, 0x75, 0x6e, 0x73, 0x74, 0x61, 0x63, 0x6b, 0x36, 0x3b,
    0x73, 0x6f, 0x63, 0x5f, 0x6c, 0x73, 0x74, 0x6d, 0x5f, 0x31, 0x2f, 0x6c,
    0x73, 0x74, 0x6d, 0x5f, 0x31, 0x2f, 0x75, 0x6e, 0x73, 0x74, 0x61, 0x63,
    0x6b, 0x37, 0x3b, 0x73, 0x6f, 0x63, 0x5f, 0x6c, 0x73, 0x74, 0x6d, 0x5f,
    0x31, 0x2f, 0x6c, 0x73, 0x74, 0x6d, 0x5f, 0x31, 0x2f, 0x75, 0x6e, 0x73,
    0x74, 0x61, 0x63, 0x6b, 0x38, 0x3b, 0x73, 0x6f, 0x63, 0x5f, 0x6c, 0x73,
    0x74, 0x6d, 0x5f, 0x31, 0x2f, 0x6c, 0x73, 0x74, 0x6d, 0x5f, 0x31, 0x2f,
    0x75, 0x6e, 0x73, 0x74, 0x61, 0x63, 0x6b, 0x39, 0x3b, 0x73, 0x6f, 0x63,
    0x5f, 0x6c, 0x73, 0x74, 0x6d, 0x5f, 0x31, 0x2f, 0x6c, 0x73, 0x74, 0x6d,
    0x5f, 0x31, 0x2f, 0x75, 0x6e, 0x73, 0x74, 0x61, 0x63, 0x6b, 0x31, 0x30,
    0x3b, 0x73, 0x6f, 0x63, 0x5f, 0x6c, 0x73, 0x74, 0x6d, 0x5f, 0x31, 0x2f,
    0x6c, 0x73, 0x74, 0x6d, 0x5f, 0x31, 0x2f, 0x75, 0x6e, 0x73, 0x74, 0x61,
    0x63, 0x6b, 0x31, 0x31, 0x3b, 0x73, 0x6f, 0x63, 0x5f, 0x6c, 0x73, 0x74,
    0x6d, 0x5f, 0x31, 0x2f, 0x6c, 0x73, 0x74, 0x6d, 0x5f, 0x31, 0x2f, 0x75,
    0x6e, 0x73, 0x74, 0x61, 0x63, 0x6b, 0x31, 0x32, 0x3b, 0x73, 0x6f, 0x63,
    0x5f, 0x6c, 0x73, 0x74, 0x6d, 0x5f, 0x31, 0x2f, 0x6c, 0x73, 0x74, 0x6d,
    0x5f, 0x31, 0x2f, 0x75, 0x6e, 0x73, 0x74, 0x61, 0x63, 0x6b, 0x31, 0x33,
    0x3b, 0x73, 0x6f, 0x63, 0x5f, 0x6c, 0x73, 0x74, 0x6d, 0x5f, 0x31, 0x2f,
    0x6c, 0x73, 0x74, 0x6d, 0x5f, 0x31, 0x2f, 0x75, 0x6e, 0x73, 0x74, 0x61,
    0x63, 0x6b, 0x31, 0x34, 0x3b, 0x73, 0x6f, 0x63, 0x5f, 0x6c, 0x73, 0x74,
    0x6d, 0x5f, 0x31, 0x2f, 0x6c, 0x73, 0x74, 0x6d, 0x5f, 0x31, 0x2f, 0x75,
    0x6e, 0x73, 0x74, 0x61, 0x63, 0x6b, 0x31, 0x35, 0x3b, 0x73, 0x6f, 0x63,
    0x5f, 0x6c, 0x73, 0x74, 0x6d, 0x5f, 0x31, 0x2f, 0x6c, 0x73, 0x74, 0x6d,
    0x5f, 0x31, 0x2f, 0x75, 0x6e, 0x73, 0x74, 0x61, 0x63, 0x6b, 0x31, 0x36,
    0x3b, 0x73, 0x6f, 0x63, 0x5f, 0x6c, 0x73, 0x74, 0x6d, 0x5f, 0x31, 0x2f,
    0x6c, 0x73, 0x74, 0x6d, 0x5f, 0x31, 0x2f, 0x75, 0x6e, 0x73, 0x74, 0x61,
    0x63, 0x6b, 0x31, 0x37, 0x3b, 0x73, 0x6f, 0x63, 0x5f, 0x6c, 0x73, 0x74,
    0x6d, 0x5f, 0x31, 0x2f, 0x6c, 0x73, 0x74, 0x6d, 0x5f, 0x31, 0x2f, 0x75,
    0x6e, 0x73, 0x74, 0x61, 0x63, 0x6b, 0x31, 0x38, 0x3b, 0x73, 0x6f, 0x63,
    0x5f, 0x6c, 0x73, 0x74, 0x6d, 0x5f, 0x31, 0x2f, 0x6c, 0x73, 0x74, 0x6d,
    0x5f, 0x31, 0x2f, 0x75, 0x6e, 0x73, 0x74, 0x61, 0x63, 0x6b, 0x31, 0x39,
    0x3b, 0x73, 0x6f, 0x63, 0x5f, 0x6c, 0x73, 0x74, 0x6d, 0x5f, 0x31, 0x2f,
    0x6c, 0x73, 0x74, 0x6d, 0x5f, 0x31, 0x2f, 0x75, 0x6e, 0x73, 0x74, 0x61,
    0x63, 0x6b, 0x32, 0x30, 0x3b, 0x73, 0x6f, 0x63, 0x5f, 0x6c, 0x73, 0x74,
    0x6d, 0x5f, 0x31, 0x2f, 0x6c, 0x73, 0x74, 0x6d, 0x5f, 0x31, 0x2f, 0x75,
    0x6e, 0x73, 0x74, 0x61, 0x63, 0x6b, 0x32, 0x31, 0x3b, 0x73, 0x6f, 0x63,
    0x5f, 0x6c, 0x73, 0x74, 0x6d, 0x5f, 0x31, 0x2f, 0x6c, 0x73, 0x74, 0x6d,
    0x5f, 0x31, 0x2f, 0x75, 0x6e, 0x73, 0x74, 0x61, 0x63, 0x6b, 0x32, 0x32,
    0x3b, 0x73, 0x6f, 0x63, 0x5f, 0x6c, 0x73, 0x74, 0x6d, 0x5f, 0x31, 0x2f,
    0x6c, 0x73, 0x74, 0x6d, 0x5f, 0x31, 0x2f, 0x75, 0x6e, 0x73, 0x74, 0x61,
    0x63, 0x6b, 0x32, 0x33, 0x3b, 0x73, 0x6f, 0x63, 0x5f, 0x6c, 0x73, 0x74,
    0x6d, 0x5f, 0x31, 0x2f, 0x6c, 0x73, 0x74, 0x6d, 0x5f, 0x31, 0x2f, 0x75,
    0x6e, 0x73, 0x74, 0x61, 0x63, 0x6b, 0x32, 0x34, 0x3b, 0x73, 0x6f, 0x63,
    0x5f, 0x6c, 0x73, 0x74, 0x6d, 0x5f, 0x31, 0x2f, 0x6c, 0x73, 0x74, 0x6d,
    0x5f, 0x31, 0x2f, 0x75, 0x6e, 0x73, 0x74, 0x61, 0x63, 0x6b, 0x32, 0x35,
    0x3b, 0x73, 0x6f, 0x63, 0x5f, 0x6c, 0x73, 0x74, 0x6d, 0x5f, 0x31, 0x2f,
    0x6c, 0x73, 0x74, 0x6d, 0x5f, 0x31, 0x2f, 0x75, 0x6e, 0x73, 0x74, 0x61,
    0x63, 0x6b, 0x32, 0x36, 0x3b, 0x73, 0x6f, 0x63, 0x5f, 0x6c, 0x73, 0x74,
    0x6d, 0x5f, 0x31, 0x2f, 0x6c, 0x73, 0x74, 0x6d, 0x5f, 0x31, 0x2f, 0x75,
    0x6e, 0x73, 0x74, 0x61, 0x63, 0x6b, 0x32, 0x37, 0x3b, 0x73, 0x6f, 0x63,
    0x5f, 0x6c, 0x73, 0x74, 0x6d, 0x5f, 0x31, 0x2f, 0x6c, 0x73, 0x74, 0x6d,
    0x5f, 0x31, 0x2f, 0x75, 0x6e, 0x73, 0x74, 0x61, 0x63, 0x6b, 0x32, 0x38,
    0x3b, 0x73, 0x6f, 0x63, 0x5f, 0x6c, 0x73, 0x74, 0x6d, 0x5f, 0x31, 0x2f,
    0x6c, 0x73, 0x74, 0x6d, 0x5f, 0x31, 0x2f, 0x75, 0x6e, 0x73, 0x74, 0x61,
    0x63, 0x6b, 0x32, 0x39, 0x3b, 0x73, 0x6f, 0x63, 0x5f, 0x6c, 0x73, 0x74,
    0x6d, 0x5f, 0x31, 0x2f, 0x6c, 0x73, 0x74, 0x6d, 0x5f, 0x31, 0x2f, 0x75,
    0x6e, 0x73, 0x74, 0x61, 0x63, 0x6b, 0x33, 0x30, 0x3b, 0x73, 0x6f, 0x63,
    0x5f, 0x6c, 0x73, 0x74, 0x6d, 0x5f, 0x31, 0x2f, 0x6c, 0x73, 0x74, 0x6d,
    0x5f, 0x31, 0x2f, 0x75, 0x6e, 0x73, 0x74, 0x61, 0x63, 0x6b, 0x33, 0x31,
    0x32, 0x36, 0x00, 0x00, 0x02, 0x00, 0x00, 0x00, 0x01, 0x00, 0x00, 0x00,
    0x03, 0x00, 0x00, 0x00, 0xbe, 0x8f, 0xff, 0xff, 0x00, 0x00, 0x00, 0x01,
    0x18, 0x00, 0x00, 0x00, 0x20, 0x00, 0x00, 0x00, 0x40, 0x00, 0x00, 0x00,
    0x2b, 0x00, 0x00, 0x00, 0x00, 0x00, 0x00, 0x09, 0xb0, 0x03, 0x00, 0x00,
    0x02, 0x00, 0x00, 0x00, 0xff, 0xff, 0xff, 0xff, 0x03, 0x00, 0x00, 0x00,
    0xa4, 0x8f, 0xff, 0xff, 0x08, 0x00, 0x00, 0x00, 0x14, 0x00, 0x00, 0x00,
    0x01, 0x00, 0x00, 0x00, 0xf7, 0xff, 0xff, 0xff, 0xff, 0xff, 0xff, 0xff,
    0x00, 0x00, 0x00, 0x00, 0x01, 0x00, 0x00, 0x00, 0xe0, 0x92, 0xd5, 0x3b,
    0x76, 0x03, 0x00, 0x00, 0x73, 0x6f, 0x63, 0x5f, 0x6c, 0x73, 0x74, 0x6d,
    0x5f, 0x31, 0x2f, 0x6c, 0x73, 0x74, 0x6d, 0x5f, 0x31, 0x2f, 0x75, 0x6e,
    0x73, 0x74, 0x61, 0x63, 0x6b, 0x3b, 0x73, 0x6f, 0x63, 0x5f, 0x6c, 0x73,
    0x74, 0x6d, 0x5f, 0x31, 0x2f, 0x6c, 0x73, 0x74, 0x6d, 0x5f, 0x31, 0x2f,
    0x75, 0x6e, 0x73, 0x74, 0x61, 0x63, 0x6b, 0x31, 0x3b, 0x73, 0x6f, 0x63,
    0x5f, 0x6c, 0x73, 0x74, 0x6d, 0x5f, 0x31, 0x2f, 0x6c, 0x73, 0x74, 0x6d,
    0x5f, 0x31, 0x2f, 0x75, 0x6e, 0x73, 0x74, 0x61, 0x63, 0x6b, 0x32, 0x3b,
    0x73, 0x6f, 0x63, 0x5f, 0x6c, 0x73, 0x74, 0x6d, 0x5f, 0x31, 0x2f, 0x6c,
    0x73, 0x74, 0x6d, 0x5f, 0x31, 0x2f, 0x75, 0x6e, 0x73, 0x74, 0x61, 0x63,
    0x6b, 0x33, 0x3b, 0x73, 0x6f, 0x63, 0x5f, 0x6c, 0x73, 0x74, 0x6d, 0x5f,
    0x31, 0x2f, 0x6c, 0x73, 0x74, 0x6d, 0x5f, 0x31, 0x2f, 0x75, 0x6e, 0x73,
    0x74, 0x61, 0x63, 0x6b, 0x34, 0x3b, 0x73, 0x6f, 0x63, 0x5f, 0x6c, 0x73,
    0x74, 0x6d, 0x5f, 0x31, 0x2f, 0x6c, 0x73, 0x74, 0x6d, 0x5f, 0x31, 0x2f,
    0x75, 0x6e, 0x73, 0x74, 0x61, 0x63, 0x6b, 0x35, 0x3b, 0x73, 0x6f, 0x63,
    0x5f, 0x6c, 0x73, 0x74, 0x6d, 0x5f, 0x31, 0x2f, 0x6c, 0x73, 0x74, 0x6d,
    0x5f, 0x31, 0x2f, 0x75, 0x6e, 0x73, 0x74, 0x61, 0x63, 0x6b, 0x36, 0x3b,
    0x73, 0x6f, 0x63, 0x5f, 0x6c, 0x73, 0x74, 0x6d, 0x5f, 0x31, 0x2f, 0x6c,
    0x73, 0x74, 0x6d, 0x5f, 0x31, 0x2f, 0x75, 0x6e, 0x73, 0x74, 0x61, 0x63,
    0x6b, 0x37, 0x3b, 0x73, 0x6f, 0x63, 0x5f, 0x6c, 0x73, 0x74, 0x6d, 0x5f,
    0x31, 0x2f, 0x6c, 0x73, 0x74, 0x6d, 0x5f, 0x31, 0x2f, 0x75, 0x6e, 0x73,
    0x74, 0x61, 0x63, 0x6b, 0x38, 0x3b, 0x73, 0x6f, 0x63, 0x5f, 0x6c, 0x73,
    0x74, 0x6d, 0x5f, 0x31, 0x2f, 0x6c, 0x73, 0x74, 0x6d, 0x5f, 0x31, 0x2f,
    0x75, 0x6e, 0x73, 0x74, 0x61, 0x63, 0x6b, 0x39, 0x3b, 0x73, 0x6f, 0x63,
    0x5f, 0x6c, 0x73, 0x74, 0x6d, 0x5f, 0x31, 0x2f, 0x6c, 0x73, 0x74, 0x6d,
    0x5f, 0x31, 0x2f, 0x75, 0x6e, 0x73, 0x74, 0x61, 0x63, 0x6b, 0x31, 0x30,
    0x3b, 0x73, 0x6f, 0x63, 0x5f, 0x6c, 0x73, 0x74, 0x6d, 0x5f, 0x31, 0x2f,
    0x6c, 0x73, 0x74, 0x6d, 0x5f, 0x31, 0x2f, 0x75, 0x6e, 0x73, 0x74, 0x61,
    0x63, 0x6b, 0x31, 0x31, 0x3b, 0x73, 0x6f, 0x63, 0x5f, 0x6c, 0x73, 0x74,
    0x6d, 0x5f, 0x31, 0x2f, 0x6c, 0x73, 0x74, 0x6d, 0x5f, 0x31, 0x2f, 0x75,
    0x6e, 0x73, 0x74, 0x61, 0x63, 0x6b, 0x31, 0x32, 0x3b, 0x73, 0x6f, 0x63,
    0x5f, 0x6c, 0x73, 0x74, 0x6d, 0x5f, 0x31, 0x2f, 0x6c, 0x73, 0x74, 0x6d,
    0x5f, 0x31, 0x2f, 0x75, 0x6e, 0x73, 0x74, 0x61, 0x63, 0x6b, 0x31, 0x33,
    0x3b, 0x73, 0x6f, 0x63, 0x5f, 0x6c, 0x73, 0x74, 0x6d, 0x5f, 0x31, 0x2f,
    0x6c, 0x73, 0x74, 0x6d, 0x5f, 0x31, 0x2f, 0x75, 0x6e, 0x73, 0x74, 0x61,
    0x63, 0x6b, 0x31, 0x34, 0x3b, 0x73, 0x6f, 0x63, 0x5f, 0x6c, 0x73, 0x74,
    0x6d, 0x5f, 0x31, 0x2f, 0x6c, 0x73, 0x74, 0x6d, 0x5f, 0x31, 0x2f, 0x75,
    0x6e, 0x73, 0x74, 0x61, 0x63, 0x6b, 0x31, 0x35, 0x3b, 0x73, 0x6f, 0x63,
    0x5f, 0x6c, 0x73, 0x74, 0x6d, 0x5f, 0x31, 0x2f, 0x6c, 0x73, 0x74, 0x6d,
    0x5f, 0x31, 0x2f, 0x75, 0x6e, 0x73, 0x74, 0x61, 0x63, 0x6b, 0x31, 0x36,
    0x3b, 0x73, 0x6f, 0x63, 0x5f, 0x6c, 0x73, 0x74, 0x6d, 0x5f, 0x31, 0x2f,
    0x6c, 0x73, 0x74, 0x6d, 0x5f, 0x31, 0x2f, 0x75, 0x6e, 0x73, 0x74, 0x61,
    0x63, 0x6b, 0x31, 0x37, 0x3b, 0x73, 0x6f, 0x63, 0x5f, 0x6c, 0x73, 0x74,
    0x6d, 0x5f, 0x31, 0x2f, 0x6c, 0x73, 0x74, 0x6d, 0x5f, 0x31, 0x2f, 0x75,
    0x6e, 0x73, 0x74, 0x61, 0x63, 0x6b, 0x31, 0x38, 0x3b, 0x73, 0x6f, 0x63,
    0x5f, 0x6c, 0x73, 0x74, 0x6d, 0x5f, 0x31, 0x2f, 0x6c, 0x73, 0x74, 0x6d,
    0x5f, 0x31, 0x2f, 0x75, 0x6e, 0x73, 0x74, 0x61, 0x63, 0x6b, 0x31, 0x39,
    0x3b, 0x73, 0x6f, 0x63, 0x5f, 0x6c, 0x73, 0x74, 0x6d, 0x5f, 0x31, 0x2f,
    0x6c, 0x73, 0x74, 0x6d, 0x5f, 0x31, 0x2f, 0x75, 0x6e, 0x73, 0x74, 0x61,
    0x63, 0x6b, 0x32, 0x30, 0x3b, 0x73, 0x6f, 0x63, 0x5f, 0x6c, 0x73, 0x74,
    0x6d, 0x5f, 0x31, 0x2f, 0x6c, 0x73, 0x74, 0x6d, 0x5f, 0x31, 0x2f, 0x75,
    0x6e, 0x73, 0x74, 0x61, 0x63, 0x6b, 0x32, 0x31, 0x3b, 0x73, 0x6f, 0x63,
    0x5f, 0x6c, 0x73, 0x74, 0x6d, 0x5f, 0x31, 0x2f, 0x6c, 0x73, 0x74, 0x6d,
    0x5f, 0x31, 0x2f, 0x75, 0x6e, 0x73, 0x74, 0x61, 0x63, 0x6b, 0x32, 0x32,
    0x3b, 0x73, 0x6f, 0x63, 0x5f, 0x6c, 0x73, 0x74, 0x6d, 0x5f, 0x31, 0x2f,
    0x6c, 0x73, 0x74, 0x6d, 0x5f, 0x31, 0x2f, 0x75, 0x6e, 0x73, 0x74, 0x61,
    0x63, 0x6b, 0x32, 0x33, 0x3b, 0x73, 0x6f, 0x63, 0x5f, 0x6c, 0x73, 0x74,
    0x6d, 0x5f, 0x31, 0x2f, 0x6c, 0x73, 0x74, 0x6d, 0x5f, 0x31, 0x2f, 0x75,
    0x6e, 0x73, 0x74, 0x61, 0x63, 0x6b, 0x32, 0x34, 0x3b, 0x73, 0x6f, 0x63,
    0x5f, 0x6c, 0x73, 0x74, 0x6d, 0x5f, 0x31, 0x2f, 0x6c, 0x73, 0x74, 0x6d,
    0x5f, 0x31, 0x2f, 0x75, 0x6e, 0x73, 0x74, 0x61, 0x63, 0x6b, 0x32, 0x35,
    0x3b, 0x73, 0x6f, 0x63, 0x5f, 0x6c, 0x73, 0x74, 0x6d, 0x5f, 0x31, 0x2f,
    0x6c, 0x73, 0x74, 0x6d, 0x5f, 0x31, 0x2f, 0x75, 0x6e, 0x73, 0x74, 0x61,
    0x63, 0x6b, 0x32, 0x36, 0x3b, 0x73, 0x6f, 0x63, 0x5f, 0x6c, 0x73, 0x74,
    0x6d, 0x5f, 0x31, 0x2f, 0x6c, 0x73, 0x74, 0x6d, 0x5f, 0x31, 0x2f, 0x75,
    0x6e, 0x73, 0x74, 0x61, 0x63, 0x6b, 0x32, 0x37, 0x3b, 0x73, 0x6f, 0x63,
    0x5f, 0x6c, 0x73, 0x74, 0x6d, 0x5f, 0x31, 0x2f, 0x6c, 0x73, 0x74, 0x6d,
    0x5f, 0x31, 0x2f, 0x75, 0x6e, 0x73, 0x74, 0x61, 0x63, 0x6b, 0x32, 0x38,
    0x3b, 0x73, 0x6f, 0x63, 0x5f, 0x6c, 0x73, 0x74, 0x6d, 0x5f, 0x31, 0x2f,
    0x6c, 0x73, 0x74, 0x6d, 0x5f, 0x31, 0x2f, 0x75, 0x6e, 0x73, 0x74, 0x61,
    0x63, 0x6b, 0x32, 0x39, 0x3b, 0x73, 0x6f, 0x63, 0x5f, 0x6c, 0x73, 0x74,
    0x6d, 0x5f, 0x31, 0x2f, 0x6c, 0x73, 0x74, 0x6d, 0x5f, 0x31, 0x2f, 0x75,
    0x6e, 0x73, 0x74, 0x61, 0x63, 0x6b, 0x33, 0x30, 0x3b, 0x73, 0x6f, 0x63,
    0x5f, 0x6c, 0x73, 0x74, 0x6d, 0x5f, 0x31, 0x2f, 0x6c, 0x73, 0x74, 0x6d,
    0x5f, 0x31, 0x2f, 0x75, 0x6e, 0x73, 0x74, 0x61, 0x63, 0x6b, 0x33, 0x31,
    0x32, 0x35, 0x00, 0x00, 0x02, 0x00, 0x00, 0x00, 0x01, 0x00, 0x00, 0x00,
    0x03, 0x00, 0x00, 0x00, 0x96, 0x93, 0xff, 0xff, 0x00, 0x00, 0x00, 0x01,
    0x18, 0x00, 0x00, 0x00, 0x20, 0x00, 0x00, 0x00, 0x40, 0x00, 0x00, 0x00,
    0x2a, 0x00, 0x00, 0x00, 0x00, 0x00, 0x00, 0x09, 0xb0, 0x03, 0x00, 0x00,
    0x02, 0x00, 0x00, 0x00, 0xff, 0xff, 0xff, 0xff, 0x03, 0x00, 0x00, 0x00,
    0x7c, 0x93, 0xff, 0xff, 0x08, 0x00, 0x00, 0x00, 0x14, 0x00, 0x00, 0x00,
    0x01, 0x00, 0x00, 0x00, 0xf7, 0xff, 0xff, 0xff, 0xff, 0xff, 0xff, 0xff,
    0x00, 0x00, 0x00, 0x00, 0x01, 0x00, 0x00, 0x00, 0xe0, 0x92, 0xd5, 0x3b,
    0x76, 0x03, 0x00, 0x00, 0x73, 0x6f, 0x63, 0x5f, 0x6c, 0x73, 0x74, 0x6d,
    0x5f, 0x31, 0x2f, 0x6c, 0x73, 0x74, 0x6d, 0x5f, 0x31, 0x2f, 0x75, 0x6e,
    0x73, 0x74, 0x61, 0x63, 0x6b, 0x3b, 0x73, 0x6f, 0x63, 0x5f, 0x6c, 0x73,
    0x74, 0x6d, 0x5f, 0x31, 0x2f, 0x6c, 0x73, 0x74, 0x6d, 0x5f, 0x31, 0x2f,
    0x75, 0x6e, 0x73, 0x74, 0x61, 0x63, 0x6b, 0x31, 0x3b, 0x73, 0x6f, 0x63,
    0x5f, 0x6c, 0x73, 0x74, 0x6d, 0x5f, 0x31, 0x2f, 0x6c, 0x73, 0x74, 0x6d,
    0x5f, 0x31, 0x2f, 0x75, 0x6e, 0x73, 0x74, 0x61, 0x63, 0x6b, 0x32, 0x3b,
    0x73, 0x6f, 0x63, 0x5f, 0x6c, 0x73, 0x74, 0x6d, 0x5f, 0x31, 0x2f, 0x6c,
    0x73, 0x74, 0x6d, 0x5f, 0x31, 0x2f, 0x75, 0x6e, 0x73, 0x74, 0x61, 0x63,
    0x6b, 0x33, 0x3b, 0x73, 0x6f, 0x63, 0x5f, 0x6c, 0x73, 0x74, 0x6d, 0x5f,
    0x31, 0x2f, 0x6c, 0x73, 0x74, 0x6d, 0x5f, 0x31, 0x2f, 0x75, 0x6e, 0x73,
    0x74, 0x61, 0x63, 0x6b, 0x34, 0x3b, 0x73, 0x6f, 0x63, 0x5f, 0x6c, 0x73,
    0x74, 0x6d, 0x5f, 0x31, 0x2f, 0x6c, 0x73, 0x74, 0x6d, 0x5f, 0x31, 0x2f,
    0x75, 0x6e, 0x73, 0x74, 0x61, 0x63, 0x6b, 0x35, 0x3b, 0x73, 0x6f, 0x63,
    0x5f, 0x6c, 0x73, 0x74, 0x6d, 0x5f, 0x31, 0x2f, 0x6c, 0x73, 0x74, 0x6d,
    0x5f, 0x31, 0x2f, 0x75, 0x6e, 0x73, 0x74, 0x61, 0x63, 0x6b, 0x36, 0x3b,
    0x73, 0x6f, 0x63, 0x5f, 0x6c, 0x73, 0x74, 0x6d, 0x5f, 0x31, 0x2f, 0x6c,
    0x73, 0x74, 0x6d, 0x5f, 0x31, 0x2f, 0x75, 0x6e, 0x73, 0x74, 0x61, 0x63,
    0x6b, 0x37, 0x3b, 0x73, 0x6f, 0x63, 0x5f, 0x6c, 0x73, 0x74, 0x6d, 0x5f,
    0x31, 0x2f, 0x6c, 0x73, 0x74, 0x6d, 0x5f, 0x31, 0x2f, 0x75, 0x6e, 0x73,
    0x74, 0x61, 0x63, 0x6b, 0x38, 0x3b, 0x73, 0x6f, 0x63, 0x5f, 0x6c, 0x73,
    0x74, 0x6d, 0x5f, 0x31, 0x2f, 0x6c, 0x73, 0x74, 0x6d, 0x5f, 0x31, 0x2f,
    0x75, 0x6e, 0x73, 0x74, 0x61, 0x63, 0x6b, 0x39, 0x3b, 0x73, 0x6f, 0x63,
    0x5f, 0x6c, 0x73, 0x74, 0x6d, 0x5f, 0x31, 0x2f, 0x6c, 0x73, 0x74, 0x6d,
    0x5f, 0x31, 0x2f, 0x75, 0x6e, 0x73, 0x74, 0x61, 0x63, 0x6b, 0x31, 0x30,
    0x3b, 0x73, 0x6f, 0x63, 0x5f, 0x6c, 0x73, 0x74, 0x6d, 0x5f, 0x31, 0x2f,
    0x6c, 0x73, 0x74, 0x6d, 0x5f, 0x31, 0x2f, 0x75, 0x6e, 0x73, 0x74, 0x61,
    0x63, 0x6b, 0x31, 0x31, 0x3b, 0x73, 0x6f, 0x63, 0x5f, 0x6c, 0x73, 0x74,
    0x6d, 0x5f, 0x31, 0x2f, 0x6c, 0x73, 0x74, 0x6d, 0x5f, 0x31, 0x2f, 0x75,
    0x6e, 0x73, 0x74, 0x61, 0x63, 0x6b, 0x31, 0x32, 0x3b, 0x73, 0x6f, 0x63,
    0x5f, 0x6c, 0x73, 0x74, 0x6d, 0x5f, 0x31, 0x2f, 0x6c, 0x73, 0x74, 0x6d,
    0x5f, 0x31, 0x2f, 0x75, 0x6e, 0x73, 0x74, 0x61, 0x63, 0x6b, 0x31, 0x33,
    0x3b, 0x73, 0x6f, 0x63, 0x5f, 0x6c, 0x73, 0x74, 0x6d, 0x5f, 0x31, 0x2f,
    0x6c, 0x73, 0x74, 0x6d, 0x5f, 0x31, 0x2f, 0x75, 0x6e, 0x73, 0x74, 0x61,
    0x63, 0x6b, 0x31, 0x34, 0x3b, 0x73, 0x6f, 0x63, 0x5f, 0x6c, 0x73, 0x74,
    0x6d, 0x5f, 0x31, 0x2f, 0x6c, 0x73, 0x74, 0x6d, 0x5f, 0x31, 0x2f, 0x75,
    0x6e, 0x73, 0x74, 0x61, 0x63, 0x6b, 0x31, 0x35, 0x3b, 0x73, 0x6f, 0x63,
    0x5f, 0x6c, 0x73, 0x74, 0x6d, 0x5f, 0x31, 0x2f, 0x6c, 0x73, 0x74, 0x6d,
    0x5f, 0x31, 0x2f, 0x75, 0x6e, 0x73, 0x74, 0x61, 0x63, 0x6b, 0x31, 0x36,
    0x3b, 0x73, 0x6f, 0x63, 0x5f, 0x6c, 0x73, 0x74, 0x6d, 0x5f, 0x31, 0x2f,
    0x6c, 0x73, 0x74, 0x6d, 0x5f, 0x31, 0x2f, 0x75, 0x6e, 0x73, 0x74, 0x61,
    0x63, 0x6b, 0x31, 0x37, 0x3b, 0x73, 0x6f, 0x63, 0x5f, 0x6c, 0x73, 0x74,
    0x6d, 0x5f, 0x31, 0x2f, 0x6c, 0x73, 0x74, 0x6d, 0x5f, 0x31, 0x2f, 0x75,
    0x6e, 0x73, 0x74, 0x61, 0x63, 0x6b, 0x31, 0x38, 0x3b, 0x73, 0x6f, 0x63,
    0x5f, 0x6c, 0x73, 0x74, 0x6d, 0x5f, 0x31, 0x2f, 0x6c, 0x73, 0x74, 0x6d,
    0x5f, 0x31, 0x2f, 0x75, 0x6e, 0x73, 0x74, 0x61, 0x63, 0x6b, 0x31, 0x39,
    0x3b, 0x73, 0x6f, 0x63, 0x5f, 0x6c, 0x73, 0x74, 0x6d, 0x5f, 0x31, 0x2f,
    0x6c, 0x73, 0x74, 0x6d, 0x5f, 0x31, 0x2f, 0x75, 0x6e, 0x73, 0x74, 0x61,
    0x63, 0x6b, 0x32, 0x30, 0x3b, 0x73, 0x6f, 0x63, 0x5f, 0x6c, 0x73, 0x74,
    0x6d, 0x5f, 0x31, 0x2f, 0x6c, 0x73, 0x74, 0x6d, 0x5f, 0x31, 0x2f, 0x75,
    0x6e, 0x73, 0x74, 0x61, 0x63, 0x6b, 0x32, 0x31, 0x3b, 0x73, 0x6f, 0x63,
    0x5f, 0x6c, 0x73, 0x74, 0x6d, 0x5f, 0x31, 0x2f, 0x6c, 0x73, 0x74, 0x6d,
    0x5f, 0x31, 0x2f, 0x75, 0x6e, 0x73, 0x74, 0x61, 0x63, 0x6b, 0x32, 0x32,
    0x3b, 0x73, 0x6f, 0x63, 0x5f, 0x6c, 0x73, 0x74, 0x6d, 0x5f, 0x31, 0x2f,
    0x6c, 0x73, 0x74, 0x6d, 0x5f, 0x31, 0x2f, 0x75, 0x6e, 0x73, 0x74, 0x61,
    0x63, 0x6b, 0x32, 0x33, 0x3b, 0x73, 0x6f, 0x63, 0x5f, 0x6c, 0x73, 0x74,
    0x6d, 0x5f, 0x31, 0x2f, 0x6c, 0x73, 0x74, 0x6d, 0x5f, 0x31, 0x2f, 0x75,
    0x6e, 0x73, 0x74, 0x61, 0x63, 0x6b, 0x32, 0x34, 0x3b, 0x73, 0x6f, 0x63,
    0x5f, 0x6c, 0x73, 0x74, 0x6d, 0x5f, 0x31, 0x2f, 0x6c, 0x73, 0x74, 0x6d,
    0x5f, 0x31, 0x2f, 0x75, 0x6e, 0x73, 0x74, 0x61, 0x63, 0x6b, 0x32, 0x35,
    0x3b, 0x73, 0x6f, 0x63, 0x5f, 0x6c, 0x73, 0x74, 0x6d, 0x5f, 0x31, 0x2f,
    0x6c, 0x73, 0x74, 0x6d, 0x5f, 0x31, 0x2f, 0x75, 0x6e, 0x73, 0x74, 0x61,
    0x63, 0x6b, 0x32, 0x36, 0x3b, 0x73, 0x6f, 0x63, 0x5f, 0x6c, 0x73, 0x74,
    0x6d, 0x5f, 0x31, 0x2f, 0x6c, 0x73, 0x74, 0x6d, 0x5f, 0x31, 0x2f, 0x75,
    0x6e, 0x73, 0x74, 0x61, 0x63, 0x6b, 0x32, 0x37, 0x3b, 0x73, 0x6f, 0x63,
    0x5f, 0x6c, 0x73, 0x74, 0x6d, 0x5f, 0x31, 0x2f, 0x6c, 0x73, 0x74, 0x6d,
    0x5f, 0x31, 0x2f, 0x75, 0x6e, 0x73, 0x74, 0x61, 0x63, 0x6b, 0x32, 0x38,
    0x3b, 0x73, 0x6f, 0x63, 0x5f, 0x6c, 0x73, 0x74, 0x6d, 0x5f, 0x31, 0x2f,
    0x6c, 0x73, 0x74, 0x6d, 0x5f, 0x31, 0x2f, 0x75, 0x6e, 0x73, 0x74, 0x61,
    0x63, 0x6b, 0x32, 0x39, 0x3b, 0x73, 0x6f, 0x63, 0x5f, 0x6c, 0x73, 0x74,
    0x6d, 0x5f, 0x31, 0x2f, 0x6c, 0x73, 0x74, 0x6d, 0x5f, 0x31, 0x2f, 0x75,
    0x6e, 0x73, 0x74, 0x61, 0x63, 0x6b, 0x33, 0x30, 0x3b, 0x73, 0x6f, 0x63,
    0x5f, 0x6c, 0x73, 0x74, 0x6d, 0x5f, 0x31, 0x2f, 0x6c, 0x73, 0x74, 0x6d,
    0x5f, 0x31, 0x2f, 0x75, 0x6e, 0x73, 0x74, 0x61, 0x63, 0x6b, 0x33, 0x31,
    0x32, 0x34, 0x00, 0x00, 0x02, 0x00, 0x00, 0x00, 0x01, 0x00, 0x00, 0x00,
    0x03, 0x00, 0x00, 0x00, 0x6e, 0x97, 0xff, 0xff, 0x00, 0x00, 0x00, 0x01,
    0x18, 0x00, 0x00, 0x00, 0x20, 0x00, 0x00, 0x00, 0x40, 0x00, 0x00, 0x00,
    0x29, 0x00, 0x00, 0x00, 0x00, 0x00, 0x00, 0x09, 0xb0, 0x03, 0x00, 0x00,
    0x02, 0x00, 0x00, 0x00, 0xff, 0xff, 0xff, 0xff, 0x03, 0x00, 0x00, 0x00,
    0x54, 0x97, 0xff, 0xff, 0x08, 0x00, 0x00, 0x00, 0x14, 0x00, 0x00, 0x00,
    0x01, 0x00, 0x00, 0x00, 0xf7, 0xff, 0xff, 0xff, 0xff, 0xff, 0xff, 0xff,
    0x00, 0x00, 0x00, 0x00, 0x01, 0x00, 0x00, 0x00, 0xe0, 0x92, 0xd5, 0x3b,
    0x76, 0x03, 0x00, 0x00, 0x73, 0x6f, 0x63, 0x5f, 0x6c, 0x73, 0x74, 0x6d,
    0x5f, 0x31, 0x2f, 0x6c, 0x73, 0x74, 0x6d, 0x5f, 0x31, 0x2f, 0x75, 0x6e,
    0x73, 0x74, 0x61, 0x63, 0x6b, 0x3b, 0x73, 0x6f, 0x63, 0x5f, 0x6c, 0x73,
    0x74, 0x6d, 0x5f, 0x31, 0x2f, 0x6c, 0x73, 0x74, 0x6d, 0x5f, 0x31, 0x2f,
    0x75, 0x6e, 0x73, 0x74, 0x61, 0x63, 0x6b, 0x31, 0x3b, 0x73, 0x6f, 0x63,
    0x5f, 0x6c, 0x73, 0x74, 0x6d, 0x5f, 0x31, 0x2f, 0x6c, 0x73, 0x74, 0x6d,
    0x5f, 0x31, 0x2f, 0x75, 0x6e, 0x73, 0x74, 0x61, 0x63, 0x6b, 0x32, 0x3b,
    0x73, 0x6f, 0x63, 0x5f, 0x6c, 0x73, 0x74, 0x6d, 0x5f, 0x31, 0x2f, 0x6c,
    0x73, 0x74, 0x6d, 0x5f, 0x31, 0x2f, 0x75, 0x6e, 0x73, 0x74, 0x61, 0x63,
    0x6b, 0x33, 0x3b, 0x73, 0x6f, 0x63, 0x5f, 0x6c, 0x73, 0x74, 0x6d, 0x5f,
    0x31, 0x2f, 0x6c, 0x73, 0x74, 0x6d, 0x5f, 0x31, 0x2f, 0x75, 0x6e, 0x73,
    0x74, 0x61, 0x63, 0x6b, 0x34, 0x3b, 0x73, 0x6f, 0x63, 0x5f, 0x6c, 0x73,
    0x74, 0x6d, 0x5f, 0x31, 0x2f, 0x6c, 0x73, 0x74, 0x6d, 0x5f, 0x31, 0x2f,
    0x75, 0x6e, 0x73, 0x74, 0x61, 0x63, 0x6b, 0x35, 0x3b, 0x73, 0x6f, 0x63,
    0x5f, 0x6c, 0x73, 0x74, 0x6d, 0x5f, 0x31, 0x2f, 0x6c, 0x73, 0x74, 0x6d,
    0x5f, 0x31, 0x2f, 0x75, 0x6e, 0x73, 0x74, 0x61, 0x63, 0x6b, 0x36, 0x3b,
    0x73, 0x6f, 0x63, 0x5f, 0x6c, 0x73, 0x74, 0x6d, 0x5f, 0x31, 0x2f, 0x6c,
    0x73, 0x74, 0x6d, 0x5f, 0x31, 0x2f, 0x75, 0x6e, 0x73, 0x74, 0x61, 0x63,
    0x6b, 0x37, 0x3b, 0x73, 0x6f, 0x63, 0x5f, 0x6c, 0x73, 0x74, 0x6d, 0x5f,
    0x31, 0x2f, 0x6c, 0x73, 0x74, 0x6d, 0x5f, 0x31, 0x2f, 0x75, 0x6e, 0x73,
    0x74, 0x61, 0x63, 0x6b, 0x38, 0x3b, 0x73, 0x6f, 0x63, 0x5f, 0x6c, 0x73,
    0x74, 0x6d, 0x5f, 0x31, 0x2f, 0x6c, 0x73, 0x74, 0x6d, 0x5f, 0x31, 0x2f,
    0x75, 0x6e, 0x73, 0x74, 0x61, 0x63, 0x6b, 0x39, 0x3b, 0x73, 0x6f, 0x63,
    0x5f, 0x6c, 0x73, 0x74, 0x6d, 0x5f, 0x31, 0x2f, 0x6c, 0x73, 0x74, 0x6d,
    0x5f, 0x31, 0x2f, 0x75, 0x6e, 0x73, 0x74, 0x61, 0x63, 0x6b, 0x31, 0x30,
    0x3b, 0x73, 0x6f, 0x63, 0x5f, 0x6c, 0x73, 0x74, 0x6d, 0x5f, 0x31, 0x2f,
    0x6c, 0x73, 0x74, 0x6d, 0x5f, 0x31, 0x2f, 0x75, 0x6e, 0x73, 0x74, 0x61,
    0x63, 0x6b, 0x31, 0x31, 0x3b, 0x73, 0x6f, 0x63, 0x5f, 0x6c, 0x73, 0x74,
    0x6d, 0x5f, 0x31, 0x2f, 0x6c, 0x73, 0x74, 0x6d, 0x5f, 0x31, 0x2f, 0x75,
    0x6e, 0x73, 0x74, 0x61, 0x63, 0x6b, 0x31, 0x32, 0x3b, 0x73, 0x6f, 0x63,
    0x5f, 0x6c, 0x73, 0x74, 0x6d, 0x5f, 0x31, 0x2f, 0x6c, 0x73, 0x74, 0x6d,
    0x5f, 0x31, 0x2f, 0x75, 0x6e, 0x73, 0x74, 0x61, 0x63, 0x6b, 0x31, 0x33,
    0x3b, 0x73, 0x6f, 0x63, 0x5f, 0x6c, 0x73, 0x74, 0x6d, 0x5f, 0x31, 0x2f,
    0x6c, 0x73, 0x74, 0x6d, 0x5f, 0x31, 0x2f, 0x75, 0x6e, 0x73, 0x74, 0x61,
    0x63, 0x6b, 0x31, 0x34, 0x3b, 0x73, 0x6f, 0x63, 0x5f, 0x6c, 0x73, 0x74,
    0x6d, 0x5f, 0x31, 0x2f, 0x6c, 0x73, 0x74, 0x6d, 0x5f, 0x31, 0x2f, 0x75,
    0x6e, 0x73, 0x74, 0x61, 0x63, 0x6b, 0x31, 0x35, 0x3b, 0x73, 0x6f, 0x63,
    0x5f, 0x6c, 0x73, 0x74, 0x6d, 0x5f, 0x31, 0x2f, 0x6c, 0x73, 0x74, 0x6d,
    0x5f, 0x31, 0x2f, 0x75, 0x6e, 0x73, 0x74, 0x61, 0x63, 0x6b, 0x31, 0x36,
    0x3b, 0x73, 0x6f, 0x63, 0x5f, 0x6c, 0x73, 0x74, 0x6d, 0x5f, 0x31, 0x2f,
    0x6c, 0x73, 0x74, 0x6d, 0x5f, 0x31, 0x2f, 0x75, 0x6e, 0x73, 0x74, 0x61,
    0x63, 0x6b, 0x31, 0x37, 0x3b, 0x73, 0x6f, 0x63, 0x5f, 0x6c, 0x73, 0x74,
    0x6d, 0x5f, 0x31, 0x2f, 0x6c, 0x73, 0x74, 0x6d, 0x5f, 0x31, 0x2f, 0x75,
    0x6e, 0x73, 0x74, 0x61, 0x63, 0x6b, 0x31, 0x38, 0x3b, 0x73, 0x6f, 0x63,
    0x5f, 0x6c, 0x73, 0x74, 0x6d, 0x5f, 0x31, 0x2f, 0x6c, 0x73, 0x74, 0x6d,
    0x5f, 0x31, 0x2f, 0x75, 0x6e, 0x73, 0x74, 0x61, 0x63, 0x6b, 0x31, 0x39,
    0x3b, 0x73, 0x6f, 0x63, 0x5f, 0x6c, 0x73, 0x74, 0x6d, 0x5f, 0x31, 0x2f,
    0x6c, 0x73, 0x74, 0x6d, 0x5f, 0x31, 0x2f, 0x75, 0x6e, 0x73, 0x74, 0x61,
    0x63, 0x6b, 0x32, 0x30, 0x3b, 0x73, 0x6f, 0x63, 0x5f, 0x6c, 0x73, 0x74,
    0x6d, 0x5f, 0x31, 0x2f, 0x6c, 0x73, 0x74, 0x6d, 0x5f, 0x31, 0x2f, 0x75,
    0x6e, 0x73, 0x74, 0x61, 0x63, 0x6b, 0x32, 0x31, 0x3b, 0x73, 0x6f, 0x63,
    0x5f, 0x6c, 0x73, 0x74, 0x6d, 0x5f, 0x31, 0x2f, 0x6c, 0x73, 0x74, 0x6d,
    0x5f, 0x31, 0x2f, 0x75, 0x6e, 0x73, 0x74, 0x61, 0x63, 0x6b, 0x32, 0x32,
    0x3b, 0x73, 0x6f, 0x63, 0x5f, 0x6c, 0x73, 0x74, 0x6d, 0x5f, 0x31, 0x2f,
    0x6c, 0x73, 0x74, 0x6d, 0x5f, 0x31, 0x2f, 0x75, 0x6e, 0x73, 0x74, 0x61,
    0x63, 0x6b, 0x32, 0x33, 0x3b, 0x73, 0x6f, 0x63, 0x5f, 0x6c, 0x73, 0x74,
    0x6d, 0x5f, 0x31, 0x2f, 0x6c, 0x73, 0x74, 0x6d, 0x5f, 0x31, 0x2f, 0x75,
    0x6e, 0x73, 0x74, 0x61, 0x63, 0x6b, 0x32, 0x34, 0x3b, 0x73, 0x6f, 0x63,
    0x5f, 0x6c, 0x73, 0x74, 0x6d, 0x5f, 0x31, 0x2f, 0x6c, 0x73, 0x74, 0x6d,
    0x5f, 0x31, 0x2f, 0x75, 0x6e, 0x73, 0x74, 0x61, 0x63, 0x6b, 0x32, 0x35,
    0x3b, 0x73, 0x6f, 0x63, 0x5f, 0x6c, 0x73, 0x74, 0x6d, 0x5f, 0x31, 0x2f,
    0x6c, 0x73, 0x74, 0x6d, 0x5f, 0x31, 0x2f, 0x75, 0x6e, 0x73, 0x74, 0x61,
    0x63, 0x6b, 0x32, 0x36, 0x3b, 0x73, 0x6f, 0x63, 0x5f, 0x6c, 0x73, 0x74,
    0x6d, 0x5f, 0x31, 0x2f, 0x6c, 0x73, 0x74, 0x6d, 0x5f, 0x31, 0x2f, 0x75,
    0x6e, 0x73, 0x74, 0x61, 0x63, 0x6b, 0x32, 0x37, 0x3b, 0x73, 0x6f, 0x63,
    0x5f, 0x6c, 0x73, 0x74, 0x6d, 0x5f, 0x31, 0x2f, 0x6c, 0x73, 0x74, 0x6d,
    0x5f, 0x31, 0x2f, 0x75, 0x6e, 0x73, 0x74, 0x61, 0x63, 0x6b, 0x32, 0x38,
    0x3b, 0x73, 0x6f, 0x63, 0x5f, 0x6c, 0x73, 0x74, 0x6d, 0x5f, 0x31, 0x2f,
    0x6c, 0x73, 0x74, 0x6d, 0x5f, 0x31, 0x2f, 0x75, 0x6e, 0x73, 0x74, 0x61,
    0x63, 0x6b, 0x32, 0x39, 0x3b, 0x73, 0x6f, 0x63, 0x5f, 0x6c, 0x73, 0x74,
    0x6d, 0x5f, 0x31, 0x2f, 0x6c, 0x73, 0x74, 0x6d, 0x5f, 0x31, 0x2f, 0x75,
    0x6e, 0x73, 0x74, 0x61, 0x63, 0x6b, 0x33, 0x30, 0x3b, 0x73, 0x6f, 0x63,
    0x5f, 0x6c, 0x73, 0x74, 0x6d, 0x5f, 0x31, 0x2f, 0x6c, 0x73, 0x74, 0x6d,
    0x5f, 0x31, 0x2f, 0x75, 0x6e, 0x73, 0x74, 0x61, 0x63, 0x6b, 0x33, 0x31,
    0x32, 0x33, 0x00, 0x00, 0x02, 0x00, 0x00, 0x00, 0x01, 0x00, 0x00, 0x00,
    0x03, 0x00, 0x00, 0x00, 0x46, 0x9b, 0xff, 0xff, 0x00, 0x00, 0x00, 0x01,
    0x18, 0x00, 0x00, 0x00, 0x20, 0x00, 0x00, 0x00, 0x40, 0x00, 0x00, 0x00,
    0x28, 0x00, 0x00, 0x00, 0x00, 0x00, 0x00, 0x09, 0xb0, 0x03, 0x00, 0x00,
    0x02, 0x00, 0x00, 0x00, 0xff, 0xff, 0xff, 0xff, 0x03, 0x00, 0x00, 0x00,
    0x2c, 0x9b, 0xff, 0xff, 0x08, 0x00, 0x00, 0x00, 0x14, 0x00, 0x00, 0x00,
    0x01, 0x00, 0x00, 0x00, 0xf7, 0xff, 0xff, 0xff, 0xff, 0xff, 0xff, 0xff,
    0x00, 0x00, 0x00, 0x00, 0x01, 0x00, 0x00, 0x00, 0xe0, 0x92, 0xd5, 0x3b,
    0x76, 0x03, 0x00, 0x00, 0x73, 0x6f, 0x63, 0x5f, 0x6c, 0x73, 0x74, 0x6d,
    0x5f, 0x31, 0x2f, 0x6c, 0x73, 0x74, 0x6d, 0x5f, 0x31, 0x2f, 0x75, 0x6e,
    0x73, 0x74, 0x61, 0x63, 0x6b, 0x3b, 0x73, 0x6f, 0x63, 0x5f, 0x6c, 0x73,
    0x74, 0x6d, 0x5f, 0x31, 0x2f, 0x6c, 0x73, 0x74, 0x6d, 0x5f, 0x31, 0x2f,
    0x75, 0x6e, 0x73, 0x74, 0x61, 0x63, 0x6b, 0x31, 0x3b, 0x73, 0x6f, 0x63,
    0x5f, 0x6c, 0x73, 0x74, 0x6d, 0x5f, 0x31, 0x2f, 0x6c, 0x73, 0x74, 0x6d,
    0x5f, 0x31, 0x2f, 0x75, 0x6e, 0x73, 0x74, 0x61, 0x63, 0x6b, 0x32, 0x3b,
    0x73, 0x6f, 0x63, 0x5f, 0x6c, 0x73, 0x74, 0x6d, 0x5f, 0x31, 0x2f, 0x6c,
    0x73, 0x74, 0x6d, 0x5f, 0x31, 0x2f, 0x75, 0x6e, 0x73, 0x74, 0x61, 0x63,
    0x6b, 0x33, 0x3b, 0x73, 0x6f, 0x63, 0x5f, 0x6c, 0x73, 0x74, 0x6d, 0x5f,
    0x31, 0x2f, 0x6c, 0x73, 0x74, 0x6d, 0x5f, 0x31, 0x2f, 0x75, 0x6e, 0x73,
    0x74, 0x61, 0x63, 0x6b, 0x34, 0x3b, 0x73, 0x6f, 0x63, 0x5f, 0x6c, 0x73,
    0x74, 0x6d, 0x5f, 0x31, 0x2f, 0x6c, 0x73, 0x74, 0x6d, 0x5f, 0x31, 0x2f,
    0x75, 0x6e, 0x73, 0x74, 0x61, 0x63, 0x6b, 0x35, 0x3b, 0x73, 0x6f, 0x63,
    0x5f, 0x6c, 0x73, 0x74, 0x6d, 0x5f, 0x31, 0x2f, 0x6c, 0x73, 0x74, 0x6d,
    0x5f, 0x31, 0x2f, 0x75, 0x6e, 0x73, 0x74, 0x61, 0x63, 0x6b, 0x36, 0x3b,
    0x73, 0x6f, 0x63, 0x5f, 0x6c, 0x73, 0x74, 0x6d, 0x5f, 0x31, 0x2f, 0x6c,
    0x73, 0x74, 0x6d, 0x5f, 0x31, 0x2f, 0x75, 0x6e, 0x73, 0x74, 0x61, 0x63,
    0x6b, 0x37, 0x3b, 0x73, 0x6f, 0x63, 0x5f, 0x6c, 0x73, 0x74, 0x6d, 0x5f,
    0x31, 0x2f, 0x6c, 0x73, 0x74, 0x6d, 0x5f, 0x31, 0x2f, 0x75, 0x6e, 0x73,
    0x74, 0x61, 0x63, 0x6b, 0x38, 0x3b, 0x73, 0x6f, 0x63, 0x5f, 0x6c, 0x73,
    0x74, 0x6d, 0x5f, 0x31, 0x2f, 0x6c, 0x73, 0x74, 0x6d, 0x5f, 0x31, 0x2f,
    0x75, 0x6e, 0x73, 0x74, 0x61, 0x63, 0x6b, 0x39, 0x3b, 0x73, 0x6f, 0x63,
    0x5f, 0x6c, 0x73, 0x74, 0x6d, 0x5f, 0x31, 0x2f, 0x6c, 0x73, 0x74, 0x6d,
    0x5f, 0x31, 0x2f, 0x75, 0x6e, 0x73, 0x74, 0x61, 0x63, 0x6b, 0x31, 0x30,
    0x3b, 0x73, 0x6f, 0x63, 0x5f, 0x6c, 0x73, 0x74, 0x6d, 0x5f, 0x31, 0x2f,
    0x6c, 0x73, 0x74, 0x6d, 0x5f, 0x31, 0x2f, 0x75, 0x6e, 0x73, 0x74, 0x61,
    0x63, 0x6b, 0x31, 0x31, 0x3b, 0x73, 0x6f, 0x63, 0x5f, 0x6c, 0x73, 0x74,
    0x6d, 0x5f, 0x31, 0x2f, 0x6c, 0x73, 0x74, 0x6d, 0x5f, 0x31, 0x2f, 0x75,
    0x6e, 0x73, 0x74, 0x61, 0x63, 0x6b, 0x31, 0x32, 0x3b, 0x73, 0x6f, 0x63,
    0x5f, 0x6c, 0x73, 0x74, 0x6d, 0x5f, 0x31, 0x2f, 0x6c, 0x73, 0x74, 0x6d,
    0x5f, 0x31, 0x2f, 0x75, 0x6e, 0x73, 0x74, 0x61, 0x63, 0x6b, 0x31, 0x33,
    0x3b, 0x73, 0x6f, 0x63, 0x5f, 0x6c, 0x73, 0x74, 0x6d, 0x5f, 0x31, 0x2f,
    0x6c, 0x73, 0x74, 0x6d, 0x5f, 0x31, 0x2f, 0x75, 0x6e, 0x73, 0x74, 0x61,
    0x63, 0x6b, 0x31, 0x34, 0x3b, 0x73, 0x6f, 0x63, 0x5f, 0x6c, 0x73, 0x74,
    0x6d, 0x5f, 0x31, 0x2f, 0x6c, 0x73, 0x74, 0x6d, 0x5f, 0x31, 0x2f, 0x75,
    0x6e, 0x73, 0x74, 0x61, 0x63, 0x6b, 0x31, 0x35, 0x3b, 0x73, 0x6f, 0x63,
    0x5f, 0x6c, 0x73, 0x74, 0x6d, 0x5f, 0x31, 0x2f, 0x6c, 0x73, 0x74, 0x6d,
    0x5f, 0x31, 0x2f, 0x75, 0x6e, 0x73, 0x74, 0x61, 0x63, 0x6b, 0x31, 0x36,
    0x3b, 0x73, 0x6f, 0x63, 0x5f, 0x6c, 0x73, 0x74, 0x6d, 0x5f, 0x31, 0x2f,
    0x6c, 0x73, 0x74, 0x6d, 0x5f, 0x31, 0x2f, 0x75, 0x6e, 0x73, 0x74, 0x61,
    0x63, 0x6b, 0x31, 0x37, 0x3b, 0x73, 0x6f, 0x63, 0x5f, 0x6c, 0x73, 0x74,
    0x6d, 0x5f, 0x31, 0x2f, 0x6c, 0x73, 0x74, 0x6d, 0x5f, 0x31, 0x2f, 0x75,
    0x6e, 0x73, 0x74, 0x61, 0x63, 0x6b, 0x31, 0x38, 0x3b, 0x73, 0x6f, 0x63,
    0x5f, 0x6c, 0x73, 0x74, 0x6d, 0x5f, 0x31, 0x2f, 0x6c, 0x73, 0x74, 0x6d,
    0x5f, 0x31, 0x2f, 0x75, 0x6e, 0x73, 0x74, 0x61, 0x63, 0x6b, 0x31, 0x39,
    0x3b, 0x73, 0x6f, 0x63, 0x5f, 0x6c, 0x73, 0x74, 0x6d, 0x5f, 0x31, 0x2f,
    0x6c, 0x73, 0x74, 0x6d, 0x5f, 0x31, 0x2f, 0x75, 0x6e, 0x73, 0x74, 0x61,
    0x63, 0x6b, 0x32, 0x30, 0x3b, 0x73, 0x6f, 0x63, 0x5f, 0x6c, 0x73, 0x74,
    0x6d, 0x5f, 0x31, 0x2f, 0x6c, 0x73, 0x74, 0x6d, 0x5f, 0x31, 0x2f, 0x75,
    0x6e, 0x73, 0x74, 0x61, 0x63, 0x6b, 0x32, 0x31, 0x3b, 0x73, 0x6f, 0x63,
    0x5f, 0x6c, 0x73, 0x74, 0x6d, 0x5f, 0x31, 0x2f, 0x6c, 0x73, 0x74, 0x6d,
    0x5f, 0x31, 0x2f, 0x75, 0x6e, 0x73, 0x74, 0x61, 0x63, 0x6b, 0x32, 0x32,
    0x3b, 0x73, 0x6f, 0x63, 0x5f, 0x6c, 0x73, 0x74, 0x6d, 0x5f, 0x31, 0x2f,
    0x6c, 0x73, 0x74, 0x6d, 0x5f, 0x31, 0x2f, 0x75, 0x6e, 0x73, 0x74, 0x61,
    0x63, 0x6b, 0x32, 0x33, 0x3b, 0x73, 0x6f, 0x63, 0x5f, 0x6c, 0x73, 0x74,
    0x6d, 0x5f, 0x31, 0x2f, 0x6c, 0x73, 0x74, 0x6d, 0x5f, 0x31, 0x2f, 0x75,
    0x6e, 0x73, 0x74, 0x61, 0x63, 0x6b, 0x32, 0x34, 0x3b, 0x73, 0x6f, 0x63,
    0x5f, 0x6c, 0x73, 0x74, 0x6d, 0x5f, 0x31, 0x2f, 0x6c, 0x73, 0x74, 0x6d,
    0x5f, 0x31, 0x2f, 0x75, 0x6e, 0x73, 0x74, 0x61, 0x63, 0x6b, 0x32, 0x35,
    0x3b, 0x73, 0x6f, 0x63, 0x5f, 0x6c, 0x73, 0x74, 0x6d, 0x5f, 0x31, 0x2f,
    0x6c, 0x73, 0x74, 0x6d, 0x5f, 0x31, 0x2f, 0x75, 0x6e, 0x73, 0x74, 0x61,
    0x63, 0x6b, 0x32, 0x36, 0x3b, 0x73, 0x6f, 0x63, 0x5f, 0x6c, 0x73, 0x74,
    0x6d, 0x5f, 0x31, 0x2f, 0x6c, 0x73, 0x74, 0x6d, 0x5f, 0x31, 0x2f, 0x75,
    0x6e, 0x73, 0x74, 0x61, 0x63, 0x6b, 0x32, 0x37, 0x3b, 0x73, 0x6f, 0x63,
    0x5f, 0x6c, 0x73, 0x74, 0x6d, 0x5f, 0x31, 0x2f, 0x6c, 0x73, 0x74, 0x6d,
    0x5f, 0x31, 0x2f, 0x75, 0x6e, 0x73, 0x74, 0x61, 0x63, 0x6b, 0x32, 0x38,
    0x3b, 0x73, 0x6f, 0x63, 0x5f, 0x6c, 0x73, 0x74, 0x6d, 0x5f, 0x31, 0x2f,
    0x6c, 0x73, 0x74, 0x6d, 0x5f, 0x31, 0x2f, 0x75, 0x6e, 0x73, 0x74, 0x61,
    0x63, 0x6b, 0x32, 0x39, 0x3b, 0x73, 0x6f, 0x63, 0x5f, 0x6c, 0x73, 0x74,
    0x6d, 0x5f, 0x31, 0x2f, 0x6c, 0x73, 0x74, 0x6d, 0x5f, 0x31, 0x2f, 0x75,
    0x6e, 0x73, 0x74, 0x61, 0x63, 0x6b, 0x33, 0x30, 0x3b, 0x73, 0x6f, 0x63,
    0x5f, 0x6c, 0x73, 0x74, 0x6d, 0x5f, 0x31, 0x2f, 0x6c, 0x73, 0x74, 0x6d,
    0x5f, 0x31, 0x2f, 0x75, 0x6e, 0x73, 0x74, 0x61, 0x63, 0x6b, 0x33, 0x31,
    0x32, 0x32, 0x00, 0x00, 0x02, 0x00, 0x00, 0x00, 0x01, 0x00, 0x00, 0x00,
    0x03, 0x00, 0x00, 0x00, 0x1e, 0x9f, 0xff, 0xff, 0x00, 0x00, 0x00, 0x01,
    0x18, 0x00, 0x00, 0x00, 0x20, 0x00, 0x00, 0x00, 0x40, 0x00, 0x00, 0x00,
    0x27, 0x00, 0x00, 0x00, 0x00, 0x00, 0x00, 0x09, 0xb0, 0x03, 0x00, 0x00,
    0x02, 0x00, 0x00, 0x00, 0xff, 0xff, 0xff, 0xff, 0x03, 0x00, 0x00, 0x00,
    0x04, 0x9f, 0xff, 0xff, 0x08, 0x00, 0x00, 0x00, 0x14, 0x00, 0x00, 0x00,
    0x01, 0x00, 0x00, 0x00, 0xf7, 0xff, 0xff, 0xff, 0xff, 0xff, 0xff, 0xff,
    0x00, 0x00, 0x00, 0x00, 0x01, 0x00, 0x00, 0x00, 0xe0, 0x92, 0xd5, 0x3b,
    0x76, 0x03, 0x00, 0x00, 0x73, 0x6f, 0x63, 0x5f, 0x6c, 0x73, 0x74, 0x6d,
    0x5f, 0x31, 0x2f, 0x6c, 0x73, 0x74, 0x6d, 0x5f, 0x31, 0x2f, 0x75, 0x6e,
    0x73, 0x74, 0x61, 0x63, 0x6b, 0x3b, 0x73, 0x6f, 0x63, 0x5f, 0x6c, 0x73,
    0x74, 0x6d, 0x5f, 0x31, 0x2f, 0x6c, 0x73, 0x74, 0x6d, 0x5f, 0x31, 0x2f,
    0x75, 0x6e, 0x73, 0x74, 0x61, 0x63, 0x6b, 0x31, 0x3b, 0x73, 0x6f, 0x63,
    0x5f, 0x6c, 0x73, 0x74, 0x6d, 0x5f, 0x31, 0x2f, 0x6c, 0x73, 0x74, 0x6d,
    0x5f, 0x31, 0x2f, 0x75, 0x6e, 0x73, 0x74, 0x61, 0x63, 0x6b, 0x32, 0x3b,
    0x73, 0x6f, 0x63, 0x5f, 0x6c, 0x73, 0x74, 0x6d, 0x5f, 0x31, 0x2f, 0x6c,
    0x73, 0x74, 0x6d, 0x5f, 0x31, 0x2f, 0x75, 0x6e, 0x73, 0x74, 0x61, 0x63,
    0x6b, 0x33, 0x3b, 0x73, 0x6f, 0x63, 0x5f, 0x6c, 0x73, 0x74, 0x6d, 0x5f,
    0x31, 0x2f, 0x6c, 0x73, 0x74, 0x6d, 0x5f, 0x31, 0x2f, 0x75, 0x6e, 0x73,
    0x74, 0x61, 0x63, 0x6b, 0x34, 0x3b, 0x73, 0x6f, 0x63, 0x5f, 0x6c, 0x73,
    0x74, 0x6d, 0x5f, 0x31, 0x2f, 0x6c, 0x73, 0x74, 0x6d, 0x5f, 0x31, 0x2f,
    0x75, 0x6e, 0x73, 0x74, 0x61, 0x63, 0x6b, 0x35, 0x3b, 0x73, 0x6f, 0x63,
    0x5f, 0x6c, 0x73, 0x74, 0x6d, 0x5f, 0x31, 0x2f, 0x6c, 0x73, 0x74, 0x6d,
    0x5f, 0x31, 0x2f, 0x75, 0x6e, 0x73, 0x74, 0x61, 0x63, 0x6b, 0x36, 0x3b,
    0x73, 0x6f, 0x63, 0x5f, 0x6c, 0x73, 0x74, 0x6d, 0x5f, 0x31, 0x2f, 0x6c,
    0x73, 0x74, 0x6d, 0x5f, 0x31, 0x2f, 0x75, 0x6e, 0x73, 0x74, 0x61, 0x63,
    0x6b, 0x37, 0x3b, 0x73, 0x6f, 0x63, 0x5f, 0x6c, 0x73, 0x74, 0x6d, 0x5f,
    0x31, 0x2f, 0x6c, 0x73, 0x74, 0x6d, 0x5f, 0x31, 0x2f, 0x75, 0x6e, 0x73,
    0x74, 0x61, 0x63, 0x6b, 0x38, 0x3b, 0x73, 0x6f, 0x63, 0x5f, 0x6c, 0x73,
    0x74, 0x6d, 0x5f, 0x31, 0x2f, 0x6c, 0x73, 0x74, 0x6d, 0x5f, 0x31, 0x2f,
    0x75, 0x6e, 0x73, 0x74, 0x61, 0x63, 0x6b, 0x39, 0x3b, 0x73, 0x6f, 0x63,
    0x5f, 0x6c, 0x73, 0x74, 0x6d, 0x5f, 0x31, 0x2f, 0x6c, 0x73, 0x74, 0x6d,
    0x5f, 0x31, 0x2f, 0x75, 0x6e, 0x73, 0x74, 0x61, 0x63, 0x6b, 0x31, 0x30,
    0x3b, 0x73, 0x6f, 0x63, 0x5f, 0x6c, 0x73, 0x74, 0x6d, 0x5f, 0x31, 0x2f,
    0x6c, 0x73, 0x74, 0x6d, 0x5f, 0x31, 0x2f, 0x75, 0x6e, 0x73, 0x74, 0x61,
    0x63, 0x6b, 0x31, 0x31, 0x3b, 0x73, 0x6f, 0x63, 0x5f, 0x6c, 0x73, 0x74,
    0x6d, 0x5f, 0x31, 0x2f, 0x6c, 0x73, 0x74, 0x6d, 0x5f, 0x31, 0x2f, 0x75,
    0x6e, 0x73, 0x74, 0x61, 0x63, 0x6b, 0x31, 0x32, 0x3b, 0x73, 0x6f, 0x63,
    0x5f, 0x6c, 0x73, 0x74, 0x6d, 0x5f, 0x31, 0x2f, 0x6c, 0x73, 0x74, 0x6d,
    0x5f, 0x31, 0x2f, 0x75, 0x6e, 0x73, 0x74, 0x61, 0x63, 0x6b, 0x31, 0x33,
    0x3b, 0x73, 0x6f, 0x63, 0x5f, 0x6c, 0x73, 0x74, 0x6d, 0x5f, 0x31, 0x2f,
    0x6c, 0x73, 0x74, 0x6d, 0x5f, 0x31, 0x2f, 0x75, 0x6e, 0x73, 0x74, 0x61,
    0x63, 0x6b, 0x31, 0x34, 0x3b, 0x73, 0x6f, 0x63, 0x5f, 0x6c, 0x73, 0x74,
    0x6d, 0x5f, 0x31, 0x2f, 0x6c, 0x73, 0x74, 0x6d, 0x5f, 0x31, 0x2f, 0x75,
    0x6e, 0x73, 0x74, 0x61, 0x63, 0x6b, 0x31, 0x35, 0x3b, 0x73, 0x6f, 0x63,
    0x5f, 0x6c, 0x73, 0x74, 0x6d, 0x5f, 0x31, 0x2f, 0x6c, 0x73, 0x74, 0x6d,
    0x5f, 0x31, 0x2f, 0x75, 0x6e, 0x73, 0x74, 0x61, 0x63, 0x6b, 0x31, 0x36,
    0x3b, 0x73, 0x6f, 0x63, 0x5f, 0x6c, 0x73, 0x74, 0x6d, 0x5f, 0x31, 0x2f,
    0x6c, 0x73, 0x74, 0x6d, 0x5f, 0x31, 0x2f, 0x75, 0x6e, 0x73, 0x74, 0x61,
    0x63, 0x6b, 0x31, 0x37, 0x3b, 0x73, 0x6f, 0x63, 0x5f, 0x6c, 0x73, 0x74,
    0x6d, 0x5f, 0x31, 0x2f, 0x6c, 0x73, 0x74, 0x6d, 0x5f, 0x31, 0x2f, 0x75,
    0x6e, 0x73, 0x74, 0x61, 0x63, 0x6b, 0x31, 0x38, 0x3b, 0x73, 0x6f, 0x63,
    0x5f, 0x6c, 0x73, 0x74, 0x6d, 0x5f, 0x31, 0x2f, 0x6c, 0x73, 0x74, 0x6d,
    0x5f, 0x31, 0x2f, 0x75, 0x6e, 0x73, 0x74, 0x61, 0x63, 0x6b, 0x31, 0x39,
    0x3b, 0x73, 0x6f, 0x63, 0x5f, 0x6c, 0x73, 0x74, 0x6d, 0x5f, 0x31, 0x2f,
    0x6c, 0x73, 0x74, 0x6d, 0x5f, 0x31, 0x2f, 0x75, 0x6e, 0x73, 0x74, 0x61,
    0x63, 0x6b, 0x32, 0x30, 0x3b, 0x73, 0x6f, 0x63, 0x5f, 0x6c, 0x73, 0x74,
    0x6d, 0x5f, 0x31, 0x2f, 0x6c, 0x73, 0x74, 0x6d, 0x5f, 0x31, 0x2f, 0x75,
    0x6e, 0x73, 0x74, 0x61, 0x63, 0x6b, 0x32, 0x31, 0x3b, 0x73, 0x6f, 0x63,
    0x5f, 0x6c, 0x73, 0x74, 0x6d, 0x5f, 0x31, 0x2f, 0x6c, 0x73, 0x74, 0x6d,
    0x5f, 0x31, 0x2f, 0x75, 0x6e, 0x73, 0x74, 0x61, 0x63, 0x6b, 0x32, 0x32,
    0x3b, 0x73, 0x6f, 0x63, 0x5f, 0x6c, 0x73, 0x74, 0x6d, 0x5f, 0x31, 0x2f,
    0x6c, 0x73, 0x74, 0x6d, 0x5f, 0x31, 0x2f, 0x75, 0x6e, 0x73, 0x74, 0x61,
    0x63, 0x6b, 0x32, 0x33, 0x3b, 0x73, 0x6f, 0x63, 0x5f, 0x6c, 0x73, 0x74,
    0x6d, 0x5f, 0x31, 0x2f, 0x6c, 0x73, 0x74, 0x6d, 0x5f, 0x31, 0x2f, 0x75,
    0x6e, 0x73, 0x74, 0x61, 0x63, 0x6b, 0x32, 0x34, 0x3b, 0x73, 0x6f, 0x63,
    0x5f, 0x6c, 0x73, 0x74, 0x6d, 0x5f, 0x31, 0x2f, 0x6c, 0x73, 0x74, 0x6d,
    0x5f, 0x31, 0x2f, 0x75, 0x6e, 0x73, 0x74, 0x61, 0x63, 0x6b, 0x32, 0x35,
    0x3b, 0x73, 0x6f, 0x63, 0x5f, 0x6c, 0x73, 0x74, 0x6d, 0x5f, 0x31, 0x2f,
    0x6c, 0x73, 0x74, 0x6d, 0x5f, 0x31, 0x2f, 0x75, 0x6e, 0x73, 0x74, 0x61,
    0x63, 0x6b, 0x32, 0x36, 0x3b, 0x73, 0x6f, 0x63, 0x5f, 0x6c, 0x73, 0x74,
    0x6d, 0x5f, 0x31, 0x2f, 0x6c, 0x73, 0x74, 0x6d, 0x5f, 0x31, 0x2f, 0x75,
    0x6e, 0x73, 0x74, 0x61, 0x63, 0x6b, 0x32, 0x37, 0x3b, 0x73, 0x6f, 0x63,
    0x5f, 0x6c, 0x73, 0x74, 0x6d, 0x5f, 0x31, 0x2f, 0x6c, 0x73, 0x74, 0x6d,
    0x5f, 0x31, 0x2f, 0x75, 0x6e, 0x73, 0x74, 0x61, 0x63, 0x6b, 0x32, 0x38,
    0x3b, 0x73, 0x6f, 0x63, 0x5f, 0x6c, 0x73, 0x74, 0x6d, 0x5f, 0x31, 0x2f,
    0x6c, 0x73, 0x74, 0x6d, 0x5f, 0x31, 0x2f, 0x75, 0x6e, 0x73, 0x74, 0x61,
    0x63, 0x6b, 0x32, 0x39, 0x3b, 0x73, 0x6f, 0x63, 0x5f, 0x6c, 0x73, 0x74,
    0x6d, 0x5f, 0x31, 0x2f, 0x6c, 0x73, 0x74, 0x6d, 0x5f, 0x31, 0x2f, 0x75,
    0x6e, 0x73, 0x74, 0x61, 0x63, 0x6b, 0x33, 0x30, 0x3b, 0x73, 0x6f, 0x63,
    0x5f, 0x6c, 0x73, 0x74, 0x6d, 0x5f, 0x31, 0x2f, 0x6c, 0x73, 0x74, 0x6d,
    0x5f, 0x31, 0x2f, 0x75, 0x6e, 0x73, 0x74, 0x61, 0x63, 0x6b, 0x33, 0x31,
    0x32, 0x31, 0x00, 0x00, 0x02, 0x00, 0x00, 0x00, 0x01, 0x00, 0x00, 0x00,
    0x03, 0x00, 0x00, 0x00, 0xf6, 0xa2, 0xff, 0xff, 0x00, 0x00, 0x00, 0x01,
    0x18, 0x00, 0x00, 0x00, 0x20, 0x00, 0x00, 0x00, 0x40, 0x00, 0x00, 0x00,
    0x26, 0x00, 0x00, 0x00, 0x00, 0x00, 0x00, 0x09, 0xb0, 0x03, 0x00, 0x00,
    0x02, 0x00, 0x00, 0x00, 0xff, 0xff, 0xff, 0xff, 0x03, 0x00, 0x00, 0x00,
    0xdc, 0xa2, 0xff, 0xff, 0x08, 0x00, 0x00, 0x00, 0x14, 0x00, 0x00, 0x00,
    0x01, 0x00, 0x00, 0x00, 0xf7, 0xff, 0xff, 0xff, 0xff, 0xff, 0xff, 0xff,
    0x00, 0x00, 0x00, 0x00, 0x01, 0x00, 0x00, 0x00, 0xe0, 0x92, 0xd5, 0x3b,
    0x76, 0x03, 0x00, 0x00, 0x73, 0x6f, 0x63, 0x5f, 0x6c, 0x73, 0x74, 0x6d,
    0x5f, 0x31, 0x2f, 0x6c, 0x73, 0x74, 0x6d, 0x5f, 0x31, 0x2f, 0x75, 0x6e,
    0x73, 0x74, 0x61, 0x63, 0x6b, 0x3b, 0x73, 0x6f, 0x63, 0x5f, 0x6c, 0x73,
    0x74, 0x6d, 0x5f, 0x31, 0x2f, 0x6c, 0x73, 0x74, 0x6d, 0x5f, 0x31, 0x2f,
    0x75, 0x6e, 0x73, 0x74, 0x61, 0x63, 0x6b, 0x31, 0x3b, 0x73, 0x6f, 0x63,
    0x5f, 0x6c, 0x73, 0x74, 0x6d, 0x5f, 0x31, 0x2f, 0x6c, 0x73, 0x74, 0x6d,
    0x5f, 0x31, 0x2f, 0x75, 0x6e, 0x73, 0x74, 0x61, 0x63, 0x6b, 0x32, 0x3b,
    0x73, 0x6f, 0x63, 0x5f, 0x6c, 0x73, 0x74, 0x6d, 0x5f, 0x31, 0x2f, 0x6c,
    0x73, 0x74, 0x6d, 0x5f, 0x31, 0x2f, 0x75, 0x6e, 0x73, 0x74, 0x61, 0x63,
    0x6b, 0x33, 0x3b, 0x73, 0x6f, 0x63, 0x5f, 0x6c, 0x73, 0x74, 0x6d, 0x5f,
    0x31, 0x2f, 0x6c, 0x73, 0x74, 0x6d, 0x5f, 0x31, 0x2f, 0x75, 0x6e, 0x73,
    0x74, 0x61, 0x63, 0x6b, 0x34, 0x3b, 0x73, 0x6f, 0x63, 0x5f, 0x6c, 0x73,
    0x74, 0x6d, 0x5f, 0x31, 0x2f, 0x6c, 0x73, 0x74, 0x6d, 0x5f, 0x31, 0x2f,
    0x75, 0x6e, 0x73, 0x74, 0x61, 0x63, 0x6b, 0x35, 0x3b, 0x73, 0x6f, 0x63,
    0x5f, 0x6c, 0x73, 0x74, 0x6d, 0x5f, 0x31, 0x2f, 0x6c, 0x73, 0x74, 0x6d,
    0x5f, 0x31, 0x2f, 0x75, 0x6e, 0x73, 0x74, 0x61, 0x63, 0x6b, 0x36, 0x3b,
    0x73, 0x6f, 0x63, 0x5f, 0x6c, 0x73, 0x74, 0x6d, 0x5f, 0x31, 0x2f, 0x6c,
    0x73, 0x74, 0x6d, 0x5f, 0x31, 0x2f, 0x75, 0x6e, 0x73, 0x74, 0x61, 0x63,
    0x6b, 0x37, 0x3b, 0x73, 0x6f, 0x63, 0x5f, 0x6c, 0x73, 0x74, 0x6d, 0x5f,
    0x31, 0x2f, 0x6c, 0x73, 0x74, 0x6d, 0x5f, 0x31, 0x2f, 0x75, 0x6e, 0x73,
    0x74, 0x61, 0x63, 0x6b, 0x38, 0x3b, 0x73, 0x6f, 0x63, 0x5f, 0x6c, 0x73,
    0x74, 0x6d, 0x5f, 0x31, 0x2f, 0x6c, 0x73, 0x74, 0x6d, 0x5f, 0x31, 0x2f,
    0x75, 0x6e, 0x73, 0x74, 0x61, 0x63, 0x6b, 0x39, 0x3b, 0x73, 0x6f, 0x63,
    0x5f, 0x6c, 0x73, 0x74, 0x6d, 0x5f, 0x31, 0x2f, 0x6c, 0x73, 0x74, 0x6d,
    0x5f, 0x31, 0x2f, 0x75, 0x6e, 0x73, 0x74, 0x61, 0x63, 0x6b, 0x31, 0x30,
    0x3b, 0x73, 0x6f, 0x63, 0x5f, 0x6c, 0x73, 0x74, 0x6d, 0x5f, 0x31, 0x2f,
    0x6c, 0x73, 0x74, 0x6d, 0x5f, 0x31, 0x2f, 0x75, 0x6e, 0x73, 0x74, 0x61,
    0x63, 0x6b, 0x31, 0x31, 0x3b, 0x73, 0x6f, 0x63, 0x5f, 0x6c, 0x73, 0x74,
    0x6d, 0x5f, 0x31, 0x2f, 0x6c, 0x73, 0x74, 0x6d, 0x5f, 0x31, 0x2f, 0x75,
    0x6e, 0x73, 0x74, 0x61, 0x63, 0x6b, 0x31, 0x32, 0x3b, 0x73, 0x6f, 0x63,
    0x5f, 0x6c, 0x73, 0x74, 0x6d, 0x5f, 0x31, 0x2f, 0x6c, 0x73, 0x74, 0x6d,
    0x5f, 0x31, 0x2f, 0x75, 0x6e, 0x73, 0x74, 0x61, 0x63, 0x6b, 0x31, 0x33,
    0x3b, 0x73, 0x6f, 0x63, 0x5f, 0x6c, 0x73, 0x74, 0x6d, 0x5f, 0x31, 0x2f,
    0x6c, 0x73, 0x74, 0x6d, 0x5f, 0x31, 0x2f, 0x75, 0x6e, 0x73, 0x74, 0x61,
    0x63, 0x6b, 0x31, 0x34, 0x3b, 0x73, 0x6f, 0x63, 0x5f, 0x6c, 0x73, 0x74,
    0x6d, 0x5f, 0x31, 0x2f, 0x6c, 0x73, 0x74, 0x6d, 0x5f, 0x31, 0x2f, 0x75,
    0x6e, 0x73, 0x74, 0x61, 0x63, 0x6b, 0x31, 0x35, 0x3b, 0x73, 0x6f, 0x63,
    0x5f, 0x6c, 0x73, 0x74, 0x6d, 0x5f, 0x31, 0x2f, 0x6c, 0x73, 0x74, 0x6d,
    0x5f, 0x31, 0x2f, 0x75, 0x6e, 0x73, 0x74, 0x61, 0x63, 0x6b, 0x31, 0x36,
    0x3b, 0x73, 0x6f, 0x63, 0x5f, 0x6c, 0x73, 0x74, 0x6d, 0x5f, 0x31, 0x2f,
    0x6c, 0x73, 0x74, 0x6d, 0x5f, 0x31, 0x2f, 0x75, 0x6e, 0x73, 0x74, 0x61,
    0x63, 0x6b, 0x31, 0x37, 0x3b, 0x73, 0x6f, 0x63, 0x5f, 0x6c, 0x73, 0x74,
    0x6d, 0x5f, 0x31, 0x2f, 0x6c, 0x73, 0x74, 0x6d, 0x5f, 0x31, 0x2f, 0x75,
    0x6e, 0x73, 0x74, 0x61, 0x63, 0x6b, 0x31, 0x38, 0x3b, 0x73, 0x6f, 0x63,
    0x5f, 0x6c, 0x73, 0x74, 0x6d, 0x5f, 0x31, 0x2f, 0x6c, 0x73, 0x74, 0x6d,
    0x5f, 0x31, 0x2f, 0x75, 0x6e, 0x73, 0x74, 0x61, 0x63, 0x6b, 0x31, 0x39,
    0x3b, 0x73, 0x6f, 0x63, 0x5f, 0x6c, 0x73, 0x74, 0x6d, 0x5f, 0x31, 0x2f,
    0x6c, 0x73, 0x74, 0x6d, 0x5f, 0x31, 0x2f, 0x75, 0x6e, 0x73, 0x74, 0x61,
    0x63, 0x6b, 0x32, 0x30, 0x3b, 0x73, 0x6f, 0x63, 0x5f, 0x6c, 0x73, 0x74,
    0x6d, 0x5f, 0x31, 0x2f, 0x6c, 0x73, 0x74, 0x6d, 0x5f, 0x31, 0x2f, 0x75,
    0x6e, 0x73, 0x74, 0x61, 0x63, 0x6b, 0x32, 0x31, 0x3b, 0x73, 0x6f, 0x63,
    0x5f, 0x6c, 0x73, 0x74, 0x6d, 0x5f, 0x31, 0x2f, 0x6c, 0x73, 0x74, 0x6d,
    0x5f, 0x31, 0x2f, 0x75, 0x6e, 0x73, 0x74, 0x61, 0x63, 0x6b, 0x32, 0x32,
    0x3b, 0x73, 0x6f, 0x63, 0x5f, 0x6c, 0x73, 0x74, 0x6d, 0x5f, 0x31, 0x2f,
    0x6c, 0x73, 0x74, 0x6d, 0x5f, 0x31, 0x2f, 0x75, 0x6e, 0x73, 0x74, 0x61,
    0x63, 0x6b, 0x32, 0x33, 0x3b, 0x73, 0x6f, 0x63, 0x5f, 0x6c, 0x73, 0x74,
    0x6d, 0x5f, 0x31, 0x2f, 0x6c, 0x73, 0x74, 0x6d, 0x5f, 0x31, 0x2f, 0x75,
    0x6e, 0x73, 0x74, 0x61, 0x63, 0x6b, 0x32, 0x34, 0x3b, 0x73, 0x6f, 0x63,
    0x5f, 0x6c, 0x73, 0x74, 0x6d, 0x5f, 0x31, 0x2f, 0x6c, 0x73, 0x74, 0x6d,
    0x5f, 0x31, 0x2f, 0x75, 0x6e, 0x73, 0x74, 0x61, 0x63, 0x6b, 0x32, 0x35,
    0x3b, 0x73, 0x6f, 0x63, 0x5f, 0x6c, 0x73, 0x74, 0x6d, 0x5f, 0x31, 0x2f,
    0x6c, 0x73, 0x74, 0x6d, 0x5f, 0x31, 0x2f, 0x75, 0x6e, 0x73, 0x74, 0x61,
    0x63, 0x6b, 0x32, 0x36, 0x3b, 0x73, 0x6f, 0x63, 0x5f, 0x6c, 0x73, 0x74,
    0x6d, 0x5f, 0x31, 0x2f, 0x6c, 0x73, 0x74, 0x6d, 0x5f, 0x31, 0x2f, 0x75,
    0x6e, 0x73, 0x74, 0x61, 0x63, 0x6b, 0x32, 0x37, 0x3b, 0x73, 0x6f, 0x63,
    0x5f, 0x6c, 0x73, 0x74, 0x6d, 0x5f, 0x31, 0x2f, 0x6c, 0x73, 0x74, 0x6d,
    0x5f, 0x31, 0x2f, 0x75, 0x6e, 0x73, 0x74, 0x61, 0x63, 0x6b, 0x32, 0x38,
    0x3b, 0x73, 0x6f, 0x63, 0x5f, 0x6c, 0x73, 0x74, 0x6d, 0x5f, 0x31, 0x2f,
    0x6c, 0x73, 0x74, 0x6d, 0x5f, 0x31, 0x2f, 0x75, 0x6e, 0x73, 0x74, 0x61,
    0x63, 0x6b, 0x32, 0x39, 0x3b, 0x73, 0x6f, 0x63, 0x5f, 0x6c, 0x73, 0x74,
    0x6d, 0x5f, 0x31, 0x2f, 0x6c, 0x73, 0x74, 0x6d, 0x5f, 0x31, 0x2f, 0x75,
    0x6e, 0x73, 0x74, 0x61, 0x63, 0x6b, 0x33, 0x30, 0x3b, 0x73, 0x6f, 0x63,
    0x5f, 0x6c, 0x73, 0x74, 0x6d, 0x5f, 0x31, 0x2f, 0x6c, 0x73, 0x74, 0x6d,
    0x5f, 0x31, 0x2f, 0x75, 0x6e, 0x73, 0x74, 0x61, 0x63, 0x6b, 0x33, 0x31,
    0x32, 0x30, 0x00, 0x00, 0x02, 0x00, 0x00, 0x00, 0x01, 0x00, 0x00, 0x00,
    0x03, 0x00, 0x00, 0x00, 0xce, 0xa6, 0xff, 0xff, 0x00, 0x00, 0x00, 0x01,
    0x18, 0x00, 0x00, 0x00, 0x20, 0x00, 0x00, 0x00, 0x40, 0x00, 0x00, 0x00,
    0x25, 0x00, 0x00, 0x00, 0x00, 0x00, 0x00, 0x09, 0xb0, 0x03, 0x00, 0x00,
    0x02, 0x00, 0x00, 0x00, 0xff, 0xff, 0xff, 0xff, 0x03, 0x00, 0x00, 0x00,
    0xb4, 0xa6, 0xff, 0xff, 0x08, 0x00, 0x00, 0x00, 0x14, 0x00, 0x00, 0x00,
    0x01, 0x00, 0x00, 0x00, 0xf7, 0xff, 0xff, 0xff, 0xff, 0xff, 0xff, 0xff,
    0x00, 0x00, 0x00, 0x00, 0x01, 0x00, 0x00, 0x00, 0xe0, 0x92, 0xd5, 0x3b,
    0x76, 0x03, 0x00, 0x00, 0x73, 0x6f, 0x63, 0x5f, 0x6c, 0x73, 0x74, 0x6d,
    0x5f, 0x31, 0x2f, 0x6c, 0x73, 0x74, 0x6d, 0x5f, 0x31, 0x2f, 0x75, 0x6e,
    0x73, 0x74, 0x61, 0x63, 0x6b, 0x3b, 0x73, 0x6f, 0x63, 0x5f, 0x6c, 0x73,
    0x74, 0x6d, 0x5f, 0x31, 0x2f, 0x6c, 0x73, 0x74, 0x6d, 0x5f, 0x31, 0x2f,
    0x75, 0x6e, 0x73, 0x74, 0x61, 0x63, 0x6b, 0x31, 0x3b, 0x73, 0x6f, 0x63,
    0x5f, 0x6c, 0x73, 0x74, 0x6d, 0x5f, 0x31, 0x2f, 0x6c, 0x73, 0x74, 0x6d,
    0x5f, 0x31, 0x2f, 0x75, 0x6e, 0x73, 0x74, 0x61, 0x63, 0x6b, 0x32, 0x3b,
    0x73, 0x6f, 0x63, 0x5f, 0x6c, 0x73, 0x74, 0x6d, 0x5f, 0x31, 0x2f, 0x6c,
    0x73, 0x74, 0x6d, 0x5f, 0x31, 0x2f, 0x75, 0x6e, 0x73, 0x74, 0x61, 0x63,
    0x6b, 0x33, 0x3b, 0x73, 0x6f, 0x63, 0x5f, 0x6c, 0x73, 0x74, 0x6d, 0x5f,
    0x31, 0x2f, 0x6c, 0x73, 0x74, 0x6d, 0x5f, 0x31, 0x2f, 0x75, 0x6e, 0x73,
    0x74, 0x61, 0x63, 0x6b, 0x34, 0x3b, 0x73, 0x6f, 0x63, 0x5f, 0x6c, 0x73,
    0x74, 0x6d, 0x5f, 0x31, 0x2f, 0x6c, 0x73, 0x74, 0x6d, 0x5f, 0x31, 0x2f,
    0x75, 0x6e, 0x73, 0x74, 0x61, 0x63, 0x6b, 0x35, 0x3b, 0x73, 0x6f, 0x63,
    0x5f, 0x6c, 0x73, 0x74, 0x6d, 0x5f, 0x31, 0x2f, 0x6c, 0x73, 0x74, 0x6d,
    0x5f, 0x31, 0x2f, 0x75, 0x6e, 0x73, 0x74, 0x61, 0x63, 0x6b, 0x36, 0x3b,
    0x73, 0x6f, 0x63, 0x5f, 0x6c, 0x73, 0x74, 0x6d, 0x5f, 0x31, 0x2f, 0x6c,
    0x73, 0x74, 0x6d, 0x5f, 0x31, 0x2f, 0x75, 0x6e, 0x73, 0x74, 0x61, 0x63,
    0x6b, 0x37, 0x3b, 0x73, 0x6f, 0x63, 0x5f, 0x6c, 0x73, 0x74, 0x6d, 0x5f,
    0x31, 0x2f, 0x6c, 0x73, 0x74, 0x6d, 0x5f, 0x31, 0x2f, 0x75, 0x6e, 0x73,
    0x74, 0x61, 0x63, 0x6b, 0x38, 0x3b, 0x73, 0x6f, 0x63, 0x5f, 0x6c, 0x73,
    0x74, 0x6d, 0x5f, 0x31, 0x2f, 0x6c, 0x73, 0x74, 0x6d, 0x5f, 0x31, 0x2f,
    0x75, 0x6e, 0x73, 0x74, 0x61, 0x63, 0x6b, 0x39, 0x3b, 0x73, 0x6f, 0x63,
    0x5f, 0x6c, 0x73, 0x74, 0x6d, 0x5f, 0x31, 0x2f, 0x6c, 0x73, 0x74, 0x6d,
    0x5f, 0x31, 0x2f, 0x75, 0x6e, 0x73, 0x74, 0x61, 0x63, 0x6b, 0x31, 0x30,
    0x3b, 0x73, 0x6f, 0x63, 0x5f, 0x6c, 0x73, 0x74, 0x6d, 0x5f, 0x31, 0x2f,
    0x6c, 0x73, 0x74, 0x6d, 0x5f, 0x31, 0x2f, 0x75, 0x6e, 0x73, 0x74, 0x61,
    0x63, 0x6b, 0x31, 0x31, 0x3b, 0x73, 0x6f, 0x63, 0x5f, 0x6c, 0x73, 0x74,
    0x6d, 0x5f, 0x31, 0x2f, 0x6c, 0x73, 0x74, 0x6d, 0x5f, 0x31, 0x2f, 0x75,
    0x6e, 0x73, 0x74, 0x61, 0x63, 0x6b, 0x31, 0x32, 0x3b, 0x73, 0x6f, 0x63,
    0x5f, 0x6c, 0x73, 0x74, 0x6d, 0x5f, 0x31, 0x2f, 0x6c, 0x73, 0x74, 0x6d,
    0x5f, 0x31, 0x2f, 0x75, 0x6e, 0x73, 0x74, 0x61, 0x63, 0x6b, 0x31, 0x33,
    0x3b, 0x73, 0x6f, 0x63, 0x5f, 0x6c, 0x73, 0x74, 0x6d, 0x5f, 0x31, 0x2f,
    0x6c, 0x73, 0x74, 0x6d, 0x5f, 0x31, 0x2f, 0x75, 0x6e, 0x73, 0x74, 0x61,
    0x63, 0x6b, 0x31, 0x34, 0x3b, 0x73, 0x6f, 0x63, 0x5f, 0x6c, 0x73, 0x74,
    0x6d, 0x5f, 0x31, 0x2f, 0x6c, 0x73, 0x74, 0x6d, 0x5f, 0x31, 0x2f, 0x75,
    0x6e, 0x73, 0x74, 0x61, 0x63, 0x6b, 0x31, 0x35, 0x3b, 0x73, 0x6f, 0x63,
    0x5f, 0x6c, 0x73, 0x74, 0x6d, 0x5f, 0x31, 0x2f, 0x6c, 0x73, 0x74, 0x6d,
    0x5f, 0x31, 0x2f, 0x75, 0x6e, 0x73, 0x74, 0x61, 0x63, 0x6b, 0x31, 0x36,
    0x3b, 0x73, 0x6f, 0x63, 0x5f, 0x6c, 0x73, 0x74, 0x6d, 0x5f, 0x31, 0x2f,
    0x6c, 0x73, 0x74, 0x6d, 0x5f, 0x31, 0x2f, 0x75, 0x6e, 0x73, 0x74, 0x61,
    0x63, 0x6b, 0x31, 0x37, 0x3b, 0x73, 0x6f, 0x63, 0x5f, 0x6c, 0x73, 0x74,
    0x6d, 0x5f, 0x31, 0x2f, 0x6c, 0x73, 0x74, 0x6d, 0x5f, 0x31, 0x2f, 0x75,
    0x6e, 0x73, 0x74, 0x61, 0x63, 0x6b, 0x31, 0x38, 0x3b, 0x73, 0x6f, 0x63,
    0x5f, 0x6c, 0x73, 0x74, 0x6d, 0x5f, 0x31, 0x2f, 0x6c, 0x73, 0x74, 0x6d,
    0x5f, 0x31, 0x2f, 0x75, 0x6e, 0x73, 0x74, 0x61, 0x63, 0x6b, 0x31, 0x39,
    0x3b, 0x73, 0x6f, 0x63, 0x5f, 0x6c, 0x73, 0x74, 0x6d, 0x5f, 0x31, 0x2f,
    0x6c, 0x73, 0x74, 0x6d, 0x5f, 0x31, 0x2f, 0x75, 0x6e, 0x73, 0x74, 0x61,
    0x63, 0x6b, 0x32, 0x30, 0x3b, 0x73, 0x6f, 0x63, 0x5f, 0x6c, 0x73, 0x74,
    0x6d, 0x5f, 0x31, 0x2f, 0x6c, 0x73, 0x74, 0x6d, 0x5f, 0x31, 0x2f, 0x75,
    0x6e, 0x73, 0x74, 0x61, 0x63, 0x6b, 0x32, 0x31, 0x3b, 0x73, 0x6f, 0x63,
    0x5f, 0x6c, 0x73, 0x74, 0x6d, 0x5f, 0x31, 0x2f, 0x6c, 0x73, 0x74, 0x6d,
    0x5f, 0x31, 0x2f, 0x75, 0x6e, 0x73, 0x74, 0x61, 0x63, 0x6b, 0x32, 0x32,
    0x3b, 0x73, 0x6f, 0x63, 0x5f, 0x6c, 0x73, 0x74, 0x6d, 0x5f, 0x31, 0x2f,
    0x6c, 0x73, 0x74, 0x6d, 0x5f, 0x31, 0x2f, 0x75, 0x6e, 0x73, 0x74, 0x61,
    0x63, 0x6b, 0x32, 0x33, 0x3b, 0x73, 0x6f, 0x63, 0x5f, 0x6c, 0x73, 0x74,
    0x6d, 0x5f, 0x31, 0x2f, 0x6c, 0x73, 0x74, 0x6d, 0x5f, 0x31, 0x2f, 0x75,
    0x6e, 0x73, 0x74, 0x61, 0x63, 0x6b, 0x32, 0x34, 0x3b, 0x73, 0x6f, 0x63,
    0x5f, 0x6c, 0x73, 0x74, 0x6d, 0x5f, 0x31, 0x2f, 0x6c, 0x73, 0x74, 0x6d,
    0x5f, 0x31, 0x2f, 0x75, 0x6e, 0x73, 0x74, 0x61, 0x63, 0x6b, 0x32, 0x35,
    0x3b, 0x73, 0x6f, 0x63, 0x5f, 0x6c, 0x73, 0x74, 0x6d, 0x5f, 0x31, 0x2f,
    0x6c, 0x73, 0x74, 0x6d, 0x5f, 0x31, 0x2f, 0x75, 0x6e, 0x73, 0x74, 0x61,
    0x63, 0x6b, 0x32, 0x36, 0x3b, 0x73, 0x6f, 0x63, 0x5f, 0x6c, 0x73, 0x74,
    0x6d, 0x5f, 0x31, 0x2f, 0x6c, 0x73, 0x74, 0x6d, 0x5f, 0x31, 0x2f, 0x75,
    0x6e, 0x73, 0x74, 0x61, 0x63, 0x6b, 0x32, 0x37, 0x3b, 0x73, 0x6f, 0x63,
    0x5f, 0x6c, 0x73, 0x74, 0x6d, 0x5f, 0x31, 0x2f, 0x6c, 0x73, 0x74, 0x6d,
    0x5f, 0x31, 0x2f, 0x75, 0x6e, 0x73, 0x74, 0x61, 0x63, 0x6b, 0x32, 0x38,
    0x3b, 0x73, 0x6f, 0x63, 0x5f, 0x6c, 0x73, 0x74, 0x6d, 0x5f, 0x31, 0x2f,
    0x6c, 0x73, 0x74, 0x6d, 0x5f, 0x31, 0x2f, 0x75, 0x6e, 0x73, 0x74, 0x61,
    0x63, 0x6b, 0x32, 0x39, 0x3b, 0x73, 0x6f, 0x63, 0x5f, 0x6c, 0x73, 0x74,
    0x6d, 0x5f, 0x31, 0x2f, 0x6c, 0x73, 0x74, 0x6d, 0x5f, 0x31, 0x2f, 0x75,
    0x6e, 0x73, 0x74, 0x61, 0x63, 0x6b, 0x33, 0x30, 0x3b, 0x73, 0x6f, 0x63,
    0x5f, 0x6c, 0x73, 0x74, 0x6d, 0x5f, 0x31, 0x2f, 0x6c, 0x73, 0x74, 0x6d,
    0x5f, 0x31, 0x2f, 0x75, 0x6e, 0x73, 0x74, 0x61, 0x63, 0x6b, 0x33, 0x31,
    0x31, 0x39, 0x00, 0x00, 0x02, 0x00, 0x00, 0x00, 0x01, 0x00, 0x00, 0x00,
    0x03, 0x00, 0x00, 0x00, 0xa6, 0xaa, 0xff, 0xff, 0x00, 0x00, 0x00, 0x01,
    0x18, 0x00, 0x00, 0x00, 0x20, 0x00, 0x00, 0x00, 0x40, 0x00, 0x00, 0x00,
    0x24, 0x00, 0x00, 0x00, 0x00, 0x00, 0x00, 0x09, 0xb0, 0x03, 0x00, 0x00,
    0x02, 0x00, 0x00, 0x00, 0xff, 0xff, 0xff, 0xff, 0x03, 0x00, 0x00, 0x00,
    0x8c, 0xaa, 0xff, 0xff, 0x08, 0x00, 0x00, 0x00, 0x14, 0x00, 0x00, 0x00,
    0x01, 0x00, 0x00, 0x00, 0xf7, 0xff, 0xff, 0xff, 0xff, 0xff, 0xff, 0xff,
    0x00, 0x00, 0x00, 0x00, 0x01, 0x00, 0x00, 0x00, 0xe0, 0x92, 0xd5, 0x3b,
    0x76, 0x03, 0x00, 0x00, 0x73, 0x6f, 0x63, 0x5f, 0x6c, 0x73, 0x74, 0x6d,
    0x5f, 0x31, 0x2f, 0x6c, 0x73, 0x74, 0x6d, 0x5f, 0x31, 0x2f, 0x75, 0x6e,
    0x73, 0x74, 0x61, 0x63, 0x6b, 0x3b, 0x73, 0x6f, 0x63, 0x5f, 0x6c, 0x73,
    0x74, 0x6d, 0x5f, 0x31, 0x2f, 0x6c, 0x73, 0x74, 0x6d, 0x5f, 0x31, 0x2f,
    0x75, 0x6e, 0x73, 0x74, 0x61, 0x63, 0x6b, 0x31, 0x3b, 0x73, 0x6f, 0x63,
    0x5f, 0x6c, 0x73, 0x74, 0x6d, 0x5f, 0x31, 0x2f, 0x6c, 0x73, 0x74, 0x6d,
    0x5f, 0x31, 0x2f, 0x75, 0x6e, 0x73, 0x74, 0x61, 0x63, 0x6b, 0x32, 0x3b,
    0x73, 0x6f, 0x63, 0x5f, 0x6c, 0x73, 0x74, 0x6d, 0x5f, 0x31, 0x2f, 0x6c,
    0x73, 0x74, 0x6d, 0x5f, 0x31, 0x2f, 0x75, 0x6e, 0x73, 0x74, 0x61, 0x63,
    0x6b, 0x33, 0x3b, 0x73, 0x6f, 0x63, 0x5f, 0x6c, 0x73, 0x74, 0x6d, 0x5f,
    0x31, 0x2f, 0x6c, 0x73, 0x74, 0x6d, 0x5f, 0x31, 0x2f, 0x75, 0x6e, 0x73,
    0x74, 0x61, 0x63, 0x6b, 0x34, 0x3b, 0x73, 0x6f, 0x63, 0x5f, 0x6c, 0x73,
    0x74, 0x6d, 0x5f, 0x31, 0x2f, 0x6c, 0x73, 0x74, 0x6d, 0x5f, 0x31, 0x2f,
    0x75, 0x6e, 0x73, 0x74, 0x61, 0x63, 0x6b, 0x35, 0x3b, 0x73, 0x6f, 0x63,
    0x5f, 0x6c, 0x73, 0x74, 0x6d, 0x5f, 0x31, 0x2f, 0x6c, 0x73, 0x74, 0x6d,
    0x5f, 0x31, 0x2f, 0x75, 0x6e, 0x73, 0x74, 0x61, 0x63, 0x6b, 0x36, 0x3b,
    0x73, 0x6f, 0x63, 0x5f, 0x6c, 0x73, 0x74, 0x6d, 0x5f, 0x31, 0x2f, 0x6c,
    0x73, 0x74, 0x6d, 0x5f, 0x31, 0x2f, 0x75, 0x6e, 0x73, 0x74, 0x61, 0x63,
    0x6b, 0x37, 0x3b, 0x73, 0x6f, 0x63, 0x5f, 0x6c, 0x73, 0x74, 0x6d, 0x5f,
    0x31, 0x2f, 0x6c, 0x73, 0x74, 0x6d, 0x5f, 0x31, 0x2f, 0x75, 0x6e, 0x73,
    0x74, 0x61, 0x63, 0x6b, 0x38, 0x3b, 0x73, 0x6f, 0x63, 0x5f, 0x6c, 0x73,
    0x74, 0x6d, 0x5f, 0x31, 0x2f, 0x6c, 0x73, 0x74, 0x6d, 0x5f, 0x31, 0x2f,
    0x75, 0x6e, 0x73, 0x74, 0x61, 0x63, 0x6b, 0x39, 0x3b, 0x73, 0x6f, 0x63,
    0x5f, 0x6c, 0x73, 0x74, 0x6d, 0x5f, 0x31, 0x2f, 0x6c, 0x73, 0x74, 0x6d,
    0x5f, 0x31, 0x2f, 0x75, 0x6e, 0x73, 0x74, 0x61, 0x63, 0x6b, 0x31, 0x30,
    0x3b, 0x73, 0x6f, 0x63, 0x5f, 0x6c, 0x73, 0x74, 0x6d, 0x5f, 0x31, 0x2f,
    0x6c, 0x73, 0x74, 0x6d, 0x5f, 0x31, 0x2f, 0x75, 0x6e, 0x73, 0x74, 0x61,
    0x63, 0x6b, 0x31, 0x31, 0x3b, 0x73, 0x6f, 0x63, 0x5f, 0x6c, 0x73, 0x74,
    0x6d, 0x5f, 0x31, 0x2f, 0x6c, 0x73, 0x74, 0x6d, 0x5f, 0x31, 0x2f, 0x75,
    0x6e, 0x73, 0x74, 0x61, 0x63, 0x6b, 0x31, 0x32, 0x3b, 0x73, 0x6f, 0x63,
    0x5f, 0x6c, 0x73, 0x74, 0x6d, 0x5f, 0x31, 0x2f, 0x6c, 0x73, 0x74, 0x6d,
    0x5f, 0x31, 0x2f, 0x75, 0x6e, 0x73, 0x74, 0x61, 0x63, 0x6b, 0x31, 0x33,
    0x3b, 0x73, 0x6f, 0x63, 0x5f, 0x6c, 0x73, 0x74, 0x6d, 0x5f, 0x31, 0x2f,
    0x6c, 0x73, 0x74, 0x6d, 0x5f, 0x31, 0x2f, 0x75, 0x6e, 0x73, 0x74, 0x61,
    0x63, 0x6b, 0x31, 0x34, 0x3b, 0x73, 0x6f, 0x63, 0x5f, 0x6c, 0x73, 0x74,
    0x6d, 0x5f, 0x31, 0x2f, 0x6c, 0x73, 0x74, 0x6d, 0x5f, 0x31, 0x2f, 0x75,
    0x6e, 0x73, 0x74, 0x61, 0x63, 0x6b, 0x31, 0x35, 0x3b, 0x73, 0x6f, 0x63,
    0x5f, 0x6c, 0x73, 0x74, 0x6d, 0x5f, 0x31, 0x2f, 0x6c, 0x73, 0x74, 0x6d,
    0x5f, 0x31, 0x2f, 0x75, 0x6e, 0x73, 0x74, 0x61, 0x63, 0x6b, 0x31, 0x36,
    0x3b, 0x73, 0x6f, 0x63, 0x5f, 0x6c, 0x73, 0x74, 0x6d, 0x5f, 0x31, 0x2f,
    0x6c, 0x73, 0x74, 0x6d, 0x5f, 0x31, 0x2f, 0x75, 0x6e, 0x73, 0x74, 0x61,
    0x63, 0x6b, 0x31, 0x37, 0x3b, 0x73, 0x6f, 0x63, 0x5f, 0x6c, 0x73, 0x74,
    0x6d, 0x5f, 0x31, 0x2f, 0x6c, 0x73, 0x74, 0x6d, 0x5f, 0x31, 0x2f, 0x75,
    0x6e, 0x73, 0x74, 0x61, 0x63, 0x6b, 0x31, 0x38, 0x3b, 0x73, 0x6f, 0x63,
    0x5f, 0x6c, 0x73, 0x74, 0x6d, 0x5f, 0x31, 0x2f, 0x6c, 0x73, 0x74, 0x6d,
    0x5f, 0x31, 0x2f, 0x75, 0x6e, 0x73, 0x74, 0x61, 0x63, 0x6b, 0x31, 0x39,
    0x3b, 0x73, 0x6f, 0x63, 0x5f, 0x6c, 0x73, 0x74, 0x6d, 0x5f, 0x31, 0x2f,
    0x6c, 0x73, 0x74, 0x6d, 0x5f, 0x31, 0x2f, 0x75, 0x6e, 0x73, 0x74, 0x61,
    0x63, 0x6b, 0x32, 0x30, 0x3b, 0x73, 0x6f, 0x63, 0x5f, 0x6c, 0x73, 0x74,
    0x6d, 0x5f, 0x31, 0x2f, 0x6c, 0x73, 0x74, 0x6d, 0x5f, 0x31, 0x2f, 0x75,
    0x6e, 0x73, 0x74, 0x61, 0x63, 0x6b, 0x32, 0x31, 0x3b, 0x73, 0x6f, 0x63,
    0x5f, 0x6c, 0x73, 0x74, 0x6d, 0x5f, 0x31, 0x2f, 0x6c, 0x73, 0x74, 0x6d,
    0x5f, 0x31, 0x2f, 0x75, 0x6e, 0x73, 0x74, 0x61, 0x63, 0x6b, 0x32, 0x32,
    0x3b, 0x73, 0x6f, 0x63, 0x5f, 0x6c, 0x73, 0x74, 0x6d, 0x5f, 0x31, 0x2f,
    0x6c, 0x73, 0x74, 0x6d, 0x5f, 0x31, 0x2f, 0x75, 0x6e, 0x73, 0x74, 0x61,
    0x63, 0x6b, 0x32, 0x33, 0x3b, 0x73, 0x6f, 0x63, 0x5f, 0x6c, 0x73, 0x74,
    0x6d, 0x5f, 0x31, 0x2f, 0x6c, 0x73, 0x74, 0x6d, 0x5f, 0x31, 0x2f, 0x75,
    0x6e, 0x73, 0x74, 0x61, 0x63, 0x6b, 0x32, 0x34, 0x3b, 0x73, 0x6f, 0x63,
    0x5f, 0x6c, 0x73, 0x74, 0x6d, 0x5f, 0x31, 0x2f, 0x6c, 0x73, 0x74, 0x6d,
    0x5f, 0x31, 0x2f, 0x75, 0x6e, 0x73, 0x74, 0x61, 0x63, 0x6b, 0x32, 0x35,
    0x3b, 0x73, 0x6f, 0x63, 0x5f, 0x6c, 0x73, 0x74, 0x6d, 0x5f, 0x31, 0x2f,
    0x6c, 0x73, 0x74, 0x6d, 0x5f, 0x31, 0x2f, 0x75, 0x6e, 0x73, 0x74, 0x61,
    0x63, 0x6b, 0x32, 0x36, 0x3b, 0x73, 0x6f, 0x63, 0x5f, 0x6c, 0x73, 0x74,
    0x6d, 0x5f, 0x31, 0x2f, 0x6c, 0x73, 0x74, 0x6d, 0x5f, 0x31, 0x2f, 0x75,
    0x6e, 0x73, 0x74, 0x61, 0x63, 0x6b, 0x32, 0x37, 0x3b, 0x73, 0x6f, 0x63,
    0x5f, 0x6c, 0x73, 0x74, 0x6d, 0x5f, 0x31, 0x2f, 0x6c, 0x73, 0x74, 0x6d,
    0x5f, 0x31, 0x2f, 0x75, 0x6e, 0x73, 0x74, 0x61, 0x63, 0x6b, 0x32, 0x38,
    0x3b, 0x73, 0x6f, 0x63, 0x5f, 0x6c, 0x73, 0x74, 0x6d, 0x5f, 0x31, 0x2f,
    0x6c, 0x73, 0x74, 0x6d, 0x5f, 0x31, 0x2f, 0x75, 0x6e, 0x73, 0x74, 0x61,
    0x63, 0x6b, 0x32, 0x39, 0x3b, 0x73, 0x6f, 0x63, 0x5f, 0x6c, 0x73, 0x74,
    0x6d, 0x5f, 0x31, 0x2f, 0x6c, 0x73, 0x74, 0x6d, 0x5f, 0x31, 0x2f, 0x75,
    0x6e, 0x73, 0x74, 0x61, 0x63, 0x6b, 0x33, 0x30, 0x3b, 0x73, 0x6f, 0x63,
    0x5f, 0x6c, 0x73, 0x74, 0x6d, 0x5f, 0x31, 0x2f, 0x6c, 0x73, 0x74, 0x6d,
    0x5f, 0x31, 0x2f, 0x75, 0x6e, 0x73, 0x74, 0x61, 0x63, 0x6b, 0x33, 0x31,
    0x31, 0x38, 0x00, 0x00, 0x02, 0x00, 0x00, 0x00, 0x01, 0x00, 0x00, 0x00,
    0x03, 0x00, 0x00, 0x00, 0x7e, 0xae, 0xff, 0xff, 0x00, 0x00, 0x00, 0x01,
    0x18, 0x00, 0x00, 0x00, 0x20, 0x00, 0x00, 0x00, 0x40, 0x00, 0x00, 0x00,
    0x23, 0x00, 0x00, 0x00, 0x00, 0x00, 0x00, 0x09, 0xb0, 0x03, 0x00, 0x00,
    0x02, 0x00, 0x00, 0x00, 0xff, 0xff, 0xff, 0xff, 0x03, 0x00, 0x00, 0x00,
    0x64, 0xae, 0xff, 0xff, 0x08, 0x00, 0x00, 0x00, 0x14, 0x00, 0x00, 0x00,
    0x01, 0x00, 0x00, 0x00, 0xf7, 0xff, 0xff, 0xff, 0xff, 0xff, 0xff, 0xff,
    0x00, 0x00, 0x00, 0x00, 0x01, 0x00, 0x00, 0x00, 0xe0, 0x92, 0xd5, 0x3b,
    0x76, 0x03, 0x00, 0x00, 0x73, 0x6f, 0x63, 0x5f, 0x6c, 0x73, 0x74, 0x6d,
    0x5f, 0x31, 0x2f, 0x6c, 0x73, 0x74, 0x6d, 0x5f, 0x31, 0x2f, 0x75, 0x6e,
    0x73, 0x74, 0x61, 0x63, 0x6b, 0x3b, 0x73, 0x6f, 0x63, 0x5f, 0x6c, 0x73,
    0x74, 0x6d, 0x5f, 0x31, 0x2f, 0x6c, 0x73, 0x74, 0x6d, 0x5f, 0x31, 0x2f,
    0x75, 0x6e, 0x73, 0x74, 0x61, 0x63, 0x6b, 0x31, 0x3b, 0x73, 0x6f, 0x63,
    0x5f, 0x6c, 0x73, 0x74, 0x6d, 0x5f, 0x31, 0x2f, 0x6c, 0x73, 0x74, 0x6d,
    0x5f, 0x31, 0x2f, 0x75, 0x6e, 0x73, 0x74, 0x61, 0x63, 0x6b, 0x32, 0x3b,
    0x73, 0x6f, 0x63, 0x5f, 0x6c, 0x73, 0x74, 0x6d, 0x5f, 0x31, 0x2f, 0x6c,
    0x73, 0x74, 0x6d, 0x5f, 0x31, 0x2f, 0x75, 0x6e, 0x73, 0x74, 0x61, 0x63,
    0x6b, 0x33, 0x3b, 0x73, 0x6f, 0x63, 0x5f, 0x6c, 0x73, 0x74, 0x6d, 0x5f,
    0x31, 0x2f, 0x6c, 0x73, 0x74, 0x6d, 0x5f, 0x31, 0x2f, 0x75, 0x6e, 0x73,
    0x74, 0x61, 0x63, 0x6b, 0x34, 0x3b, 0x73, 0x6f, 0x63, 0x5f, 0x6c, 0x73,
    0x74, 0x6d, 0x5f, 0x31, 0x2f, 0x6c, 0x73, 0x74, 0x6d, 0x5f, 0x31, 0x2f,
    0x75, 0x6e, 0x73, 0x74, 0x61, 0x63, 0x6b, 0x35, 0x3b, 0x73, 0x6f, 0x63,
    0x5f, 0x6c, 0x73, 0x74, 0x6d, 0x5f, 0x31, 0x2f, 0x6c, 0x73, 0x74, 0x6d,
    0x5f, 0x31, 0x2f, 0x75, 0x6e, 0x73, 0x74, 0x61, 0x63, 0x6b, 0x36, 0x3b,
    0x73, 0x6f, 0x63, 0x5f, 0x6c, 0x73, 0x74, 0x6d, 0x5f, 0x31, 0x2f, 0x6c,
    0x73, 0x74, 0x6d, 0x5f, 0x31, 0x2f, 0x75, 0x6e, 0x73, 0x74, 0x61, 0x63,
    0x6b, 0x37, 0x3b, 0x73, 0x6f, 0x63, 0x5f, 0x6c, 0x73, 0x74, 0x6d, 0x5f,
    0x31, 0x2f, 0x6c, 0x73, 0x74, 0x6d, 0x5f, 0x31, 0x2f, 0x75, 0x6e, 0x73,
    0x74, 0x61, 0x63, 0x6b, 0x38, 0x3b, 0x73, 0x6f, 0x63, 0x5f, 0x6c, 0x73,
    0x74, 0x6d, 0x5f, 0x31, 0x2f, 0x6c, 0x73, 0x74, 0x6d, 0x5f, 0x31, 0x2f,
    0x75, 0x6e, 0x73, 0x74, 0x61, 0x63, 0x6b, 0x39, 0x3b, 0x73, 0x6f, 0x63,
    0x5f, 0x6c, 0x73, 0x74, 0x6d, 0x5f, 0x31, 0x2f, 0x6c, 0x73, 0x74, 0x6d,
    0x5f, 0x31, 0x2f, 0x75, 0x6e, 0x73, 0x74, 0x61, 0x63, 0x6b, 0x31, 0x30,
    0x3b, 0x73, 0x6f, 0x63, 0x5f, 0x6c, 0x73, 0x74, 0x6d, 0x5f, 0x31, 0x2f,
    0x6c, 0x73, 0x74, 0x6d, 0x5f, 0x31, 0x2f, 0x75, 0x6e, 0x73, 0x74, 0x61,
    0x63, 0x6b, 0x31, 0x31, 0x3b, 0x73, 0x6f, 0x63, 0x5f, 0x6c, 0x73, 0x74,
    0x6d, 0x5f, 0x31, 0x2f, 0x6c, 0x73, 0x74, 0x6d, 0x5f, 0x31, 0x2f, 0x75,
    0x6e, 0x73, 0x74, 0x61, 0x63, 0x6b, 0x31, 0x32, 0x3b, 0x73, 0x6f, 0x63,
    0x5f, 0x6c, 0x73, 0x74, 0x6d, 0x5f, 0x31, 0x2f, 0x6c, 0x73, 0x74, 0x6d,
    0x5f, 0x31, 0x2f, 0x75, 0x6e, 0x73, 0x74, 0x61, 0x63, 0x6b, 0x31, 0x33,
    0x3b, 0x73, 0x6f, 0x63, 0x5f, 0x6c, 0x73, 0x74, 0x6d, 0x5f, 0x31, 0x2f,
    0x6c, 0x73, 0x74, 0x6d, 0x5f, 0x31, 0x2f, 0x75, 0x6e, 0x73, 0x74, 0x61,
    0x63, 0x6b, 0x31, 0x34, 0x3b, 0x73, 0x6f, 0x63, 0x5f, 0x6c, 0x73, 0x74,
    0x6d, 0x5f, 0x31, 0x2f, 0x6c, 0x73, 0x74, 0x6d, 0x5f, 0x31, 0x2f, 0x75,
    0x6e, 0x73, 0x74, 0x61, 0x63, 0x6b, 0x31, 0x35, 0x3b, 0x73, 0x6f, 0x63,
    0x5f, 0x6c, 0x73, 0x74, 0x6d, 0x5f, 0x31, 0x2f, 0x6c, 0x73, 0x74, 0x6d,
    0x5f, 0x31, 0x2f, 0x75, 0x6e, 0x73, 0x74, 0x61, 0x63, 0x6b, 0x31, 0x36,
    0x3b, 0x73, 0x6f, 0x63, 0x5f, 0x6c, 0x73, 0x74, 0x6d, 0x5f, 0x31, 0x2f,
    0x6c, 0x73, 0x74, 0x6d, 0x5f, 0x31, 0x2f, 0x75, 0x6e, 0x73, 0x74, 0x61,
    0x63, 0x6b, 0x31, 0x37, 0x3b, 0x73, 0x6f, 0x63, 0x5f, 0x6c, 0x73, 0x74,
    0x6d, 0x5f, 0x31, 0x2f, 0x6c, 0x73, 0x74, 0x6d, 0x5f, 0x31, 0x2f, 0x75,
    0x6e, 0x73, 0x74, 0x61, 0x63, 0x6b, 0x31, 0x38, 0x3b, 0x73, 0x6f, 0x63,
    0x5f, 0x6c, 0x73, 0x74, 0x6d, 0x5f, 0x31, 0x2f, 0x6c, 0x73, 0x74, 0x6d,
    0x5f, 0x31, 0x2f, 0x75, 0x6e, 0x73, 0x74, 0x61, 0x63, 0x6b, 0x31, 0x39,
    0x3b, 0x73, 0x6f, 0x63, 0x5f, 0x6c, 0x73, 0x74, 0x6d, 0x5f, 0x31, 0x2f,
    0x6c, 0x73, 0x74, 0x6d, 0x5f, 0x31, 0x2f, 0x75, 0x6e, 0x73, 0x74, 0x61,
    0x63, 0x6b, 0x32, 0x30, 0x3b, 0x73, 0x6f, 0x63, 0x5f, 0x6c, 0x73, 0x74,
    0x6d, 0x5f, 0x31, 0x2f, 0x6c, 0x73, 0x74, 0x6d, 0x5f, 0x31, 0x2f, 0x75,
    0x6e, 0x73, 0x74, 0x61, 0x63, 0x6b, 0x32, 0x31, 0x3b, 0x73, 0x6f, 0x63,
    0x5f, 0x6c, 0x73, 0x74, 0x6d, 0x5f, 0x31, 0x2f, 0x6c, 0x73, 0x74, 0x6d,
    0x5f, 0x31, 0x2f, 0x75, 0x6e, 0x73, 0x74, 0x61, 0x63, 0x6b, 0x32, 0x32,
    0x3b, 0x73, 0x6f, 0x63, 0x5f, 0x6c, 0x73, 0x74, 0x6d, 0x5f, 0x31, 0x2f,
    0x6c, 0x73, 0x74, 0x6d, 0x5f, 0x31, 0x2f, 0x75, 0x6e, 0x73, 0x74, 0x61,
    0x63, 0x6b, 0x32, 0x33, 0x3b, 0x73, 0x6f, 0x63, 0x5f, 0x6c, 0x73, 0x74,
    0x6d, 0x5f, 0x31, 0x2f, 0x6c, 0x73, 0x74, 0x6d, 0x5f, 0x31, 0x2f, 0x75,
    0x6e, 0x73, 0x74, 0x61, 0x63, 0x6b, 0x32, 0x34, 0x3b, 0x73, 0x6f, 0x63,
    0x5f, 0x6c, 0x73, 0x74, 0x6d, 0x5f, 0x31, 0x2f, 0x6c, 0x73, 0x74, 0x6d,
    0x5f, 0x31, 0x2f, 0x75, 0x6e, 0x73, 0x74, 0x61, 0x63, 0x6b, 0x32, 0x35,
    0x3b, 0x73, 0x6f, 0x63, 0x5f, 0x6c, 0x73, 0x74, 0x6d, 0x5f, 0x31, 0x2f,
    0x6c, 0x73, 0x74, 0x6d, 0x5f, 0x31, 0x2f, 0x75, 0x6e, 0x73, 0x74, 0x61,
    0x63, 0x6b, 0x32, 0x36, 0x3b, 0x73, 0x6f, 0x63, 0x5f, 0x6c, 0x73, 0x74,
    0x6d, 0x5f, 0x31, 0x2f, 0x6c, 0x73, 0x74, 0x6d, 0x5f, 0x31, 0x2f, 0x75,
    0x6e, 0x73, 0x74, 0x61, 0x63, 0x6b, 0x32, 0x37, 0x3b, 0x73, 0x6f, 0x63,
    0x5f, 0x6c, 0x73, 0x74, 0x6d, 0x5f, 0x31, 0x2f, 0x6c, 0x73, 0x74, 0x6d,
    0x5f, 0x31, 0x2f, 0x75, 0x6e, 0x73, 0x74, 0x61, 0x63, 0x6b, 0x32, 0x38,
    0x3b, 0x73, 0x6f, 0x63, 0x5f, 0x6c, 0x73, 0x74, 0x6d, 0x5f, 0x31, 0x2f,
    0x6c, 0x73, 0x74, 0x6d, 0x5f, 0x31, 0x2f, 0x75, 0x6e, 0x73, 0x74, 0x61,
    0x63, 0x6b, 0x32, 0x39, 0x3b, 0x73, 0x6f, 0x63, 0x5f, 0x6c, 0x73, 0x74,
    0x6d, 0x5f, 0x31, 0x2f, 0x6c, 0x73, 0x74, 0x6d, 0x5f, 0x31, 0x2f, 0x75,
    0x6e, 0x73, 0x74, 0x61, 0x63, 0x6b, 0x33, 0x30, 0x3b, 0x73, 0x6f, 0x63,
    0x5f, 0x6c, 0x73, 0x74, 0x6d, 0x5f, 0x31, 0x2f, 0x6c, 0x73, 0x74, 0x6d,
    0x5f, 0x31, 0x2f, 0x75, 0x6e, 0x73, 0x74, 0x61, 0x63, 0x6b, 0x33, 0x31,
    0x31, 0x37, 0x00, 0x00, 0x02, 0x00, 0x00, 0x00, 0x01, 0x00, 0x00, 0x00,
    0x03, 0x00, 0x00, 0x00, 0x56, 0xb2, 0xff, 0xff, 0x00, 0x00, 0x00, 0x01,
    0x18, 0x00, 0x00, 0x00, 0x20, 0x00, 0x00, 0x00, 0x40, 0x00, 0x00, 0x00,
    0x22, 0x00, 0x00, 0x00, 0x00, 0x00, 0x00, 0x09, 0xb0, 0x03, 0x00, 0x00,
    0x02, 0x00, 0x00, 0x00, 0xff, 0xff, 0xff, 0xff, 0x03, 0x00, 0x00, 0x00,
    0x3c, 0xb2, 0xff, 0xff, 0x08, 0x00, 0x00, 0x00, 0x14, 0x00, 0x00, 0x00,
    0x01, 0x00, 0x00, 0x00, 0xf7, 0xff, 0xff, 0xff, 0xff, 0xff, 0xff, 0xff,
    0x00, 0x00, 0x00, 0x00, 0x01, 0x00, 0x00, 0x00, 0xe0, 0x92, 0xd5, 0x3b,
    0x76, 0x03, 0x00, 0x00, 0x73, 0x6f, 0x63, 0x5f, 0x6c, 0x73, 0x74, 0x6d,
    0x5f, 0x31, 0x2f, 0x6c, 0x73, 0x74, 0x6d, 0x5f, 0x31, 0x2f, 0x75, 0x6e,
    0x73, 0x74, 0x61, 0x63, 0x6b, 0x3b, 0x73, 0x6f, 0x63, 0x5f, 0x6c, 0x73,
    0x74, 0x6d, 0x5f, 0x31, 0x2f, 0x6c, 0x73, 0x74, 0x6d, 0x5f, 0x31, 0x2f,
    0x75, 0x6e, 0x73, 0x74, 0x61, 0x63, 0x6b, 0x31, 0x3b, 0x73, 0x6f, 0x63,
    0x5f, 0x6c, 0x73, 0x74, 0x6d, 0x5f, 0x31, 0x2f, 0x6c, 0x73, 0x74, 0x6d,
    0x5f, 0x31, 0x2f, 0x75, 0x6e, 0x73, 0x74, 0x61, 0x63, 0x6b, 0x32, 0x3b,
    0x73, 0x6f, 0x63, 0x5f, 0x6c, 0x73, 0x74, 0x6d, 0x5f, 0x31, 0x2f, 0x6c,
    0x73, 0x74, 0x6d, 0x5f, 0x31, 0x2f, 0x75, 0x6e, 0x73, 0x74, 0x61, 0x63,
    0x6b, 0x33, 0x3b, 0x73, 0x6f, 0x63, 0x5f, 0x6c, 0x73, 0x74, 0x6d, 0x5f,
    0x31, 0x2f, 0x6c, 0x73, 0x74, 0x6d, 0x5f, 0x31, 0x2f, 0x75, 0x6e, 0x73,
    0x74, 0x61, 0x63, 0x6b, 0x34, 0x3b, 0x73, 0x6f, 0x63, 0x5f, 0x6c, 0x73,
    0x74, 0x6d, 0x5f, 0x31, 0x2f, 0x6c, 0x73, 0x74, 0x6d, 0x5f, 0x31, 0x2f,
    0x75, 0x6e, 0x73, 0x74, 0x61, 0x63, 0x6b, 0x35, 0x3b, 0x73, 0x6f, 0x63,
    0x5f, 0x6c, 0x73, 0x74, 0x6d, 0x5f, 0x31, 0x2f, 0x6c, 0x73, 0x74, 0x6d,
    0x5f, 0x31, 0x2f, 0x75, 0x6e, 0x73, 0x74, 0x61, 0x63, 0x6b, 0x36, 0x3b,
    0x73, 0x6f, 0x63, 0x5f, 0x6c, 0x73, 0x74, 0x6d, 0x5f, 0x31, 0x2f, 0x6c,
    0x73, 0x74, 0x6d, 0x5f, 0x31, 0x2f, 0x75, 0x6e, 0x73, 0x74, 0x61, 0x63,
    0x6b, 0x37, 0x3b, 0x73, 0x6f, 0x63, 0x5f, 0x6c, 0x73, 0x74, 0x6d, 0x5f,
    0x31, 0x2f, 0x6c, 0x73, 0x74, 0x6d, 0x5f, 0x31, 0x2f, 0x75, 0x6e, 0x73,
    0x74, 0x61, 0x63, 0x6b, 0x38, 0x3b, 0x73, 0x6f, 0x63, 0x5f, 0x6c, 0x73,
    0x74, 0x6d, 0x5f, 0x31, 0x2f, 0x6c, 0x73, 0x74, 0x6d, 0x5f, 0x31, 0x2f,
    0x75, 0x6e, 0x73, 0x74, 0x61, 0x63, 0x6b, 0x39, 0x3b, 0x73, 0x6f, 0x63,
    0x5f, 0x6c, 0x73, 0x74, 0x6d, 0x5f, 0x31, 0x2f, 0x6c, 0x73, 0x74, 0x6d,
    0x5f, 0x31, 0x2f, 0x75, 0x6e, 0x73, 0x74, 0x61, 0x63, 0x6b, 0x31, 0x30,
    0x3b, 0x73, 0x6f, 0x63, 0x5f, 0x6c, 0x73, 0x74, 0x6d, 0x5f, 0x31, 0x2f,
    0x6c, 0x73, 0x74, 0x6d, 0x5f, 0x31, 0x2f, 0x75, 0x6e, 0x73, 0x74, 0x61,
    0x63, 0x6b, 0x31, 0x31, 0x3b, 0x73, 0x6f, 0x63, 0x5f, 0x6c, 0x73, 0x74,
    0x6d, 0x5f, 0x31, 0x2f, 0x6c, 0x73, 0x74, 0x6d, 0x5f, 0x31, 0x2f, 0x75,
    0x6e, 0x73, 0x74, 0x61, 0x63, 0x6b, 0x31, 0x32, 0x3b, 0x73, 0x6f, 0x63,
    0x5f, 0x6c, 0x73, 0x74, 0x6d, 0x5f, 0x31, 0x2f, 0x6c, 0x73, 0x74, 0x6d,
    0x5f, 0x31, 0x2f, 0x75, 0x6e, 0x73, 0x74, 0x61, 0x63, 0x6b, 0x31, 0x33,
    0x3b, 0x73, 0x6f, 0x63, 0x5f, 0x6c, 0x73, 0x74, 0x6d, 0x5f, 0x31, 0x2f,
    0x6c, 0x73, 0x74, 0x6d, 0x5f, 0x31, 0x2f, 0x75, 0x6e, 0x73, 0x74, 0x61,
    0x63, 0x6b, 0x31, 0x34, 0x3b, 0x73, 0x6f, 0x63, 0x5f, 0x6c, 0x73, 0x74,
    0x6d, 0x5f, 0x31, 0x2f, 0x6c, 0x73, 0x74, 0x6d, 0x5f, 0x31, 0x2f, 0x75,
    0x6e, 0x73, 0x74, 0x61, 0x63, 0x6b, 0x31, 0x35, 0x3b, 0x73, 0x6f, 0x63,
    0x5f, 0x6c, 0x73, 0x74, 0x6d, 0x5f, 0x31, 0x2f, 0x6c, 0x73, 0x74, 0x6d,
    0x5f, 0x31, 0x2f, 0x75, 0x6e, 0x73, 0x74, 0x61, 0x63, 0x6b, 0x31, 0x36,
    0x3b, 0x73, 0x6f, 0x63, 0x5f, 0x6c, 0x73, 0x74, 0x6d, 0x5f, 0x31, 0x2f,
    0x6c, 0x73, 0x74, 0x6d, 0x5f, 0x31, 0x2f, 0x75, 0x6e, 0x73, 0x74, 0x61,
    0x63, 0x6b, 0x31, 0x37, 0x3b, 0x73, 0x6f, 0x63, 0x5f, 0x6c, 0x73, 0x74,
    0x6d, 0x5f, 0x31, 0x2f, 0x6c, 0x73, 0x74, 0x6d, 0x5f, 0x31, 0x2f, 0x75,
    0x6e, 0x73, 0x74, 0x61, 0x63, 0x6b, 0x31, 0x38, 0x3b, 0x73, 0x6f, 0x63,
    0x5f, 0x6c, 0x73, 0x74, 0x6d, 0x5f, 0x31, 0x2f, 0x6c, 0x73, 0x74, 0x6d,
    0x5f, 0x31, 0x2f, 0x75, 0x6e, 0x73, 0x74, 0x61, 0x63, 0x6b, 0x31, 0x39,
    0x3b, 0x73, 0x6f, 0x63, 0x5f, 0x6c, 0x73, 0x74, 0x6d, 0x5f, 0x31, 0x2f,
    0x6c, 0x73, 0x74, 0x6d, 0x5f, 0x31, 0x2f, 0x75, 0x6e, 0x73, 0x74, 0x61,
    0x63, 0x6b, 0x32, 0x30, 0x3b, 0x73, 0x6f, 0x63, 0x5f, 0x6c, 0x73, 0x74,
    0x6d, 0x5f, 0x31, 0x2f, 0x6c, 0x73, 0x74, 0x6d, 0x5f, 0x31, 0x2f, 0x75,
    0x6e, 0x73, 0x74, 0x61, 0x63, 0x6b, 0x32, 0x31, 0x3b, 0x73, 0x6f, 0x63,
    0x5f, 0x6c, 0x73, 0x74, 0x6d, 0x5f, 0x31, 0x2f, 0x6c, 0x73, 0x74, 0x6d,
    0x5f, 0x31, 0x2f, 0x75, 0x6e, 0x73, 0x74, 0x61, 0x63, 0x6b, 0x32, 0x32,
    0x3b, 0x73, 0x6f, 0x63, 0x5f, 0x6c, 0x73, 0x74, 0x6d, 0x5f, 0x31, 0x2f,
    0x6c, 0x73, 0x74, 0x6d, 0x5f, 0x31, 0x2f, 0x75, 0x6e, 0x73, 0x74, 0x61,
    0x63, 0x6b, 0x32, 0x33, 0x3b, 0x73, 0x6f, 0x63, 0x5f, 0x6c, 0x73, 0x74,
    0x6d, 0x5f, 0x31, 0x2f, 0x6c, 0x73, 0x74, 0x6d, 0x5f, 0x31, 0x2f, 0x75,
    0x6e, 0x73, 0x74, 0x61, 0x63, 0x6b, 0x32, 0x34, 0x3b, 0x73, 0x6f, 0x63,
    0x5f, 0x6c, 0x73, 0x74, 0x6d, 0x5f, 0x31, 0x2f, 0x6c, 0x73, 0x74, 0x6d,
    0x5f, 0x31, 0x2f, 0x75, 0x6e, 0x73, 0x74, 0x61, 0x63, 0x6b, 0x32, 0x35,
    0x3b, 0x73, 0x6f, 0x63, 0x5f, 0x6c, 0x73, 0x74, 0x6d, 0x5f, 0x31, 0x2f,
    0x6c, 0x73, 0x74, 0x6d, 0x5f, 0x31, 0x2f, 0x75, 0x6e, 0x73, 0x74, 0x61,
    0x63, 0x6b, 0x32, 0x36, 0x3b, 0x73, 0x6f, 0x63, 0x5f, 0x6c, 0x73, 0x74,
    0x6d, 0x5f, 0x31, 0x2f, 0x6c, 0x73, 0x74, 0x6d, 0x5f, 0x31, 0x2f, 0x75,
    0x6e, 0x73, 0x74, 0x61, 0x63, 0x6b, 0x32, 0x37, 0x3b, 0x73, 0x6f, 0x63,
    0x5f, 0x6c, 0x73, 0x74, 0x6d, 0x5f, 0x31, 0x2f, 0x6c, 0x73, 0x74, 0x6d,
    0x5f, 0x31, 0x2f, 0x75, 0x6e, 0x73, 0x74, 0x61, 0x63, 0x6b, 0x32, 0x38,
    0x3b, 0x73, 0x6f, 0x63, 0x5f, 0x6c, 0x73, 0x74, 0x6d, 0x5f, 0x31, 0x2f,
    0x6c, 0x73, 0x74, 0x6d, 0x5f, 0x31, 0x2f, 0x75, 0x6e, 0x73, 0x74, 0x61,
    0x63, 0x6b, 0x32, 0x39, 0x3b, 0x73, 0x6f, 0x63, 0x5f, 0x6c, 0x73, 0x74,
    0x6d, 0x5f, 0x31, 0x2f, 0x6c, 0x73, 0x74, 0x6d, 0x5f, 0x31, 0x2f, 0x75,
    0x6e, 0x73, 0x74, 0x61, 0x63, 0x6b, 0x33, 0x30, 0x3b, 0x73, 0x6f, 0x63,
    0x5f, 0x6c, 0x73, 0x74, 0x6d, 0x5f, 0x31, 0x2f, 0x6c, 0x73, 0x74, 0x6d,
    0x5f, 0x31, 0x2f, 0x75, 0x6e, 0x73, 0x74, 0x61, 0x63, 0x6b, 0x33, 0x31,
    0x31, 0x36, 0x00, 0x00, 0x02, 0x00, 0x00, 0x00, 0x01, 0x00, 0x00, 0x00,
    0x03, 0x00, 0x00, 0x00, 0x2e, 0xb6, 0xff, 0xff, 0x00, 0x00, 0x00, 0x01,
    0x18, 0x00, 0x00, 0x00, 0x20, 0x00, 0x00, 0x00, 0x40, 0x00, 0x00, 0x00,
    0x21, 0x00, 0x00, 0x00, 0x00, 0x00, 0x00, 0x09, 0xb0, 0x03, 0x00, 0x00,
    0x02, 0x00, 0x00, 0x00, 0xff, 0xff, 0xff, 0xff, 0x03, 0x00, 0x00, 0x00,
    0x14, 0xb6, 0xff, 0xff, 0x08, 0x00, 0x00, 0x00, 0x14, 0x00, 0x00, 0x00,
    0x01, 0x00, 0x00, 0x00, 0xf7, 0xff, 0xff, 0xff, 0xff, 0xff, 0xff, 0xff,
    0x00, 0x00, 0x00, 0x00, 0x01, 0x00, 0x00, 0x00, 0xe0, 0x92, 0xd5, 0x3b,
    0x76, 0x03, 0x00, 0x00, 0x73, 0x6f, 0x63, 0x5f, 0x6c, 0x73, 0x74, 0x6d,
    0x5f, 0x31, 0x2f, 0x6c, 0x73, 0x74, 0x6d, 0x5f, 0x31, 0x2f, 0x75, 0x6e,
    0x73, 0x74, 0x61, 0x63, 0x6b, 0x3b, 0x73, 0x6f, 0x63, 0x5f, 0x6c, 0x73,
    0x74, 0x6d, 0x5f, 0x31, 0x2f, 0x6c, 0x73, 0x74, 0x6d, 0x5f, 0x31, 0x2f,
    0x75, 0x6e, 0x73, 0x74, 0x61, 0x63, 0x6b, 0x31, 0x3b, 0x73, 0x6f, 0x63,
    0x5f, 0x6c, 0x73, 0x74, 0x6d, 0x5f, 0x31, 0x2f, 0x6c, 0x73, 0x74, 0x6d,
    0x5f, 0x31, 0x2f, 0x75, 0x6e, 0x73, 0x74, 0x61, 0x63, 0x6b, 0x32, 0x3b,
    0x73, 0x6f, 0x63, 0x5f, 0x6c, 0x73, 0x74, 0x6d, 0x5f, 0x31, 0x2f, 0x6c,
    0x73, 0x74, 0x6d, 0x5f, 0x31, 0x2f, 0x75, 0x6e, 0x73, 0x74, 0x61, 0x63,
    0x6b, 0x33, 0x3b, 0x73, 0x6f, 0x63, 0x5f, 0x6c, 0x73, 0x74, 0x6d, 0x5f,
    0x31, 0x2f, 0x6c, 0x73, 0x74, 0x6d, 0x5f, 0x31, 0x2f, 0x75, 0x6e, 0x73,
    0x74, 0x61, 0x63, 0x6b, 0x34, 0x3b, 0x73, 0x6f, 0x63, 0x5f, 0x6c, 0x73,
    0x74, 0x6d, 0x5f, 0x31, 0x2f, 0x6c, 0x73, 0x74, 0x6d, 0x5f, 0x31, 0x2f,
    0x75, 0x6e, 0x73, 0x74, 0x61, 0x63, 0x6b, 0x35, 0x3b, 0x73, 0x6f, 0x63,
    0x5f, 0x6c, 0x73, 0x74, 0x6d, 0x5f, 0x31, 0x2f, 0x6c, 0x73, 0x74, 0x6d,
    0x5f, 0x31, 0x2f, 0x75, 0x6e, 0x73, 0x74, 0x61, 0x63, 0x6b, 0x36, 0x3b,
    0x73, 0x6f, 0x63, 0x5f, 0x6c, 0x73, 0x74, 0x6d, 0x5f, 0x31, 0x2f, 0x6c,
    0x73, 0x74, 0x6d, 0x5f, 0x31, 0x2f, 0x75, 0x6e, 0x73, 0x74, 0x61, 0x63,
    0x6b, 0x37, 0x3b, 0x73, 0x6f, 0x63, 0x5f, 0x6c, 0x73, 0x74, 0x6d, 0x5f,
    0x31, 0x2f, 0x6c, 0x73, 0x74, 0x6d, 0x5f, 0x31, 0x2f, 0x75, 0x6e, 0x73,
    0x74, 0x61, 0x63, 0x6b, 0x38, 0x3b, 0x73, 0x6f, 0x63, 0x5f, 0x6c, 0x73,
    0x74, 0x6d, 0x5f, 0x31, 0x2f, 0x6c, 0x73, 0x74, 0x6d, 0x5f, 0x31, 0x2f,
    0x75, 0x6e, 0x73, 0x74, 0x61, 0x63, 0x6b, 0x39, 0x3b, 0x73, 0x6f, 0x63,
    0x5f, 0x6c, 0x73, 0x74, 0x6d, 0x5f, 0x31, 0x2f, 0x6c, 0x73, 0x74, 0x6d,
    0x5f, 0x31, 0x2f, 0x75, 0x6e, 0x73, 0x74, 0x61, 0x63, 0x6b, 0x31, 0x30,
    0x3b, 0x73, 0x6f, 0x63, 0x5f, 0x6c, 0x73, 0x74, 0x6d, 0x5f, 0x31, 0x2f,
    0x6c, 0x73, 0x74, 0x6d, 0x5f, 0x31, 0x2f, 0x75, 0x6e, 0x73, 0x74, 0x61,
    0x63, 0x6b, 0x31, 0x31, 0x3b, 0x73, 0x6f, 0x63, 0x5f, 0x6c, 0x73, 0x74,
    0x6d, 0x5f, 0x31, 0x2f, 0x6c, 0x73, 0x74, 0x6d, 0x5f, 0x31, 0x2f, 0x75,
    0x6e, 0x73, 0x74, 0x61, 0x63, 0x6b, 0x31, 0x32, 0x3b, 0x73, 0x6f, 0x63,
    0x5f, 0x6c, 0x73, 0x74, 0x6d, 0x5f, 0x31, 0x2f, 0x6c, 0x73, 0x74, 0x6d,
    0x5f, 0x31, 0x2f, 0x75, 0x6e, 0x73, 0x74, 0x61, 0x63, 0x6b, 0x31, 0x33,
    0x3b, 0x73, 0x6f, 0x63, 0x5f, 0x6c, 0x73, 0x74, 0x6d, 0x5f, 0x31, 0x2f,
    0x6c, 0x73, 0x74, 0x6d, 0x5f, 0x31, 0x2f, 0x75, 0x6e, 0x73, 0x74, 0x61,
    0x63, 0x6b, 0x31, 0x34, 0x3b, 0x73, 0x6f, 0x63, 0x5f, 0x6c, 0x73, 0x74,
    0x6d, 0x5f, 0x31, 0x2f, 0x6c, 0x73, 0x74, 0x6d, 0x5f, 0x31, 0x2f, 0x75,
    0x6e, 0x73, 0x74, 0x61, 0x63, 0x6b, 0x31, 0x35, 0x3b, 0x73, 0x6f, 0x63,
    0x5f, 0x6c, 0x73, 0x74, 0x6d, 0x5f, 0x31, 0x2f, 0x6c, 0x73, 0x74, 0x6d,
    0x5f, 0x31, 0x2f, 0x75, 0x6e, 0x73, 0x74, 0x61, 0x63, 0x6b, 0x31, 0x36,
    0x3b, 0x73, 0x6f, 0x63, 0x5f, 0x6c, 0x73, 0x74, 0x6d, 0x5f, 0x31, 0x2f,
    0x6c, 0x73, 0x74, 0x6d, 0x5f, 0x31, 0x2f, 0x75, 0x6e, 0x73, 0x74, 0x61,
    0x63, 0x6b, 0x31, 0x37, 0x3b, 0x73, 0x6f, 0x63, 0x5f, 0x6c, 0x73, 0x74,
    0x6d, 0x5f, 0x31, 0x2f, 0x6c, 0x73, 0x74, 0x6d, 0x5f, 0x31, 0x2f, 0x75,
    0x6e, 0x73, 0x74, 0x61, 0x63, 0x6b, 0x31, 0x38, 0x3b, 0x73, 0x6f, 0x63,
    0x5f, 0x6c, 0x73, 0x74, 0x6d, 0x5f, 0x31, 0x2f, 0x6c, 0x73, 0x74, 0x6d,
    0x5f, 0x31, 0x2f, 0x75, 0x6e, 0x73, 0x74, 0x61, 0x63, 0x6b, 0x31, 0x39,
    0x3b, 0x73, 0x6f, 0x63, 0x5f, 0x6c, 0x73, 0x74, 0x6d, 0x5f, 0x31, 0x2f,
    0x6c, 0x73, 0x74, 0x6d, 0x5f, 0x31, 0x2f, 0x75, 0x6e, 0x73, 0x74, 0x61,
    0x63, 0x6b, 0x32, 0x30, 0x3b, 0x73, 0x6f, 0x63, 0x5f, 0x6c, 0x73, 0x74,
    0x6d, 0x5f, 0x31, 0x2f, 0x6c, 0x73, 0x74, 0x6d, 0x5f, 0x31, 0x2f, 0x75,
    0x6e, 0x73, 0x74, 0x61, 0x63, 0x6b, 0x32, 0x31, 0x3b, 0x73, 0x6f, 0x63,
    0x5f, 0x6c, 0x73, 0x74, 0x6d, 0x5f, 0x31, 0x2f, 0x6c, 0x73, 0x74, 0x6d,
    0x5f, 0x31, 0x2f, 0x75, 0x6e, 0x73, 0x74, 0x61, 0x63, 0x6b, 0x32, 0x32,
    0x3b, 0x73, 0x6f, 0x63, 0x5f, 0x6c, 0x73, 0x74, 0x6d, 0x5f, 0x31, 0x2f,
    0x6c, 0x73, 0x74, 0x6d, 0x5f, 0x31, 0x2f, 0x75, 0x6e, 0x73, 0x74, 0x61,
    0x63, 0x6b, 0x32, 0x33, 0x3b, 0x73, 0x6f, 0x63, 0x5f, 0x6c, 0x73, 0x74,
    0x6d, 0x5f, 0x31, 0x2f, 0x6c, 0x73, 0x74, 0x6d, 0x5f, 0x31, 0x2f, 0x75,
    0x6e, 0x73, 0x74, 0x61, 0x63, 0x6b, 0x32, 0x34, 0x3b, 0x73, 0x6f, 0x63,
    0x5f, 0x6c, 0x73, 0x74, 0x6d, 0x5f, 0x31, 0x2f, 0x6c, 0x73, 0x74, 0x6d,
    0x5f, 0x31, 0x2f, 0x75, 0x6e, 0x73, 0x74, 0x61, 0x63, 0x6b, 0x32, 0x35,
    0x3b, 0x73, 0x6f, 0x63, 0x5f, 0x6c, 0x73, 0x74, 0x6d, 0x5f, 0x31, 0x2f,
    0x6c, 0x73, 0x74, 0x6d, 0x5f, 0x31, 0x2f, 0x75, 0x6e, 0x73, 0x74, 0x61,
    0x63, 0x6b, 0x32, 0x36, 0x3b, 0x73, 0x6f, 0x63, 0x5f, 0x6c, 0x73, 0x74,
    0x6d, 0x5f, 0x31, 0x2f, 0x6c, 0x73, 0x74, 0x6d, 0x5f, 0x31, 0x2f, 0x75,
    0x6e, 0x73, 0x74, 0x61, 0x63, 0x6b, 0x32, 0x37, 0x3b, 0x73, 0x6f, 0x63,
    0x5f, 0x6c, 0x73, 0x74, 0x6d, 0x5f, 0x31, 0x2f, 0x6c, 0x73, 0x74, 0x6d,
    0x5f, 0x31, 0x2f, 0x75, 0x6e, 0x73, 0x74, 0x61, 0x63, 0x6b, 0x32, 0x38,
    0x3b, 0x73, 0x6f, 0x63, 0x5f, 0x6c, 0x73, 0x74, 0x6d, 0x5f, 0x31, 0x2f,
    0x6c, 0x73, 0x74, 0x6d, 0x5f, 0x31, 0x2f, 0x75, 0x6e, 0x73, 0x74, 0x61,
    0x63, 0x6b, 0x32, 0x39, 0x3b, 0x73, 0x6f, 0x63, 0x5f, 0x6c, 0x73, 0x74,
    0x6d, 0x5f, 0x31, 0x2f, 0x6c, 0x73, 0x74, 0x6d, 0x5f, 0x31, 0x2f, 0x75,
    0x6e, 0x73, 0x74, 0x61, 0x63, 0x6b, 0x33, 0x30, 0x3b, 0x73, 0x6f, 0x63,
    0x5f, 0x6c, 0x73, 0x74, 0x6d, 0x5f, 0x31, 0x2f, 0x6c, 0x73, 0x74, 0x6d,
    0x5f, 0x31, 0x2f, 0x75, 0x6e, 0x73, 0x74, 0x61, 0x63, 0x6b, 0x33, 0x31,
    0x31, 0x35, 0x00, 0x00, 0x02, 0x00, 0x00, 0x00, 0x01, 0x00, 0x00, 0x00,
    0x03, 0x00, 0x00, 0x00, 0x06, 0xba, 0xff, 0xff, 0x00, 0x00, 0x00, 0x01,
    0x18, 0x00, 0x00, 0x00, 0x20, 0x00, 0x00, 0x00, 0x40, 0x00, 0x00, 0x00,
    0x20, 0x00, 0x00, 0x00, 0x00, 0x00, 0x00, 0x09, 0xb0, 0x03, 0x00, 0x00,
    0x02, 0x00, 0x00, 0x00, 0xff, 0xff, 0xff, 0xff, 0x03, 0x00, 0x00, 0x00,
    0xec, 0xb9, 0xff, 0xff, 0x08, 0x00, 0x00, 0x00, 0x14, 0x00, 0x00, 0x00,
    0x01, 0x00, 0x00, 0x00, 0xf7, 0xff, 0xff, 0xff, 0xff, 0xff, 0xff, 0xff,
    0x00, 0x00, 0x00, 0x00, 0x01, 0x00, 0x00, 0x00, 0xe0, 0x92, 0xd5, 0x3b,
    0x76, 0x03, 0x00, 0x00, 0x73, 0x6f, 0x63, 0x5f, 0x6c, 0x73, 0x74, 0x6d,
    0x5f, 0x31, 0x2f, 0x6c, 0x73, 0x74, 0x6d, 0x5f, 0x31, 0x2f, 0x75, 0x6e,
    0x73, 0x74, 0x61, 0x63, 0x6b, 0x3b, 0x73, 0x6f, 0x63, 0x5f, 0x6c, 0x73,
    0x74, 0x6d, 0x5f, 0x31, 0x2f, 0x6c, 0x73, 0x74, 0x6d, 0x5f, 0x31, 0x2f,
    0x75, 0x6e, 0x73, 0x74, 0x61, 0x63, 0x6b, 0x31, 0x3b, 0x73, 0x6f, 0x63,
    0x5f, 0x6c, 0x73, 0x74, 0x6d, 0x5f, 0x31, 0x2f, 0x6c, 0x73, 0x74, 0x6d,
    0x5f, 0x31, 0x2f, 0x75, 0x6e, 0x73, 0x74, 0x61, 0x63, 0x6b, 0x32, 0x3b,
    0x73, 0x6f, 0x63, 0x5f, 0x6c, 0x73, 0x74, 0x6d, 0x5f, 0x31, 0x2f, 0x6c,
    0x73, 0x74, 0x6d, 0x5f, 0x31, 0x2f, 0x75, 0x6e, 0x73, 0x74, 0x61, 0x63,
    0x6b, 0x33, 0x3b, 0x73, 0x6f, 0x63, 0x5f, 0x6c, 0x73, 0x74, 0x6d, 0x5f,
    0x31, 0x2f, 0x6c, 0x73, 0x74, 0x6d, 0x5f, 0x31, 0x2f, 0x75, 0x6e, 0x73,
    0x74, 0x61, 0x63, 0x6b, 0x34, 0x3b, 0x73, 0x6f, 0x63, 0x5f, 0x6c, 0x73,
    0x74, 0x6d, 0x5f, 0x31, 0x2f, 0x6c, 0x73, 0x74, 0x6d, 0x5f, 0x31, 0x2f,
    0x75, 0x6e, 0x73, 0x74, 0x61, 0x63, 0x6b, 0x35, 0x3b, 0x73, 0x6f, 0x63,
    0x5f, 0x6c, 0x73, 0x74, 0x6d, 0x5f, 0x31, 0x2f, 0x6c, 0x73, 0x74, 0x6d,
    0x5f, 0x31, 0x2f, 0x75, 0x6e, 0x73, 0x74, 0x61, 0x63, 0x6b, 0x36, 0x3b,
    0x73, 0x6f, 0x63, 0x5f, 0x6c, 0x73, 0x74, 0x6d, 0x5f, 0x31, 0x2f, 0x6c,
    0x73, 0x74, 0x6d, 0x5f, 0x31, 0x2f, 0x75, 0x6e, 0x73, 0x74, 0x61, 0x63,
    0x6b, 0x37, 0x3b, 0x73, 0x6f, 0x63, 0x5f, 0x6c, 0x73, 0x74, 0x6d, 0x5f,
    0x31, 0x2f, 0x6c, 0x73, 0x74, 0x6d, 0x5f, 0x31, 0x2f, 0x75, 0x6e, 0x73,
    0x74, 0x61, 0x63, 0x6b, 0x38, 0x3b, 0x73, 0x6f, 0x63, 0x5f, 0x6c, 0x73,
    0x74, 0x6d, 0x5f, 0x31, 0x2f, 0x6c, 0x73, 0x74, 0x6d, 0x5f, 0x31, 0x2f,
    0x75, 0x6e, 0x73, 0x74, 0x61, 0x63, 0x6b, 0x39, 0x3b, 0x73, 0x6f, 0x63,
    0x5f, 0x6c, 0x73, 0x74, 0x6d, 0x5f, 0x31, 0x2f, 0x6c, 0x73, 0x74, 0x6d,
    0x5f, 0x31, 0x2f, 0x75, 0x6e, 0x73, 0x74, 0x61, 0x63, 0x6b, 0x31, 0x30,
    0x3b, 0x73, 0x6f, 0x63, 0x5f, 0x6c, 0x73, 0x74, 0x6d, 0x5f, 0x31, 0x2f,
    0x6c, 0x73, 0x74, 0x6d, 0x5f, 0x31, 0x2f, 0x75, 0x6e, 0x73, 0x74, 0x61,
    0x63, 0x6b, 0x31, 0x31, 0x3b, 0x73, 0x6f, 0x63, 0x5f, 0x6c, 0x73, 0x74,
    0x6d, 0x5f, 0x31, 0x2f, 0x6c, 0x73, 0x74, 0x6d, 0x5f, 0x31, 0x2f, 0x75,
    0x6e, 0x73, 0x74, 0x61, 0x63, 0x6b, 0x31, 0x32, 0x3b, 0x73, 0x6f, 0x63,
    0x5f, 0x6c, 0x73, 0x74, 0x6d, 0x5f, 0x31, 0x2f, 0x6c, 0x73, 0x74, 0x6d,
    0x5f, 0x31, 0x2f, 0x75, 0x6e, 0x73, 0x74, 0x61, 0x63, 0x6b, 0x31, 0x33,
    0x3b, 0x73, 0x6f, 0x63, 0x5f, 0x6c, 0x73, 0x74, 0x6d, 0x5f, 0x31, 0x2f,
    0x6c, 0x73, 0x74, 0x6d, 0x5f, 0x31, 0x2f, 0x75, 0x6e, 0x73, 0x74, 0x61,
    0x63, 0x6b, 0x31, 0x34, 0x3b, 0x73, 0x6f, 0x63, 0x5f, 0x6c, 0x73, 0x74,
    0x6d, 0x5f, 0x31, 0x2f, 0x6c, 0x73, 0x74, 0x6d, 0x5f, 0x31, 0x2f, 0x75,
    0x6e, 0x73, 0x74, 0x61, 0x63, 0x6b, 0x31, 0x35, 0x3b, 0x73, 0x6f, 0x63,
    0x5f, 0x6c, 0x73, 0x74, 0x6d, 0x5f, 0x31, 0x2f, 0x6c, 0x73, 0x74, 0x6d,
    0x5f, 0x31, 0x2f, 0x75, 0x6e, 0x73, 0x74, 0x61, 0x63, 0x6b, 0x31, 0x36,
    0x3b, 0x73, 0x6f, 0x63, 0x5f, 0x6c, 0x73, 0x74, 0x6d, 0x5f, 0x31, 0x2f,
    0x6c, 0x73, 0x74, 0x6d, 0x5f, 0x31, 0x2f, 0x75, 0x6e, 0x73, 0x74, 0x61,
    0x63, 0x6b, 0x31, 0x37, 0x3b, 0x73, 0x6f, 0x63, 0x5f, 0x6c, 0x73, 0x74,
    0x6d, 0x5f, 0x31, 0x2f, 0x6c, 0x73, 0x74, 0x6d, 0x5f, 0x31, 0x2f, 0x75,
    0x6e, 0x73, 0x74, 0x61, 0x63, 0x6b, 0x31, 0x38, 0x3b, 0x73, 0x6f, 0x63,
    0x5f, 0x6c, 0x73, 0x74, 0x6d, 0x5f, 0x31, 0x2f, 0x6c, 0x73, 0x74, 0x6d,
    0x5f, 0x31, 0x2f, 0x75, 0x6e, 0x73, 0x74, 0x61, 0x63, 0x6b, 0x31, 0x39,
    0x3b, 0x73, 0x6f, 0x63, 0x5f, 0x6c, 0x73, 0x74, 0x6d, 0x5f, 0x31, 0x2f,
    0x6c, 0x73, 0x74, 0x6d, 0x5f, 0x31, 0x2f, 0x75, 0x6e, 0x73, 0x74, 0x61,
    0x63, 0x6b, 0x32, 0x30, 0x3b, 0x73, 0x6f, 0x63, 0x5f, 0x6c, 0x73, 0x74,
    0x6d, 0x5f, 0x31, 0x2f, 0x6c, 0x73, 0x74, 0x6d, 0x5f, 0x31, 0x2f, 0x75,
    0x6e, 0x73, 0x74, 0x61, 0x63, 0x6b, 0x32, 0x31, 0x3b, 0x73, 0x6f, 0x63,
    0x5f, 0x6c, 0x73, 0x74, 0x6d, 0x5f, 0x31, 0x2f, 0x6c, 0x73, 0x74, 0x6d,
    0x5f, 0x31, 0x2f, 0x75, 0x6e, 0x73, 0x74, 0x61, 0x63, 0x6b, 0x32, 0x32,
    0x3b, 0x73, 0x6f, 0x63, 0x5f, 0x6c, 0x73, 0x74, 0x6d, 0x5f, 0x31, 0x2f,
    0x6c, 0x73, 0x74, 0x6d, 0x5f, 0x31, 0x2f, 0x75, 0x6e, 0x73, 0x74, 0x61,
    0x63, 0x6b, 0x32, 0x33, 0x3b, 0x73, 0x6f, 0x63, 0x5f, 0x6c, 0x73, 0x74,
    0x6d, 0x5f, 0x31, 0x2f, 0x6c, 0x73, 0x74, 0x6d, 0x5f, 0x31, 0x2f, 0x75,
    0x6e, 0x73, 0x74, 0x61, 0x63, 0x6b, 0x32, 0x34, 0x3b, 0x73, 0x6f, 0x63,
    0x5f, 0x6c, 0x73, 0x74, 0x6d, 0x5f, 0x31, 0x2f, 0x6c, 0x73, 0x74, 0x6d,
    0x5f, 0x31, 0x2f, 0x75, 0x6e, 0x73, 0x74, 0x61, 0x63, 0x6b, 0x32, 0x35,
    0x3b, 0x73, 0x6f, 0x63, 0x5f, 0x6c, 0x73, 0x74, 0x6d, 0x5f, 0x31, 0x2f,
    0x6c, 0x73, 0x74, 0x6d, 0x5f, 0x31, 0x2f, 0x75, 0x6e, 0x73, 0x74, 0x61,
    0x63, 0x6b, 0x32, 0x36, 0x3b, 0x73, 0x6f, 0x63, 0x5f, 0x6c, 0x73, 0x74,
    0x6d, 0x5f, 0x31, 0x2f, 0x6c, 0x73, 0x74, 0x6d, 0x5f, 0x31, 0x2f, 0x75,
    0x6e, 0x73, 0x74, 0x61, 0x63, 0x6b, 0x32, 0x37, 0x3b, 0x73, 0x6f, 0x63,
    0x5f, 0x6c, 0x73, 0x74, 0x6d, 0x5f, 0x31, 0x2f, 0x6c, 0x73, 0x74, 0x6d,
    0x5f, 0x31, 0x2f, 0x75, 0x6e, 0x73, 0x74, 0x61, 0x63, 0x6b, 0x32, 0x38,
    0x3b, 0x73, 0x6f, 0x63, 0x5f, 0x6c, 0x73, 0x74, 0x6d, 0x5f, 0x31, 0x2f,
    0x6c, 0x73, 0x74, 0x6d, 0x5f, 0x31, 0x2f, 0x75, 0x6e, 0x73, 0x74, 0x61,
    0x63, 0x6b, 0x32, 0x39, 0x3b, 0x73, 0x6f, 0x63, 0x5f, 0x6c, 0x73, 0x74,
    0x6d, 0x5f, 0x31, 0x2f, 0x6c, 0x73, 0x74, 0x6d, 0x5f, 0x31, 0x2f, 0x75,
    0x6e, 0x73, 0x74, 0x61, 0x63, 0x6b, 0x33, 0x30, 0x3b, 0x73, 0x6f, 0x63,
    0x5f, 0x6c, 0x73, 0x74, 0x6d, 0x5f, 0x31, 0x2f, 0x6c, 0x73, 0x74, 0x6d,
    0x5f, 0x31, 0x2f, 0x75, 0x6e, 0x73, 0x74, 0x61, 0x63, 0x6b, 0x33, 0x31,
    0x31, 0x34, 0x00, 0x00, 0x02, 0x00, 0x00, 0x00, 0x01, 0x00, 0x00, 0x00,
    0x03, 0x00, 0x00, 0x00, 0xde, 0xbd, 0xff, 0xff, 0x00, 0x00, 0x00, 0x01,
    0x18, 0x00, 0x00, 0x00, 0x20, 0x00, 0x00, 0x00, 0x40, 0x00, 0x00, 0x00,
    0x1f, 0x00, 0x00, 0x00, 0x00, 0x00, 0x00, 0x09, 0xb0, 0x03, 0x00, 0x00,
    0x02, 0x00, 0x00, 0x00, 0xff, 0xff, 0xff, 0xff, 0x03, 0x00, 0x00, 0x00,
    0xc4, 0xbd, 0xff, 0xff, 0x08, 0x00, 0x00, 0x00, 0x14, 0x00, 0x00, 0x00,
    0x01, 0x00, 0x00, 0x00, 0xf7, 0xff, 0xff, 0xff, 0xff, 0xff, 0xff, 0xff,
    0x00, 0x00, 0x00, 0x00, 0x01, 0x00, 0x00, 0x00, 0xe0, 0x92, 0xd5, 0x3b,
    0x76, 0x03, 0x00, 0x00, 0x73, 0x6f, 0x63, 0x5f, 0x6c, 0x73, 0x74, 0x6d,
    0x5f, 0x31, 0x2f, 0x6c, 0x73, 0x74, 0x6d, 0x5f, 0x31, 0x2f, 0x75, 0x6e,
    0x73, 0x74, 0x61, 0x63, 0x6b, 0x3b, 0x73, 0x6f, 0x63, 0x5f, 0x6c, 0x73,
    0x74, 0x6d, 0x5f, 0x31, 0x2f, 0x6c, 0x73, 0x74, 0x6d, 0x5f, 0x31, 0x2f,
    0x75, 0x6e, 0x73, 0x74, 0x61, 0x63, 0x6b, 0x31, 0x3b, 0x73, 0x6f, 0x63,
    0x5f, 0x6c, 0x73, 0x74, 0x6d, 0x5f, 0x31, 0x2f, 0x6c, 0x73, 0x74, 0x6d,
    0x5f, 0x31, 0x2f, 0x75, 0x6e, 0x73, 0x74, 0x61, 0x63, 0x6b, 0x32, 0x3b,
    0x73, 0x6f, 0x63, 0x5f, 0x6c, 0x73, 0x74, 0x6d, 0x5f, 0x31, 0x2f, 0x6c,
    0x73, 0x74, 0x6d, 0x5f, 0x31, 0x2f, 0x75, 0x6e, 0x73, 0x74, 0x61, 0x63,
    0x6b, 0x33, 0x3b, 0x73, 0x6f, 0x63, 0x5f, 0x6c, 0x73, 0x74, 0x6d, 0x5f,
    0x31, 0x2f, 0x6c, 0x73, 0x74, 0x6d, 0x5f, 0x31, 0x2f, 0x75, 0x6e, 0x73,
    0x74, 0x61, 0x63, 0x6b, 0x34, 0x3b, 0x73, 0x6f, 0x63, 0x5f, 0x6c, 0x73,
    0x74, 0x6d, 0x5f, 0x31, 0x2f, 0x6c, 0x73, 0x74, 0x6d, 0x5f, 0x31, 0x2f,
    0x75, 0x6e, 0x73, 0x74, 0x61, 0x63, 0x6b, 0x35, 0x3b, 0x73, 0x6f, 0x63,
    0x5f, 0x6c, 0x73, 0x74, 0x6d, 0x5f, 0x31, 0x2f, 0x6c, 0x73, 0x74, 0x6d,
    0x5f, 0x31, 0x2f, 0x75, 0x6e, 0x73, 0x74, 0x61, 0x63, 0x6b, 0x36, 0x3b,
    0x73, 0x6f, 0x63, 0x5f, 0x6c, 0x73, 0x74, 0x6d, 0x5f, 0x31, 0x2f, 0x6c,
    0x73, 0x74, 0x6d, 0x5f, 0x31, 0x2f, 0x75, 0x6e, 0x73, 0x74, 0x61, 0x63,
    0x6b, 0x37, 0x3b, 0x73, 0x6f, 0x63, 0x5f, 0x6c, 0x73, 0x74, 0x6d, 0x5f,
    0x31, 0x2f, 0x6c, 0x73, 0x74, 0x6d, 0x5f, 0x31, 0x2f, 0x75, 0x6e, 0x73,
    0x74, 0x61, 0x63, 0x6b, 0x38, 0x3b, 0x73, 0x6f, 0x63, 0x5f, 0x6c, 0x73,
    0x74, 0x6d, 0x5f, 0x31, 0x2f, 0x6c, 0x73, 0x74, 0x6d, 0x5f, 0x31, 0x2f,
    0x75, 0x6e, 0x73, 0x74, 0x61, 0x63, 0x6b, 0x39, 0x3b, 0x73, 0x6f, 0x63,
    0x5f, 0x6c, 0x73, 0x74, 0x6d, 0x5f, 0x31, 0x2f, 0x6c, 0x73, 0x74, 0x6d,
    0x5f, 0x31, 0x2f, 0x75, 0x6e, 0x73, 0x74, 0x61, 0x63, 0x6b, 0x31, 0x30,
    0x3b, 0x73, 0x6f, 0x63, 0x5f, 0x6c, 0x73, 0x74, 0x6d, 0x5f, 0x31, 0x2f,
    0x6c, 0x73, 0x74, 0x6d, 0x5f, 0x31, 0x2f, 0x75, 0x6e, 0x73, 0x74, 0x61,
    0x63, 0x6b, 0x31, 0x31, 0x3b, 0x73, 0x6f, 0x63, 0x5f, 0x6c, 0x73, 0x74,
    0x6d, 0x5f, 0x31, 0x2f, 0x6c, 0x73, 0x74, 0x6d, 0x5f, 0x31, 0x2f, 0x75,
    0x6e, 0x73, 0x74, 0x61, 0x63, 0x6b, 0x31, 0x32, 0x3b, 0x73, 0x6f, 0x63,
    0x5f, 0x6c, 0x73, 0x74, 0x6d, 0x5f, 0x31, 0x2f, 0x6c, 0x73, 0x74, 0x6d,
    0x5f, 0x31, 0x2f, 0x75, 0x6e, 0x73, 0x74, 0x61, 0x63, 0x6b, 0x31, 0x33,
    0x3b, 0x73, 0x6f, 0x63, 0x5f, 0x6c, 0x73, 0x74, 0x6d, 0x5f, 0x31, 0x2f,
    0x6c, 0x73, 0x74, 0x6d, 0x5f, 0x31, 0x2f, 0x75, 0x6e, 0x73, 0x74, 0x61,
    0x63, 0x6b, 0x31, 0x34, 0x3b, 0x73, 0x6f, 0x63, 0x5f, 0x6c, 0x73, 0x74,
    0x6d, 0x5f, 0x31, 0x2f, 0x6c, 0x73, 0x74, 0x6d, 0x5f, 0x31, 0x2f, 0x75,
    0x6e, 0x73, 0x74, 0x61, 0x63, 0x6b, 0x31, 0x35, 0x3b, 0x73, 0x6f, 0x63,
    0x5f, 0x6c, 0x73, 0x74, 0x6d, 0x5f, 0x31, 0x2f, 0x6c, 0x73, 0x74, 0x6d,
    0x5f, 0x31, 0x2f, 0x75, 0x6e, 0x73, 0x74, 0x61, 0x63, 0x6b, 0x31, 0x36,
    0x3b, 0x73, 0x6f, 0x63, 0x5f, 0x6c, 0x73, 0x74, 0x6d, 0x5f, 0x31, 0x2f,
    0x6c, 0x73, 0x74, 0x6d, 0x5f, 0x31, 0x2f, 0x75, 0x6e, 0x73, 0x74, 0x61,
    0x63, 0x6b, 0x31, 0x37, 0x3b, 0x73, 0x6f, 0x63, 0x5f, 0x6c, 0x73, 0x74,
    0x6d, 0x5f, 0x31, 0x2f, 0x6c, 0x73, 0x74, 0x6d, 0x5f, 0x31, 0x2f, 0x75,
    0x6e, 0x73, 0x74, 0x61, 0x63, 0x6b, 0x31, 0x38, 0x3b, 0x73, 0x6f, 0x63,
    0x5f, 0x6c, 0x73, 0x74, 0x6d, 0x5f, 0x31, 0x2f, 0x6c, 0x73, 0x74, 0x6d,
    0x5f, 0x31, 0x2f, 0x75, 0x6e, 0x73, 0x74, 0x61, 0x63, 0x6b, 0x31, 0x39,
    0x3b, 0x73, 0x6f, 0x63, 0x5f, 0x6c, 0x73, 0x74, 0x6d, 0x5f, 0x31, 0x2f,
    0x6c, 0x73, 0x74, 0x6d, 0x5f, 0x31, 0x2f, 0x75, 0x6e, 0x73, 0x74, 0x61,
    0x63, 0x6b, 0x32, 0x30, 0x3b, 0x73, 0x6f, 0x63, 0x5f, 0x6c, 0x73, 0x74,
    0x6d, 0x5f, 0x31, 0x2f, 0x6c, 0x73, 0x74, 0x6d, 0x5f, 0x31, 0x2f, 0x75,
    0x6e, 0x73, 0x74, 0x61, 0x63, 0x6b, 0x32, 0x31, 0x3b, 0x73, 0x6f, 0x63,
    0x5f, 0x6c, 0x73, 0x74, 0x6d, 0x5f, 0x31, 0x2f, 0x6c, 0x73, 0x74, 0x6d,
    0x5f, 0x31, 0x2f, 0x75, 0x6e, 0x73, 0x74, 0x61, 0x63, 0x6b, 0x32, 0x32,
    0x3b, 0x73, 0x6f, 0x63, 0x5f, 0x6c, 0x73, 0x74, 0x6d, 0x5f, 0x31, 0x2f,
    0x6c, 0x73, 0x74, 0x6d, 0x5f, 0x31, 0x2f, 0x75, 0x6e, 0x73, 0x74, 0x61,
    0x63, 0x6b, 0x32, 0x33, 0x3b, 0x73, 0x6f, 0x63, 0x5f, 0x6c, 0x73, 0x74,
    0x6d, 0x5f, 0x31, 0x2f, 0x6c, 0x73, 0x74, 0x6d, 0x5f, 0x31, 0x2f, 0x75,
    0x6e, 0x73, 0x74, 0x61, 0x63, 0x6b, 0x32, 0x34, 0x3b, 0x73, 0x6f, 0x63,
    0x5f, 0x6c, 0x73, 0x74, 0x6d, 0x5f, 0x31, 0x2f, 0x6c, 0x73, 0x74, 0x6d,
    0x5f, 0x31, 0x2f, 0x75, 0x6e, 0x73, 0x74, 0x61, 0x63, 0x6b, 0x32, 0x35,
    0x3b, 0x73, 0x6f, 0x63, 0x5f, 0x6c, 0x73, 0x74, 0x6d, 0x5f, 0x31, 0x2f,
    0x6c, 0x73, 0x74, 0x6d, 0x5f, 0x31, 0x2f, 0x75, 0x6e, 0x73, 0x74, 0x61,
    0x63, 0x6b, 0x32, 0x36, 0x3b, 0x73, 0x6f, 0x63, 0x5f, 0x6c, 0x73, 0x74,
    0x6d, 0x5f, 0x31, 0x2f, 0x6c, 0x73, 0x74, 0x6d, 0x5f, 0x31, 0x2f, 0x75,
    0x6e, 0x73, 0x74, 0x61, 0x63, 0x6b, 0x32, 0x37, 0x3b, 0x73, 0x6f, 0x63,
    0x5f, 0x6c, 0x73, 0x74, 0x6d, 0x5f, 0x31, 0x2f, 0x6c, 0x73, 0x74, 0x6d,
    0x5f, 0x31, 0x2f, 0x75, 0x6e, 0x73, 0x74, 0x61, 0x63, 0x6b, 0x32, 0x38,
    0x3b, 0x73, 0x6f, 0x63, 0x5f, 0x6c, 0x73, 0x74, 0x6d, 0x5f, 0x31, 0x2f,
    0x6c, 0x73, 0x74, 0x6d, 0x5f, 0x31, 0x2f, 0x75, 0x6e, 0x73, 0x74, 0x61,
    0x63, 0x6b, 0x32, 0x39, 0x3b, 0x73, 0x6f, 0x63, 0x5f, 0x6c, 0x73, 0x74,
    0x6d, 0x5f, 0x31, 0x2f, 0x6c, 0x73, 0x74, 0x6d, 0x5f, 0x31, 0x2f, 0x75,
    0x6e, 0x73, 0x74, 0x61, 0x63, 0x6b, 0x33, 0x30, 0x3b, 0x73, 0x6f, 0x63,
    0x5f, 0x6c, 0x73, 0x74, 0x6d, 0x5f, 0x31, 0x2f, 0x6c, 0x73, 0x74, 0x6d,
    0x5f, 0x31, 0x2f, 0x75, 0x6e, 0x73, 0x74, 0x61, 0x63, 0x6b, 0x33, 0x31,
    0x31, 0x33, 0x00, 0x00, 0x02, 0x00, 0x00, 0x00, 0x01, 0x00, 0x00, 0x00,
    0x03, 0x00, 0x00, 0x00, 0xb6, 0xc1, 0xff, 0xff, 0x00, 0x00, 0x00, 0x01,
    0x18, 0x00, 0x00, 0x00, 0x20, 0x00, 0x00, 0x00, 0x40, 0x00, 0x00, 0x00,
    0x1e, 0x00, 0x00, 0x00, 0x00, 0x00, 0x00, 0x09, 0xb0, 0x03, 0x00, 0x00,
    0x02, 0x00, 0x00, 0x00, 0xff, 0xff, 0xff, 0xff, 0x03, 0x00, 0x00, 0x00,
    0x9c, 0xc1, 0xff, 0xff, 0x08, 0x00, 0x00, 0x00, 0x14, 0x00, 0x00, 0x00,
    0x01, 0x00, 0x00, 0x00, 0xf7, 0xff, 0xff, 0xff, 0xff, 0xff, 0xff, 0xff,
    0x00, 0x00, 0x00, 0x00, 0x01, 0x00, 0x00, 0x00, 0xe0, 0x92, 0xd5, 0x3b,
    0x76, 0x03, 0x00, 0x00, 0x73, 0x6f, 0x63, 0x5f, 0x6c, 0x73, 0x74, 0x6d,
    0x5f, 0x31, 0x2f, 0x6c, 0x73, 0x74, 0x6d, 0x5f, 0x31, 0x2f, 0x75, 0x6e,
    0x73, 0x74, 0x61, 0x63, 0x6b, 0x3b, 0x73, 0x6f, 0x63, 0x5f, 0x6c, 0x73,
    0x74, 0x6d, 0x5f, 0x31, 0x2f, 0x6c, 0x73, 0x74, 0x6d, 0x5f, 0x31, 0x2f,
    0x75, 0x6e, 0x73, 0x74, 0x61, 0x63, 0x6b, 0x31, 0x3b, 0x73, 0x6f, 0x63,
    0x5f, 0x6c, 0x73, 0x74, 0x6d, 0x5f, 0x31, 0x2f, 0x6c, 0x73, 0x74, 0x6d,
    0x5f, 0x31, 0x2f, 0x75, 0x6e, 0x73, 0x74, 0x61, 0x63, 0x6b, 0x32, 0x3b,
    0x73, 0x6f, 0x63, 0x5f, 0x6c, 0x73, 0x74, 0x6d, 0x5f, 0x31, 0x2f, 0x6c,
    0x73, 0x74, 0x6d, 0x5f, 0x31, 0x2f, 0x75, 0x6e, 0x73, 0x74, 0x61, 0x63,
    0x6b, 0x33, 0x3b, 0x73, 0x6f, 0x63, 0x5f, 0x6c, 0x73, 0x74, 0x6d, 0x5f,
    0x31, 0x2f, 0x6c, 0x73, 0x74, 0x6d, 0x5f, 0x31, 0x2f, 0x75, 0x6e, 0x73,
    0x74, 0x61, 0x63, 0x6b, 0x34, 0x3b, 0x73, 0x6f, 0x63, 0x5f, 0x6c, 0x73,
    0x74, 0x6d, 0x5f, 0x31, 0x2f, 0x6c, 0x73, 0x74, 0x6d, 0x5f, 0x31, 0x2f,
    0x75, 0x6e, 0x73, 0x74, 0x61, 0x63, 0x6b, 0x35, 0x3b, 0x73, 0x6f, 0x63,
    0x5f, 0x6c, 0x73, 0x74, 0x6d, 0x5f, 0x31, 0x2f, 0x6c, 0x73, 0x74, 0x6d,
    0x5f, 0x31, 0x2f, 0x75, 0x6e, 0x73, 0x74, 0x61, 0x63, 0x6b, 0x36, 0x3b,
    0x73, 0x6f, 0x63, 0x5f, 0x6c, 0x73, 0x74, 0x6d, 0x5f, 0x31, 0x2f, 0x6c,
    0x73, 0x74, 0x6d, 0x5f, 0x31, 0x2f, 0x75, 0x6e, 0x73, 0x74, 0x61, 0x63,
    0x6b, 0x37, 0x3b, 0x73, 0x6f, 0x63, 0x5f, 0x6c, 0x73, 0x74, 0x6d, 0x5f,
    0x31, 0x2f, 0x6c, 0x73, 0x74, 0x6d, 0x5f, 0x31, 0x2f, 0x75, 0x6e, 0x73,
    0x74, 0x61, 0x63, 0x6b, 0x38, 0x3b, 0x73, 0x6f, 0x63, 0x5f, 0x6c, 0x73,
    0x74, 0x6d, 0x5f, 0x31, 0x2f, 0x6c, 0x73, 0x74, 0x6d, 0x5f, 0x31, 0x2f,
    0x75, 0x6e, 0x73, 0x74, 0x61, 0x63, 0x6b, 0x39, 0x3b, 0x73, 0x6f, 0x63,
    0x5f, 0x6c, 0x73, 0x74, 0x6d, 0x5f, 0x31, 0x2f, 0x6c, 0x73, 0x74, 0x6d,
    0x5f, 0x31, 0x2f, 0x75, 0x6e, 0x73, 0x74, 0x61, 0x63, 0x6b, 0x31, 0x30,
    0x3b, 0x73, 0x6f, 0x63, 0x5f, 0x6c, 0x73, 0x74, 0x6d, 0x5f, 0x31, 0x2f,
    0x6c, 0x73, 0x74, 0x6d, 0x5f, 0x31, 0x2f, 0x75, 0x6e, 0x73, 0x74, 0x61,
    0x63, 0x6b, 0x31, 0x31, 0x3b, 0x73, 0x6f, 0x63, 0x5f, 0x6c, 0x73, 0x74,
    0x6d, 0x5f, 0x31, 0x2f, 0x6c, 0x73, 0x74, 0x6d, 0x5f, 0x31, 0x2f, 0x75,
    0x6e, 0x73, 0x74, 0x61, 0x63, 0x6b, 0x31, 0x32, 0x3b, 0x73, 0x6f, 0x63,
    0x5f, 0x6c, 0x73, 0x74, 0x6d, 0x5f, 0x31, 0x2f, 0x6c, 0x73, 0x74, 0x6d,
    0x5f, 0x31, 0x2f, 0x75, 0x6e, 0x73, 0x74, 0x61, 0x63, 0x6b, 0x31, 0x33,
    0x3b, 0x73, 0x6f, 0x63, 0x5f, 0x6c, 0x73, 0x74, 0x6d, 0x5f, 0x31, 0x2f,
    0x6c, 0x73, 0x74, 0x6d, 0x5f, 0x31, 0x2f, 0x75, 0x6e, 0x73, 0x74, 0x61,
    0x63, 0x6b, 0x31, 0x34, 0x3b, 0x73, 0x6f, 0x63, 0x5f, 0x6c, 0x73, 0x74,
    0x6d, 0x5f, 0x31, 0x2f, 0x6c, 0x73, 0x74, 0x6d, 0x5f, 0x31, 0x2f, 0x75,
    0x6e, 0x73, 0x74, 0x61, 0x63, 0x6b, 0x31, 0x35, 0x3b, 0x73, 0x6f, 0x63,
    0x5f, 0x6c, 0x73, 0x74, 0x6d, 0x5f, 0x31, 0x2f, 0x6c, 0x73, 0x74, 0x6d,
    0x5f, 0x31, 0x2f, 0x75, 0x6e, 0x73, 0x74, 0x61, 0x63, 0x6b, 0x31, 0x36,
    0x3b, 0x73, 0x6f, 0x63, 0x5f, 0x6c, 0x73, 0x74, 0x6d, 0x5f, 0x31, 0x2f,
    0x6c, 0x73, 0x74, 0x6d, 0x5f, 0x31, 0x2f, 0x75, 0x6e, 0x73, 0x74, 0x61,
    0x63, 0x6b, 0x31, 0x37, 0x3b, 0x73, 0x6f, 0x63, 0x5f, 0x6c, 0x73, 0x74,
    0x6d, 0x5f, 0x31, 0x2f, 0x6c, 0x73, 0x74, 0x6d, 0x5f, 0x31, 0x2f, 0x75,
    0x6e, 0x73, 0x74, 0x61, 0x63, 0x6b, 0x31, 0x38, 0x3b, 0x73, 0x6f, 0x63,
    0x5f, 0x6c, 0x73, 0x74, 0x6d, 0x5f, 0x31, 0x2f, 0x6c, 0x73, 0x74, 0x6d,
    0x5f, 0x31, 0x2f, 0x75, 0x6e, 0x73, 0x74, 0x61, 0x63, 0x6b, 0x31, 0x39,
    0x3b, 0x73, 0x6f, 0x63, 0x5f, 0x6c, 0x73, 0x74, 0x6d, 0x5f, 0x31, 0x2f,
    0x6c, 0x73, 0x74, 0x6d, 0x5f, 0x31, 0x2f, 0x75, 0x6e, 0x73, 0x74, 0x61,
    0x63, 0x6b, 0x32, 0x30, 0x3b, 0x73, 0x6f, 0x63, 0x5f, 0x6c, 0x73, 0x74,
    0x6d, 0x5f, 0x31, 0x2f, 0x6c, 0x73, 0x74, 0x6d, 0x5f, 0x31, 0x2f, 0x75,
    0x6e, 0x73, 0x74, 0x61, 0x63, 0x6b, 0x32, 0x31, 0x3b, 0x73, 0x6f, 0x63,
    0x5f, 0x6c, 0x73, 0x74, 0x6d, 0x5f, 0x31, 0x2f, 0x6c, 0x73, 0x74, 0x6d,
    0x5f, 0x31, 0x2f, 0x75, 0x6e, 0x73, 0x74, 0x61, 0x63, 0x6b, 0x32, 0x32,
    0x3b, 0x73, 0x6f, 0x63, 0x5f, 0x6c, 0x73, 0x74, 0x6d, 0x5f, 0x31, 0x2f,
    0x6c, 0x73, 0x74, 0x6d, 0x5f, 0x31, 0x2f, 0x75, 0x6e, 0x73, 0x74, 0x61,
    0x63, 0x6b, 0x32, 0x33, 0x3b, 0x73, 0x6f, 0x63, 0x5f, 0x6c, 0x73, 0x74,
    0x6d, 0x5f, 0x31, 0x2f, 0x6c, 0x73, 0x74, 0x6d, 0x5f, 0x31, 0x2f, 0x75,
    0x6e, 0x73, 0x74, 0x61, 0x63, 0x6b, 0x32, 0x34, 0x3b, 0x73, 0x6f, 0x63,
    0x5f, 0x6c, 0x73, 0x74, 0x6d, 0x5f, 0x31, 0x2f, 0x6c, 0x73, 0x74, 0x6d,
    0x5f, 0x31, 0x2f, 0x75, 0x6e, 0x73, 0x74, 0x61, 0x63, 0x6b, 0x32, 0x35,
    0x3b, 0x73, 0x6f, 0x63, 0x5f, 0x6c, 0x73, 0x74, 0x6d, 0x5f, 0x31, 0x2f,
    0x6c, 0x73, 0x74, 0x6d, 0x5f, 0x31, 0x2f, 0x75, 0x6e, 0x73, 0x74, 0x61,
    0x63, 0x6b, 0x32, 0x36, 0x3b, 0x73, 0x6f, 0x63, 0x5f, 0x6c, 0x73, 0x74,
    0x6d, 0x5f, 0x31, 0x2f, 0x6c, 0x73, 0x74, 0x6d, 0x5f, 0x31, 0x2f, 0x75,
    0x6e, 0x73, 0x74, 0x61, 0x63, 0x6b, 0x32, 0x37, 0x3b, 0x73, 0x6f, 0x63,
    0x5f, 0x6c, 0x73, 0x74, 0x6d, 0x5f, 0x31, 0x2f, 0x6c, 0x73, 0x74, 0x6d,
    0x5f, 0x31, 0x2f, 0x75, 0x6e, 0x73, 0x74, 0x61, 0x63, 0x6b, 0x32, 0x38,
    0x3b, 0x73, 0x6f, 0x63, 0x5f, 0x6c, 0x73, 0x74, 0x6d, 0x5f, 0x31, 0x2f,
    0x6c, 0x73, 0x74, 0x6d, 0x5f, 0x31, 0x2f, 0x75, 0x6e, 0x73, 0x74, 0x61,
    0x63, 0x6b, 0x32, 0x39, 0x3b, 0x73, 0x6f, 0x63, 0x5f, 0x6c, 0x73, 0x74,
    0x6d, 0x5f, 0x31, 0x2f, 0x6c, 0x73, 0x74, 0x6d, 0x5f, 0x31, 0x2f, 0x75,
    0x6e, 0x73, 0x74, 0x61, 0x63, 0x6b, 0x33, 0x30, 0x3b, 0x73, 0x6f, 0x63,
    0x5f, 0x6c, 0x73, 0x74, 0x6d, 0x5f, 0x31, 0x2f, 0x6c, 0x73, 0x74, 0x6d,
    0x5f, 0x31, 0x2f, 0x75, 0x6e, 0x73, 0x74, 0x61, 0x63, 0x6b, 0x33, 0x31,
    0x31, 0x32, 0x00, 0x00, 0x02, 0x00, 0x00, 0x00, 0x01, 0x00, 0x00, 0x00,
    0x03, 0x00, 0x00, 0x00, 0x8e, 0xc5, 0xff, 0xff, 0x00, 0x00, 0x00, 0x01,
    0x18, 0x00, 0x00, 0x00, 0x20, 0x00, 0x00, 0x00, 0x40, 0x00, 0x00, 0x00,
    0x1d, 0x00, 0x00, 0x00, 0x00, 0x00, 0x00, 0x09, 0xb0, 0x03, 0x00, 0x00,
    0x02, 0x00, 0x00, 0x00, 0xff, 0xff, 0xff, 0xff, 0x03, 0x00, 0x00, 0x00,
    0x74, 0xc5, 0xff, 0xff, 0x08, 0x00, 0x00, 0x00, 0x14, 0x00, 0x00, 0x00,
    0x01, 0x00, 0x00, 0x00, 0xf7, 0xff, 0xff, 0xff, 0xff, 0xff, 0xff, 0xff,
    0x00, 0x00, 0x00, 0x00, 0x01, 0x00, 0x00, 0x00, 0xe0, 0x92, 0xd5, 0x3b,
    0x76, 0x03, 0x00, 0x00, 0x73, 0x6f, 0x63, 0x5f, 0x6c, 0x73, 0x74, 0x6d,
    0x5f, 0x31, 0x2f, 0x6c, 0x73, 0x74, 0x6d, 0x5f, 0x31, 0x2f, 0x75, 0x6e,
    0x73, 0x74, 0x61, 0x63, 0x6b, 0x3b, 0x73, 0x6f, 0x63, 0x5f, 0x6c, 0x73,
    0x74, 0x6d, 0x5f, 0x31, 0x2f, 0x6c, 0x73, 0x74, 0x6d, 0x5f, 0x31, 0x2f,
    0x75, 0x6e, 0x73, 0x74, 0x61, 0x63, 0x6b, 0x31, 0x3b, 0x73, 0x6f, 0x63,
    0x5f, 0x6c, 0x73, 0x74, 0x6d, 0x5f, 0x31, 0x2f, 0x6c, 0x73, 0x74, 0x6d,
    0x5f, 0x31, 0x2f, 0x75, 0x6e, 0x73, 0x74, 0x61, 0x63, 0x6b, 0x32, 0x3b,
    0x73, 0x6f, 0x63, 0x5f, 0x6c, 0x73, 0x74, 0x6d, 0x5f, 0x31, 0x2f, 0x6c,
    0x73, 0x74, 0x6d, 0x5f, 0x31, 0x2f, 0x75, 0x6e, 0x73, 0x74, 0x61, 0x63,
    0x6b, 0x33, 0x3b, 0x73, 0x6f, 0x63, 0x5f, 0x6c, 0x73, 0x74, 0x6d, 0x5f,
    0x31, 0x2f, 0x6c, 0x73, 0x74, 0x6d, 0x5f, 0x31, 0x2f, 0x75, 0x6e, 0x73,
    0x74, 0x61, 0x63, 0x6b, 0x34, 0x3b, 0x73, 0x6f, 0x63, 0x5f, 0x6c, 0x73,
    0x74, 0x6d, 0x5f, 0x31, 0x2f, 0x6c, 0x73, 0x74, 0x6d, 0x5f, 0x31, 0x2f,
    0x75, 0x6e, 0x73, 0x74, 0x61, 0x63, 0x6b, 0x35, 0x3b, 0x73, 0x6f, 0x63,
    0x5f, 0x6c, 0x73, 0x74, 0x6d, 0x5f, 0x31, 0x2f, 0x6c, 0x73, 0x74, 0x6d,
    0x5f, 0x31, 0x2f, 0x75, 0x6e, 0x73, 0x74, 0x61, 0x63, 0x6b, 0x36, 0x3b,
    0x73, 0x6f, 0x63, 0x5f, 0x6c, 0x73, 0x74, 0x6d, 0x5f, 0x31, 0x2f, 0x6c,
    0x73, 0x74, 0x6d, 0x5f, 0x31, 0x2f, 0x75, 0x6e, 0x73, 0x74, 0x61, 0x63,
    0x6b, 0x37, 0x3b, 0x73, 0x6f, 0x63, 0x5f, 0x6c, 0x73, 0x74, 0x6d, 0x5f,
    0x31, 0x2f, 0x6c, 0x73, 0x74, 0x6d, 0x5f, 0x31, 0x2f, 0x75, 0x6e, 0x73,
    0x74, 0x61, 0x63, 0x6b, 0x38, 0x3b, 0x73, 0x6f, 0x63, 0x5f, 0x6c, 0x73,
    0x74, 0x6d, 0x5f, 0x31, 0x2f, 0x6c, 0x73, 0x74, 0x6d, 0x5f, 0x31, 0x2f,
    0x75, 0x6e, 0x73, 0x74, 0x61, 0x63, 0x6b, 0x39, 0x3b, 0x73, 0x6f, 0x63,
    0x5f, 0x6c, 0x73, 0x74, 0x6d, 0x5f, 0x31, 0x2f, 0x6c, 0x73, 0x74, 0x6d,
    0x5f, 0x31, 0x2f, 0x75, 0x6e, 0x73, 0x74, 0x61, 0x63, 0x6b, 0x31, 0x30,
    0x3b, 0x73, 0x6f, 0x63, 0x5f, 0x6c, 0x73, 0x74, 0x6d, 0x5f, 0x31, 0x2f,
    0x6c, 0x73, 0x74, 0x6d, 0x5f, 0x31, 0x2f, 0x75, 0x6e, 0x73, 0x74, 0x61,
    0x63, 0x6b, 0x31, 0x31, 0x3b, 0x73, 0x6f, 0x63, 0x5f, 0x6c, 0x73, 0x74,
    0x6d, 0x5f, 0x31, 0x2f, 0x6c, 0x73, 0x74, 0x6d, 0x5f, 0x31, 0x2f, 0x75,
    0x6e, 0x73, 0x74, 0x61, 0x63, 0x6b, 0x31, 0x32, 0x3b, 0x73, 0x6f, 0x63,
    0x5f, 0x6c, 0x73, 0x74, 0x6d, 0x5f, 0x31, 0x2f, 0x6c, 0x73, 0x74, 0x6d,
    0x5f, 0x31, 0x2f, 0x75, 0x6e, 0x73, 0x74, 0x61, 0x63, 0x6b, 0x31, 0x33,
    0x3b, 0x73, 0x6f, 0x63, 0x5f, 0x6c, 0x73, 0x74, 0x6d, 0x5f, 0x31, 0x2f,
    0x6c, 0x73, 0x74, 0x6d, 0x5f, 0x31, 0x2f, 0x75, 0x6e, 0x73, 0x74, 0x61,
    0x63, 0x6b, 0x31, 0x34, 0x3b, 0x73, 0x6f, 0x63, 0x5f, 0x6c, 0x73, 0x74,
    0x6d, 0x5f, 0x31, 0x2f, 0x6c, 0x73, 0x74, 0x6d, 0x5f, 0x31, 0x2f, 0x75,
    0x6e, 0x73, 0x74, 0x61, 0x63, 0x6b, 0x31, 0x35, 0x3b, 0x73, 0x6f, 0x63,
    0x5f, 0x6c, 0x73, 0x74, 0x6d, 0x5f, 0x31, 0x2f, 0x6c, 0x73, 0x74, 0x6d,
    0x5f, 0x31, 0x2f, 0x75, 0x6e, 0x73, 0x74, 0x61, 0x63, 0x6b, 0x31, 0x36,
    0x3b, 0x73, 0x6f, 0x63, 0x5f, 0x6c, 0x73, 0x74, 0x6d, 0x5f, 0x31, 0x2f,
    0x6c, 0x73, 0x74, 0x6d, 0x5f, 0x31, 0x2f, 0x75, 0x6e, 0x73, 0x74, 0x61,
    0x63, 0x6b, 0x31, 0x37, 0x3b, 0x73, 0x6f, 0x63, 0x5f, 0x6c, 0x73, 0x74,
    0x6d, 0x5f, 0x31, 0x2f, 0x6c, 0x73, 0x74, 0x6d, 0x5f, 0x31, 0x2f, 0x75,
    0x6e, 0x73, 0x74, 0x61, 0x63, 0x6b, 0x31, 0x38, 0x3b, 0x73, 0x6f, 0x63,
    0x5f, 0x6c, 0x73, 0x74, 0x6d, 0x5f, 0x31, 0x2f, 0x6c, 0x73, 0x74, 0x6d,
    0x5f, 0x31, 0x2f, 0x75, 0x6e, 0x73, 0x74, 0x61, 0x63, 0x6b, 0x31, 0x39,
    0x3b, 0x73, 0x6f, 0x63, 0x5f, 0x6c, 0x73, 0x74, 0x6d, 0x5f, 0x31, 0x2f,
    0x6c, 0x73, 0x74, 0x6d, 0x5f, 0x31, 0x2f, 0x75, 0x6e, 0x73, 0x74, 0x61,
    0x63, 0x6b, 0x32, 0x30, 0x3b, 0x73, 0x6f, 0x63, 0x5f, 0x6c, 0x73, 0x74,
    0x6d, 0x5f, 0x31, 0x2f, 0x6c, 0x73, 0x74, 0x6d, 0x5f, 0x31, 0x2f, 0x75,
    0x6e, 0x73, 0x74, 0x61, 0x63, 0x6b, 0x32, 0x31, 0x3b, 0x73, 0x6f, 0x63,
    0x5f, 0x6c, 0x73, 0x74, 0x6d, 0x5f, 0x31, 0x2f, 0x6c, 0x73, 0x74, 0x6d,
    0x5f, 0x31, 0x2f, 0x75, 0x6e, 0x73, 0x74, 0x61, 0x63, 0x6b, 0x32, 0x32,
    0x3b, 0x73, 0x6f, 0x63, 0x5f, 0x6c, 0x73, 0x74, 0x6d, 0x5f, 0x31, 0x2f,
    0x6c, 0x73, 0x74, 0x6d, 0x5f, 0x31, 0x2f, 0x75, 0x6e, 0x73, 0x74, 0x61,
    0x63, 0x6b, 0x32, 0x33, 0x3b, 0x73, 0x6f, 0x63, 0x5f, 0x6c, 0x73, 0x74,
    0x6d, 0x5f, 0x31, 0x2f, 0x6c, 0x73, 0x74, 0x6d, 0x5f, 0x31, 0x2f, 0x75,
    0x6e, 0x73, 0x74, 0x61, 0x63, 0x6b, 0x32, 0x34, 0x3b, 0x73, 0x6f, 0x63,
    0x5f, 0x6c, 0x73, 0x74, 0x6d, 0x5f, 0x31, 0x2f, 0x6c, 0x73, 0x74, 0x6d,
    0x5f, 0x31, 0x2f, 0x75, 0x6e, 0x73, 0x74, 0x61, 0x63, 0x6b, 0x32, 0x35,
    0x3b, 0x73, 0x6f, 0x63, 0x5f, 0x6c, 0x73, 0x74, 0x6d, 0x5f, 0x31, 0x2f,
    0x6c, 0x73, 0x74, 0x6d, 0x5f, 0x31, 0x2f, 0x75, 0x6e, 0x73, 0x74, 0x61,
    0x63, 0x6b, 0x32, 0x36, 0x3b, 0x73, 0x6f, 0x63, 0x5f, 0x6c, 0x73, 0x74,
    0x6d, 0x5f, 0x31, 0x2f, 0x6c, 0x73, 0x74, 0x6d, 0x5f, 0x31, 0x2f, 0x75,
    0x6e, 0x73, 0x74, 0x61, 0x63, 0x6b, 0x32, 0x37, 0x3b, 0x73, 0x6f, 0x63,
    0x5f, 0x6c, 0x73, 0x74, 0x6d, 0x5f, 0x31, 0x2f, 0x6c, 0x73, 0x74, 0x6d,
    0x5f, 0x31, 0x2f, 0x75, 0x6e, 0x73, 0x74, 0x61, 0x63, 0x6b, 0x32, 0x38,
    0x3b, 0x73, 0x6f, 0x63, 0x5f, 0x6c, 0x73, 0x74, 0x6d, 0x5f, 0x31, 0x2f,
    0x6c, 0x73, 0x74, 0x6d, 0x5f, 0x31, 0x2f, 0x75, 0x6e, 0x73, 0x74, 0x61,
    0x63, 0x6b, 0x32, 0x39, 0x3b, 0x73, 0x6f, 0x63, 0x5f, 0x6c, 0x73, 0x74,
    0x6d, 0x5f, 0x31, 0x2f, 0x6c, 0x73, 0x74, 0x6d, 0x5f, 0x31, 0x2f, 0x75,
    0x6e, 0x73, 0x74, 0x61, 0x63, 0x6b, 0x33, 0x30, 0x3b, 0x73, 0x6f, 0x63,
    0x5f, 0x6c, 0x73, 0x74, 0x6d, 0x5f, 0x31, 0x2f, 0x6c, 0x73, 0x74, 0x6d,
    0x5f, 0x31, 0x2f, 0x75, 0x6e, 0x73, 0x74, 0x61, 0x63, 0x6b, 0x33, 0x31,
    0x31, 0x31, 0x00, 0x00, 0x02, 0x00, 0x00, 0x00, 0x01, 0x00, 0x00, 0x00,
    0x03, 0x00, 0x00, 0x00, 0x66, 0xc9, 0xff, 0xff, 0x00, 0x00, 0x00, 0x01,
    0x18, 0x00, 0x00, 0x00, 0x20, 0x00, 0x00, 0x00, 0x40, 0x00, 0x00, 0x00,
    0x1c, 0x00, 0x00, 0x00, 0x00, 0x00, 0x00, 0x09, 0xb0, 0x03, 0x00, 0x00,
    0x02, 0x00, 0x00, 0x00, 0xff, 0xff, 0xff, 0xff, 0x03, 0x00, 0x00, 0x00,
    0x4c, 0xc9, 0xff, 0xff, 0x08, 0x00, 0x00, 0x00, 0x14, 0x00, 0x00, 0x00,
    0x01, 0x00, 0x00, 0x00, 0xf7, 0xff, 0xff, 0xff, 0xff, 0xff, 0xff, 0xff,
    0x00, 0x00, 0x00, 0x00, 0x01, 0x00, 0x00, 0x00, 0xe0, 0x92, 0xd5, 0x3b,
    0x76, 0x03, 0x00, 0x00, 0x73, 0x6f, 0x63, 0x5f, 0x6c, 0x73, 0x74, 0x6d,
    0x5f, 0x31, 0x2f, 0x6c, 0x73, 0x74, 0x6d, 0x5f, 0x31, 0x2f, 0x75, 0x6e,
    0x73, 0x74, 0x61, 0x63, 0x6b, 0x3b, 0x73, 0x6f, 0x63, 0x5f, 0x6c, 0x73,
    0x74, 0x6d, 0x5f, 0x31, 0x2f, 0x6c, 0x73, 0x74, 0x6d, 0x5f, 0x31, 0x2f,
    0x75, 0x6e, 0x73, 0x74, 0x61, 0x63, 0x6b, 0x31, 0x3b, 0x73, 0x6f, 0x63,
    0x5f, 0x6c, 0x73, 0x74, 0x6d, 0x5f, 0x31, 0x2f, 0x6c, 0x73, 0x74, 0x6d,
    0x5f, 0x31, 0x2f, 0x75, 0x6e, 0x73, 0x74, 0x61, 0x63, 0x6b, 0x32, 0x3b,
    0x73, 0x6f, 0x63, 0x5f, 0x6c, 0x73, 0x74, 0x6d, 0x5f, 0x31, 0x2f, 0x6c,
    0x73, 0x74, 0x6d, 0x5f, 0x31, 0x2f, 0x75, 0x6e, 0x73, 0x74, 0x61, 0x63,
    0x6b, 0x33, 0x3b, 0x73, 0x6f, 0x63, 0x5f, 0x6c, 0x73, 0x74, 0x6d, 0x5f,
    0x31, 0x2f, 0x6c, 0x73, 0x74, 0x6d, 0x5f, 0x31, 0x2f, 0x75, 0x6e, 0x73,
    0x74, 0x61, 0x63, 0x6b, 0x34, 0x3b, 0x73, 0x6f, 0x63, 0x5f, 0x6c, 0x73,
    0x74, 0x6d, 0x5f, 0x31, 0x2f, 0x6c, 0x73, 0x74, 0x6d, 0x5f, 0x31, 0x2f,
    0x75, 0x6e, 0x73, 0x74, 0x61, 0x63, 0x6b, 0x35, 0x3b, 0x73, 0x6f, 0x63,
    0x5f, 0x6c, 0x73, 0x74, 0x6d, 0x5f, 0x31, 0x2f, 0x6c, 0x73, 0x74, 0x6d,
    0x5f, 0x31, 0x2f, 0x75, 0x6e, 0x73, 0x74, 0x61, 0x63, 0x6b, 0x36, 0x3b,
    0x73, 0x6f, 0x63, 0x5f, 0x6c, 0x73, 0x74, 0x6d, 0x5f, 0x31, 0x2f, 0x6c,
    0x73, 0x74, 0x6d, 0x5f, 0x31, 0x2f, 0x75, 0x6e, 0x73, 0x74, 0x61, 0x63,
    0x6b, 0x37, 0x3b, 0x73, 0x6f, 0x63, 0x5f, 0x6c, 0x73, 0x74, 0x6d, 0x5f,
    0x31, 0x2f, 0x6c, 0x73, 0x74, 0x6d, 0x5f, 0x31, 0x2f, 0x75, 0x6e, 0x73,
    0x74, 0x61, 0x63, 0x6b, 0x38, 0x3b, 0x73, 0x6f, 0x63, 0x5f, 0x6c, 0x73,
    0x74, 0x6d, 0x5f, 0x31, 0x2f, 0x6c, 0x73, 0x74, 0x6d, 0x5f, 0x31, 0x2f,
    0x75, 0x6e, 0x73, 0x74, 0x61, 0x63, 0x6b, 0x39, 0x3b, 0x73, 0x6f, 0x63,
    0x5f, 0x6c, 0x73, 0x74, 0x6d, 0x5f, 0x31, 0x2f, 0x6c, 0x73, 0x74, 0x6d,
    0x5f, 0x31, 0x2f, 0x75, 0x6e, 0x73, 0x74, 0x61, 0x63, 0x6b, 0x31, 0x30,
    0x3b, 0x73, 0x6f, 0x63, 0x5f, 0x6c, 0x73, 0x74, 0x6d, 0x5f, 0x31, 0x2f,
    0x6c, 0x73, 0x74, 0x6d, 0x5f, 0x31, 0x2f, 0x75, 0x6e, 0x73, 0x74, 0x61,
    0x63, 0x6b, 0x31, 0x31, 0x3b, 0x73, 0x6f, 0x63, 0x5f, 0x6c, 0x73, 0x74,
    0x6d, 0x5f, 0x31, 0x2f, 0x6c, 0x73, 0x74, 0x6d, 0x5f, 0x31, 0x2f, 0x75,
    0x6e, 0x73, 0x74, 0x61, 0x63, 0x6b, 0x31, 0x32, 0x3b, 0x73, 0x6f, 0x63,
    0x5f, 0x6c, 0x73, 0x74, 0x6d, 0x5f, 0x31, 0x2f, 0x6c, 0x73, 0x74, 0x6d,
    0x5f, 0x31, 0x2f, 0x75, 0x6e, 0x73, 0x74, 0x61, 0x63, 0x6b, 0x31, 0x33,
    0x3b, 0x73, 0x6f, 0x63, 0x5f, 0x6c, 0x73, 0x74, 0x6d, 0x5f, 0x31, 0x2f,
    0x6c, 0x73, 0x74, 0x6d, 0x5f, 0x31, 0x2f, 0x75, 0x6e, 0x73, 0x74, 0x61,
    0x63, 0x6b, 0x31, 0x34, 0x3b, 0x73, 0x6f, 0x63, 0x5f, 0x6c, 0x73, 0x74,
    0x6d, 0x5f, 0x31, 0x2f, 0x6c, 0x73, 0x74, 0x6d, 0x5f, 0x31, 0x2f, 0x75,
    0x6e, 0x73, 0x74, 0x61, 0x63, 0x6b, 0x31, 0x35, 0x3b, 0x73, 0x6f, 0x63,
    0x5f, 0x6c, 0x73, 0x74, 0x6d, 0x5f, 0x31, 0x2f, 0x6c, 0x73, 0x74, 0x6d,
    0x5f, 0x31, 0x2f, 0x75, 0x6e, 0x73, 0x74, 0x61, 0x63, 0x6b, 0x31, 0x36,
    0x3b, 0x73, 0x6f, 0x63, 0x5f, 0x6c, 0x73, 0x74, 0x6d, 0x5f, 0x31, 0x2f,
    0x6c, 0x73, 0x74, 0x6d, 0x5f, 0x31, 0x2f, 0x75, 0x6e, 0x73, 0x74, 0x61,
    0x63, 0x6b, 0x31, 0x37, 0x3b, 0x73, 0x6f, 0x63, 0x5f, 0x6c, 0x73, 0x74,
    0x6d, 0x5f, 0x31, 0x2f, 0x6c, 0x73, 0x74, 0x6d, 0x5f, 0x31, 0x2f, 0x75,
    0x6e, 0x73, 0x74, 0x61, 0x63, 0x6b, 0x31, 0x38, 0x3b, 0x73, 0x6f, 0x63,
    0x5f, 0x6c, 0x73, 0x74, 0x6d, 0x5f, 0x31, 0x2f, 0x6c, 0x73, 0x74, 0x6d,
    0x5f, 0x31, 0x2f, 0x75, 0x6e, 0x73, 0x74, 0x61, 0x63, 0x6b, 0x31, 0x39,
    0x3b, 0x73, 0x6f, 0x63, 0x5f, 0x6c, 0x73, 0x74, 0x6d, 0x5f, 0x31, 0x2f,
    0x6c, 0x73, 0x74, 0x6d, 0x5f, 0x31, 0x2f, 0x75, 0x6e, 0x73, 0x74, 0x61,
    0x63, 0x6b, 0x32, 0x30, 0x3b, 0x73, 0x6f, 0x63, 0x5f, 0x6c, 0x73, 0x74,
    0x6d, 0x5f, 0x31, 0x2f, 0x6c, 0x73, 0x74, 0x6d, 0x5f, 0x31, 0x2f, 0x75,
    0x6e, 0x73, 0x74, 0x61, 0x63, 0x6b, 0x32, 0x31, 0x3b, 0x73, 0x6f, 0x63,
    0x5f, 0x6c, 0x73, 0x74, 0x6d, 0x5f, 0x31, 0x2f, 0x6c, 0x73, 0x74, 0x6d,
    0x5f, 0x31, 0x2f, 0x75, 0x6e, 0x73, 0x74, 0x61, 0x63, 0x6b, 0x32, 0x32,
    0x3b, 0x73, 0x6f, 0x63, 0x5f, 0x6c, 0x73, 0x74, 0x6d, 0x5f, 0x31, 0x2f,
    0x6c, 0x73, 0x74, 0x6d, 0x5f, 0x31, 0x2f, 0x75, 0x6e, 0x73, 0x74, 0x61,
    0x63, 0x6b, 0x32, 0x33, 0x3b, 0x73, 0x6f, 0x63, 0x5f, 0x6c, 0x73, 0x74,
    0x6d, 0x5f, 0x31, 0x2f, 0x6c, 0x73, 0x74, 0x6d, 0x5f, 0x31, 0x2f, 0x75,
    0x6e, 0x73, 0x74, 0x61, 0x63, 0x6b, 0x32, 0x34, 0x3b, 0x73, 0x6f, 0x63,
    0x5f, 0x6c, 0x73, 0x74, 0x6d, 0x5f, 0x31, 0x2f, 0x6c, 0x73, 0x74, 0x6d,
    0x5f, 0x31, 0x2f, 0x75, 0x6e, 0x73, 0x74, 0x61, 0x63, 0x6b, 0x32, 0x35,
    0x3b, 0x73, 0x6f, 0x63, 0x5f, 0x6c, 0x73, 0x74, 0x6d, 0x5f, 0x31, 0x2f,
    0x6c, 0x73, 0x74, 0x6d, 0x5f, 0x31, 0x2f, 0x75, 0x6e, 0x73, 0x74, 0x61,
    0x63, 0x6b, 0x32, 0x36, 0x3b, 0x73, 0x6f, 0x63, 0x5f, 0x6c, 0x73, 0x74,
    0x6d, 0x5f, 0x31, 0x2f, 0x6c, 0x73, 0x74, 0x6d, 0x5f, 0x31, 0x2f, 0x75,
    0x6e, 0x73, 0x74, 0x61, 0x63, 0x6b, 0x32, 0x37, 0x3b, 0x73, 0x6f, 0x63,
    0x5f, 0x6c, 0x73, 0x74, 0x6d, 0x5f, 0x31, 0x2f, 0x6c, 0x73, 0x74, 0x6d,
    0x5f, 0x31, 0x2f, 0x75, 0x6e, 0x73, 0x74, 0x61, 0x63, 0x6b, 0x32, 0x38,
    0x3b, 0x73, 0x6f, 0x63, 0x5f, 0x6c, 0x73, 0x74, 0x6d, 0x5f, 0x31, 0x2f,
    0x6c, 0x73, 0x74, 0x6d, 0x5f, 0x31, 0x2f, 0x75, 0x6e, 0x73, 0x74, 0x61,
    0x63, 0x6b, 0x32, 0x39, 0x3b, 0x73, 0x6f, 0x63, 0x5f, 0x6c, 0x73, 0x74,
    0x6d, 0x5f, 0x31, 0x2f, 0x6c, 0x73, 0x74, 0x6d, 0x5f, 0x31, 0x2f, 0x75,
    0x6e, 0x73, 0x74, 0x61, 0x63, 0x6b, 0x33, 0x30, 0x3b, 0x73, 0x6f, 0x63,
    0x5f, 0x6c, 0x73, 0x74, 0x6d, 0x5f, 0x31, 0x2f, 0x6c, 0x73, 0x74, 0x6d,
    0x5f, 0x31, 0x2f, 0x75, 0x6e, 0x73, 0x74, 0x61, 0x63, 0x6b, 0x33, 0x31,
    0x31, 0x30, 0x00, 0x00, 0x02, 0x00, 0x00, 0x00, 0x01, 0x00, 0x00, 0x00,
    0x03, 0x00, 0x00, 0x00, 0x3e, 0xcd, 0xff, 0xff, 0x00, 0x00, 0x00, 0x01,
    0x18, 0x00, 0x00, 0x00, 0x20, 0x00, 0x00, 0x00, 0x40, 0x00, 0x00, 0x00,
    0x1b, 0x00, 0x00, 0x00, 0x00, 0x00, 0x00, 0x09, 0xb0, 0x03, 0x00, 0x00,
    0x02, 0x00, 0x00, 0x00, 0xff, 0xff, 0xff, 0xff, 0x03, 0x00, 0x00, 0x00,
    0x24, 0xcd, 0xff, 0xff, 0x08, 0x00, 0x00, 0x00, 0x14, 0x00, 0x00, 0x00,
    0x01, 0x00, 0x00, 0x00, 0xf7, 0xff, 0xff, 0xff, 0xff, 0xff, 0xff, 0xff,
    0x00, 0x00, 0x00, 0x00, 0x01, 0x00, 0x00, 0x00, 0xe0, 0x92, 0xd5, 0x3b,
    0x75, 0x03, 0x00, 0x00, 0x73, 0x6f, 0x63, 0x5f, 0x6c, 0x73, 0x74, 0x6d,
    0x5f, 0x31, 0x2f, 0x6c, 0x73, 0x74, 0x6d, 0x5f, 0x31, 0x2f, 0x75, 0x6e,
    0x73, 0x74, 0x61, 0x63, 0x6b, 0x3b, 0x73, 0x6f, 0x63, 0x5f, 0x6c, 0x73,
    0x74, 0x6d, 0x5f, 0x31, 0x2f, 0x6c, 0x73, 0x74, 0x6d, 0x5f, 0x31, 0x2f,
    0x75, 0x6e, 0x73, 0x74, 0x61, 0x63, 0x6b, 0x31, 0x3b, 0x73, 0x6f, 0x63,
    0x5f, 0x6c, 0x73, 0x74, 0x6d, 0x5f, 0x31, 0x2f, 0x6c, 0x73, 0x74, 0x6d,
    0x5f, 0x31, 0x2f, 0x75, 0x6e, 0x73, 0x74, 0x61, 0x63, 0x6b, 0x32, 0x3b,
    0x73, 0x6f, 0x63, 0x5f, 0x6c, 0x73, 0x74, 0x6d, 0x5f, 0x31, 0x2f, 0x6c,
    0x73, 0x74, 0x6d, 0x5f, 0x31, 0x2f, 0x75, 0x6e, 0x73, 0x74, 0x61, 0x63,
    0x6b, 0x33, 0x3b, 0x73, 0x6f, 0x63, 0x5f, 0x6c, 0x73, 0x74, 0x6d, 0x5f,
    0x31, 0x2f, 0x6c, 0x73, 0x74, 0x6d, 0x5f, 0x31, 0x2f, 0x75, 0x6e, 0x73,
    0x74, 0x61, 0x63, 0x6b, 0x34, 0x3b, 0x73, 0x6f, 0x63, 0x5f, 0x6c, 0x73,
    0x74, 0x6d, 0x5f, 0x31, 0x2f, 0x6c, 0x73, 0x74, 0x6d, 0x5f, 0x31, 0x2f,
    0x75, 0x6e, 0x73, 0x74, 0x61, 0x63, 0x6b, 0x35, 0x3b, 0x73, 0x6f, 0x63,
    0x5f, 0x6c, 0x73, 0x74, 0x6d, 0x5f, 0x31, 0x2f, 0x6c, 0x73, 0x74, 0x6d,
    0x5f, 0x31, 0x2f, 0x75, 0x6e, 0x73, 0x74, 0x61, 0x63, 0x6b, 0x36, 0x3b,
    0x73, 0x6f, 0x63, 0x5f, 0x6c, 0x73, 0x74, 0x6d, 0x5f, 0x31, 0x2f, 0x6c,
    0x73, 0x74, 0x6d, 0x5f, 0x31, 0x2f, 0x75, 0x6e, 0x73, 0x74, 0x61, 0x63,
    0x6b, 0x37, 0x3b, 0x73, 0x6f, 0x63, 0x5f, 0x6c, 0x73, 0x74, 0x6d, 0x5f,
    0x31, 0x2f, 0x6c, 0x73, 0x74, 0x6d, 0x5f, 0x31, 0x2f, 0x75, 0x6e, 0x73,
    0x74, 0x61, 0x63, 0x6b, 0x38, 0x3b, 0x73, 0x6f, 0x63, 0x5f, 0x6c, 0x73,
    0x74, 0x6d, 0x5f, 0x31, 0x2f, 0x6c, 0x73, 0x74, 0x6d, 0x5f, 0x31, 0x2f,
    0x75, 0x6e, 0x73, 0x74, 0x61, 0x63, 0x6b, 0x39, 0x3b, 0x73, 0x6f, 0x63,
    0x5f, 0x6c, 0x73, 0x74, 0x6d, 0x5f, 0x31, 0x2f, 0x6c, 0x73, 0x74, 0x6d,
    0x5f, 0x31, 0x2f, 0x75, 0x6e, 0x73, 0x74, 0x61, 0x63, 0x6b, 0x31, 0x30,
    0x3b, 0x73, 0x6f, 0x63, 0x5f, 0x6c, 0x73, 0x74, 0x6d, 0x5f, 0x31, 0x2f,
    0x6c, 0x73, 0x74, 0x6d, 0x5f, 0x31, 0x2f, 0x75, 0x6e, 0x73, 0x74, 0x61,
    0x63, 0x6b, 0x31, 0x31, 0x3b, 0x73, 0x6f, 0x63, 0x5f, 0x6c, 0x73, 0x74,
    0x6d, 0x5f, 0x31, 0x2f, 0x6c, 0x73, 0x74, 0x6d, 0x5f, 0x31, 0x2f, 0x75,
    0x6e, 0x73, 0x74, 0x61, 0x63, 0x6b, 0x31, 0x32, 0x3b, 0x73, 0x6f, 0x63,
    0x5f, 0x6c, 0x73, 0x74, 0x6d, 0x5f, 0x31, 0x2f, 0x6c, 0x73, 0x74, 0x6d,
    0x5f, 0x31, 0x2f, 0x75, 0x6e, 0x73, 0x74, 0x61, 0x63, 0x6b, 0x31, 0x33,
    0x3b, 0x73, 0x6f, 0x63, 0x5f, 0x6c, 0x73, 0x74, 0x6d, 0x5f, 0x31, 0x2f,
    0x6c, 0x73, 0x74, 0x6d, 0x5f, 0x31, 0x2f, 0x75, 0x6e, 0x73, 0x74, 0x61,
    0x63, 0x6b, 0x31, 0x34, 0x3b, 0x73, 0x6f, 0x63, 0x5f, 0x6c, 0x73, 0x74,
    0x6d, 0x5f, 0x31, 0x2f, 0x6c, 0x73, 0x74, 0x6d, 0x5f, 0x31, 0x2f, 0x75,
    0x6e, 0x73, 0x74, 0x61, 0x63, 0x6b, 0x31, 0x35, 0x3b, 0x73, 0x6f, 0x63,
    0x5f, 0x6c, 0x73, 0x74, 0x6d, 0x5f, 0x31, 0x2f, 0x6c, 0x73, 0x74, 0x6d,
    0x5f, 0x31, 0x2f, 0x75, 0x6e, 0x73, 0x74, 0x61, 0x63, 0x6b, 0x31, 0x36,
    0x3b, 0x73, 0x6f, 0x63, 0x5f, 0x6c, 0x73, 0x74, 0x6d, 0x5f, 0x31, 0x2f,
    0x6c, 0x73, 0x74, 0x6d, 0x5f, 0x31, 0x2f, 0x75, 0x6e, 0x73, 0x74, 0x61,
    0x63, 0x6b, 0x31, 0x37, 0x3b, 0x73, 0x6f, 0x63, 0x5f, 0x6c, 0x73, 0x74,
    0x6d, 0x5f, 0x31, 0x2f, 0x6c, 0x73, 0x74, 0x6d, 0x5f, 0x31, 0x2f, 0x75,
    0x6e, 0x73, 0x74, 0x61, 0x63, 0x6b, 0x31, 0x38, 0x3b, 0x73, 0x6f, 0x63,
    0x5f, 0x6c, 0x73, 0x74, 0x6d, 0x5f, 0x31, 0x2f, 0x6c, 0x73, 0x74, 0x6d,
    0x5f, 0x31, 0x2f, 0x75, 0x6e, 0x73, 0x74, 0x61, 0x63, 0x6b, 0x31, 0x39,
    0x3b, 0x73, 0x6f, 0x63, 0x5f, 0x6c, 0x73, 0x74, 0x6d, 0x5f, 0x31, 0x2f,
    0x6c, 0x73, 0x74, 0x6d, 0x5f, 0x31, 0x2f, 0x75, 0x6e, 0x73, 0x74, 0x61,
    0x63, 0x6b, 0x32, 0x30, 0x3b, 0x73, 0x6f, 0x63, 0x5f, 0x6c, 0x73, 0x74,
    0x6d, 0x5f, 0x31, 0x2f, 0x6c, 0x73, 0x74, 0x6d, 0x5f, 0x31, 0x2f, 0x75,
    0x6e, 0x73, 0x74, 0x61, 0x63, 0x6b, 0x32, 0x31, 0x3b, 0x73, 0x6f, 0x63,
    0x5f, 0x6c, 0x73, 0x74, 0x6d, 0x5f, 0x31, 0x2f, 0x6c, 0x73, 0x74, 0x6d,
    0x5f, 0x31, 0x2f, 0x75, 0x6e, 0x73, 0x74, 0x61, 0x63, 0x6b, 0x32, 0x32,
    0x3b, 0x73, 0x6f, 0x63, 0x5f, 0x6c, 0x73, 0x74, 0x6d, 0x5f, 0x31, 0x2f,
    0x6c, 0x73, 0x74, 0x6d, 0x5f, 0x31, 0x2f, 0x75, 0x6e, 0x73, 0x74, 0x61,
    0x63, 0x6b, 0x32, 0x33, 0x3b, 0x73, 0x6f, 0x63, 0x5f, 0x6c, 0x73, 0x74,
    0x6d, 0x5f, 0x31, 0x2f, 0x6c, 0x73, 0x74, 0x6d, 0x5f, 0x31, 0x2f, 0x75,
    0x6e, 0x73, 0x74, 0x61, 0x63, 0x6b, 0x32, 0x34, 0x3b, 0x73, 0x6f, 0x63,
    0x5f, 0x6c, 0x73, 0x74, 0x6d, 0x5f, 0x31, 0x2f, 0x6c, 0x73, 0x74, 0x6d,
    0x5f, 0x31, 0x2f, 0x75, 0x6e, 0x73, 0x74, 0x61, 0x63, 0x6b, 0x32, 0x35,
    0x3b, 0x73, 0x6f, 0x63, 0x5f, 0x6c, 0x73, 0x74, 0x6d, 0x5f, 0x31, 0x2f,
    0x6c, 0x73, 0x74, 0x6d, 0x5f, 0x31, 0x2f, 0x75, 0x6e, 0x73, 0x74, 0x61,
    0x63, 0x6b, 0x32, 0x36, 0x3b, 0x73, 0x6f, 0x63, 0x5f, 0x6c, 0x73, 0x74,
    0x6d, 0x5f, 0x31, 0x2f, 0x6c, 0x73, 0x74, 0x6d, 0x5f, 0x31, 0x2f, 0x75,
    0x6e, 0x73, 0x74, 0x61, 0x63, 0x6b, 0x32, 0x37, 0x3b, 0x73, 0x6f, 0x63,
    0x5f, 0x6c, 0x73, 0x74, 0x6d, 0x5f, 0x31, 0x2f, 0x6c, 0x73, 0x74, 0x6d,
    0x5f, 0x31, 0x2f, 0x75, 0x6e, 0x73, 0x74, 0x61, 0x63, 0x6b, 0x32, 0x38,
    0x3b, 0x73, 0x6f, 0x63, 0x5f, 0x6c, 0x73, 0x74, 0x6d, 0x5f, 0x31, 0x2f,
    0x6c, 0x73, 0x74, 0x6d, 0x5f, 0x31, 0x2f, 0x75, 0x6e, 0x73, 0x74, 0x61,
    0x63, 0x6b, 0x32, 0x39, 0x3b, 0x73, 0x6f, 0x63, 0x5f, 0x6c, 0x73, 0x74,
    0x6d, 0x5f, 0x31, 0x2f, 0x6c, 0x73, 0x74, 0x6d, 0x5f, 0x31, 0x2f, 0x75,
    0x6e, 0x73, 0x74, 0x61, 0x63, 0x6b, 0x33, 0x30, 0x3b, 0x73, 0x6f, 0x63,
    0x5f, 0x6c, 0x73, 0x74, 0x6d, 0x5f, 0x31, 0x2f, 0x6c, 0x73, 0x74, 0x6d,
    0x5f, 0x31, 0x2f, 0x75, 0x6e, 0x73, 0x74, 0x61, 0x63, 0x6b, 0x33, 0x31,
    0x39, 0x00, 0x00, 0x00, 0x02, 0x00, 0x00, 0x00, 0x01, 0x00, 0x00, 0x00,
    0x03, 0x00, 0x00, 0x00, 0x16, 0xd1, 0xff, 0xff, 0x00, 0x00, 0x00, 0x01,
    0x18, 0x00, 0x00, 0x00, 0x20, 0x00, 0x00, 0x00, 0x40, 0x00, 0x00, 0x00,
    0x1a, 0x00, 0x00, 0x00, 0x00, 0x00, 0x00, 0x09, 0xb0, 0x03, 0x00, 0x00,
    0x02, 0x00, 0x00, 0x00, 0xff, 0xff, 0xff, 0xff, 0x03, 0x00, 0x00, 0x00,
    0xfc, 0xd0, 0xff, 0xff, 0x08, 0x00, 0x00, 0x00, 0x14, 0x00, 0x00, 0x00,
    0x01, 0x00, 0x00, 0x00, 0xf7, 0xff, 0xff, 0xff, 0xff, 0xff, 0xff, 0xff,
    0x00, 0x00, 0x00, 0x00, 0x01, 0x00, 0x00, 0x00, 0xe0, 0x92, 0xd5, 0x3b,
    0x75, 0x03, 0x00, 0x00, 0x73, 0x6f, 0x63, 0x5f, 0x6c, 0x73, 0x74, 0x6d,
    0x5f, 0x31, 0x2f, 0x6c, 0x73, 0x74, 0x6d, 0x5f, 0x31, 0x2f, 0x75, 0x6e,
    0x73, 0x74, 0x61, 0x63, 0x6b, 0x3b, 0x73, 0x6f, 0x63, 0x5f, 0x6c, 0x73,
    0x74, 0x6d, 0x5f, 0x31, 0x2f, 0x6c, 0x73, 0x74, 0x6d, 0x5f, 0x31, 0x2f,
    0x75, 0x6e, 0x73, 0x74, 0x61, 0x63, 0x6b, 0x31, 0x3b, 0x73, 0x6f, 0x63,
    0x5f, 0x6c, 0x73, 0x74, 0x6d, 0x5f, 0x31, 0x2f, 0x6c, 0x73, 0x74, 0x6d,
    0x5f, 0x31, 0x2f, 0x75, 0x6e, 0x73, 0x74, 0x61, 0x63, 0x6b, 0x32, 0x3b,
    0x73, 0x6f, 0x63, 0x5f, 0x6c, 0x73, 0x74, 0x6d, 0x5f, 0x31, 0x2f, 0x6c,
    0x73, 0x74, 0x6d, 0x5f, 0x31, 0x2f, 0x75, 0x6e, 0x73, 0x74, 0x61, 0x63,
    0x6b, 0x33, 0x3b, 0x73, 0x6f, 0x63, 0x5f, 0x6c, 0x73, 0x74, 0x6d, 0x5f,
    0x31, 0x2f, 0x6c, 0x73, 0x74, 0x6d, 0x5f, 0x31, 0x2f, 0x75, 0x6e, 0x73,
    0x74, 0x61, 0x63, 0x6b, 0x34, 0x3b, 0x73, 0x6f, 0x63, 0x5f, 0x6c, 0x73,
    0x74, 0x6d, 0x5f, 0x31, 0x2f, 0x6c, 0x73, 0x74, 0x6d, 0x5f, 0x31, 0x2f,
    0x75, 0x6e, 0x73, 0x74, 0x61, 0x63, 0x6b, 0x35, 0x3b, 0x73, 0x6f, 0x63,
    0x5f, 0x6c, 0x73, 0x74, 0x6d, 0x5f, 0x31, 0x2f, 0x6c, 0x73, 0x74, 0x6d,
    0x5f, 0x31, 0x2f, 0x75, 0x6e, 0x73, 0x74, 0x61, 0x63, 0x6b, 0x36, 0x3b,
    0x73, 0x6f, 0x63, 0x5f, 0x6c, 0x73, 0x74, 0x6d, 0x5f, 0x31, 0x2f, 0x6c,
    0x73, 0x74, 0x6d, 0x5f, 0x31, 0x2f, 0x75, 0x6e, 0x73, 0x74, 0x61, 0x63,
    0x6b, 0x37, 0x3b, 0x73, 0x6f, 0x63, 0x5f, 0x6c, 0x73, 0x74, 0x6d, 0x5f,
    0x31, 0x2f, 0x6c, 0x73, 0x74, 0x6d, 0x5f, 0x31, 0x2f, 0x75, 0x6e, 0x73,
    0x74, 0x61, 0x63, 0x6b, 0x38, 0x3b, 0x73, 0x6f, 0x63, 0x5f, 0x6c, 0x73,
    0x74, 0x6d, 0x5f, 0x31, 0x2f, 0x6c, 0x73, 0x74, 0x6d, 0x5f, 0x31, 0x2f,
    0x75, 0x6e, 0x73, 0x74, 0x61, 0x63, 0x6b, 0x39, 0x3b, 0x73, 0x6f, 0x63,
    0x5f, 0x6c, 0x73, 0x74, 0x6d, 0x5f, 0x31, 0x2f, 0x6c, 0x73, 0x74, 0x6d,
    0x5f, 0x31, 0x2f, 0x75, 0x6e, 0x73, 0x74, 0x61, 0x63, 0x6b, 0x31, 0x30,
    0x3b, 0x73, 0x6f, 0x63, 0x5f, 0x6c, 0x73, 0x74, 0x6d, 0x5f, 0x31, 0x2f,
    0x6c, 0x73, 0x74, 0x6d, 0x5f, 0x31, 0x2f, 0x75, 0x6e, 0x73, 0x74, 0x61,
    0x63, 0x6b, 0x31, 0x31, 0x3b, 0x73, 0x6f, 0x63, 0x5f, 0x6c, 0x73, 0x74,
    0x6d, 0x5f, 0x31, 0x2f, 0x6c, 0x73, 0x74, 0x6d, 0x5f, 0x31, 0x2f, 0x75,
    0x6e, 0x73, 0x74, 0x61, 0x63, 0x6b, 0x31, 0x32, 0x3b, 0x73, 0x6f, 0x63,
    0x5f, 0x6c, 0x73, 0x74, 0x6d, 0x5f, 0x31, 0x2f, 0x6c, 0x73, 0x74, 0x6d,
    0x5f, 0x31, 0x2f, 0x75, 0x6e, 0x73, 0x74, 0x61, 0x63, 0x6b, 0x31, 0x33,
    0x3b, 0x73, 0x6f, 0x63, 0x5f, 0x6c, 0x73, 0x74, 0x6d, 0x5f, 0x31, 0x2f,
    0x6c, 0x73, 0x74, 0x6d, 0x5f, 0x31, 0x2f, 0x75, 0x6e, 0x73, 0x74, 0x61,
    0x63, 0x6b, 0x31, 0x34, 0x3b, 0x73, 0x6f, 0x63, 0x5f, 0x6c, 0x73, 0x74,
    0x6d, 0x5f, 0x31, 0x2f, 0x6c, 0x73, 0x74, 0x6d, 0x5f, 0x31, 0x2f, 0x75,
    0x6e, 0x73, 0x74, 0x61, 0x63, 0x6b, 0x31, 0x35, 0x3b, 0x73, 0x6f, 0x63,
    0x5f, 0x6c, 0x73, 0x74, 0x6d, 0x5f, 0x31, 0x2f, 0x6c, 0x73, 0x74, 0x6d,
    0x5f, 0x31, 0x2f, 0x75, 0x6e, 0x73, 0x74, 0x61, 0x63, 0x6b, 0x31, 0x36,
    0x3b, 0x73, 0x6f, 0x63, 0x5f, 0x6c, 0x73, 0x74, 0x6d, 0x5f, 0x31, 0x2f,
    0x6c, 0x73, 0x74, 0x6d, 0x5f, 0x31, 0x2f, 0x75, 0x6e, 0x73, 0x74, 0x61,
    0x63, 0x6b, 0x31, 0x37, 0x3b, 0x73, 0x6f, 0x63, 0x5f, 0x6c, 0x73, 0x74,
    0x6d, 0x5f, 0x31, 0x2f, 0x6c, 0x73, 0x74, 0x6d, 0x5f, 0x31, 0x2f, 0x75,
    0x6e, 0x73, 0x74, 0x61, 0x63, 0x6b, 0x31, 0x38, 0x3b, 0x73, 0x6f, 0x63,
    0x5f, 0x6c, 0x73, 0x74, 0x6d, 0x5f, 0x31, 0x2f, 0x6c, 0x73, 0x74, 0x6d,
    0x5f, 0x31, 0x2f, 0x75, 0x6e, 0x73, 0x74, 0x61, 0x63, 0x6b, 0x31, 0x39,
    0x3b, 0x73, 0x6f, 0x63, 0x5f, 0x6c, 0x73, 0x74, 0x6d, 0x5f, 0x31, 0x2f,
    0x6c, 0x73, 0x74, 0x6d, 0x5f, 0x31, 0x2f, 0x75, 0x6e, 0x73, 0x74, 0x61,
    0x63, 0x6b, 0x32, 0x30, 0x3b, 0x73, 0x6f, 0x63, 0x5f, 0x6c, 0x73, 0x74,
    0x6d, 0x5f, 0x31, 0x2f, 0x6c, 0x73, 0x74, 0x6d, 0x5f, 0x31, 0x2f, 0x75,
    0x6e, 0x73, 0x74, 0x61, 0x63, 0x6b, 0x32, 0x31, 0x3b, 0x73, 0x6f, 0x63,
    0x5f, 0x6c, 0x73, 0x74, 0x6d, 0x5f, 0x31, 0x2f, 0x6c, 0x73, 0x74, 0x6d,
    0x5f, 0x31, 0x2f, 0x75, 0x6e, 0x73, 0x74, 0x61, 0x63, 0x6b, 0x32, 0x32,
    0x3b, 0x73, 0x6f, 0x63, 0x5f, 0x6c, 0x73, 0x74, 0x6d, 0x5f, 0x31, 0x2f,
    0x6c, 0x73, 0x74, 0x6d, 0x5f, 0x31, 0x2f, 0x75, 0x6e, 0x73, 0x74, 0x61,
    0x63, 0x6b, 0x32, 0x33, 0x3b, 0x73, 0x6f, 0x63, 0x5f, 0x6c, 0x73, 0x74,
    0x6d, 0x5f, 0x31, 0x2f, 0x6c, 0x73, 0x74, 0x6d, 0x5f, 0x31, 0x2f, 0x75,
    0x6e, 0x73, 0x74, 0x61, 0x63, 0x6b, 0x32, 0x34, 0x3b, 0x73, 0x6f, 0x63,
    0x5f, 0x6c, 0x73, 0x74, 0x6d, 0x5f, 0x31, 0x2f, 0x6c, 0x73, 0x74, 0x6d,
    0x5f, 0x31, 0x2f, 0x75, 0x6e, 0x73, 0x74, 0x61, 0x63, 0x6b, 0x32, 0x35,
    0x3b, 0x73, 0x6f, 0x63, 0x5f, 0x6c, 0x73, 0x74, 0x6d, 0x5f, 0x31, 0x2f,
    0x6c, 0x73, 0x74, 0x6d, 0x5f, 0x31, 0x2f, 0x75, 0x6e, 0x73, 0x74, 0x61,
    0x63, 0x6b, 0x32, 0x36, 0x3b, 0x73, 0x6f, 0x63, 0x5f, 0x6c, 0x73, 0x74,
    0x6d, 0x5f, 0x31, 0x2f, 0x6c, 0x73, 0x74, 0x6d, 0x5f, 0x31, 0x2f, 0x75,
    0x6e, 0x73, 0x74, 0x61, 0x63, 0x6b, 0x32, 0x37, 0x3b, 0x73, 0x6f, 0x63,
    0x5f, 0x6c, 0x73, 0x74, 0x6d, 0x5f, 0x31, 0x2f, 0x6c, 0x73, 0x74, 0x6d,
    0x5f, 0x31, 0x2f, 0x75, 0x6e, 0x73, 0x74, 0x61, 0x63, 0x6b, 0x32, 0x38,
    0x3b, 0x73, 0x6f, 0x63, 0x5f, 0x6c, 0x73, 0x74, 0x6d, 0x5f, 0x31, 0x2f,
    0x6c, 0x73, 0x74, 0x6d, 0x5f, 0x31, 0x2f, 0x75, 0x6e, 0x73, 0x74, 0x61,
    0x63, 0x6b, 0x32, 0x39, 0x3b, 0x73, 0x6f, 0x63, 0x5f, 0x6c, 0x73, 0x74,
    0x6d, 0x5f, 0x31, 0x2f, 0x6c, 0x73, 0x74, 0x6d, 0x5f, 0x31, 0x2f, 0x75,
    0x6e, 0x73, 0x74, 0x61, 0x63, 0x6b, 0x33, 0x30, 0x3b, 0x73, 0x6f, 0x63,
    0x5f, 0x6c, 0x73, 0x74, 0x6d, 0x5f, 0x31, 0x2f, 0x6c, 0x73, 0x74, 0x6d,
    0x5f, 0x31, 0x2f, 0x75, 0x6e, 0x73, 0x74, 0x61, 0x63, 0x6b, 0x33, 0x31,
    0x38, 0x00, 0x00, 0x00, 0x02, 0x00, 0x00, 0x00, 0x01, 0x00, 0x00, 0x00,
    0x03, 0x00, 0x00, 0x00, 0xee, 0xd4, 0xff, 0xff, 0x00, 0x00, 0x00, 0x01,
    0x18, 0x00, 0x00, 0x00, 0x20, 0x00, 0x00, 0x00, 0x40, 0x00, 0x00, 0x00,
    0x19, 0x00, 0x00, 0x00, 0x00, 0x00, 0x00, 0x09, 0xb0, 0x03, 0x00, 0x00,
    0x02, 0x00, 0x00, 0x00, 0xff, 0xff, 0xff, 0xff, 0x03, 0x00, 0x00, 0x00,
    0xd4, 0xd4, 0xff, 0xff, 0x08, 0x00, 0x00, 0x00, 0x14, 0x00, 0x00, 0x00,
    0x01, 0x00, 0x00, 0x00, 0xf7, 0xff, 0xff, 0xff, 0xff, 0xff, 0xff, 0xff,
    0x00, 0x00, 0x00, 0x00, 0x01, 0x00, 0x00, 0x00, 0xe0, 0x92, 0xd5, 0x3b,
    0x75, 0x03, 0x00, 0x00, 0x73, 0x6f, 0x63, 0x5f, 0x6c, 0x73, 0x74, 0x6d,
    0x5f, 0x31, 0x2f, 0x6c, 0x73, 0x74, 0x6d, 0x5f, 0x31, 0x2f, 0x75, 0x6e,
    0x73, 0x74, 0x61, 0x63, 0x6b, 0x3b, 0x73, 0x6f, 0x63, 0x5f, 0x6c, 0x73,
    0x74, 0x6d, 0x5f, 0x31, 0x2f, 0x6c, 0x73, 0x74, 0x6d, 0x5f, 0x31, 0x2f,
    0x75, 0x6e, 0x73, 0x74, 0x61, 0x63, 0x6b, 0x31, 0x3b, 0x73, 0x6f, 0x63,
    0x5f, 0x6c, 0x73, 0x74, 0x6d, 0x5f, 0x31, 0x2f, 0x6c, 0x73, 0x74, 0x6d,
    0x5f, 0x31, 0x2f, 0x75, 0x6e, 0x73, 0x74, 0x61, 0x63, 0x6b, 0x32, 0x3b,
    0x73, 0x6f, 0x63, 0x5f, 0x6c, 0x73, 0x74, 0x6d, 0x5f, 0x31, 0x2f, 0x6c,
    0x73, 0x74, 0x6d, 0x5f, 0x31, 0x2f, 0x75, 0x6e, 0x73, 0x74, 0x61, 0x63,
    0x6b, 0x33, 0x3b, 0x73, 0x6f, 0x63, 0x5f, 0x6c, 0x73, 0x74, 0x6d, 0x5f,
    0x31, 0x2f, 0x6c, 0x73, 0x74, 0x6d, 0x5f, 0x31, 0x2f, 0x75, 0x6e, 0x73,
    0x74, 0x61, 0x63, 0x6b, 0x34, 0x3b, 0x73, 0x6f, 0x63, 0x5f, 0x6c, 0x73,
    0x74, 0x6d, 0x5f, 0x31, 0x2f, 0x6c, 0x73, 0x74, 0x6d, 0x5f, 0x31, 0x2f,
    0x75, 0x6e, 0x73, 0x74, 0x61, 0x63, 0x6b, 0x35, 0x3b, 0x73, 0x6f, 0x63,
    0x5f, 0x6c, 0x73, 0x74, 0x6d, 0x5f, 0x31, 0x2f, 0x6c, 0x73, 0x74, 0x6d,
    0x5f, 0x31, 0x2f, 0x75, 0x6e, 0x73, 0x74, 0x61, 0x63, 0x6b, 0x36, 0x3b,
    0x73, 0x6f, 0x63, 0x5f, 0x6c, 0x73, 0x74, 0x6d, 0x5f, 0x31, 0x2f, 0x6c,
    0x73, 0x74, 0x6d, 0x5f, 0x31, 0x2f, 0x75, 0x6e, 0x73, 0x74, 0x61, 0x63,
    0x6b, 0x37, 0x3b, 0x73, 0x6f, 0x63, 0x5f, 0x6c, 0x73, 0x74, 0x6d, 0x5f,
    0x31, 0x2f, 0x6c, 0x73, 0x74, 0x6d, 0x5f, 0x31, 0x2f, 0x75, 0x6e, 0x73,
    0x74, 0x61, 0x63, 0x6b, 0x38, 0x3b, 0x73, 0x6f, 0x63, 0x5f, 0x6c, 0x73,
    0x74, 0x6d, 0x5f, 0x31, 0x2f, 0x6c, 0x73, 0x74, 0x6d, 0x5f, 0x31, 0x2f,
    0x75, 0x6e, 0x73, 0x74, 0x61, 0x63, 0x6b, 0x39, 0x3b, 0x73, 0x6f, 0x63,
    0x5f, 0x6c, 0x73, 0x74, 0x6d, 0x5f, 0x31, 0x2f, 0x6c, 0x73, 0x74, 0x6d,
    0x5f, 0x31, 0x2f, 0x75, 0x6e, 0x73, 0x74, 0x61, 0x63, 0x6b, 0x31, 0x30,
    0x3b, 0x73, 0x6f, 0x63, 0x5f, 0x6c, 0x73, 0x74, 0x6d, 0x5f, 0x31, 0x2f,
    0x6c, 0x73, 0x74, 0x6d, 0x5f, 0x31, 0x2f, 0x75, 0x6e, 0x73, 0x74, 0x61,
    0x63, 0x6b, 0x31, 0x31, 0x3b, 0x73, 0x6f, 0x63, 0x5f, 0x6c, 0x73, 0x74,
    0x6d, 0x5f, 0x31, 0x2f, 0x6c, 0x73, 0x74, 0x6d, 0x5f, 0x31, 0x2f, 0x75,
    0x6e, 0x73, 0x74, 0x61, 0x63, 0x6b, 0x31, 0x32, 0x3b, 0x73, 0x6f, 0x63,
    0x5f, 0x6c, 0x73, 0x74, 0x6d, 0x5f, 0x31, 0x2f, 0x6c, 0x73, 0x74, 0x6d,
    0x5f, 0x31, 0x2f, 0x75, 0x6e, 0x73, 0x74, 0x61, 0x63, 0x6b, 0x31, 0x33,
    0x3b, 0x73, 0x6f, 0x63, 0x5f, 0x6c, 0x73, 0x74, 0x6d, 0x5f, 0x31, 0x2f,
    0x6c, 0x73, 0x74, 0x6d, 0x5f, 0x31, 0x2f, 0x75, 0x6e, 0x73, 0x74, 0x61,
    0x63, 0x6b, 0x31, 0x34, 0x3b, 0x73, 0x6f, 0x63, 0x5f, 0x6c, 0x73, 0x74,
    0x6d, 0x5f, 0x31, 0x2f, 0x6c, 0x73, 0x74, 0x6d, 0x5f, 0x31, 0x2f, 0x75,
    0x6e, 0x73, 0x74, 0x61, 0x63, 0x6b, 0x31, 0x35, 0x3b, 0x73, 0x6f, 0x63,
    0x5f, 0x6c, 0x73, 0x74, 0x6d, 0x5f, 0x31, 0x2f, 0x6c, 0x73, 0x74, 0x6d,
    0x5f, 0x31, 0x2f, 0x75, 0x6e, 0x73, 0x74, 0x61, 0x63, 0x6b, 0x31, 0x36,
    0x3b, 0x73, 0x6f, 0x63, 0x5f, 0x6c, 0x73, 0x74, 0x6d, 0x5f, 0x31, 0x2f,
    0x6c, 0x73, 0x74, 0x6d, 0x5f, 0x31, 0x2f, 0x75, 0x6e, 0x73, 0x74, 0x61,
    0x63, 0x6b, 0x31, 0x37, 0x3b, 0x73, 0x6f, 0x63, 0x5f, 0x6c, 0x73, 0x74,
    0x6d, 0x5f, 0x31, 0x2f, 0x6c, 0x73, 0x74, 0x6d, 0x5f, 0x31, 0x2f, 0x75,
    0x6e, 0x73, 0x74, 0x61, 0x63, 0x6b, 0x31, 0x38, 0x3b, 0x73, 0x6f, 0x63,
    0x5f, 0x6c, 0x73, 0x74, 0x6d, 0x5f, 0x31, 0x2f, 0x6c, 0x73, 0x74, 0x6d,
    0x5f, 0x31, 0x2f, 0x75, 0x6e, 0x73, 0x74, 0x61, 0x63, 0x6b, 0x31, 0x39,
    0x3b, 0x73, 0x6f, 0x63, 0x5f, 0x6c, 0x73, 0x74, 0x6d, 0x5f, 0x31, 0x2f,
    0x6c, 0x73, 0x74, 0x6d, 0x5f, 0x31, 0x2f, 0x75, 0x6e, 0x73, 0x74, 0x61,
    0x63, 0x6b, 0x32, 0x30, 0x3b, 0x73, 0x6f, 0x63, 0x5f, 0x6c, 0x73, 0x74,
    0x6d, 0x5f, 0x31, 0x2f, 0x6c, 0x73, 0x74, 0x6d, 0x5f, 0x31, 0x2f, 0x75,
    0x6e, 0x73, 0x74, 0x61, 0x63, 0x6b, 0x32, 0x31, 0x3b, 0x73, 0x6f, 0x63,
    0x5f, 0x6c, 0x73, 0x74, 0x6d, 0x5f, 0x31, 0x2f, 0x6c, 0x73, 0x74, 0x6d,
    0x5f, 0x31, 0x2f, 0x75, 0x6e, 0x73, 0x74, 0x61, 0x63, 0x6b, 0x32, 0x32,
    0x3b, 0x73, 0x6f, 0x63, 0x5f, 0x6c, 0x73, 0x74, 0x6d, 0x5f, 0x31, 0x2f,
    0x6c, 0x73, 0x74, 0x6d, 0x5f, 0x31, 0x2f, 0x75, 0x6e, 0x73, 0x74, 0x61,
    0x63, 0x6b, 0x32, 0x33, 0x3b, 0x73, 0x6f, 0x63, 0x5f, 0x6c, 0x73, 0x74,
    0x6d, 0x5f, 0x31, 0x2f, 0x6c, 0x73, 0x74, 0x6d, 0x5f, 0x31, 0x2f, 0x75,
    0x6e, 0x73, 0x74, 0x61, 0x63, 0x6b, 0x32, 0x34, 0x3b, 0x73, 0x6f, 0x63,
    0x5f, 0x6c, 0x73, 0x74, 0x6d, 0x5f, 0x31, 0x2f, 0x6c, 0x73, 0x74, 0x6d,
    0x5f, 0x31, 0x2f, 0x75, 0x6e, 0x73, 0x74, 0x61, 0x63, 0x6b, 0x32, 0x35,
    0x3b, 0x73, 0x6f, 0x63, 0x5f, 0x6c, 0x73, 0x74, 0x6d, 0x5f, 0x31, 0x2f,
    0x6c, 0x73, 0x74, 0x6d, 0x5f, 0x31, 0x2f, 0x75, 0x6e, 0x73, 0x74, 0x61,
    0x63, 0x6b, 0x32, 0x36, 0x3b, 0x73, 0x6f, 0x63, 0x5f, 0x6c, 0x73, 0x74,
    0x6d, 0x5f, 0x31, 0x2f, 0x6c, 0x73, 0x74, 0x6d, 0x5f, 0x31, 0x2f, 0x75,
    0x6e, 0x73, 0x74, 0x61, 0x63, 0x6b, 0x32, 0x37, 0x3b, 0x73, 0x6f, 0x63,
    0x5f, 0x6c, 0x73, 0x74, 0x6d, 0x5f, 0x31, 0x2f, 0x6c, 0x73, 0x74, 0x6d,
    0x5f, 0x31, 0x2f, 0x75, 0x6e, 0x73, 0x74, 0x61, 0x63, 0x6b, 0x32, 0x38,
    0x3b, 0x73, 0x6f, 0x63, 0x5f, 0x6c, 0x73, 0x74, 0x6d, 0x5f, 0x31, 0x2f,
    0x6c, 0x73, 0x74, 0x6d, 0x5f, 0x31, 0x2f, 0x75, 0x6e, 0x73, 0x74, 0x61,
    0x63, 0x6b, 0x32, 0x39, 0x3b, 0x73, 0x6f, 0x63, 0x5f, 0x6c, 0x73, 0x74,
    0x6d, 0x5f, 0x31, 0x2f, 0x6c, 0x73, 0x74, 0x6d, 0x5f, 0x31, 0x2f, 0x75,
    0x6e, 0x73, 0x74, 0x61, 0x63, 0x6b, 0x33, 0x30, 0x3b, 0x73, 0x6f, 0x63,
    0x5f, 0x6c, 0x73, 0x74, 0x6d, 0x5f, 0x31, 0x2f, 0x6c, 0x73, 0x74, 0x6d,
    0x5f, 0x31, 0x2f, 0x75, 0x6e, 0x73, 0x74, 0x61, 0x63, 0x6b, 0x33, 0x31,
    0x37, 0x00, 0x00, 0x00, 0x02, 0x00, 0x00, 0x00, 0x01, 0x00, 0x00, 0x00,
    0x03, 0x00, 0x00, 0x00, 0xc6, 0xd8, 0xff, 0xff, 0x00, 0x00, 0x00, 0x01,
    0x18, 0x00, 0x00, 0x00, 0x20, 0x00, 0x00, 0x00, 0x40, 0x00, 0x00, 0x00,
    0x18, 0x00, 0x00, 0x00, 0x00, 0x00, 0x00, 0x09, 0xb0, 0x03, 0x00, 0x00,
    0x02, 0x00, 0x00, 0x00, 0xff, 0xff, 0xff, 0xff, 0x03, 0x00, 0x00, 0x00,
    0xac, 0xd8, 0xff, 0xff, 0x08, 0x00, 0x00, 0x00, 0x14, 0x00, 0x00, 0x00,
    0x01, 0x00, 0x00, 0x00, 0xf7, 0xff, 0xff, 0xff, 0xff, 0xff, 0xff, 0xff,
    0x00, 0x00, 0x00, 0x00, 0x01, 0x00, 0x00, 0x00, 0xe0, 0x92, 0xd5, 0x3b,
    0x75, 0x03, 0x00, 0x00, 0x73, 0x6f, 0x63, 0x5f, 0x6c, 0x73, 0x74, 0x6d,
    0x5f, 0x31, 0x2f, 0x6c, 0x73, 0x74, 0x6d, 0x5f, 0x31, 0x2f, 0x75, 0x6e,
    0x73, 0x74, 0x61, 0x63, 0x6b, 0x3b, 0x73, 0x6f, 0x63, 0x5f, 0x6c, 0x73,
    0x74, 0x6d, 0x5f, 0x31, 0x2f, 0x6c, 0x73, 0x74, 0x6d, 0x5f, 0x31, 0x2f,
    0x75, 0x6e, 0x73, 0x74, 0x61, 0x63, 0x6b, 0x31, 0x3b, 0x73, 0x6f, 0x63,
    0x5f, 0x6c, 0x73, 0x74, 0x6d, 0x5f, 0x31, 0x2f, 0x6c, 0x73, 0x74, 0x6d,
    0x5f, 0x31, 0x2f, 0x75, 0x6e, 0x73, 0x74, 0x61, 0x63, 0x6b, 0x32, 0x3b,
    0x73, 0x6f, 0x63, 0x5f, 0x6c, 0x73, 0x74, 0x6d, 0x5f, 0x31, 0x2f, 0x6c,
    0x73, 0x74, 0x6d, 0x5f, 0x31, 0x2f, 0x75, 0x6e, 0x73, 0x74, 0x61, 0x63,
    0x6b, 0x33, 0x3b, 0x73, 0x6f, 0x63, 0x5f, 0x6c, 0x73, 0x74, 0x6d, 0x5f,
    0x31, 0x2f, 0x6c, 0x73, 0x74, 0x6d, 0x5f, 0x31, 0x2f, 0x75, 0x6e, 0x73,
    0x74, 0x61, 0x63, 0x6b, 0x34, 0x3b, 0x73, 0x6f, 0x63, 0x5f, 0x6c, 0x73,
    0x74, 0x6d, 0x5f, 0x31, 0x2f, 0x6c, 0x73, 0x74, 0x6d, 0x5f, 0x31, 0x2f,
    0x75, 0x6e, 0x73, 0x74, 0x61, 0x63, 0x6b, 0x35, 0x3b, 0x73, 0x6f, 0x63,
    0x5f, 0x6c, 0x73, 0x74, 0x6d, 0x5f, 0x31, 0x2f, 0x6c, 0x73, 0x74, 0x6d,
    0x5f, 0x31, 0x2f, 0x75, 0x6e, 0x73, 0x74, 0x61, 0x63, 0x6b, 0x36, 0x3b,
    0x73, 0x6f, 0x63, 0x5f, 0x6c, 0x73, 0x74, 0x6d, 0x5f, 0x31, 0x2f, 0x6c,
    0x73, 0x74, 0x6d, 0x5f, 0x31, 0x2f, 0x75, 0x6e, 0x73, 0x74, 0x61, 0x63,
    0x6b, 0x37, 0x3b, 0x73, 0x6f, 0x63, 0x5f, 0x6c, 0x73, 0x74, 0x6d, 0x5f,
    0x31, 0x2f, 0x6c, 0x73, 0x74, 0x6d, 0x5f, 0x31, 0x2f, 0x75, 0x6e, 0x73,
    0x74, 0x61, 0x63, 0x6b, 0x38, 0x3b, 0x73, 0x6f, 0x63, 0x5f, 0x6c, 0x73,
    0x74, 0x6d, 0x5f, 0x31, 0x2f, 0x6c, 0x73, 0x74, 0x6d, 0x5f, 0x31, 0x2f,
    0x75, 0x6e, 0x73, 0x74, 0x61, 0x63, 0x6b, 0x39, 0x3b, 0x73, 0x6f, 0x63,
    0x5f, 0x6c, 0x73, 0x74, 0x6d, 0x5f, 0x31, 0x2f, 0x6c, 0x73, 0x74, 0x6d,
    0x5f, 0x31, 0x2f, 0x75, 0x6e, 0x73, 0x74, 0x61, 0x63, 0x6b, 0x31, 0x30,
    0x3b, 0x73, 0x6f, 0x63, 0x5f, 0x6c, 0x73, 0x74, 0x6d, 0x5f, 0x31, 0x2f,
    0x6c, 0x73, 0x74, 0x6d, 0x5f, 0x31, 0x2f, 0x75, 0x6e, 0x73, 0x74, 0x61,
    0x63, 0x6b, 0x31, 0x31, 0x3b, 0x73, 0x6f, 0x63, 0x5f, 0x6c, 0x73, 0x74,
    0x6d, 0x5f, 0x31, 0x2f, 0x6c, 0x73, 0x74, 0x6d, 0x5f, 0x31, 0x2f, 0x75,
    0x6e, 0x73, 0x74, 0x61, 0x63, 0x6b, 0x31, 0x32, 0x3b, 0x73, 0x6f, 0x63,
    0x5f, 0x6c, 0x73, 0x74, 0x6d, 0x5f, 0x31, 0x2f, 0x6c, 0x73, 0x74, 0x6d,
    0x5f, 0x31, 0x2f, 0x75, 0x6e, 0x73, 0x74, 0x61, 0x63, 0x6b, 0x31, 0x33,
    0x3b, 0x73, 0x6f, 0x63, 0x5f, 0x6c, 0x73, 0x74, 0x6d, 0x5f, 0x31, 0x2f,
    0x6c, 0x73, 0x74, 0x6d, 0x5f, 0x31, 0x2f, 0x75, 0x6e, 0x73, 0x74, 0x61,
    0x63, 0x6b, 0x31, 0x34, 0x3b, 0x73, 0x6f, 0x63, 0x5f, 0x6c, 0x73, 0x74,
    0x6d, 0x5f, 0x31, 0x2f, 0x6c, 0x73, 0x74, 0x6d, 0x5f, 0x31, 0x2f, 0x75,
    0x6e, 0x73, 0x74, 0x61, 0x63, 0x6b, 0x31, 0x35, 0x3b, 0x73, 0x6f, 0x63,
    0x5f, 0x6c, 0x73, 0x74, 0x6d, 0x5f, 0x31, 0x2f, 0x6c, 0x73, 0x74, 0x6d,
    0x5f, 0x31, 0x2f, 0x75, 0x6e, 0x73, 0x74, 0x61, 0x63, 0x6b, 0x31, 0x36,
    0x3b, 0x73, 0x6f, 0x63, 0x5f, 0x6c, 0x73, 0x74, 0x6d, 0x5f, 0x31, 0x2f,
    0x6c, 0x73, 0x74, 0x6d, 0x5f, 0x31, 0x2f, 0x75, 0x6e, 0x73, 0x74, 0x61,
    0x63, 0x6b, 0x31, 0x37, 0x3b, 0x73, 0x6f, 0x63, 0x5f, 0x6c, 0x73, 0x74,
    0x6d, 0x5f, 0x31, 0x2f, 0x6c, 0x73, 0x74, 0x6d, 0x5f, 0x31, 0x2f, 0x75,
    0x6e, 0x73, 0x74, 0x61, 0x63, 0x6b, 0x31, 0x38, 0x3b, 0x73, 0x6f, 0x63,
    0x5f, 0x6c, 0x73, 0x74, 0x6d, 0x5f, 0x31, 0x2f, 0x6c, 0x73, 0x74, 0x6d,
    0x5f, 0x31, 0x2f, 0x75, 0x6e, 0x73, 0x74, 0x61, 0x63, 0x6b, 0x31, 0x39,
    0x3b, 0x73, 0x6f, 0x63, 0x5f, 0x6c, 0x73, 0x74, 0x6d, 0x5f, 0x31, 0x2f,
    0x6c, 0x73, 0x74, 0x6d, 0x5f, 0x31, 0x2f, 0x75, 0x6e, 0x73, 0x74, 0x61,
    0x63, 0x6b, 0x32, 0x30, 0x3b, 0x73, 0x6f, 0x63, 0x5f, 0x6c, 0x73, 0x74,
    0x6d, 0x5f, 0x31, 0x2f, 0x6c, 0x73, 0x74, 0x6d, 0x5f, 0x31, 0x2f, 0x75,
    0x6e, 0x73, 0x74, 0x61, 0x63, 0x6b, 0x32, 0x31, 0x3b, 0x73, 0x6f, 0x63,
    0x5f, 0x6c, 0x73, 0x74, 0x6d, 0x5f, 0x31, 0x2f, 0x6c, 0x73, 0x74, 0x6d,
    0x5f, 0x31, 0x2f, 0x75, 0x6e, 0x73, 0x74, 0x61, 0x63, 0x6b, 0x32, 0x32,
    0x3b, 0x73, 0x6f, 0x63, 0x5f, 0x6c, 0x73, 0x74, 0x6d, 0x5f, 0x31, 0x2f,
    0x6c, 0x73, 0x74, 0x6d, 0x5f, 0x31, 0x2f, 0x75, 0x6e, 0x73, 0x74, 0x61,
    0x63, 0x6b, 0x32, 0x33, 0x3b, 0x73, 0x6f, 0x63, 0x5f, 0x6c, 0x73, 0x74,
    0x6d, 0x5f, 0x31, 0x2f, 0x6c, 0x73, 0x74, 0x6d, 0x5f, 0x31, 0x2f, 0x75,
    0x6e, 0x73, 0x74, 0x61, 0x63, 0x6b, 0x32, 0x34, 0x3b, 0x73, 0x6f, 0x63,
    0x5f, 0x6c, 0x73, 0x74, 0x6d, 0x5f, 0x31, 0x2f, 0x6c, 0x73, 0x74, 0x6d,
    0x5f, 0x31, 0x2f, 0x75, 0x6e, 0x73, 0x74, 0x61, 0x63, 0x6b, 0x32, 0x35,
    0x3b, 0x73, 0x6f, 0x63, 0x5f, 0x6c, 0x73, 0x74, 0x6d, 0x5f, 0x31, 0x2f,
    0x6c, 0x73, 0x74, 0x6d, 0x5f, 0x31, 0x2f, 0x75, 0x6e, 0x73, 0x74, 0x61,
    0x63, 0x6b, 0x32, 0x36, 0x3b, 0x73, 0x6f, 0x63, 0x5f, 0x6c, 0x73, 0x74,
    0x6d, 0x5f, 0x31, 0x2f, 0x6c, 0x73, 0x74, 0x6d, 0x5f, 0x31, 0x2f, 0x75,
    0x6e, 0x73, 0x74, 0x61, 0x63, 0x6b, 0x32, 0x37, 0x3b, 0x73, 0x6f, 0x63,
    0x5f, 0x6c, 0x73, 0x74, 0x6d, 0x5f, 0x31, 0x2f, 0x6c, 0x73, 0x74, 0x6d,
    0x5f, 0x31, 0x2f, 0x75, 0x6e, 0x73, 0x74, 0x61, 0x63, 0x6b, 0x32, 0x38,
    0x3b, 0x73, 0x6f, 0x63, 0x5f, 0x6c, 0x73, 0x74, 0x6d, 0x5f, 0x31, 0x2f,
    0x6c, 0x73, 0x74, 0x6d, 0x5f, 0x31, 0x2f, 0x75, 0x6e, 0x73, 0x74, 0x61,
    0x63, 0x6b, 0x32, 0x39, 0x3b, 0x73, 0x6f, 0x63, 0x5f, 0x6c, 0x73, 0x74,
    0x6d, 0x5f, 0x31, 0x2f, 0x6c, 0x73, 0x74, 0x6d, 0x5f, 0x31, 0x2f, 0x75,
    0x6e, 0x73, 0x74, 0x61, 0x63, 0x6b, 0x33, 0x30, 0x3b, 0x73, 0x6f, 0x63,
    0x5f, 0x6c, 0x73, 0x74, 0x6d, 0x5f, 0x31, 0x2f, 0x6c, 0x73, 0x74, 0x6d,
    0x5f, 0x31, 0x2f, 0x75, 0x6e, 0x73, 0x74, 0x61, 0x63, 0x6b, 0x33, 0x31,
    0x36, 0x00, 0x00, 0x00, 0x02, 0x00, 0x00, 0x00, 0x01, 0x00, 0x00, 0x00,
    0x03, 0x00, 0x00, 0x00, 0x9e, 0xdc, 0xff, 0xff, 0x00, 0x00, 0x00, 0x01,
    0x18, 0x00, 0x00, 0x00, 0x20, 0x00, 0x00, 0x00, 0x40, 0x00, 0x00, 0x00,
    0x17, 0x00, 0x00, 0x00, 0x00, 0x00, 0x00, 0x09, 0xb0, 0x03, 0x00, 0x00,
    0x02, 0x00, 0x00, 0x00, 0xff, 0xff, 0xff, 0xff, 0x03, 0x00, 0x00, 0x00,
    0x84, 0xdc, 0xff, 0xff, 0x08, 0x00, 0x00, 0x00, 0x14, 0x00, 0x00, 0x00,
    0x01, 0x00, 0x00, 0x00, 0xf7, 0xff, 0xff, 0xff, 0xff, 0xff, 0xff, 0xff,
    0x00, 0x00, 0x00, 0x00, 0x01, 0x00, 0x00, 0x00, 0xe0, 0x92, 0xd5, 0x3b,
    0x75, 0x03, 0x00, 0x00, 0x73, 0x6f, 0x63, 0x5f, 0x6c, 0x73, 0x74, 0x6d,
    0x5f, 0x31, 0x2f, 0x6c, 0x73, 0x74, 0x6d, 0x5f, 0x31, 0x2f, 0x75, 0x6e,
    0x73, 0x74, 0x61, 0x63, 0x6b, 0x3b, 0x73, 0x6f, 0x63, 0x5f, 0x6c, 0x73,
    0x74, 0x6d, 0x5f, 0x31, 0x2f, 0x6c, 0x73, 0x74, 0x6d, 0x5f, 0x31, 0x2f,
    0x75, 0x6e, 0x73, 0x74, 0x61, 0x63, 0x6b, 0x31, 0x3b, 0x73, 0x6f, 0x63,
    0x5f, 0x6c, 0x73, 0x74, 0x6d, 0x5f, 0x31, 0x2f, 0x6c, 0x73, 0x74, 0x6d,
    0x5f, 0x31, 0x2f, 0x75, 0x6e, 0x73, 0x74, 0x61, 0x63, 0x6b, 0x32, 0x3b,
    0x73, 0x6f, 0x63, 0x5f, 0x6c, 0x73, 0x74, 0x6d, 0x5f, 0x31, 0x2f, 0x6c,
    0x73, 0x74, 0x6d, 0x5f, 0x31, 0x2f, 0x75, 0x6e, 0x73, 0x74, 0x61, 0x63,
    0x6b, 0x33, 0x3b, 0x73, 0x6f, 0x63, 0x5f, 0x6c, 0x73, 0x74, 0x6d, 0x5f,
    0x31, 0x2f, 0x6c, 0x73, 0x74, 0x6d, 0x5f, 0x31, 0x2f, 0x75, 0x6e, 0x73,
    0x74, 0x61, 0x63, 0x6b, 0x34, 0x3b, 0x73, 0x6f, 0x63, 0x5f, 0x6c, 0x73,
    0x74, 0x6d, 0x5f, 0x31, 0x2f, 0x6c, 0x73, 0x74, 0x6d, 0x5f, 0x31, 0x2f,
    0x75, 0x6e, 0x73, 0x74, 0x61, 0x63, 0x6b, 0x35, 0x3b, 0x73, 0x6f, 0x63,
    0x5f, 0x6c, 0x73, 0x74, 0x6d, 0x5f, 0x31, 0x2f, 0x6c, 0x73, 0x74, 0x6d,
    0x5f, 0x31, 0x2f, 0x75, 0x6e, 0x73, 0x74, 0x61, 0x63, 0x6b, 0x36, 0x3b,
    0x73, 0x6f, 0x63, 0x5f, 0x6c, 0x73, 0x74, 0x6d, 0x5f, 0x31, 0x2f, 0x6c,
    0x73, 0x74, 0x6d, 0x5f, 0x31, 0x2f, 0x75, 0x6e, 0x73, 0x74, 0x61, 0x63,
    0x6b, 0x37, 0x3b, 0x73, 0x6f, 0x63, 0x5f, 0x6c, 0x73, 0x74, 0x6d, 0x5f,
    0x31, 0x2f, 0x6c, 0x73, 0x74, 0x6d, 0x5f, 0x31, 0x2f, 0x75, 0x6e, 0x73,
    0x74, 0x61, 0x63, 0x6b, 0x38, 0x3b, 0x73, 0x6f, 0x63, 0x5f, 0x6c, 0x73,
    0x74, 0x6d, 0x5f, 0x31, 0x2f, 0x6c, 0x73, 0x74, 0x6d, 0x5f, 0x31, 0x2f,
    0x75, 0x6e, 0x73, 0x74, 0x61, 0x63, 0x6b, 0x39, 0x3b, 0x73, 0x6f, 0x63,
    0x5f, 0x6c, 0x73, 0x74, 0x6d, 0x5f, 0x31, 0x2f, 0x6c, 0x73, 0x74, 0x6d,
    0x5f, 0x31, 0x2f, 0x75, 0x6e, 0x73, 0x74, 0x61, 0x63, 0x6b, 0x31, 0x30,
    0x3b, 0x73, 0x6f, 0x63, 0x5f, 0x6c, 0x73, 0x74, 0x6d, 0x5f, 0x31, 0x2f,
    0x6c, 0x73, 0x74, 0x6d, 0x5f, 0x31, 0x2f, 0x75, 0x6e, 0x73, 0x74, 0x61,
    0x63, 0x6b, 0x31, 0x31, 0x3b, 0x73, 0x6f, 0x63, 0x5f, 0x6c, 0x73, 0x74,
    0x6d, 0x5f, 0x31, 0x2f, 0x6c, 0x73, 0x74, 0x6d, 0x5f, 0x31, 0x2f, 0x75,
    0x6e, 0x73, 0x74, 0x61, 0x63, 0x6b, 0x31, 0x32, 0x3b, 0x73, 0x6f, 0x63,
    0x5f, 0x6c, 0x73, 0x74, 0x6d, 0x5f, 0x31, 0x2f, 0x6c, 0x73, 0x74, 0x6d,
    0x5f, 0x31, 0x2f, 0x75, 0x6e, 0x73, 0x74, 0x61, 0x63, 0x6b, 0x31, 0x33,
    0x3b, 0x73, 0x6f, 0x63, 0x5f, 0x6c, 0x73, 0x74, 0x6d, 0x5f, 0x31, 0x2f,
    0x6c, 0x73, 0x74, 0x6d, 0x5f, 0x31, 0x2f, 0x75, 0x6e, 0x73, 0x74, 0x61,
    0x63, 0x6b, 0x31, 0x34, 0x3b, 0x73, 0x6f, 0x63, 0x5f, 0x6c, 0x73, 0x74,
    0x6d, 0x5f, 0x31, 0x2f, 0x6c, 0x73, 0x74, 0x6d, 0x5f, 0x31, 0x2f, 0x75,
    0x6e, 0x73, 0x74, 0x61, 0x63, 0x6b, 0x31, 0x35, 0x3b, 0x73, 0x6f, 0x63,
    0x5f, 0x6c, 0x73, 0x74, 0x6d, 0x5f, 0x31, 0x2f, 0x6c, 0x73, 0x74, 0x6d,
    0x5f, 0x31, 0x2f, 0x75, 0x6e, 0x73, 0x74, 0x61, 0x63, 0x6b, 0x31, 0x36,
    0x3b, 0x73, 0x6f, 0x63, 0x5f, 0x6c, 0x73, 0x74, 0x6d, 0x5f, 0x31, 0x2f,
    0x6c, 0x73, 0x74, 0x6d, 0x5f, 0x31, 0x2f, 0x75, 0x6e, 0x73, 0x74, 0x61,
    0x63, 0x6b, 0x31, 0x37, 0x3b, 0x73, 0x6f, 0x63, 0x5f, 0x6c, 0x73, 0x74,
    0x6d, 0x5f, 0x31, 0x2f, 0x6c, 0x73, 0x74, 0x6d, 0x5f, 0x31, 0x2f, 0x75,
    0x6e, 0x73, 0x74, 0x61, 0x63, 0x6b, 0x31, 0x38, 0x3b, 0x73, 0x6f, 0x63,
    0x5f, 0x6c, 0x73, 0x74, 0x6d, 0x5f, 0x31, 0x2f, 0x6c, 0x73, 0x74, 0x6d,
    0x5f, 0x31, 0x2f, 0x75, 0x6e, 0x73, 0x74, 0x61, 0x63, 0x6b, 0x31, 0x39,
    0x3b, 0x73, 0x6f, 0x63, 0x5f, 0x6c, 0x73, 0x74, 0x6d, 0x5f, 0x31, 0x2f,
    0x6c, 0x73, 0x74, 0x6d, 0x5f, 0x31, 0x2f, 0x75, 0x6e, 0x73, 0x74, 0x61,
    0x63, 0x6b, 0x32, 0x30, 0x3b, 0x73, 0x6f, 0x63, 0x5f, 0x6c, 0x73, 0x74,
    0x6d, 0x5f, 0x31, 0x2f, 0x6c, 0x73, 0x74, 0x6d, 0x5f, 0x31, 0x2f, 0x75,
    0x6e, 0x73, 0x74, 0x61, 0x63, 0x6b, 0x32, 0x31, 0x3b, 0x73, 0x6f, 0x63,
    0x5f, 0x6c, 0x73, 0x74, 0x6d, 0x5f, 0x31, 0x2f, 0x6c, 0x73, 0x74, 0x6d,
    0x5f, 0x31, 0x2f, 0x75, 0x6e, 0x73, 0x74, 0x61, 0x63, 0x6b, 0x32, 0x32,
    0x3b, 0x73, 0x6f, 0x63, 0x5f, 0x6c, 0x73, 0x74, 0x6d, 0x5f, 0x31, 0x2f,
    0x6c, 0x73, 0x74, 0x6d, 0x5f, 0x31, 0x2f, 0x75, 0x6e, 0x73, 0x74, 0x61,
    0x63, 0x6b, 0x32, 0x33, 0x3b, 0x73, 0x6f, 0x63, 0x5f, 0x6c, 0x73, 0x74,
    0x6d, 0x5f, 0x31, 0x2f, 0x6c, 0x73, 0x74, 0x6d, 0x5f, 0x31, 0x2f, 0x75,
    0x6e, 0x73, 0x74, 0x61, 0x63, 0x6b, 0x32, 0x34, 0x3b, 0x73, 0x6f, 0x63,
    0x5f, 0x6c, 0x73, 0x74, 0x6d, 0x5f, 0x31, 0x2f, 0x6c, 0x73, 0x74, 0x6d,
    0x5f, 0x31, 0x2f, 0x75, 0x6e, 0x73, 0x74, 0x61, 0x63, 0x6b, 0x32, 0x35,
    0x3b, 0x73, 0x6f, 0x63, 0x5f, 0x6c, 0x73, 0x74, 0x6d, 0x5f, 0x31, 0x2f,
    0x6c, 0x73, 0x74, 0x6d, 0x5f, 0x31, 0x2f, 0x75, 0x6e, 0x73, 0x74, 0x61,
    0x63, 0x6b, 0x32, 0x36, 0x3b, 0x73, 0x6f, 0x63, 0x5f, 0x6c, 0x73, 0x74,
    0x6d, 0x5f, 0x31, 0x2f, 0x6c, 0x73, 0x74, 0x6d, 0x5f, 0x31, 0x2f, 0x75,
    0x6e, 0x73, 0x74, 0x61, 0x63, 0x6b, 0x32, 0x37, 0x3b, 0x73, 0x6f, 0x63,
    0x5f, 0x6c, 0x73, 0x74, 0x6d, 0x5f, 0x31, 0x2f, 0x6c, 0x73, 0x74, 0x6d,
    0x5f, 0x31, 0x2f, 0x75, 0x6e, 0x73, 0x74, 0x61, 0x63, 0x6b, 0x32, 0x38,
    0x3b, 0x73, 0x6f, 0x63, 0x5f, 0x6c, 0x73, 0x74, 0x6d, 0x5f, 0x31, 0x2f,
    0x6c, 0x73, 0x74, 0x6d, 0x5f, 0x31, 0x2f, 0x75, 0x6e, 0x73, 0x74, 0x61,
    0x63, 0x6b, 0x32, 0x39, 0x3b, 0x73, 0x6f, 0x63, 0x5f, 0x6c, 0x73, 0x74,
    0x6d, 0x5f, 0x31, 0x2f, 0x6c, 0x73, 0x74, 0x6d, 0x5f, 0x31, 0x2f, 0x75,
    0x6e, 0x73, 0x74, 0x61, 0x63, 0x6b, 0x33, 0x30, 0x3b, 0x73, 0x6f, 0x63,
    0x5f, 0x6c, 0x73, 0x74, 0x6d, 0x5f, 0x31, 0x2f, 0x6c, 0x73, 0x74, 0x6d,
    0x5f, 0x31, 0x2f, 0x75, 0x6e, 0x73, 0x74, 0x61, 0x63, 0x6b, 0x33, 0x31,
    0x35, 0x00, 0x00, 0x00, 0x02, 0x00, 0x00, 0x00, 0x01, 0x00, 0x00, 0x00,
    0x03, 0x00, 0x00, 0x00, 0x76, 0xe0, 0xff, 0xff, 0x00, 0x00, 0x00, 0x01,
    0x18, 0x00, 0x00, 0x00, 0x20, 0x00, 0x00, 0x00, 0x40, 0x00, 0x00, 0x00,
    0x16, 0x00, 0x00, 0x00, 0x00, 0x00, 0x00, 0x09, 0xb0, 0x03, 0x00, 0x00,
    0x02, 0x00, 0x00, 0x00, 0xff, 0xff, 0xff, 0xff, 0x03, 0x00, 0x00, 0x00,
    0x5c, 0xe0, 0xff, 0xff, 0x08, 0x00, 0x00, 0x00, 0x14, 0x00, 0x00, 0x00,
    0x01, 0x00, 0x00, 0x00, 0xf7, 0xff, 0xff, 0xff, 0xff, 0xff, 0xff, 0xff,
    0x00, 0x00, 0x00, 0x00, 0x01, 0x00, 0x00, 0x00, 0xe0, 0x92, 0xd5, 0x3b,
    0x75, 0x03, 0x00, 0x00, 0x73, 0x6f, 0x63, 0x5f, 0x6c, 0x73, 0x74, 0x6d,
    0x5f, 0x31, 0x2f, 0x6c, 0x73, 0x74, 0x6d, 0x5f, 0x31, 0x2f, 0x75, 0x6e,
    0x73, 0x74, 0x61, 0x63, 0x6b, 0x3b, 0x73, 0x6f, 0x63, 0x5f, 0x6c, 0x73,
    0x74, 0x6d, 0x5f, 0x31, 0x2f, 0x6c, 0x73, 0x74, 0x6d, 0x5f, 0x31, 0x2f,
    0x75, 0x6e, 0x73, 0x74, 0x61, 0x63, 0x6b, 0x31, 0x3b, 0x73, 0x6f, 0x63,
    0x5f, 0x6c, 0x73, 0x74, 0x6d, 0x5f, 0x31, 0x2f, 0x6c, 0x73, 0x74, 0x6d,
    0x5f, 0x31, 0x2f, 0x75, 0x6e, 0x73, 0x74, 0x61, 0x63, 0x6b, 0x32, 0x3b,
    0x73, 0x6f, 0x63, 0x5f, 0x6c, 0x73, 0x74, 0x6d, 0x5f, 0x31, 0x2f, 0x6c,
    0x73, 0x74, 0x6d, 0x5f, 0x31, 0x2f, 0x75, 0x6e, 0x73, 0x74, 0x61, 0x63,
    0x6b, 0x33, 0x3b, 0x73, 0x6f, 0x63, 0x5f, 0x6c, 0x73, 0x74, 0x6d, 0x5f,
    0x31, 0x2f, 0x6c, 0x73, 0x74, 0x6d, 0x5f, 0x31, 0x2f, 0x75, 0x6e, 0x73,
    0x74, 0x61, 0x63, 0x6b, 0x34, 0x3b, 0x73, 0x6f, 0x63, 0x5f, 0x6c, 0x73,
    0x74, 0x6d, 0x5f, 0x31, 0x2f, 0x6c, 0x73, 0x74, 0x6d, 0x5f, 0x31, 0x2f,
    0x75, 0x6e, 0x73, 0x74, 0x61, 0x63, 0x6b, 0x35, 0x3b, 0x73, 0x6f, 0x63,
    0x5f, 0x6c, 0x73, 0x74, 0x6d, 0x5f, 0x31, 0x2f, 0x6c, 0x73, 0x74, 0x6d,
    0x5f, 0x31, 0x2f, 0x75, 0x6e, 0x73, 0x74, 0x61, 0x63, 0x6b, 0x36, 0x3b,
    0x73, 0x6f, 0x63, 0x5f, 0x6c, 0x73, 0x74, 0x6d, 0x5f, 0x31, 0x2f, 0x6c,
    0x73, 0x74, 0x6d, 0x5f, 0x31, 0x2f, 0x75, 0x6e, 0x73, 0x74, 0x61, 0x63,
    0x6b, 0x37, 0x3b, 0x73, 0x6f, 0x63, 0x5f, 0x6c, 0x73, 0x74, 0x6d, 0x5f,
    0x31, 0x2f, 0x6c, 0x73, 0x74, 0x6d, 0x5f, 0x31, 0x2f, 0x75, 0x6e, 0x73,
    0x74, 0x61, 0x63, 0x6b, 0x38, 0x3b, 0x73, 0x6f, 0x63, 0x5f, 0x6c, 0x73,
    0x74, 0x6d, 0x5f, 0x31, 0x2f, 0x6c, 0x73, 0x74, 0x6d, 0x5f, 0x31, 0x2f,
    0x75, 0x6e, 0x73, 0x74, 0x61, 0x63, 0x6b, 0x39, 0x3b, 0x73, 0x6f, 0x63,
    0x5f, 0x6c, 0x73, 0x74, 0x6d, 0x5f, 0x31, 0x2f, 0x6c, 0x73, 0x74, 0x6d,
    0x5f, 0x31, 0x2f, 0x75, 0x6e, 0x73, 0x74, 0x61, 0x63, 0x6b, 0x31, 0x30,
    0x3b, 0x73, 0x6f, 0x63, 0x5f, 0x6c, 0x73, 0x74, 0x6d, 0x5f, 0x31, 0x2f,
    0x6c, 0x73, 0x74, 0x6d, 0x5f, 0x31, 0x2f, 0x75, 0x6e, 0x73, 0x74, 0x61,
    0x63, 0x6b, 0x31, 0x31, 0x3b, 0x73, 0x6f, 0x63, 0x5f, 0x6c, 0x73, 0x74,
    0x6d, 0x5f, 0x31, 0x2f, 0x6c, 0x73, 0x74, 0x6d, 0x5f, 0x31, 0x2f, 0x75,
    0x6e, 0x73, 0x74, 0x61, 0x63, 0x6b, 0x31, 0x32, 0x3b, 0x73, 0x6f, 0x63,
    0x5f, 0x6c, 0x73, 0x74, 0x6d, 0x5f, 0x31, 0x2f, 0x6c, 0x73, 0x74, 0x6d,
    0x5f, 0x31, 0x2f, 0x75, 0x6e, 0x73, 0x74, 0x61, 0x63, 0x6b, 0x31, 0x33,
    0x3b, 0x73, 0x6f, 0x63, 0x5f, 0x6c, 0x73, 0x74, 0x6d, 0x5f, 0x31, 0x2f,
    0x6c, 0x73, 0x74, 0x6d, 0x5f, 0x31, 0x2f, 0x75, 0x6e, 0x73, 0x74, 0x61,
    0x63, 0x6b, 0x31, 0x34, 0x3b, 0x73, 0x6f, 0x63, 0x5f, 0x6c, 0x73, 0x74,
    0x6d, 0x5f, 0x31, 0x2f, 0x6c, 0x73, 0x74, 0x6d, 0x5f, 0x31, 0x2f, 0x75,
    0x6e, 0x73, 0x74, 0x61, 0x63, 0x6b, 0x31, 0x35, 0x3b, 0x73, 0x6f, 0x63,
    0x5f, 0x6c, 0x73, 0x74, 0x6d, 0x5f, 0x31, 0x2f, 0x6c, 0x73, 0x74, 0x6d,
    0x5f, 0x31, 0x2f, 0x75, 0x6e, 0x73, 0x74, 0x61, 0x63, 0x6b, 0x31, 0x36,
    0x3b, 0x73, 0x6f, 0x63, 0x5f, 0x6c, 0x73, 0x74, 0x6d, 0x5f, 0x31, 0x2f,
    0x6c, 0x73, 0x74, 0x6d, 0x5f, 0x31, 0x2f, 0x75, 0x6e, 0x73, 0x74, 0x61,
    0x63, 0x6b, 0x31, 0x37, 0x3b, 0x73, 0x6f, 0x63, 0x5f, 0x6c, 0x73, 0x74,
    0x6d, 0x5f, 0x31, 0x2f, 0x6c, 0x73, 0x74, 0x6d, 0x5f, 0x31, 0x2f, 0x75,
    0x6e, 0x73, 0x74, 0x61, 0x63, 0x6b, 0x31, 0x38, 0x3b, 0x73, 0x6f, 0x63,
    0x5f, 0x6c, 0x73, 0x74, 0x6d, 0x5f, 0x31, 0x2f, 0x6c, 0x73, 0x74, 0x6d,
    0x5f, 0x31, 0x2f, 0x75, 0x6e, 0x73, 0x74, 0x61, 0x63, 0x6b, 0x31, 0x39,
    0x3b, 0x73, 0x6f, 0x63, 0x5f, 0x6c, 0x73, 0x74, 0x6d, 0x5f, 0x31, 0x2f,
    0x6c, 0x73, 0x74, 0x6d, 0x5f, 0x31, 0x2f, 0x75, 0x6e, 0x73, 0x74, 0x61,
    0x63, 0x6b, 0x32, 0x30, 0x3b, 0x73, 0x6f, 0x63, 0x5f, 0x6c, 0x73, 0x74,
    0x6d, 0x5f, 0x31, 0x2f, 0x6c, 0x73, 0x74, 0x6d, 0x5f, 0x31, 0x2f, 0x75,
    0x6e, 0x73, 0x74, 0x61, 0x63, 0x6b, 0x32, 0x31, 0x3b, 0x73, 0x6f, 0x63,
    0x5f, 0x6c, 0x73, 0x74, 0x6d, 0x5f, 0x31, 0x2f, 0x6c, 0x73, 0x74, 0x6d,
    0x5f, 0x31, 0x2f, 0x75, 0x6e, 0x73, 0x74, 0x61, 0x63, 0x6b, 0x32, 0x32,
    0x3b, 0x73, 0x6f, 0x63, 0x5f, 0x6c, 0x73, 0x74, 0x6d, 0x5f, 0x31, 0x2f,
    0x6c, 0x73, 0x74, 0x6d, 0x5f, 0x31, 0x2f, 0x75, 0x6e, 0x73, 0x74, 0x61,
    0x63, 0x6b, 0x32, 0x33, 0x3b, 0x73, 0x6f, 0x63, 0x5f, 0x6c, 0x73, 0x74,
    0x6d, 0x5f, 0x31, 0x2f, 0x6c, 0x73, 0x74, 0x6d, 0x5f, 0x31, 0x2f, 0x75,
    0x6e, 0x73, 0x74, 0x61, 0x63, 0x6b, 0x32, 0x34, 0x3b, 0x73, 0x6f, 0x63,
    0x5f, 0x6c, 0x73, 0x74, 0x6d, 0x5f, 0x31, 0x2f, 0x6c, 0x73, 0x74, 0x6d,
    0x5f, 0x31, 0x2f, 0x75, 0x6e, 0x73, 0x74, 0x61, 0x63, 0x6b, 0x32, 0x35,
    0x3b, 0x73, 0x6f, 0x63, 0x5f, 0x6c, 0x73, 0x74, 0x6d, 0x5f, 0x31, 0x2f,
    0x6c, 0x73, 0x74, 0x6d, 0x5f, 0x31, 0x2f, 0x75, 0x6e, 0x73, 0x74, 0x61,
    0x63, 0x6b, 0x32, 0x36, 0x3b, 0x73, 0x6f, 0x63, 0x5f, 0x6c, 0x73, 0x74,
    0x6d, 0x5f, 0x31, 0x2f, 0x6c, 0x73, 0x74, 0x6d, 0x5f, 0x31, 0x2f, 0x75,
    0x6e, 0x73, 0x74, 0x61, 0x63, 0x6b, 0x32, 0x37, 0x3b, 0x73, 0x6f, 0x63,
    0x5f, 0x6c, 0x73, 0x74, 0x6d, 0x5f, 0x31, 0x2f, 0x6c, 0x73, 0x74, 0x6d,
    0x5f, 0x31, 0x2f, 0x75, 0x6e, 0x73, 0x74, 0x61, 0x63, 0x6b, 0x32, 0x38,
    0x3b, 0x73, 0x6f, 0x63, 0x5f, 0x6c, 0x73, 0x74, 0x6d, 0x5f, 0x31, 0x2f,
    0x6c, 0x73, 0x74, 0x6d, 0x5f, 0x31, 0x2f, 0x75, 0x6e, 0x73, 0x74, 0x61,
    0x63, 0x6b, 0x32, 0x39, 0x3b, 0x73, 0x6f, 0x63, 0x5f, 0x6c, 0x73, 0x74,
    0x6d, 0x5f, 0x31, 0x2f, 0x6c, 0x73, 0x74, 0x6d, 0x5f, 0x31, 0x2f, 0x75,
    0x6e, 0x73, 0x74, 0x61, 0x63, 0x6b, 0x33, 0x30, 0x3b, 0x73, 0x6f, 0x63,
    0x5f, 0x6c, 0x73, 0x74, 0x6d, 0x5f, 0x31, 0x2f, 0x6c, 0x73, 0x74, 0x6d,
    0x5f, 0x31, 0x2f, 0x75, 0x6e, 0x73, 0x74, 0x61, 0x63, 0x6b, 0x33, 0x31,
    0x34, 0x00, 0x00, 0x00, 0x02, 0x00, 0x00, 0x00, 0x01, 0x00, 0x00, 0x00,
    0x03, 0x00, 0x00, 0x00, 0x4e, 0xe4, 0xff, 0xff, 0x00, 0x00, 0x00, 0x01,
    0x18, 0x00, 0x00, 0x00, 0x20, 0x00, 0x00, 0x00, 0x40, 0x00, 0x00, 0x00,
    0x15, 0x00, 0x00, 0x00, 0x00, 0x00, 0x00, 0x09, 0xb0, 0x03, 0x00, 0x00,
    0x02, 0x00, 0x00, 0x00, 0xff, 0xff, 0xff, 0xff, 0x03, 0x00, 0x00, 0x00,
    0x34, 0xe4, 0xff, 0xff, 0x08, 0x00, 0x00, 0x00, 0x14, 0x00, 0x00, 0x00,
    0x01, 0x00, 0x00, 0x00, 0xf7, 0xff, 0xff, 0xff, 0xff, 0xff, 0xff, 0xff,
    0x00, 0x00, 0x00, 0x00, 0x01, 0x00, 0x00, 0x00, 0xe0, 0x92, 0xd5, 0x3b,
    0x75, 0x03, 0x00, 0x00, 0x73, 0x6f, 0x63, 0x5f, 0x6c, 0x73, 0x74, 0x6d,
    0x5f, 0x31, 0x2f, 0x6c, 0x73, 0x74, 0x6d, 0x5f, 0x31, 0x2f, 0x75, 0x6e,
    0x73, 0x74, 0x61, 0x63, 0x6b, 0x3b, 0x73, 0x6f, 0x63, 0x5f, 0x6c, 0x73,
    0x74, 0x6d, 0x5f, 0x31, 0x2f, 0x6c, 0x73, 0x74, 0x6d, 0x5f, 0x31, 0x2f,
    0x75, 0x6e, 0x73, 0x74, 0x61, 0x63, 0x6b, 0x31, 0x3b, 0x73, 0x6f, 0x63,
    0x5f, 0x6c, 0x73, 0x74, 0x6d, 0x5f, 0x31, 0x2f, 0x6c, 0x73, 0x74, 0x6d,
    0x5f, 0x31, 0x2f, 0x75, 0x6e, 0x73, 0x74, 0x61, 0x63, 0x6b, 0x32, 0x3b,
    0x73, 0x6f, 0x63, 0x5f, 0x6c, 0x73, 0x74, 0x6d, 0x5f, 0x31, 0x2f, 0x6c,
    0x73, 0x74, 0x6d, 0x5f, 0x31, 0x2f, 0x75, 0x6e, 0x73, 0x74, 0x61, 0x63,
    0x6b, 0x33, 0x3b, 0x73, 0x6f, 0x63, 0x5f, 0x6c, 0x73, 0x74, 0x6d, 0x5f,
    0x31, 0x2f, 0x6c, 0x73, 0x74, 0x6d, 0x5f, 0x31, 0x2f, 0x75, 0x6e, 0x73,
    0x74, 0x61, 0x63, 0x6b, 0x34, 0x3b, 0x73, 0x6f, 0x63, 0x5f, 0x6c, 0x73,
    0x74, 0x6d, 0x5f, 0x31, 0x2f, 0x6c, 0x73, 0x74, 0x6d, 0x5f, 0x31, 0x2f,
    0x75, 0x6e, 0x73, 0x74, 0x61, 0x63, 0x6b, 0x35, 0x3b, 0x73, 0x6f, 0x63,
    0x5f, 0x6c, 0x73, 0x74, 0x6d, 0x5f, 0x31, 0x2f, 0x6c, 0x73, 0x74, 0x6d,
    0x5f, 0x31, 0x2f, 0x75, 0x6e, 0x73, 0x74, 0x61, 0x63, 0x6b, 0x36, 0x3b,
    0x73, 0x6f, 0x63, 0x5f, 0x6c, 0x73, 0x74, 0x6d, 0x5f, 0x31, 0x2f, 0x6c,
    0x73, 0x74, 0x6d, 0x5f, 0x31, 0x2f, 0x75, 0x6e, 0x73, 0x74, 0x61, 0x63,
    0x6b, 0x37, 0x3b, 0x73, 0x6f, 0x63, 0x5f, 0x6c, 0x73, 0x74, 0x6d, 0x5f,
    0x31, 0x2f, 0x6c, 0x73, 0x74, 0x6d, 0x5f, 0x31, 0x2f, 0x75, 0x6e, 0x73,
    0x74, 0x61, 0x63, 0x6b, 0x38, 0x3b, 0x73, 0x6f, 0x63, 0x5f, 0x6c, 0x73,
    0x74, 0x6d, 0x5f, 0x31, 0x2f, 0x6c, 0x73, 0x74, 0x6d, 0x5f, 0x31, 0x2f,
    0x75, 0x6e, 0x73, 0x74, 0x61, 0x63, 0x6b, 0x39, 0x3b, 0x73, 0x6f, 0x63,
    0x5f, 0x6c, 0x73, 0x74, 0x6d, 0x5f, 0x31, 0x2f, 0x6c, 0x73, 0x74, 0x6d,
    0x5f, 0x31, 0x2f, 0x75, 0x6e, 0x73, 0x74, 0x61, 0x63, 0x6b, 0x31, 0x30,
    0x3b, 0x73, 0x6f, 0x63, 0x5f, 0x6c, 0x73, 0x74, 0x6d, 0x5f, 0x31, 0x2f,
    0x6c, 0x73, 0x74, 0x6d, 0x5f, 0x31, 0x2f, 0x75, 0x6e, 0x73, 0x74, 0x61,
    0x63, 0x6b, 0x31, 0x31, 0x3b, 0x73, 0x6f, 0x63, 0x5f, 0x6c, 0x73, 0x74,
    0x6d, 0x5f, 0x31, 0x2f, 0x6c, 0x73, 0x74, 0x6d, 0x5f, 0x31, 0x2f, 0x75,
    0x6e, 0x73, 0x74, 0x61, 0x63, 0x6b, 0x31, 0x32, 0x3b, 0x73, 0x6f, 0x63,
    0x5f, 0x6c, 0x73, 0x74, 0x6d, 0x5f, 0x31, 0x2f, 0x6c, 0x73, 0x74, 0x6d,
    0x5f, 0x31, 0x2f, 0x75, 0x6e, 0x73, 0x74, 0x61, 0x63, 0x6b, 0x31, 0x33,
    0x3b, 0x73, 0x6f, 0x63, 0x5f, 0x6c, 0x73, 0x74, 0x6d, 0x5f, 0x31, 0x2f,
    0x6c, 0x73, 0x74, 0x6d, 0x5f, 0x31, 0x2f, 0x75, 0x6e, 0x73, 0x74, 0x61,
    0x63, 0x6b, 0x31, 0x34, 0x3b, 0x73, 0x6f, 0x63, 0x5f, 0x6c, 0x73, 0x74,
    0x6d, 0x5f, 0x31, 0x2f, 0x6c, 0x73, 0x74, 0x6d, 0x5f, 0x31, 0x2f, 0x75,
    0x6e, 0x73, 0x74, 0x61, 0x63, 0x6b, 0x31, 0x35, 0x3b, 0x73, 0x6f, 0x63,
    0x5f, 0x6c, 0x73, 0x74, 0x6d, 0x5f, 0x31, 0x2f, 0x6c, 0x73, 0x74, 0x6d,
    0x5f, 0x31, 0x2f, 0x75, 0x6e, 0x73, 0x74, 0x61, 0x63, 0x6b, 0x31, 0x36,
    0x3b, 0x73, 0x6f, 0x63, 0x5f, 0x6c, 0x73, 0x74, 0x6d, 0x5f, 0x31, 0x2f,
    0x6c, 0x73, 0x74, 0x6d, 0x5f, 0x31, 0x2f, 0x75, 0x6e, 0x73, 0x74, 0x61,
    0x63, 0x6b, 0x31, 0x37, 0x3b, 0x73, 0x6f, 0x63, 0x5f, 0x6c, 0x73, 0x74,
    0x6d, 0x5f, 0x31, 0x2f, 0x6c, 0x73, 0x74, 0x6d, 0x5f, 0x31, 0x2f, 0x75,
    0x6e, 0x73, 0x74, 0x61, 0x63, 0x6b, 0x31, 0x38, 0x3b, 0x73, 0x6f, 0x63,
    0x5f, 0x6c, 0x73, 0x74, 0x6d, 0x5f, 0x31, 0x2f, 0x6c, 0x73, 0x74, 0x6d,
    0x5f, 0x31, 0x2f, 0x75, 0x6e, 0x73, 0x74, 0x61, 0x63, 0x6b, 0x31, 0x39,
    0x3b, 0x73, 0x6f, 0x63, 0x5f, 0x6c, 0x73, 0x74, 0x6d, 0x5f, 0x31, 0x2f,
    0x6c, 0x73, 0x74, 0x6d, 0x5f, 0x31, 0x2f, 0x75, 0x6e, 0x73, 0x74, 0x61,
    0x63, 0x6b, 0x32, 0x30, 0x3b, 0x73, 0x6f, 0x63, 0x5f, 0x6c, 0x73, 0x74,
    0x6d, 0x5f, 0x31, 0x2f, 0x6c, 0x73, 0x74, 0x6d, 0x5f, 0x31, 0x2f, 0x75,
    0x6e, 0x73, 0x74, 0x61, 0x63, 0x6b, 0x32, 0x31, 0x3b, 0x73, 0x6f, 0x63,
    0x5f, 0x6c, 0x73, 0x74, 0x6d, 0x5f, 0x31, 0x2f, 0x6c, 0x73, 0x74, 0x6d,
    0x5f, 0x31, 0x2f, 0x75, 0x6e, 0x73, 0x74, 0x61, 0x63, 0x6b, 0x32, 0x32,
    0x3b, 0x73, 0x6f, 0x63, 0x5f, 0x6c, 0x73, 0x74, 0x6d, 0x5f, 0x31, 0x2f,
    0x6c, 0x73, 0x74, 0x6d, 0x5f, 0x31, 0x2f, 0x75, 0x6e, 0x73, 0x74, 0x61,
    0x63, 0x6b, 0x32, 0x33, 0x3b, 0x73, 0x6f, 0x63, 0x5f, 0x6c, 0x73, 0x74,
    0x6d, 0x5f, 0x31, 0x2f, 0x6c, 0x73, 0x74, 0x6d, 0x5f, 0x31, 0x2f, 0x75,
    0x6e, 0x73, 0x74, 0x61, 0x63, 0x6b, 0x32, 0x34, 0x3b, 0x73, 0x6f, 0x63,
    0x5f, 0x6c, 0x73, 0x74, 0x6d, 0x5f, 0x31, 0x2f, 0x6c, 0x73, 0x74, 0x6d,
    0x5f, 0x31, 0x2f, 0x75, 0x6e, 0x73, 0x74, 0x61, 0x63, 0x6b, 0x32, 0x35,
    0x3b, 0x73, 0x6f, 0x63, 0x5f, 0x6c, 0x73, 0x74, 0x6d, 0x5f, 0x31, 0x2f,
    0x6c, 0x73, 0x74, 0x6d, 0x5f, 0x31, 0x2f, 0x75, 0x6e, 0x73, 0x74, 0x61,
    0x63, 0x6b, 0x32, 0x36, 0x3b, 0x73, 0x6f, 0x63, 0x5f, 0x6c, 0x73, 0x74,
    0x6d, 0x5f, 0x31, 0x2f, 0x6c, 0x73, 0x74, 0x6d, 0x5f, 0x31, 0x2f, 0x75,
    0x6e, 0x73, 0x74, 0x61, 0x63, 0x6b, 0x32, 0x37, 0x3b, 0x73, 0x6f, 0x63,
    0x5f, 0x6c, 0x73, 0x74, 0x6d, 0x5f, 0x31, 0x2f, 0x6c, 0x73, 0x74, 0x6d,
    0x5f, 0x31, 0x2f, 0x75, 0x6e, 0x73, 0x74, 0x61, 0x63, 0x6b, 0x32, 0x38,
    0x3b, 0x73, 0x6f, 0x63, 0x5f, 0x6c, 0x73, 0x74, 0x6d, 0x5f, 0x31, 0x2f,
    0x6c, 0x73, 0x74, 0x6d, 0x5f, 0x31, 0x2f, 0x75, 0x6e, 0x73, 0x74, 0x61,
    0x63, 0x6b, 0x32, 0x39, 0x3b, 0x73, 0x6f, 0x63, 0x5f, 0x6c, 0x73, 0x74,
    0x6d, 0x5f, 0x31, 0x2f, 0x6c, 0x73, 0x74, 0x6d, 0x5f, 0x31, 0x2f, 0x75,
    0x6e, 0x73, 0x74, 0x61, 0x63, 0x6b, 0x33, 0x30, 0x3b, 0x73, 0x6f, 0x63,
    0x5f, 0x6c, 0x73, 0x74, 0x6d, 0x5f, 0x31, 0x2f, 0x6c, 0x73, 0x74, 0x6d,
    0x5f, 0x31, 0x2f, 0x75, 0x6e, 0x73, 0x74, 0x61, 0x63, 0x6b, 0x33, 0x31,
    0x33, 0x00, 0x00, 0x00, 0x02, 0x00, 0x00, 0x00, 0x01, 0x00, 0x00, 0x00,
    0x03, 0x00, 0x00, 0x00, 0x26, 0xe8, 0xff, 0xff, 0x00, 0x00, 0x00, 0x01,
    0x18, 0x00, 0x00, 0x00, 0x20, 0x00, 0x00, 0x00, 0x40, 0x00, 0x00, 0x00,
    0x14, 0x00, 0x00, 0x00, 0x00, 0x00, 0x00, 0x09, 0xb0, 0x03, 0x00, 0x00,
    0x02, 0x00, 0x00, 0x00, 0xff, 0xff, 0xff, 0xff, 0x03, 0x00, 0x00, 0x00,
    0x0c, 0xe8, 0xff, 0xff, 0x08, 0x00, 0x00, 0x00, 0x14, 0x00, 0x00, 0x00,
    0x01, 0x00, 0x00, 0x00, 0xf7, 0xff, 0xff, 0xff, 0xff, 0xff, 0xff, 0xff,
    0x00, 0x00, 0x00, 0x00, 0x01, 0x00, 0x00, 0x00, 0xe0, 0x92, 0xd5, 0x3b,
    0x75, 0x03, 0x00, 0x00, 0x73, 0x6f, 0x63, 0x5f, 0x6c, 0x73, 0x74, 0x6d,
    0x5f, 0x31, 0x2f, 0x6c, 0x73, 0x74, 0x6d, 0x5f, 0x31, 0x2f, 0x75, 0x6e,
    0x73, 0x74, 0x61, 0x63, 0x6b, 0x3b, 0x73, 0x6f, 0x63, 0x5f, 0x6c, 0x73,
    0x74, 0x6d, 0x5f, 0x31, 0x2f, 0x6c, 0x73, 0x74, 0x6d, 0x5f, 0x31, 0x2f,
    0x75, 0x6e, 0x73, 0x74, 0x61, 0x63, 0x6b, 0x31, 0x3b, 0x73, 0x6f, 0x63,
    0x5f, 0x6c, 0x73, 0x74, 0x6d, 0x5f, 0x31, 0x2f, 0x6c, 0x73, 0x74, 0x6d,
    0x5f, 0x31, 0x2f, 0x75, 0x6e, 0x73, 0x74, 0x61, 0x63, 0x6b, 0x32, 0x3b,
    0x73, 0x6f, 0x63, 0x5f, 0x6c, 0x73, 0x74, 0x6d, 0x5f, 0x31, 0x2f, 0x6c,
    0x73, 0x74, 0x6d, 0x5f, 0x31, 0x2f, 0x75, 0x6e, 0x73, 0x74, 0x61, 0x63,
    0x6b, 0x33, 0x3b, 0x73, 0x6f, 0x63, 0x5f, 0x6c, 0x73, 0x74, 0x6d, 0x5f,
    0x31, 0x2f, 0x6c, 0x73, 0x74, 0x6d, 0x5f, 0x31, 0x2f, 0x75, 0x6e, 0x73,
    0x74, 0x61, 0x63, 0x6b, 0x34, 0x3b, 0x73, 0x6f, 0x63, 0x5f, 0x6c, 0x73,
    0x74, 0x6d, 0x5f, 0x31, 0x2f, 0x6c, 0x73, 0x74, 0x6d, 0x5f, 0x31, 0x2f,
    0x75, 0x6e, 0x73, 0x74, 0x61, 0x63, 0x6b, 0x35, 0x3b, 0x73, 0x6f, 0x63,
    0x5f, 0x6c, 0x73, 0x74, 0x6d, 0x5f, 0x31, 0x2f, 0x6c, 0x73, 0x74, 0x6d,
    0x5f, 0x31, 0x2f, 0x75, 0x6e, 0x73, 0x74, 0x61, 0x63, 0x6b, 0x36, 0x3b,
    0x73, 0x6f, 0x63, 0x5f, 0x6c, 0x73, 0x74, 0x6d, 0x5f, 0x31, 0x2f, 0x6c,
    0x73, 0x74, 0x6d, 0x5f, 0x31, 0x2f, 0x75, 0x6e, 0x73, 0x74, 0x61, 0x63,
    0x6b, 0x37, 0x3b, 0x73, 0x6f, 0x63, 0x5f, 0x6c, 0x73, 0x74, 0x6d, 0x5f,
    0x31, 0x2f, 0x6c, 0x73, 0x74, 0x6d, 0x5f, 0x31, 0x2f, 0x75, 0x6e, 0x73,
    0x74, 0x61, 0x63, 0x6b, 0x38, 0x3b, 0x73, 0x6f, 0x63, 0x5f, 0x6c, 0x73,
    0x74, 0x6d, 0x5f, 0x31, 0x2f, 0x6c, 0x73, 0x74, 0x6d, 0x5f, 0x31, 0x2f,
    0x75, 0x6e, 0x73, 0x74, 0x61, 0x63, 0x6b, 0x39, 0x3b, 0x73, 0x6f, 0x63,
    0x5f, 0x6c, 0x73, 0x74, 0x6d, 0x5f, 0x31, 0x2f, 0x6c, 0x73, 0x74, 0x6d,
    0x5f, 0x31, 0x2f, 0x75, 0x6e, 0x73, 0x74, 0x61, 0x63, 0x6b, 0x31, 0x30,
    0x3b, 0x73, 0x6f, 0x63, 0x5f, 0x6c, 0x73, 0x74, 0x6d, 0x5f, 0x31, 0x2f,
    0x6c, 0x73, 0x74, 0x6d, 0x5f, 0x31, 0x2f, 0x75, 0x6e, 0x73, 0x74, 0x61,
    0x63, 0x6b, 0x31, 0x31, 0x3b, 0x73, 0x6f, 0x63, 0x5f, 0x6c, 0x73, 0x74,
    0x6d, 0x5f, 0x31, 0x2f, 0x6c, 0x73, 0x74, 0x6d, 0x5f, 0x31, 0x2f, 0x75,
    0x6e, 0x73, 0x74, 0x61, 0x63, 0x6b, 0x31, 0x32, 0x3b, 0x73, 0x6f, 0x63,
    0x5f, 0x6c, 0x73, 0x74, 0x6d, 0x5f, 0x31, 0x2f, 0x6c, 0x73, 0x74, 0x6d,
    0x5f, 0x31, 0x2f, 0x75, 0x6e, 0x73, 0x74, 0x61, 0x63, 0x6b, 0x31, 0x33,
    0x3b, 0x73, 0x6f, 0x63, 0x5f, 0x6c, 0x73, 0x74, 0x6d, 0x5f, 0x31, 0x2f,
    0x6c, 0x73, 0x74, 0x6d, 0x5f, 0x31, 0x2f, 0x75, 0x6e, 0x73, 0x74, 0x61,
    0x63, 0x6b, 0x31, 0x34, 0x3b, 0x73, 0x6f, 0x63, 0x5f, 0x6c, 0x73, 0x74,
    0x6d, 0x5f, 0x31, 0x2f, 0x6c, 0x73, 0x74, 0x6d, 0x5f, 0x31, 0x2f, 0x75,
    0x6e, 0x73, 0x74, 0x61, 0x63, 0x6b, 0x31, 0x35, 0x3b, 0x73, 0x6f, 0x63,
    0x5f, 0x6c, 0x73, 0x74, 0x6d, 0x5f, 0x31, 0x2f, 0x6c, 0x73, 0x74, 0x6d,
    0x5f, 0x31, 0x2f, 0x75, 0x6e, 0x73, 0x74, 0x61, 0x63, 0x6b, 0x31, 0x36,
    0x3b, 0x73, 0x6f, 0x63, 0x5f, 0x6c, 0x73, 0x74, 0x6d, 0x5f, 0x31, 0x2f,
    0x6c, 0x73, 0x74, 0x6d, 0x5f, 0x31, 0x2f, 0x75, 0x6e, 0x73, 0x74, 0x61,
    0x63, 0x6b, 0x31, 0x37, 0x3b, 0x73, 0x6f, 0x63, 0x5f, 0x6c, 0x73, 0x74,
    0x6d, 0x5f, 0x31, 0x2f, 0x6c, 0x73, 0x74, 0x6d, 0x5f, 0x31, 0x2f, 0x75,
    0x6e, 0x73, 0x74, 0x61, 0x63, 0x6b, 0x31, 0x38, 0x3b, 0x73, 0x6f, 0x63,
    0x5f, 0x6c, 0x73, 0x74, 0x6d, 0x5f, 0x31, 0x2f, 0x6c, 0x73, 0x74, 0x6d,
    0x5f, 0x31, 0x2f, 0x75, 0x6e, 0x73, 0x74, 0x61, 0x63, 0x6b, 0x31, 0x39,
    0x3b, 0x73, 0x6f, 0x63, 0x5f, 0x6c, 0x73, 0x74, 0x6d, 0x5f, 0x31, 0x2f,
    0x6c, 0x73, 0x74, 0x6d, 0x5f, 0x31, 0x2f, 0x75, 0x6e, 0x73, 0x74, 0x61,
    0x63, 0x6b, 0x32, 0x30, 0x3b, 0x73, 0x6f, 0x63, 0x5f, 0x6c, 0x73, 0x74,
    0x6d, 0x5f, 0x31, 0x2f, 0x6c, 0x73, 0x74, 0x6d, 0x5f, 0x31, 0x2f, 0x75,
    0x6e, 0x73, 0x74, 0x61, 0x63, 0x6b, 0x32, 0x31, 0x3b, 0x73, 0x6f, 0x63,
    0x5f, 0x6c, 0x73, 0x74, 0x6d, 0x5f, 0x31, 0x2f, 0x6c, 0x73, 0x74, 0x6d,
    0x5f, 0x31, 0x2f, 0x75, 0x6e, 0x73, 0x74, 0x61, 0x63, 0x6b, 0x32, 0x32,
    0x3b, 0x73, 0x6f, 0x63, 0x5f, 0x6c, 0x73, 0x74, 0x6d, 0x5f, 0x31, 0x2f,
    0x6c, 0x73, 0x74, 0x6d, 0x5f, 0x31, 0x2f, 0x75, 0x6e, 0x73, 0x74, 0x61,
    0x63, 0x6b, 0x32, 0x33, 0x3b, 0x73, 0x6f, 0x63, 0x5f, 0x6c, 0x73, 0x74,
    0x6d, 0x5f, 0x31, 0x2f, 0x6c, 0x73, 0x74, 0x6d, 0x5f, 0x31, 0x2f, 0x75,
    0x6e, 0x73, 0x74, 0x61, 0x63, 0x6b, 0x32, 0x34, 0x3b, 0x73, 0x6f, 0x63,
    0x5f, 0x6c, 0x73, 0x74, 0x6d, 0x5f, 0x31, 0x2f, 0x6c, 0x73, 0x74, 0x6d,
    0x5f, 0x31, 0x2f, 0x75, 0x6e, 0x73, 0x74, 0x61, 0x63, 0x6b, 0x32, 0x35,
    0x3b, 0x73, 0x6f, 0x63, 0x5f, 0x6c, 0x73, 0x74, 0x6d, 0x5f, 0x31, 0x2f,
    0x6c, 0x73, 0x74, 0x6d, 0x5f, 0x31, 0x2f, 0x75, 0x6e, 0x73, 0x74, 0x61,
    0x63, 0x6b, 0x32, 0x36, 0x3b, 0x73, 0x6f, 0x63, 0x5f, 0x6c, 0x73, 0x74,
    0x6d, 0x5f, 0x31, 0x2f, 0x6c, 0x73, 0x74, 0x6d, 0x5f, 0x31, 0x2f, 0x75,
    0x6e, 0x73, 0x74, 0x61, 0x63, 0x6b, 0x32, 0x37, 0x3b, 0x73, 0x6f, 0x63,
    0x5f, 0x6c, 0x73, 0x74, 0x6d, 0x5f, 0x31, 0x2f, 0x6c, 0x73, 0x74, 0x6d,
    0x5f, 0x31, 0x2f, 0x75, 0x6e, 0x73, 0x74, 0x61, 0x63, 0x6b, 0x32, 0x38,
    0x3b, 0x73, 0x6f, 0x63, 0x5f, 0x6c, 0x73, 0x74, 0x6d, 0x5f, 0x31, 0x2f,
    0x6c, 0x73, 0x74, 0x6d, 0x5f, 0x31, 0x2f, 0x75, 0x6e, 0x73, 0x74, 0x61,
    0x63, 0x6b, 0x32, 0x39, 0x3b, 0x73, 0x6f, 0x63, 0x5f, 0x6c, 0x73, 0x74,
    0x6d, 0x5f, 0x31, 0x2f, 0x6c, 0x73, 0x74, 0x6d, 0x5f, 0x31, 0x2f, 0x75,
    0x6e, 0x73, 0x74, 0x61, 0x63, 0x6b, 0x33, 0x30, 0x3b, 0x73, 0x6f, 0x63,
    0x5f, 0x6c, 0x73, 0x74, 0x6d, 0x5f, 0x31, 0x2f, 0x6c, 0x73, 0x74, 0x6d,
    0x5f, 0x31, 0x2f, 0x75, 0x6e, 0x73, 0x74, 0x61, 0x63, 0x6b, 0x33, 0x31,
    0x32, 0x00, 0x00, 0x00, 0x02, 0x00, 0x00, 0x00, 0x01, 0x00, 0x00, 0x00,
    0x03, 0x00, 0x00, 0x00, 0xfe, 0xeb, 0xff, 0xff, 0x00, 0x00, 0x00, 0x01,
    0x18, 0x00, 0x00, 0x00, 0x20, 0x00, 0x00, 0x00, 0x40, 0x00, 0x00, 0x00,
    0x13, 0x00, 0x00, 0x00, 0x00, 0x00, 0x00, 0x09, 0xb0, 0x03, 0x00, 0x00,
    0x02, 0x00, 0x00, 0x00, 0xff, 0xff, 0xff, 0xff, 0x03, 0x00, 0x00, 0x00,
    0xe4, 0xeb, 0xff, 0xff, 0x08, 0x00, 0x00, 0x00, 0x14, 0x00, 0x00, 0x00,
    0x01, 0x00, 0x00, 0x00, 0xf7, 0xff, 0xff, 0xff, 0xff, 0xff, 0xff, 0xff,
    0x00, 0x00, 0x00, 0x00, 0x01, 0x00, 0x00, 0x00, 0xe0, 0x92, 0xd5, 0x3b,
    0x75, 0x03, 0x00, 0x00, 0x73, 0x6f, 0x63, 0x5f, 0x6c, 0x73, 0x74, 0x6d,
    0x5f, 0x31, 0x2f, 0x6c, 0x73, 0x74, 0x6d, 0x5f, 0x31, 0x2f, 0x75, 0x6e,
    0x73, 0x74, 0x61, 0x63, 0x6b, 0x3b, 0x73, 0x6f, 0x63, 0x5f, 0x6c, 0x73,
    0x74, 0x6d, 0x5f, 0x31, 0x2f, 0x6c, 0x73, 0x74, 0x6d, 0x5f, 0x31, 0x2f,
    0x75, 0x6e, 0x73, 0x74, 0x61, 0x63, 0x6b, 0x31, 0x3b, 0x73, 0x6f, 0x63,
    0x5f, 0x6c, 0x73, 0x74, 0x6d, 0x5f, 0x31, 0x2f, 0x6c, 0x73, 0x74, 0x6d,
    0x5f, 0x31, 0x2f, 0x75, 0x6e, 0x73, 0x74, 0x61, 0x63, 0x6b, 0x32, 0x3b,
    0x73, 0x6f, 0x63, 0x5f, 0x6c, 0x73, 0x74, 0x6d, 0x5f, 0x31, 0x2f, 0x6c,
    0x73, 0x74, 0x6d, 0x5f, 0x31, 0x2f, 0x75, 0x6e, 0x73, 0x74, 0x61, 0x63,
    0x6b, 0x33, 0x3b, 0x73, 0x6f, 0x63, 0x5f, 0x6c, 0x73, 0x74, 0x6d, 0x5f,
    0x31, 0x2f, 0x6c, 0x73, 0x74, 0x6d, 0x5f, 0x31, 0x2f, 0x75, 0x6e, 0x73,
    0x74, 0x61, 0x63, 0x6b, 0x34, 0x3b, 0x73, 0x6f, 0x63, 0x5f, 0x6c, 0x73,
    0x74, 0x6d, 0x5f, 0x31, 0x2f, 0x6c, 0x73, 0x74, 0x6d, 0x5f, 0x31, 0x2f,
    0x75, 0x6e, 0x73, 0x74, 0x61, 0x63, 0x6b, 0x35, 0x3b, 0x73, 0x6f, 0x63,
    0x5f, 0x6c, 0x73, 0x74, 0x6d, 0x5f, 0x31, 0x2f, 0x6c, 0x73, 0x74, 0x6d,
    0x5f, 0x31, 0x2f, 0x75, 0x6e, 0x73, 0x74, 0x61, 0x63, 0x6b, 0x36, 0x3b,
    0x73, 0x6f, 0x63, 0x5f, 0x6c, 0x73, 0x74, 0x6d, 0x5f, 0x31, 0x2f, 0x6c,
    0x73, 0x74, 0x6d, 0x5f, 0x31, 0x2f, 0x75, 0x6e, 0x73, 0x74, 0x61, 0x63,
    0x6b, 0x37, 0x3b, 0x73, 0x6f, 0x63, 0x5f, 0x6c, 0x73, 0x74, 0x6d, 0x5f,
    0x31, 0x2f, 0x6c, 0x73, 0x74, 0x6d, 0x5f, 0x31, 0x2f, 0x75, 0x6e, 0x73,
    0x74, 0x61, 0x63, 0x6b, 0x38, 0x3b, 0x73, 0x6f, 0x63, 0x5f, 0x6c, 0x73,
    0x74, 0x6d, 0x5f, 0x31, 0x2f, 0x6c, 0x73, 0x74, 0x6d, 0x5f, 0x31, 0x2f,
    0x75, 0x6e, 0x73, 0x74, 0x61, 0x63, 0x6b, 0x39, 0x3b, 0x73, 0x6f, 0x63,
    0x5f, 0x6c, 0x73, 0x74, 0x6d, 0x5f, 0x31, 0x2f, 0x6c, 0x73, 0x74, 0x6d,
    0x5f, 0x31, 0x2f, 0x75, 0x6e, 0x73, 0x74, 0x61, 0x63, 0x6b, 0x31, 0x30,
    0x3b, 0x73, 0x6f, 0x63, 0x5f, 0x6c, 0x73, 0x74, 0x6d, 0x5f, 0x31, 0x2f,
    0x6c, 0x73, 0x74, 0x6d, 0x5f, 0x31, 0x2f, 0x75, 0x6e, 0x73, 0x74, 0x61,
    0x63, 0x6b, 0x31, 0x31, 0x3b, 0x73, 0x6f, 0x63, 0x5f, 0x6c, 0x73, 0x74,
    0x6d, 0x5f, 0x31, 0x2f, 0x6c, 0x73, 0x74, 0x6d, 0x5f, 0x31, 0x2f, 0x75,
    0x6e, 0x73, 0x74, 0x61, 0x63, 0x6b, 0x31, 0x32, 0x3b, 0x73, 0x6f, 0x63,
    0x5f, 0x6c, 0x73, 0x74, 0x6d, 0x5f, 0x31, 0x2f, 0x6c, 0x73, 0x74, 0x6d,
    0x5f, 0x31, 0x2f, 0x75, 0x6e, 0x73, 0x74, 0x61, 0x63, 0x6b, 0x31, 0x33,
    0x3b, 0x73, 0x6f, 0x63, 0x5f, 0x6c, 0x73, 0x74, 0x6d, 0x5f, 0x31, 0x2f,
    0x6c, 0x73, 0x74, 0x6d, 0x5f, 0x31, 0x2f, 0x75, 0x6e, 0x73, 0x74, 0x61,
    0x63, 0x6b, 0x31, 0x34, 0x3b, 0x73, 0x6f, 0x63, 0x5f, 0x6c, 0x73, 0x74,
    0x6d, 0x5f, 0x31, 0x2f, 0x6c, 0x73, 0x74, 0x6d, 0x5f, 0x31, 0x2f, 0x75,
    0x6e, 0x73, 0x74, 0x61, 0x63, 0x6b, 0x31, 0x35, 0x3b, 0x73, 0x6f, 0x63,
    0x5f, 0x6c, 0x73, 0x74, 0x6d, 0x5f, 0x31, 0x2f, 0x6c, 0x73, 0x74, 0x6d,
    0x5f, 0x31, 0x2f, 0x75, 0x6e, 0x73, 0x74, 0x61, 0x63, 0x6b, 0x31, 0x36,
    0x3b, 0x73, 0x6f, 0x63, 0x5f, 0x6c, 0x73, 0x74, 0x6d, 0x5f, 0x31, 0x2f,
    0x6c, 0x73, 0x74, 0x6d, 0x5f, 0x31, 0x2f, 0x75, 0x6e, 0x73, 0x74, 0x61,
    0x63, 0x6b, 0x31, 0x37, 0x3b, 0x73, 0x6f, 0x63, 0x5f, 0x6c, 0x73, 0x74,
    0x6d, 0x5f, 0x31, 0x2f, 0x6c, 0x73, 0x74, 0x6d, 0x5f, 0x31, 0x2f, 0x75,
    0x6e, 0x73, 0x74, 0x61, 0x63, 0x6b, 0x31, 0x38, 0x3b, 0x73, 0x6f, 0x63,
    0x5f, 0x6c, 0x73, 0x74, 0x6d, 0x5f, 0x31, 0x2f, 0x6c, 0x73, 0x74, 0x6d,
    0x5f, 0x31, 0x2f, 0x75, 0x6e, 0x73, 0x74, 0x61, 0x63, 0x6b, 0x31, 0x39,
    0x3b, 0x73, 0x6f, 0x63, 0x5f, 0x6c, 0x73, 0x74, 0x6d, 0x5f, 0x31, 0x2f,
    0x6c, 0x73, 0x74, 0x6d, 0x5f, 0x31, 0x2f, 0x75, 0x6e, 0x73, 0x74, 0x61,
    0x63, 0x6b, 0x32, 0x30, 0x3b, 0x73, 0x6f, 0x63, 0x5f, 0x6c, 0x73, 0x74,
    0x6d, 0x5f, 0x31, 0x2f, 0x6c, 0x73, 0x74, 0x6d, 0x5f, 0x31, 0x2f, 0x75,
    0x6e, 0x73, 0x74, 0x61, 0x63, 0x6b, 0x32, 0x31, 0x3b, 0x73, 0x6f, 0x63,
    0x5f, 0x6c, 0x73, 0x74, 0x6d, 0x5f, 0x31, 0x2f, 0x6c, 0x73, 0x74, 0x6d,
    0x5f, 0x31, 0x2f, 0x75, 0x6e, 0x73, 0x74, 0x61, 0x63, 0x6b, 0x32, 0x32,
    0x3b, 0x73, 0x6f, 0x63, 0x5f, 0x6c, 0x73, 0x74, 0x6d, 0x5f, 0x31, 0x2f,
    0x6c, 0x73, 0x74, 0x6d, 0x5f, 0x31, 0x2f, 0x75, 0x6e, 0x73, 0x74, 0x61,
    0x63, 0x6b, 0x32, 0x33, 0x3b, 0x73, 0x6f, 0x63, 0x5f, 0x6c, 0x73, 0x74,
    0x6d, 0x5f, 0x31, 0x2f, 0x6c, 0x73, 0x74, 0x6d, 0x5f, 0x31, 0x2f, 0x75,
    0x6e, 0x73, 0x74, 0x61, 0x63, 0x6b, 0x32, 0x34, 0x3b, 0x73, 0x6f, 0x63,
    0x5f, 0x6c, 0x73, 0x74, 0x6d, 0x5f, 0x31, 0x2f, 0x6c, 0x73, 0x74, 0x6d,
    0x5f, 0x31, 0x2f, 0x75, 0x6e, 0x73, 0x74, 0x61, 0x63, 0x6b, 0x32, 0x35,
    0x3b, 0x73, 0x6f, 0x63, 0x5f, 0x6c, 0x73, 0x74, 0x6d, 0x5f, 0x31, 0x2f,
    0x6c, 0x73, 0x74, 0x6d, 0x5f, 0x31, 0x2f, 0x75, 0x6e, 0x73, 0x74, 0x61,
    0x63, 0x6b, 0x32, 0x36, 0x3b, 0x73, 0x6f, 0x63, 0x5f, 0x6c, 0x73, 0x74,
    0x6d, 0x5f, 0x31, 0x2f, 0x6c, 0x73, 0x74, 0x6d, 0x5f, 0x31, 0x2f, 0x75,
    0x6e, 0x73, 0x74, 0x61, 0x63, 0x6b, 0x32, 0x37, 0x3b, 0x73, 0x6f, 0x63,
    0x5f, 0x6c, 0x73, 0x74, 0x6d, 0x5f, 0x31, 0x2f, 0x6c, 0x73, 0x74, 0x6d,
    0x5f, 0x31, 0x2f, 0x75, 0x6e, 0x73, 0x74, 0x61, 0x63, 0x6b, 0x32, 0x38,
    0x3b, 0x73, 0x6f, 0x63, 0x5f, 0x6c, 0x73, 0x74, 0x6d, 0x5f, 0x31, 0x2f,
    0x6c, 0x73, 0x74, 0x6d, 0x5f, 0x31, 0x2f, 0x75, 0x6e, 0x73, 0x74, 0x61,
    0x63, 0x6b, 0x32, 0x39, 0x3b, 0x73, 0x6f, 0x63, 0x5f, 0x6c, 0x73, 0x74,
    0x6d, 0x5f, 0x31, 0x2f, 0x6c, 0x73, 0x74, 0x6d, 0x5f, 0x31, 0x2f, 0x75,
    0x6e, 0x73, 0x74, 0x61, 0x63, 0x6b, 0x33, 0x30, 0x3b, 0x73, 0x6f, 0x63,
    0x5f, 0x6c, 0x73, 0x74, 0x6d, 0x5f, 0x31, 0x2f, 0x6c, 0x73, 0x74, 0x6d,
    0x5f, 0x31, 0x2f, 0x75, 0x6e, 0x73, 0x74, 0x61, 0x63, 0x6b, 0x33, 0x31,
    0x31, 0x00, 0x00, 0x00, 0x02, 0x00, 0x00, 0x00, 0x01, 0x00, 0x00, 0x00,
    0x03, 0x00, 0x00, 0x00, 0xd6, 0xef, 0xff, 0xff, 0x00, 0x00, 0x00, 0x01,
    0x18, 0x00, 0x00, 0x00, 0x20, 0x00, 0x00, 0x00, 0x3c, 0x00, 0x00, 0x00,
    0x12, 0x00, 0x00, 0x00, 0x00, 0x00, 0x00, 0x09, 0xac, 0x03, 0x00, 0x00,
    0x02, 0x00, 0x00, 0x00, 0xff, 0xff, 0xff, 0xff, 0x03, 0x00, 0x00, 0x00,
    0xbc, 0xef, 0xff, 0xff, 0x08, 0x00, 0x00, 0x00, 0x10, 0x00, 0x00, 0x00,
    0x01, 0x00, 0x00, 0x00, 0xf7, 0xff, 0xff, 0xff, 0xff, 0xff, 0xff, 0xff,
    0x01, 0x00, 0x00, 0x00, 0xe0, 0x92, 0xd5, 0x3b, 0x74, 0x03, 0x00, 0x00,
    0x73, 0x6f, 0x63, 0x5f, 0x6c, 0x73, 0x74, 0x6d, 0x5f, 0x31, 0x2f, 0x6c,
    0x73, 0x74, 0x6d, 0x5f, 0x31, 0x2f, 0x75, 0x6e, 0x73, 0x74, 0x61, 0x63,
    0x6b, 0x3b, 0x73, 0x6f, 0x63, 0x5f, 0x6c, 0x73, 0x74, 0x6d, 0x5f, 0x31,
    0x2f, 0x6c, 0x73, 0x74, 0x6d, 0x5f, 0x31, 0x2f, 0x75, 0x6e, 0x73, 0x74,
    0x61, 0x63, 0x6b, 0x31, 0x3b, 0x73, 0x6f, 0x63, 0x5f, 0x6c, 0x73, 0x74,
    0x6d, 0x5f, 0x31, 0x2f, 0x6c, 0x73, 0x74, 0x6d, 0x5f, 0x31, 0x2f, 0x75,
    0x6e, 0x73, 0x74, 0x61, 0x63, 0x6b, 0x32, 0x3b, 0x73, 0x6f, 0x63, 0x5f,
    0x6c, 0x73, 0x74, 0x6d, 0x5f, 0x31, 0x2f, 0x6c, 0x73, 0x74, 0x6d, 0x5f,
    0x31, 0x2f, 0x75, 0x6e, 0x73, 0x74, 0x61, 0x63, 0x6b, 0x33, 0x3b, 0x73,
    0x6f, 0x63, 0x5f, 0x6c, 0x73, 0x74, 0x6d, 0x5f, 0x31, 0x2f, 0x6c, 0x73,
    0x74, 0x6d, 0x5f, 0x31, 0x2f, 0x75, 0x6e, 0x73, 0x74, 0x61, 0x63, 0x6b,
    0x34, 0x3b, 0x73, 0x6f, 0x63, 0x5f, 0x6c, 0x73, 0x74, 0x6d, 0x5f, 0x31,
    0x2f, 0x6c, 0x73, 0x74, 0x6d, 0x5f, 0x31, 0x2f, 0x75, 0x6e, 0x73, 0x74,
    0x61, 0x63, 0x6b, 0x35, 0x3b, 0x73, 0x6f, 0x63, 0x5f, 0x6c, 0x73, 0x74,
    0x6d, 0x5f, 0x31, 0x2f, 0x6c, 0x73, 0x74, 0x6d, 0x5f, 0x31, 0x2f, 0x75,
    0x6e, 0x73, 0x74, 0x61, 0x63, 0x6b, 0x36, 0x3b, 0x73, 0x6f, 0x63, 0x5f,
    0x6c, 0x73, 0x74, 0x6d, 0x5f, 0x31, 0x2f, 0x6c, 0x73, 0x74, 0x6d, 0x5f,
    0x31, 0x2f, 0x75, 0x6e, 0x73, 0x74, 0x61, 0x63, 0x6b, 0x37, 0x3b, 0x73,
    0x6f, 0x63, 0x5f, 0x6c, 0x73, 0x74, 0x6d, 0x5f, 0x31, 0x2f, 0x6c, 0x73,
    0x74, 0x6d, 0x5f, 0x31, 0x2f, 0x75, 0x6e, 0x73, 0x74, 0x61, 0x63, 0x6b,
    0x38, 0x3b, 0x73, 0x6f, 0x63, 0x5f, 0x6c, 0x73, 0x74, 0x6d, 0x5f, 0x31,
    0x2f, 0x6c, 0x73, 0x74, 0x6d, 0x5f, 0x31, 0x2f, 0x75, 0x6e, 0x73, 0x74,
    0x61, 0x63, 0x6b, 0x39, 0x3b, 0x73, 0x6f, 0x63, 0x5f, 0x6c, 0x73, 0x74,
    0x6d, 0x5f, 0x31, 0x2f, 0x6c, 0x73, 0x74, 0x6d, 0x5f, 0x31, 0x2f, 0x75,
    0x6e, 0x73, 0x74, 0x61, 0x63, 0x6b, 0x31, 0x30, 0x3b, 0x73, 0x6f, 0x63,
    0x5f, 0x6c, 0x73, 0x74, 0x6d, 0x5f, 0x31, 0x2f, 0x6c, 0x73, 0x74, 0x6d,
    0x5f, 0x31, 0x2f, 0x75, 0x6e, 0x73, 0x74, 0x61, 0x63, 0x6b, 0x31, 0x31,
    0x3b, 0x73, 0x6f, 0x63, 0x5f, 0x6c, 0x73, 0x74, 0x6d, 0x5f, 0x31, 0x2f,
    0x6c, 0x73, 0x74, 0x6d, 0x5f, 0x31, 0x2f, 0x75, 0x6e, 0x73, 0x74, 0x61,
    0x63, 0x6b, 0x31, 0x32, 0x3b, 0x73, 0x6f, 0x63, 0x5f, 0x6c, 0x73, 0x74,
    0x6d, 0x5f, 0x31, 0x2f, 0x6c, 0x73, 0x74, 0x6d, 0x5f, 0x31, 0x2f, 0x75,
    0x6e, 0x73, 0x74, 0x61, 0x63, 0x6b, 0x31, 0x33, 0x3b, 0x73, 0x6f, 0x63,
    0x5f, 0x6c, 0x73, 0x74, 0x6d, 0x5f, 0x31, 0x2f, 0x6c, 0x73, 0x74, 0x6d,
    0x5f, 0x31, 0x2f, 0x75, 0x6e, 0x73, 0x74, 0x61, 0x63, 0x6b, 0x31, 0x34,
    0x3b, 0x73, 0x6f, 0x63, 0x5f, 0x6c, 0x73, 0x74, 0x6d, 0x5f, 0x31, 0x2f,
    0x6c, 0x73, 0x74, 0x6d, 0x5f, 0x31, 0x2f, 0x75, 0x6e, 0x73, 0x74, 0x61,
    0x63, 0x6b, 0x31, 0x35, 0x3b, 0x73, 0x6f, 0x63, 0x5f, 0x6c, 0x73, 0x74,
    0x6d, 0x5f, 0x31, 0x2f, 0x6c, 0x73, 0x74, 0x6d, 0x5f, 0x31, 0x2f, 0x75,
    0x6e, 0x73, 0x74, 0x61, 0x63, 0x6b, 0x31, 0x36, 0x3b, 0x73, 0x6f, 0x63,
    0x5f, 0x6c, 0x73, 0x74, 0x6d, 0x5f, 0x31, 0x2f, 0x6c, 0x73, 0x74, 0x6d,
    0x5f, 0x31, 0x2f, 0x75, 0x6e, 0x73, 0x74, 0x61, 0x63, 0x6b, 0x31, 0x37,
    0x3b, 0x73, 0x6f, 0x63, 0x5f, 0x6c, 0x73, 0x74, 0x6d, 0x5f, 0x31, 0x2f,
    0x6c, 0x73, 0x74, 0x6d, 0x5f, 0x31, 0x2f, 0x75, 0x6e, 0x73, 0x74, 0x61,
    0x63, 0x6b, 0x31, 0x38, 0x3b, 0x73, 0x6f, 0x63, 0x5f, 0x6c, 0x73, 0x74,
    0x6d, 0x5f, 0x31, 0x2f, 0x6c, 0x73, 0x74, 0x6d, 0x5f, 0x31, 0x2f, 0x75,
    0x6e, 0x73, 0x74, 0x61, 0x63, 0x6b, 0x31, 0x39, 0x3b, 0x73, 0x6f, 0x63,
    0x5f, 0x6c, 0x73, 0x74, 0x6d, 0x5f, 0x31, 0x2f, 0x6c, 0x73, 0x74, 0x6d,
    0x5f, 0x31, 0x2f, 0x75, 0x6e, 0x73, 0x74, 0x61, 0x63, 0x6b, 0x32, 0x30,
    0x3b, 0x73, 0x6f, 0x63, 0x5f, 0x6c, 0x73, 0x74, 0x6d, 0x5f, 0x31, 0x2f,
    0x6c, 0x73, 0x74, 0x6d, 0x5f, 0x31, 0x2f, 0x75, 0x6e, 0x73, 0x74, 0x61,
    0x63, 0x6b, 0x32, 0x31, 0x3b, 0x73, 0x6f, 0x63, 0x5f, 0x6c, 0x73, 0x74,
    0x6d, 0x5f, 0x31, 0x2f, 0x6c, 0x73, 0x74, 0x6d, 0x5f, 0x31, 0x2f, 0x75,
    0x6e, 0x73, 0x74, 0x61, 0x63, 0x6b, 0x32, 0x32, 0x3b, 0x73, 0x6f, 0x63,
    0x5f, 0x6c, 0x73, 0x74, 0x6d, 0x5f, 0x31, 0x2f, 0x6c, 0x73, 0x74, 0x6d,
    0x5f, 0x31, 0x2f, 0x75, 0x6e, 0x73, 0x74, 0x61, 0x63, 0x6b, 0x32, 0x33,
    0x3b, 0x73, 0x6f, 0x63, 0x5f, 0x6c, 0x73, 0x74, 0x6d, 0x5f, 0x31, 0x2f,
    0x6c, 0x73, 0x74, 0x6d, 0x5f, 0x31, 0x2f, 0x75, 0x6e, 0x73, 0x74, 0x61,
    0x63, 0x6b, 0x32, 0x34, 0x3b, 0x73, 0x6f, 0x63, 0x5f, 0x6c, 0x73, 0x74,
    0x6d, 0x5f, 0x31, 0x2f, 0x6c, 0x73, 0x74, 0x6d, 0x5f, 0x31, 0x2f, 0x75,
    0x6e, 0x73, 0x74, 0x61, 0x63, 0x6b, 0x32, 0x35, 0x3b, 0x73, 0x6f, 0x63,
    0x5f, 0x6c, 0x73, 0x74, 0x6d, 0x5f, 0x31, 0x2f, 0x6c, 0x73, 0x74, 0x6d,
    0x5f, 0x31, 0x2f, 0x75, 0x6e, 0x73, 0x74, 0x61, 0x63, 0x6b, 0x32, 0x36,
    0x3b, 0x73, 0x6f, 0x63, 0x5f, 0x6c, 0x73, 0x74, 0x6d, 0x5f, 0x31, 0x2f,
    0x6c, 0x73, 0x74, 0x6d, 0x5f, 0x31, 0x2f, 0x75, 0x6e, 0x73, 0x74, 0x61,
    0x63, 0x6b, 0x32, 0x37, 0x3b, 0x73, 0x6f, 0x63, 0x5f, 0x6c, 0x73, 0x74,
    0x6d, 0x5f, 0x31, 0x2f, 0x6c, 0x73, 0x74, 0x6d, 0x5f, 0x31, 0x2f, 0x75,
    0x6e, 0x73, 0x74, 0x61, 0x63, 0x6b, 0x32, 0x38, 0x3b, 0x73, 0x6f, 0x63,
    0x5f, 0x6c, 0x73, 0x74, 0x6d, 0x5f, 0x31, 0x2f, 0x6c, 0x73, 0x74, 0x6d,
    0x5f, 0x31, 0x2f, 0x75, 0x6e, 0x73, 0x74, 0x61, 0x63, 0x6b, 0x32, 0x39,
    0x3b, 0x73, 0x6f, 0x63, 0x5f, 0x6c, 0x73, 0x74, 0x6d, 0x5f, 0x31, 0x2f,
    0x6c, 0x73, 0x74, 0x6d, 0x5f, 0x31, 0x2f, 0x75, 0x6e, 0x73, 0x74, 0x61,
    0x63, 0x6b, 0x33, 0x30, 0x3b, 0x73, 0x6f, 0x63, 0x5f, 0x6c, 0x73, 0x74,
    0x6d, 0x5f, 0x31, 0x2f, 0x6c, 0x73, 0x74, 0x6d, 0x5f, 0x31, 0x2f, 0x75,
    0x6e, 0x73, 0x74, 0x61, 0x63, 0x6b, 0x33, 0x31, 0x00, 0x00, 0x00, 0x00,
    0x02, 0x00, 0x00, 0x00, 0x01, 0x00, 0x00, 0x00, 0x03, 0x00, 0x00, 0x00,
    0xaa, 0xf3, 0xff, 0xff, 0x00, 0x00, 0x00, 0x01, 0x18, 0x00, 0x00, 0x00,
    0x24, 0x00, 0x00, 0x00, 0x40, 0x00, 0x00, 0x00, 0x11, 0x00, 0x00, 0x00,
    0x00, 0x00, 0x00, 0x09, 0x54, 0x00, 0x00, 0x00, 0x03, 0x00, 0x00, 0x00,
    0x20, 0x00, 0x00, 0x00, 0xff, 0xff, 0xff, 0xff, 0x03, 0x00, 0x00, 0x00,
    0x94, 0xf3, 0xff, 0xff, 0x08, 0x00, 0x00, 0x00, 0x10, 0x00, 0x00, 0x00,
    0x01, 0x00, 0x00, 0x00, 0xf7, 0xff, 0xff, 0xff, 0xff, 0xff, 0xff, 0xff,
    0x01, 0x00, 0x00, 0x00, 0xe0, 0x92, 0xd5, 0x3b, 0x1b, 0x00, 0x00, 0x00,
    0x73, 0x6f, 0x63, 0x5f, 0x6c, 0x73, 0x74, 0x6d, 0x5f, 0x31, 0x2f, 0x6c,
    0x73, 0x74, 0x6d, 0x5f, 0x31, 0x2f, 0x74, 0x72, 0x61, 0x6e, 0x73, 0x70,
    0x6f, 0x73, 0x65, 0x00, 0x03, 0x00, 0x00, 0x00, 0x20, 0x00, 0x00, 0x00,
    0x01, 0x00, 0x00, 0x00, 0x03, 0x00, 0x00, 0x00, 0x9a, 0xf4, 0xff, 0xff,
    0x00, 0x00, 0x00, 0x01, 0x14, 0x00, 0x00, 0x00, 0x14, 0x00, 0x00, 0x00,
    0x10, 0x00, 0x00, 0x00, 0x00, 0x00, 0x00, 0x02, 0x2c, 0x00, 0x00, 0x00,
    0x84, 0xf4, 0xff, 0xff, 0x1f, 0x00, 0x00, 0x00, 0x73, 0x6f, 0x63, 0x5f,
    0x6c, 0x73, 0x74, 0x6d, 0x5f, 0x31, 0x2f, 0x6c, 0x73, 0x74, 0x6d, 0x5f,
    0x31, 0x2f, 0x73, 0x74, 0x72, 0x69, 0x64, 0x65, 0x64, 0x5f, 0x73, 0x6c,
    0x69, 0x63, 0x65, 0x00, 0x00, 0x00, 0x00, 0x00, 0xe2, 0xf4, 0xff, 0xff,
    0x00, 0x00, 0x00, 0x01, 0x14, 0x00, 0x00, 0x00, 0x14, 0x00, 0x00, 0x00,
    0x0f, 0x00, 0x00, 0x00, 0x00, 0x00, 0x00, 0x02, 0x24, 0x00, 0x00, 0x00,
    0xcc, 0xf4, 0xff, 0xff, 0x17, 0x00, 0x00, 0x00, 0x73, 0x6f, 0x63, 0x5f,
    0x6c, 0x73, 0x74, 0x6d, 0x5f, 0x31, 0x2f, 0x6c, 0x73, 0x74, 0x6d, 0x5f,
    0x31, 0x2f, 0x53, 0x68, 0x61, 0x70, 0x65, 0x00, 0x01, 0x00, 0x00, 0x00,
    0x03, 0x00, 0x00, 0x00, 0x26, 0xf5, 0xff, 0xff, 0x00, 0x00, 0x00, 0x01,
    0x14, 0x00, 0x00, 0x00, 0x34, 0x00, 0x00, 0x00, 0x0e, 0x00, 0x00, 0x00,
    0x00, 0x00, 0x00, 0x09, 0x3c, 0x00, 0x00, 0x00, 0x8c, 0xf4, 0xff, 0xff,
    0x08, 0x00, 0x00, 0x00, 0x14, 0x00, 0x00, 0x00, 0x01, 0x00, 0x00, 0x00,
    0x00, 0x00, 0x00, 0x00, 0x00, 0x00, 0x00, 0x00, 0x00, 0x00, 0x00, 0x00,
    0x01, 0x00, 0x00, 0x00, 0x7b, 0xbe, 0x06, 0x32, 0x0f, 0x00, 0x00, 0x00,
    0x61, 0x72, 0x69, 0x74, 0x68, 0x2e, 0x63, 0x6f, 0x6e, 0x73, 0x74, 0x61,
    0x6e, 0x74, 0x33, 0x00, 0x00, 0x00, 0x00, 0x00, 0x7e, 0xf5, 0xff, 0xff,
    0x00, 0x00, 0x00, 0x01, 0x14, 0x00, 0x00, 0x00, 0x24, 0x03, 0x00, 0x00,
    0x0d, 0x00, 0x00, 0x00, 0x00, 0x00, 0x00, 0x09, 0x2c, 0x03, 0x00, 0x00,
    0xe4, 0xf4, 0xff, 0xff, 0x08, 0x00, 0x00, 0x00, 0x08, 0x02, 0x00, 0x00,
    0x40, 0x00, 0x00, 0x00, 0x00, 0x00, 0x00, 0x00, 0x00, 0x00, 0x00, 0x00,
    0x00, 0x00, 0x00, 0x00, 0x00, 0x00, 0x00, 0x00, 0x00, 0x00, 0x00, 0x00,
    0x00, 0x00, 0x00, 0x00, 0x00, 0x00, 0x00, 0x00, 0x00, 0x00, 0x00, 0x00,
    0x00, 0x00, 0x00, 0x00, 0x00, 0x00, 0x00, 0x00, 0x00, 0x00, 0x00, 0x00,
    0x00, 0x00, 0x00, 0x00, 0x00, 0x00, 0x00, 0x00, 0x00, 0x00, 0x00, 0x00,
    0x00, 0x00, 0x00, 0x00, 0x00, 0x00, 0x00, 0x00, 0x00, 0x00, 0x00, 0x00,
    0x00, 0x00, 0x00, 0x00, 0x00, 0x00, 0x00, 0x00, 0x00, 0x00, 0x00, 0x00,
    0x00, 0x00, 0x00, 0x00, 0x00, 0x00, 0x00, 0x00, 0x00, 0x00, 0x00, 0x00,
    0x00, 0x00, 0x00, 0x00, 0x00, 0x00, 0x00, 0x00, 0x00, 0x00, 0x00, 0x00,
    0x00, 0x00, 0x00, 0x00, 0x00, 0x00, 0x00, 0x00, 0x00, 0x00, 0x00, 0x00,
    0x00, 0x00, 0x00, 0x00, 0x00, 0x00, 0x00, 0x00, 0x00, 0x00, 0x00, 0x00,
    0x00, 0x00, 0x00, 0x00, 0x00, 0x00, 0x00, 0x00, 0x00, 0x00, 0x00, 0x00,
    0x00, 0x00, 0x00, 0x00, 0x00, 0x00, 0x00, 0x00, 0x00, 0x00, 0x00, 0x00,
    0x00, 0x00, 0x00, 0x00, 0x00, 0x00, 0x00, 0x00, 0x00, 0x00, 0x00, 0x00,
    0x00, 0x00, 0x00, 0x00, 0x00, 0x00, 0x00, 0x00, 0x00, 0x00, 0x00, 0x00,
    0x00, 0x00, 0x00, 0x00, 0x00, 0x00, 0x00, 0x00, 0x00, 0x00, 0x00, 0x00,
    0x00, 0x00, 0x00, 0x00, 0x00, 0x00, 0x00, 0x00, 0x00, 0x00, 0x00, 0x00,
    0x00, 0x00, 0x00, 0x00, 0x00, 0x00, 0x00, 0x00, 0x00, 0x00, 0x00, 0x00,
    0x00, 0x00, 0x00, 0x00, 0x00, 0x00, 0x00, 0x00, 0x00, 0x00, 0x00, 0x00,
    0x00, 0x00, 0x00, 0x00, 0x00, 0x00, 0x00, 0x00, 0x00, 0x00, 0x00, 0x00,
    0x00, 0x00, 0x00, 0x00, 0x00, 0x00, 0x00, 0x00, 0x00, 0x00, 0x00, 0x00,
    0x00, 0x00, 0x00, 0x00, 0x00, 0x00, 0x00, 0x00, 0x00, 0x00, 0x00, 0x00,
    0x00, 0x00, 0x00, 0x00, 0x00, 0x00, 0x00, 0x00, 0x00, 0x00, 0x00, 0x00,
    0x00, 0x00, 0x00, 0x00, 0x00, 0x00, 0x00, 0x00, 0x00, 0x00, 0x00, 0x00,
    0x00, 0x00, 0x00, 0x00, 0x00, 0x00, 0x00, 0x00, 0x00, 0x00, 0x00, 0x00,
    0x00, 0x00, 0x00, 0x00, 0x00, 0x00, 0x00, 0x00, 0x00, 0x00, 0x00, 0x00,
    0x00, 0x00, 0x00, 0x00, 0x00, 0x00, 0x00, 0x00, 0x00, 0x00, 0x00, 0x00,
    0x00, 0x00, 0x00, 0x00, 0x00, 0x00, 0x00, 0x00, 0x00, 0x00, 0x00, 0x00,
    0x00, 0x00, 0x00, 0x00, 0x00, 0x00, 0x00, 0x00, 0x00, 0x00, 0x00, 0x00,
    0x00, 0x00, 0x00, 0x00, 0x00, 0x00, 0x00, 0x00, 0x00, 0x00, 0x00, 0x00,
    0x00, 0x00, 0x00, 0x00, 0x00, 0x00, 0x00, 0x00, 0x00, 0x00, 0x00, 0x00,
    0x00, 0x00, 0x00, 0x00, 0x00, 0x00, 0x00, 0x00, 0x00, 0x00, 0x00, 0x00,
    0x00, 0x00, 0x00, 0x00, 0x00, 0x00, 0x00, 0x00, 0x00, 0x00, 0x00, 0x00,
    0x00, 0x00, 0x00, 0x00, 0x00, 0x00, 0x00, 0x00, 0x00, 0x00, 0x00, 0x00,
    0x00, 0x00, 0x00, 0x00, 0x00, 0x00, 0x00, 0x00, 0x00, 0x00, 0x00, 0x00,
    0x00, 0x00, 0x00, 0x00, 0x00, 0x00, 0x00, 0x00, 0x00, 0x00, 0x00, 0x00,
    0x00, 0x00, 0x00, 0x00, 0x00, 0x00, 0x00, 0x00, 0x00, 0x00, 0x00, 0x00,
    0x00, 0x00, 0x00, 0x00, 0x00, 0x00, 0x00, 0x00, 0x00, 0x00, 0x00, 0x00,
    0x00, 0x00, 0x00, 0x00, 0x00, 0x00, 0x00, 0x00, 0x00, 0x00, 0x00, 0x00,
    0x00, 0x00, 0x00, 0x00, 0x00, 0x00, 0x00, 0x00, 0x00, 0x00, 0x00, 0x00,
    0x00, 0x00, 0x00, 0x00, 0x00, 0x00, 0x00, 0x00, 0x00, 0x00, 0x00, 0x00,
    0x00, 0x00, 0x00, 0x00, 0x00, 0x00, 0x00, 0x00, 0x00, 0x00, 0x00, 0x00,
    0x00, 0x00, 0x00, 0x00, 0x00, 0x00, 0x00, 0x00, 0x00, 0x00, 0x00, 0x00,
    0x40, 0x00, 0x00, 0x00, 0x9c, 0xae, 0xe2, 0x3a, 0xc2, 0x1b, 0x54, 0x3b,
    0xb3, 0x25, 0x2b, 0x3b, 0x03, 0xa9, 0x32, 0x3b, 0x78, 0x57, 0x2d, 0x3b,
    0x4d, 0x6e, 0x12, 0x3b, 0x38, 0x1f, 0x8b, 0x3b, 0xa1, 0x1e, 0x5e, 0x3b,
    0x16, 0x58, 0x2f, 0x3b, 0x27, 0x5d, 0x46, 0x3b, 0x45, 0x18, 0x7f, 0x3b,
    0x9c, 0x6e, 0x06, 0x3b, 0xf9, 0xed, 0x60, 0x3b, 0xbb, 0x1f, 0x2d, 0x3b,
    0x57, 0xca, 0x4a, 0x3b, 0xe9, 0xa0, 0xdf, 0x3a, 0x2c, 0x32, 0x5f, 0x3b,
    0xe4, 0x25, 0x1d, 0x3b, 0xe3, 0xa3, 0xc7, 0x3a, 0xc9, 0xe8, 0x15, 0x3b,
    0x1d, 0x7c, 0x15, 0x3b, 0x3e, 0xf0, 0x36, 0x3b, 0x2f, 0x24, 0x8c, 0x3b,
    0x22, 0x38, 0x39, 0x3b, 0x0a, 0x02, 0x2b, 0x3b, 0x4d, 0x0b, 0x37, 0x3b,
    0xd5, 0x22, 0x06, 0x3b, 0x7f, 0x75, 0x39, 0x3b, 0x83, 0x0b, 0x60, 0x3b,
    0x67, 0x42, 0x5d, 0x3b, 0x92, 0x10, 0x27, 0x3b, 0x55, 0x75, 0x51, 0x3b,
    0xbd, 0x96, 0x87, 0x3b, 0x41, 0x6a, 0x0e, 0x3b, 0x0a, 0x44, 0x19, 0x3b,
    0x2f, 0xcf, 0x51, 0x3b, 0xf1, 0xa9, 0xe3, 0x3a, 0x31, 0xc4, 0x40, 0x3b,
    0xd1, 0x88, 0x15, 0x3b, 0xc4, 0x23, 0x35, 0x3b, 0xab, 0x7a, 0x29, 0x3b,
    0x6c, 0x04, 0xee, 0x3a, 0xbd, 0x12, 0x2d, 0x3b, 0x7a, 0x01, 0x2d, 0x3b,
    0xf0, 0x46, 0x5b, 0x3b, 0xb7, 0xc9, 0x0f, 0x3b, 0x9f, 0xd4, 0x21, 0x3b,
    0x8d, 0x8b, 0x1c, 0x3b, 0x13, 0x4c, 0x14, 0x3b, 0xa0, 0x00, 0x29, 0x3b,
    0x30, 0x4e, 0x58, 0x3b, 0xdb, 0x5b, 0x78, 0x3b, 0x7a, 0x94, 0x7c, 0x3b,
    0x6a, 0xfd, 0x10, 0x3b, 0x23, 0x71, 0x6c, 0x3b, 0x82, 0x58, 0x06, 0x3b,
    0xa6, 0x43, 0x62, 0x3b, 0x30, 0xc9, 0x81, 0x3b, 0xae, 0x3b, 0x52, 0x3b,
    0xdb, 0x98, 0x68, 0x3b, 0xc7, 0xf4, 0xd7, 0x3a, 0x7e, 0x28, 0x45, 0x3b,
    0x3a, 0x86, 0x35, 0x3b, 0x81, 0xa6, 0x04, 0x3b, 0x0f, 0x00, 0x00, 0x00,
    0x61, 0x72, 0x69, 0x74, 0x68, 0x2e, 0x63, 0x6f, 0x6e, 0x73, 0x74, 0x61,
    0x6e, 0x74, 0x31, 0x00, 0x02, 0x00, 0x00, 0x00, 0x40, 0x00, 0x00, 0x00,
    0x10, 0x00, 0x00, 0x00, 0xce, 0xf8, 0xff, 0xff, 0x00, 0x00, 0x00, 0x01,
    0x14, 0x00, 0x00, 0x00, 0x24, 0x03, 0x00, 0x00, 0x0c, 0x00, 0x00, 0x00,
    0x00, 0x00, 0x00, 0x09, 0x2c, 0x03, 0x00, 0x00, 0x34, 0xf8, 0xff, 0xff,
    0x08, 0x00, 0x00, 0x00, 0x08, 0x02, 0x00, 0x00, 0x40, 0x00, 0x00, 0x00,
    0x00, 0x00, 0x00, 0x00, 0x00, 0x00, 0x00, 0x00, 0x00, 0x00, 0x00, 0x00,
    0x00, 0x00, 0x00, 0x00, 0x00, 0x00, 0x00, 0x00, 0x00, 0x00, 0x00, 0x00,
    0x00, 0x00, 0x00, 0x00, 0x00, 0x00, 0x00, 0x00, 0x00, 0x00, 0x00, 0x00,
    0x00, 0x00, 0x00, 0x00, 0x00, 0x00, 0x00, 0x00, 0x00, 0x00, 0x00, 0x00,
    0x00, 0x00, 0x00, 0x00, 0x00, 0x00, 0x00, 0x00, 0x00, 0x00, 0x00, 0x00,
    0x00, 0x00, 0x00, 0x00, 0x00, 0x00, 0x00, 0x00, 0x00, 0x00, 0x00, 0x00,
    0x00, 0x00, 0x00, 0x00, 0x00, 0x00, 0x00, 0x00, 0x00, 0x00, 0x00, 0x00,
    0x00, 0x00, 0x00, 0x00, 0x00, 0x00, 0x00, 0x00, 0x00, 0x00, 0x00, 0x00,
    0x00, 0x00, 0x00, 0x00, 0x00, 0x00, 0x00, 0x00, 0x00, 0x00, 0x00, 0x00,
    0x00, 0x00, 0x00, 0x00, 0x00, 0x00, 0x00, 0x00, 0x00, 0x00, 0x00, 0x00,
    0x00, 0x00, 0x00, 0x00, 0x00, 0x00, 0x00, 0x00, 0x00, 0x00, 0x00, 0x00,
    0x00, 0x00, 0x00, 0x00, 0x00, 0x00, 0x00, 0x00, 0x00, 0x00, 0x00, 0x00,
    0x00, 0x00, 0x00, 0x00, 0x00, 0x00, 0x00, 0x00, 0x00, 0x00, 0x00, 0x00,
    0x00, 0x00, 0x00, 0x00, 0x00, 0x00, 0x00, 0x00, 0x00, 0x00, 0x00, 0x00,
    0x00, 0x00, 0x00, 0x00, 0x00, 0x00, 0x00, 0x00, 0x00, 0x00, 0x00, 0x00,
    0x00, 0x00, 0x00, 0x00, 0x00, 0x00, 0x00, 0x00, 0x00, 0x00, 0x00, 0x00,
    0x00, 0x00, 0x00, 0x00, 0x00, 0x00, 0x00, 0x00, 0x00, 0x00, 0x00, 0x00,
    0x00, 0x00, 0x00, 0x00, 0x00, 0x00, 0x00, 0x00, 0x00, 0x00, 0x00, 0x00,
    0x00, 0x00, 0x00, 0x00, 0x00, 0x00, 0x00, 0x00, 0x00, 0x00, 0x00, 0x00,
    0x00, 0x00, 0x00, 0x00, 0x00, 0x00, 0x00, 0x00, 0x00, 0x00, 0x00, 0x00,
    0x00, 0x00, 0x00, 0x00, 0x00, 0x00, 0x00, 0x00, 0x00, 0x00, 0x00, 0x00,
    0x00, 0x00, 0x00, 0x00, 0x00, 0x00, 0x00, 0x00, 0x00, 0x00, 0x00, 0x00,
    0x00, 0x00, 0x00, 0x00, 0x00, 0x00, 0x00, 0x00, 0x00, 0x00, 0x00, 0x00,
    0x00, 0x00, 0x00, 0x00, 0x00, 0x00, 0x00, 0x00, 0x00, 0x00, 0x00, 0x00,
    0x00, 0x00, 0x00, 0x00, 0x00, 0x00, 0x00, 0x00, 0x00, 0x00, 0x00, 0x00,
    0x00, 0x00, 0x00, 0x00, 0x00, 0x00, 0x00, 0x00, 0x00, 0x00, 0x00, 0x00,
    0x00, 0x00, 0x00, 0x00, 0x00, 0x00, 0x00, 0x00, 0x00, 0x00, 0x00, 0x00,
    0x00, 0x00, 0x00, 0x00, 0x00, 0x00, 0x00, 0x00, 0x00, 0x00, 0x00, 0x00,
    0x00, 0x00, 0x00, 0x00, 0x00, 0x00, 0x00, 0x00, 0x00, 0x00, 0x00, 0x00,
    0x00, 0x00, 0x00, 0x00, 0x00, 0x00, 0x00, 0x00, 0x00, 0x00, 0x00, 0x00,
    0x00, 0x00, 0x00, 0x00, 0x00, 0x00, 0x00, 0x00, 0x00, 0x00, 0x00, 0x00,
    0x00, 0x00, 0x00, 0x00, 0x00, 0x00, 0x00, 0x00, 0x00, 0x00, 0x00, 0x00,
    0x00, 0x00, 0x00, 0x00, 0x00, 0x00, 0x00, 0x00, 0x00, 0x00, 0x00, 0x00,
    0x00, 0x00, 0x00, 0x00, 0x00, 0x00, 0x00, 0x00, 0x00, 0x00, 0x00, 0x00,
    0x00, 0x00, 0x00, 0x00, 0x00, 0x00, 0x00, 0x00, 0x00, 0x00, 0x00, 0x00,
    0x00, 0x00, 0x00, 0x00, 0x00, 0x00, 0x00, 0x00, 0x00, 0x00, 0x00, 0x00,
    0x00, 0x00, 0x00, 0x00, 0x00, 0x00, 0x00, 0x00, 0x00, 0x00, 0x00, 0x00,
    0x00, 0x00, 0x00, 0x00, 0x00, 0x00, 0x00, 0x00, 0x00, 0x00, 0x00, 0x00,
    0x00, 0x00, 0x00, 0x00, 0x00, 0x00, 0x00, 0x00, 0x00, 0x00, 0x00, 0x00,
    0x00, 0x00, 0x00, 0x00, 0x00, 0x00, 0x00, 0x00, 0x00, 0x00, 0x00, 0x00,
    0x00, 0x00, 0x00, 0x00, 0x00, 0x00, 0x00, 0x00, 0x00, 0x00, 0x00, 0x00,
    0x00, 0x00, 0x00, 0x00, 0x00, 0x00, 0x00, 0x00, 0x00, 0x00, 0x00, 0x00,
    0x00, 0x00, 0x00, 0x00, 0x00, 0x00, 0x00, 0x00, 0x40, 0x00, 0x00, 0x00,
    0x97, 0x38, 0x0a, 0x3b, 0xbf, 0xdb, 0x6c, 0x3b, 0xf1, 0xc7, 0x7a, 0x3b,
    0x55, 0x49, 0x11, 0x3b, 0xc7, 0xbe, 0x88, 0x3b, 0xb7, 0x4e, 0x09, 0x3b,
    0x7f, 0xf1, 0xbf, 0x3a, 0x5b, 0xbd, 0x3b, 0x3b, 0x7e, 0xf3, 0x27, 0x3b,
    0xb2, 0x51, 0x97, 0x3a, 0x9b, 0x33, 0xc2, 0x3b, 0x6c, 0x6a, 0x11, 0x3b,
    0x4c, 0x5d, 0xf9, 0x3a, 0x4c, 0xee, 0x62, 0x3b, 0x70, 0x78, 0x9f, 0x3a,
    0xf8, 0x96, 0x34, 0x3b, 0x41, 0x04, 0x11, 0x3b, 0xbd, 0xa7, 0x38, 0x3b,
    0xfe, 0xee, 0x6a, 0x3b, 0x76, 0xb3, 0xd8, 0x3a, 0x86, 0xaf, 0x77, 0x3a,
    0xfb, 0x99, 0x33, 0x3b, 0x42, 0x86, 0x2b, 0x3a, 0x17, 0xbd, 0xf4, 0x3a,
    0x84, 0x00, 0x83, 0x3a, 0xab, 0xc6, 0xcf, 0x3a, 0x82, 0x7d, 0x27, 0x3b,
    0xf1, 0xef, 0x03, 0x3b, 0x7d, 0xd7, 0x43, 0x3b, 0x66, 0x30, 0x93, 0x3b,
    0xfb, 0x0b, 0x10, 0x3b, 0x0c, 0xfb, 0xa8, 0x3a, 0x58, 0xaf, 0x0f, 0x3b,
    0xed, 0xbb, 0xe3, 0x3a, 0x6d, 0x3f, 0xbb, 0x3a, 0x9f, 0x5c, 0xfd, 0x3a,
    0xac, 0xf2, 0x2b, 0x3b, 0x96, 0x7e, 0x13, 0x3b, 0xa7, 0x0b, 0x19, 0x3b,
    0x4b, 0xee, 0xca, 0x3a, 0x72, 0x48, 0x12, 0x3b, 0x79, 0x75, 0xcd, 0x3a,
    0xd3, 0xcf, 0x48, 0x3b, 0xd4, 0xbb, 0xc3, 0x3a, 0xb2, 0x59, 0x38, 0x3b,
    0x6c, 0x5f, 0x4e, 0x3a, 0x8e, 0x91, 0xbe, 0x3a, 0xf3, 0xd9, 0x48, 0x3b,
    0x1a, 0x50, 0xf2, 0x3a, 0x3d, 0xe0, 0x70, 0x3b, 0x62, 0x02, 0x4c, 0x3b,
    0x8d, 0xb6, 0xad, 0x3b, 0x6b, 0x41, 0x3e, 0x3b, 0x2d, 0xd6, 0x97, 0x3b,
    0xf2, 0xad, 0x8e, 0x3b, 0xe1, 0x1e, 0xce, 0x3a, 0x53, 0x6d, 0xf0, 0x3a,
    0x1b, 0x9b, 0x63, 0x3b, 0xd7, 0xb1, 0x61, 0x3b, 0x80, 0xcd, 0x5a, 0x3b,
    0xdc, 0x85, 0x61, 0x3b, 0x06, 0x3d, 0x62, 0x3b, 0xd6, 0xa0, 0x84, 0x3b,
    0x23, 0xb7, 0x10, 0x3b, 0x0e, 0x00, 0x00, 0x00, 0x61, 0x72, 0x69, 0x74,
    0x68, 0x2e, 0x63, 0x6f, 0x6e, 0x73, 0x74, 0x61, 0x6e, 0x74, 0x00, 0x00,
    0x02, 0x00, 0x00, 0x00, 0x40, 0x00, 0x00, 0x00, 0x03, 0x00, 0x00, 0x00,
    0x1e, 0xfc, 0xff, 0xff, 0x00, 0x00, 0x00, 0x01, 0x14, 0x00, 0x00, 0x00,
    0x30, 0x00, 0x00, 0x00, 0x0b, 0x00, 0x00, 0x00, 0x00, 0x00, 0x00, 0x09,
    0x60, 0x00, 0x00, 0x00, 0x84, 0xfb, 0xff, 0xff, 0x08, 0x00, 0x00, 0x00,
    0x10, 0x00, 0x00, 0x00, 0x01, 0x00, 0x00, 0x00, 0x9d, 0xff, 0xff, 0xff,
    0xff, 0xff, 0xff, 0xff, 0x01, 0x00, 0x00, 0x00, 0xe4, 0x02, 0xa2, 0x3b,
    0x34, 0x00, 0x00, 0x00, 0x73, 0x6f, 0x63, 0x5f, 0x6c, 0x73, 0x74, 0x6d,
    0x5f, 0x31, 0x2f, 0x6c, 0x73, 0x74, 0x6d, 0x5f, 0x31, 0x2f, 0x6c, 0x73,
    0x74, 0x6d, 0x5f, 0x63, 0x65, 0x6c, 0x6c, 0x5f, 0x31, 0x2f, 0x42, 0x69,
    0x61, 0x73, 0x41, 0x64, 0x64, 0x2f, 0x52, 0x65, 0x61, 0x64, 0x56, 0x61,
    0x72, 0x69, 0x61, 0x62, 0x6c, 0x65, 0x4f, 0x70, 0x00, 0x00, 0x00, 0x00,
    0x01, 0x00, 0x00, 0x00, 0x40, 0x00, 0x00, 0x00, 0x9e, 0xfc, 0xff, 0xff,
    0x00, 0x00, 0x00, 0x01, 0x14, 0x00, 0x00, 0x00, 0x88, 0x00, 0x00, 0x00,
    0x0a, 0x00, 0x00, 0x00, 0x00, 0x00, 0x00, 0x09, 0x9c, 0x00, 0x00, 0x00,
    0x04, 0xfc, 0xff, 0xff, 0x08, 0x00, 0x00, 0x00, 0x4c, 0x00, 0x00, 0x00,
    0x08, 0x00, 0x00, 0x00, 0x00, 0x00, 0x00, 0x00, 0x00, 0x00, 0x00, 0x00,
    0x00, 0x00, 0x00, 0x00, 0x00, 0x00, 0x00, 0x00, 0x00, 0x00, 0x00, 0x00,
    0x00, 0x00, 0x00, 0x00, 0x00, 0x00, 0x00, 0x00, 0x00, 0x00, 0x00, 0x00,
    0x00, 0x00, 0x00, 0x00, 0x00, 0x00, 0x00, 0x00, 0x00, 0x00, 0x00, 0x00,
    0x00, 0x00, 0x00, 0x00, 0x00, 0x00, 0x00, 0x00, 0x00, 0x00, 0x00, 0x00,
    0x00, 0x00, 0x00, 0x00, 0x00, 0x00, 0x00, 0x00, 0x00, 0x00, 0x00, 0x00,
    0x08, 0x00, 0x00, 0x00, 0xf5, 0x7f, 0x98, 0x3b, 0x6f, 0xbf, 0x92, 0x3b,
    0x3b, 0x2b, 0x60, 0x3b, 0xde, 0x81, 0x58, 0x3b, 0x5e, 0xbc, 0x96, 0x3b,
    0x2a, 0xc4, 0x91, 0x3b, 0x55, 0x5d, 0x59, 0x3b, 0x8b, 0xe7, 0x63, 0x3b,
    0x1b, 0x00, 0x00, 0x00, 0x73, 0x6f, 0x63, 0x5f, 0x6c, 0x73, 0x74, 0x6d,
    0x5f, 0x31, 0x2f, 0x64, 0x65, 0x6e, 0x73, 0x65, 0x5f, 0x33, 0x5f, 0x31,
    0x2f, 0x4d, 0x61, 0x74, 0x4d, 0x75, 0x6c, 0x00, 0x02, 0x00, 0x00, 0x00,
    0x08, 0x00, 0x00, 0x00, 0x10, 0x00, 0x00, 0x00, 0x5e, 0xfd, 0xff, 0xff,
    0x00, 0x00, 0x00, 0x01, 0x14, 0x00, 0x00, 0x00, 0x88, 0x00, 0x00, 0x00,
    0x09, 0x00, 0x00, 0x00, 0x00, 0x00, 0x00, 0x02, 0xb8, 0x00, 0x00, 0x00,
    0xc4, 0xfc, 0xff, 0xff, 0x08, 0x00, 0x00, 0x00, 0x4c, 0x00, 0x00, 0x00,
    0x08, 0x00, 0x00, 0x00, 0x00, 0x00, 0x00, 0x00, 0x00, 0x00, 0x00, 0x00,
    0x00, 0x00, 0x00, 0x00, 0x00, 0x00, 0x00, 0x00, 0x00, 0x00, 0x00, 0x00,
    0x00, 0x00, 0x00, 0x00, 0x00, 0x00, 0x00, 0x00, 0x00, 0x00, 0x00, 0x00,
    0x00, 0x00, 0x00, 0x00, 0x00, 0x00, 0x00, 0x00, 0x00, 0x00, 0x00, 0x00,
    0x00, 0x00, 0x00, 0x00, 0x00, 0x00, 0x00, 0x00, 0x00, 0x00, 0x00, 0x00,
    0x00, 0x00, 0x00, 0x00, 0x00, 0x00, 0x00, 0x00, 0x00, 0x00, 0x00, 0x00,
    0x08, 0x00, 0x00, 0x00, 0xc1, 0x54, 0xf2, 0x37, 0xd4, 0x30, 0xe9, 0x37,
    0xd1, 0x1b, 0xb2, 0x37, 0x75, 0x05, 0xac, 0x37, 0x27, 0x87, 0xef, 0x37,
    0x8c, 0xa1, 0xe7, 0x37, 0xd4, 0xb3, 0xac, 0x37, 0xa2, 0x13, 0xb5, 0x37,
    0x36, 0x00, 0x00, 0x00, 0x73, 0x6f, 0x63, 0x5f, 0x6c, 0x73, 0x74, 0x6d,
    0x5f, 0x31, 0x2f, 0x64, 0x65, 0x6e, 0x73, 0x65, 0x5f, 0x33, 0x5f, 0x31,
    0x2f, 0x52, 0x65, 0x6c, 0x75, 0x3b, 0x73, 0x6f, 0x63, 0x5f, 0x6c, 0x73,
    0x74, 0x6d, 0x5f, 0x31, 0x2f, 0x64, 0x65, 0x6e, 0x73, 0x65, 0x5f, 0x33,
    0x5f, 0x31, 0x2f, 0x42, 0x69, 0x61, 0x73, 0x41, 0x64, 0x64, 0x00, 0x00,
    0x01, 0x00, 0x00, 0x00, 0x08, 0x00, 0x00, 0x00, 0x36, 0xfe, 0xff, 0xff,
    0x00, 0x00, 0x00, 0x01, 0x14, 0x00, 0x00, 0x00, 0x30, 0x00, 0x00, 0x00,
    0x08, 0x00, 0x00, 0x00, 0x00, 0x00, 0x00, 0x09, 0x44, 0x00, 0x00, 0x00,
    0x9c, 0xfd, 0xff, 0xff, 0x08, 0x00, 0x00, 0x00, 0x10, 0x00, 0x00, 0x00,
    0x01, 0x00, 0x00, 0x00, 0x00, 0x00, 0x00, 0x00, 0x00, 0x00, 0x00, 0x00,
    0x01, 0x00, 0x00, 0x00, 0x55, 0xbd, 0xee, 0x3b, 0x1b, 0x00, 0x00, 0x00,
    0x73, 0x6f, 0x63, 0x5f, 0x6c, 0x73, 0x74, 0x6d, 0x5f, 0x31, 0x2f, 0x64,
    0x65, 0x6e, 0x73, 0x65, 0x5f, 0x34, 0x5f, 0x31, 0x2f, 0x4d, 0x61, 0x74,
    0x4d, 0x75, 0x6c, 0x00, 0x02, 0x00, 0x00, 0x00, 0x01, 0x00, 0x00, 0x00,
    0x08, 0x00, 0x00, 0x00, 0x9e, 0xfe, 0xff, 0xff, 0x00, 0x00, 0x00, 0x01,
    0x14, 0x00, 0x00, 0x00, 0x30, 0x00, 0x00, 0x00, 0x07, 0x00, 0x00, 0x00,
    0x00, 0x00, 0x00, 0x02, 0x44, 0x00, 0x00, 0x00, 0x04, 0xfe, 0xff, 0xff,
    0x08, 0x00, 0x00, 0x00, 0x10, 0x00, 0x00, 0x00, 0x01, 0x00, 0x00, 0x00,
    0x00, 0x00, 0x00, 0x00, 0x00, 0x00, 0x00, 0x00, 0x01, 0x00, 0x00, 0x00,
    0x65, 0x54, 0x62, 0x38, 0x18, 0x00, 0x00, 0x00, 0x73, 0x6f, 0x63, 0x5f,
    0x6c, 0x73, 0x74, 0x6d, 0x5f, 0x31, 0x2f, 0x64, 0x65, 0x6e, 0x73, 0x65,
    0x5f, 0x34, 0x5f, 0x31, 0x2f, 0x41, 0x64, 0x64, 0x00, 0x00, 0x00, 0x00,
    0x01, 0x00, 0x00, 0x00, 0x01, 0x00, 0x00, 0x00, 0x02, 0xff, 0xff, 0xff,
    0x00, 0x00, 0x00, 0x01, 0x14, 0x00, 0x00, 0x00, 0x14, 0x00, 0x00, 0x00,
    0x03, 0x00, 0x00, 0x00, 0x00, 0x00, 0x00, 0x02, 0x1c, 0x00, 0x00, 0x00,
    0xec, 0xfe, 0xff, 0xff, 0x0f, 0x00, 0x00, 0x00, 0x61, 0x72, 0x69, 0x74,
    0x68, 0x2e, 0x63, 0x6f, 0x6e, 0x73, 0x74, 0x61, 0x6e, 0x74, 0x35, 0x00,
    0x00, 0x00, 0x00, 0x00, 0x3a, 0xff, 0xff, 0xff, 0x00, 0x00, 0x00, 0x01,
    0x14, 0x00, 0x00, 0x00, 0x14, 0x00, 0x00, 0x00, 0x05, 0x00, 0x00, 0x00,
    0x00, 0x00, 0x00, 0x02, 0x1c, 0x00, 0x00, 0x00, 0x24, 0xff, 0xff, 0xff,
    0x0f, 0x00, 0x00, 0x00, 0x61, 0x72, 0x69, 0x74, 0x68, 0x2e, 0x63, 0x6f,
    0x6e, 0x73, 0x74, 0x61, 0x6e, 0x74, 0x32, 0x00, 0x00, 0x00, 0x00, 0x00,
    0x72, 0xff, 0xff, 0xff, 0x00, 0x00, 0x00, 0x01, 0x14, 0x00, 0x00, 0x00,
    0x14, 0x00, 0x00, 0x00, 0x04, 0x00, 0x00, 0x00, 0x00, 0x00, 0x00, 0x02,
    0x30, 0x00, 0x00, 0x00, 0x5c, 0xff, 0xff, 0xff, 0x20, 0x00, 0x00, 0x00,
    0x73, 0x6f, 0x63, 0x5f, 0x6c, 0x73, 0x74, 0x6d, 0x5f, 0x31, 0x2f, 0x6c,
    0x73, 0x74, 0x6d, 0x5f, 0x31, 0x2f, 0x74, 0x72, 0x61, 0x6e, 0x73, 0x70,
    0x6f, 0x73, 0x65, 0x2f, 0x70, 0x65, 0x72, 0x6d, 0x00, 0x00, 0x00, 0x00,
    0x01, 0x00, 0x00, 0x00, 0x03, 0x00, 0x00, 0x00, 0xc2, 0xff, 0xff, 0xff,
    0x00, 0x00, 0x00, 0x01, 0x14, 0x00, 0x00, 0x00, 0x14, 0x00, 0x00, 0x00,
    0x03, 0x00, 0x00, 0x00, 0x00, 0x00, 0x00, 0x02, 0x1c, 0x00, 0x00, 0x00,
    0xac, 0xff, 0xff, 0xff, 0x0f, 0x00, 0x00, 0x00, 0x61, 0x72, 0x69, 0x74,
    0x68, 0x2e, 0x63, 0x6f, 0x6e, 0x73, 0x74, 0x61, 0x6e, 0x74, 0x34, 0x00,
    0x01, 0x00, 0x00, 0x00, 0x01, 0x00, 0x00, 0x00, 0x00, 0x00, 0x16, 0x00,
    0x1c, 0x00, 0x18, 0x00, 0x17, 0x00, 0x10, 0x00, 0x0c, 0x00, 0x08, 0x00,
    0x00, 0x00, 0x00, 0x00, 0x00, 0x00, 0x07, 0x00, 0x16, 0x00, 0x00, 0x00,
    0x00, 0x00, 0x00, 0x01, 0x18, 0x00, 0x00, 0x00, 0x18, 0x00, 0x00, 0x00,
    0x02, 0x00, 0x00, 0x00, 0x00, 0x00, 0x00, 0x02, 0x38, 0x00, 0x00, 0x00,
    0x04, 0x00, 0x04, 0x00, 0x04, 0x00, 0x00, 0x00, 0x25, 0x00, 0x00, 0x00,
    0x73, 0x6f, 0x63, 0x5f, 0x6c, 0x73, 0x74, 0x6d, 0x5f, 0x31, 0x2f, 0x6c,
    0x73, 0x74, 0x6d, 0x5f, 0x31, 0x2f, 0x73, 0x74, 0x72, 0x69, 0x64, 0x65,
    0x64, 0x5f, 0x73, 0x6c, 0x69, 0x63, 0x65, 0x2f, 0x73, 0x74, 0x61, 0x63,
    0x6b, 0x00, 0x00, 0x00, 0x01, 0x00, 0x00, 0x00, 0x01, 0x00, 0x00, 0x00,
    0x00, 0x00, 0x16, 0x00, 0x20, 0x00, 0x1c, 0x00, 0x1b, 0x00, 0x14, 0x00,
    0x10, 0x00, 0x0c, 0x00, 0x00, 0x00, 0x00, 0x00, 0x08, 0x00, 0x07, 0x00,
    0x16, 0x00, 0x00, 0x00, 0x00, 0x00, 0x00, 0x01, 0x18, 0x00, 0x00, 0x00,
    0x30, 0x00, 0x00, 0x00, 0x50, 0x00, 0x00, 0x00, 0x01, 0x00, 0x00, 0x00,
    0x00, 0x00, 0x00, 0x09, 0x6c, 0x00, 0x00, 0x00, 0x03, 0x00, 0x00, 0x00,
    0xff, 0xff, 0xff, 0xff, 0x20, 0x00, 0x00, 0x00, 0x03, 0x00, 0x00, 0x00,
    0x0c, 0x00, 0x0c, 0x00, 0x00, 0x00, 0x00, 0x00, 0x08, 0x00, 0x04, 0x00,
    0x0c, 0x00, 0x00, 0x00, 0x08, 0x00, 0x00, 0x00, 0x14, 0x00, 0x00, 0x00,
    0x01, 0x00, 0x00, 0x00, 0xf7, 0xff, 0xff, 0xff, 0xff, 0xff, 0xff, 0xff,
    0x00, 0x00, 0x00, 0x00, 0x01, 0x00, 0x00, 0x00, 0xe0, 0x92, 0xd5, 0x3b,
    0x20, 0x00, 0x00, 0x00, 0x73, 0x65, 0x72, 0x76, 0x69, 0x6e, 0x67, 0x5f,
    0x64, 0x65, 0x66, 0x61, 0x75, 0x6c, 0x74, 0x5f, 0x6b, 0x65, 0x72, 0x61,
    0x73, 0x5f, 0x74, 0x65, 0x6e, 0x73, 0x6f, 0x72, 0x5f, 0x34, 0x3a, 0x30,
    0x00, 0x00, 0x00, 0x00, 0x03, 0x00, 0x00, 0x00, 0x01, 0x00, 0x00, 0x00,
    0x20, 0x00, 0x00, 0x00, 0x03, 0x00, 0x00, 0x00, 0x0c, 0x00, 0x00, 0x00,
    0xfc, 0x00, 0x00, 0x00, 0xe0, 0x00, 0x00, 0x00, 0xcc, 0x00, 0x00, 0x00,
    0xac, 0x00, 0x00, 0x00, 0x9c, 0x00, 0x00, 0x00, 0x88, 0x00, 0x00, 0x00,
    0x74, 0x00, 0x00, 0x00, 0x68, 0x00, 0x00, 0x00, 0x4c, 0x00, 0x00, 0x00,
    0x2c, 0x00, 0x00, 0x00, 0x18, 0x00, 0x00, 0x00, 0x04, 0x00, 0x00, 0x00,
    0x68, 0xff, 0xff, 0xff, 0x1c, 0x00, 0x00, 0x00, 0x02, 0x00, 0x00, 0x00,
    0x00, 0x00, 0x00, 0x1c, 0x78, 0xff, 0xff, 0xff, 0x12, 0x00, 0x00, 0x00,
    0x02, 0x00, 0x00, 0x00, 0x00, 0x00, 0x00, 0x12, 0x88, 0xff, 0xff, 0xff,
    0x0e, 0x00, 0x00, 0x00, 0x02, 0x00, 0x00, 0x00, 0x00, 0x00, 0x00, 0x0e,
    0x0c, 0x00, 0x0e, 0x00, 0x0d, 0x00, 0x00, 0x00, 0x08, 0x00, 0x04, 0x00,
    0x0c, 0x00, 0x00, 0x00, 0x31, 0x00, 0x00, 0x00, 0x02, 0x00, 0x00, 0x00,
    0x00, 0x31, 0x0a, 0x00, 0x08, 0x00, 0x00, 0x00, 0x00, 0x00, 0x04, 0x00,
    0x0a, 0x00, 0x00, 0x00, 0x02, 0x00, 0x00, 0x00, 0xc4, 0xff, 0xff, 0xff,
    0x09, 0x00, 0x00, 0x00, 0x04, 0x00, 0x00, 0x00, 0x00, 0x00, 0x00, 0x09,
    0xd4, 0xff, 0xff, 0xff, 0x5e, 0x00, 0x00, 0x00, 0x03, 0x00, 0x00, 0x00,
    0x00, 0x00, 0x00, 0x5e, 0xbc, 0xff, 0xff, 0xff, 0x53, 0x00, 0x00, 0x00,
    0x00, 0x00, 0x00, 0x53, 0xf0, 0xff, 0xff, 0xff, 0x58, 0x00, 0x00, 0x00,
    0x02, 0x00, 0x00, 0x00, 0x00, 0x00, 0x00, 0x58, 0x0c, 0x00, 0x10, 0x00,
    0x0f, 0x00, 0x00, 0x00, 0x08, 0x00, 0x04, 0x00, 0x0c, 0x00, 0x00, 0x00,
    0x27, 0x00, 0x00, 0x00, 0x02, 0x00, 0x00, 0x00, 0x00, 0x00, 0x00, 0x27,
    0xf4, 0xff, 0xff, 0xff, 0x2d, 0x00, 0x00, 0x00, 0x00, 0x00, 0x00, 0x2d,
    0x0c, 0x00, 0x0c, 0x00, 0x0b, 0x00, 0x00, 0x00, 0x00, 0x00, 0x04, 0x00,
    0x0c, 0x00, 0x00, 0x00, 0x4d, 0x00, 0x00, 0x00, 0x00, 0x00, 0x00, 0x4d,
};
const unsigned int g_model_lstm_len = 154248;
